file,ita_kmeans,ita_bevan
mskcc_processed/ISIC_0077599.jpg,39.03551289874688,87.34868185967593
mskcc_processed/ISIC_0082910.jpg,17.667640507832317,-61.893779030467044
mskcc_processed/ISIC_0086394.jpg,43.84032479151644,145.7800446687612
mskcc_processed/ISIC_0087198.jpg,42.597390531013964,41.05803879699607
mskcc_processed/ISIC_0087357.jpg,49.028263666485145,85.2835055974323
mskcc_processed/ISIC_0087673.jpg,45.23578376987661,135.50827021017477
mskcc_processed/ISIC_0089649.jpg,46.18853860920882,125.32385832288078
mskcc_processed/ISIC_0091454.jpg,45.46580908276499,158.80720067434166
mskcc_processed/ISIC_0091914.jpg,45.24803212815651,161.1625612328376
mskcc_processed/ISIC_0092255.jpg,45.0,111.01744768637883
mskcc_processed/ISIC_0093357.jpg,41.74588385830621,27.902691052157493
mskcc_processed/ISIC_0096591.jpg,24.802660153417477,-44.86540706878426
mskcc_processed/ISIC_0107306.jpg,31.159304508344373,-58.475501693016845
mskcc_processed/ISIC_0107551.jpg,39.33271432176087,54.45102134572174
mskcc_processed/ISIC_0108178.jpg,19.06454743133228,-60.21093263359821
mskcc_processed/ISIC_0110573.jpg,34.249033006811956,54.49208738147704
mskcc_processed/ISIC_0112733.jpg,41.7947840689865,87.41882138902805
mskcc_processed/ISIC_0113744.jpg,47.6224014605411,101.87250875219634
mskcc_processed/ISIC_0114593.jpg,55.79310312022312,105.40540192114979
mskcc_processed/ISIC_0120448.jpg,47.03091423685311,64.13780502221668
mskcc_processed/ISIC_0124027.jpg,45.66879195296866,119.65381452249056
mskcc_processed/ISIC_0124392.jpg,8.488943880504715,-71.58344341968099
mskcc_processed/ISIC_0128303.jpg,56.164880177548596,100.05020764903396
mskcc_processed/ISIC_0128624.jpg,42.77407610488597,91.71329000103712
mskcc_processed/ISIC_0129822.jpg,39.472459848343824,101.52957382589925
mskcc_processed/ISIC_0131948.jpg,40.638427354979406,109.5464745510179
mskcc_processed/ISIC_0132369.jpg,47.4133364328499,170.2256692650155
mskcc_processed/ISIC_0136278.jpg,10.96787218266168,-77.97615720032785
mskcc_processed/ISIC_0139906.jpg,49.040204018404204,104.16217342366951
mskcc_processed/ISIC_0142087.jpg,50.233861647216436,150.55882882871643
mskcc_processed/ISIC_0146235.jpg,50.31454566994475,166.2317888313704
mskcc_processed/ISIC_0146743.jpg,40.7387767555013,79.16262460588166
mskcc_processed/ISIC_0151937.jpg,32.287487179128505,13.943119958801987
mskcc_processed/ISIC_0153859.jpg,40.60129464500447,35.37863382134159
mskcc_processed/ISIC_0155786.jpg,21.291155219726225,-48.98653729030912
mskcc_processed/ISIC_0159579.jpg,42.08156527921844,73.32964417299999
mskcc_processed/ISIC_0161688.jpg,38.60560223477241,156.71403942891325
mskcc_processed/ISIC_0163940.jpg,46.98863785647407,56.22323655481788
mskcc_processed/ISIC_0165672.jpg,46.81830296445184,132.9655726714075
mskcc_processed/ISIC_0173598.jpg,35.45547443444187,94.05273293071593
mskcc_processed/ISIC_0174973.jpg,38.34260302705416,21.88167560752704
mskcc_processed/ISIC_0176757.jpg,48.84094902533696,89.52790781100443
mskcc_processed/ISIC_0176949.jpg,50.23227287813182,123.44253235693988
mskcc_processed/ISIC_0181120.jpg,40.041549080514635,176.05812550937338
mskcc_processed/ISIC_0181903.jpg,48.13966014782027,165.9924949747586
mskcc_processed/ISIC_0183915.jpg,42.492298272933745,48.44599681156915
mskcc_processed/ISIC_0186490.jpg,46.10595875228853,128.1633561850468
mskcc_processed/ISIC_0189131.jpg,50.019853642019555,81.90469301447486
mskcc_processed/ISIC_0192142.jpg,41.241444314528,43.85707574255443
mskcc_processed/ISIC_0197887.jpg,32.943237466167375,170.0699006269029
mskcc_processed/ISIC_0199309.jpg,30.23080146970837,6.668951535635631
mskcc_processed/ISIC_0201845.jpg,39.84991766198018,113.76225852434426
mskcc_processed/ISIC_0202306.jpg,52.6628688418387,119.97627247545904
mskcc_processed/ISIC_0202485.jpg,10.109298492495174,-85.23396634851134
mskcc_processed/ISIC_0203660.jpg,32.47119229084849,149.21072400984218
mskcc_processed/ISIC_0205999.jpg,43.393997010717754,169.00927977347368
mskcc_processed/ISIC_0207250.jpg,39.1077723826809,35.0973401923745
mskcc_processed/ISIC_0209394.jpg,41.185925165709655,45.09024326746694
mskcc_processed/ISIC_0209542.jpg,14.136061798147068,-52.985649640178444
mskcc_processed/ISIC_0209717.jpg,36.11298524445723,22.559842108633227
mskcc_processed/ISIC_0210071.jpg,41.069824454274524,134.59933236776538
mskcc_processed/ISIC_0210153.jpg,46.42026554639905,146.20706723562176
mskcc_processed/ISIC_0211288.jpg,30.672325782335115,111.31946552481722
mskcc_processed/ISIC_0211415.jpg,32.61924307119283,67.7757503285988
mskcc_processed/ISIC_0217474.jpg,54.430823706793646,99.30454707234267
mskcc_processed/ISIC_0225950.jpg,55.27100372047909,102.38304607677654
mskcc_processed/ISIC_0226119.jpg,51.57386002428584,118.89236681063191
mskcc_processed/ISIC_0228289.jpg,34.6778279256196,18.53928664084002
mskcc_processed/ISIC_0228358.jpg,45.22646435234118,140.54486829766805
mskcc_processed/ISIC_0229807.jpg,54.916526120907264,123.13841337703764
mskcc_processed/ISIC_0230086.jpg,53.786903506823855,85.02897568355831
mskcc_processed/ISIC_0230781.jpg,43.40885972880541,51.493156190503235
mskcc_processed/ISIC_0233572.jpg,17.959476090474137,-35.97348477852688
mskcc_processed/ISIC_0234062.jpg,40.03958931243792,43.950508461296394
mskcc_processed/ISIC_0236008.jpg,44.530372980310354,163.6442407895014
mskcc_processed/ISIC_0240814.jpg,39.111391253954345,156.17916046928633
mskcc_processed/ISIC_0241059.jpg,46.10595875228853,102.8383156143689
mskcc_processed/ISIC_0242146.jpg,46.47827265668887,50.05808171377504
mskcc_processed/ISIC_0242427.jpg,42.11703654746046,54.88343358096131
mskcc_processed/ISIC_0242917.jpg,42.06432655357883,163.63802573562427
mskcc_processed/ISIC_0242935.jpg,12.011478386365443,-51.54390315455844
mskcc_processed/ISIC_0243653.jpg,44.09061955080086,97.80688412991161
mskcc_processed/ISIC_0246318.jpg,32.12499844038753,14.847444620796814
mskcc_processed/ISIC_0248842.jpg,25.382120591881712,-32.95401077183281
mskcc_processed/ISIC_0249582.jpg,25.016893478100023,-33.909632901631255
mskcc_processed/ISIC_0250560.jpg,42.2970559621853,127.88582090125932
mskcc_processed/ISIC_0251623.jpg,45.49821161261365,161.750356689767
mskcc_processed/ISIC_0255910.jpg,53.76027800001613,90.456905180793
mskcc_processed/ISIC_0258583.jpg,42.11358145613539,128.97348113918446
mskcc_processed/ISIC_0259133.jpg,44.18154453831139,105.79878911134908
mskcc_processed/ISIC_0265586.jpg,44.47914362549805,161.5263322011638
mskcc_processed/ISIC_0269824.jpg,48.731396999160445,88.10033091057791
mskcc_processed/ISIC_0274915.jpg,48.494638927253334,168.9425039912212
mskcc_processed/ISIC_0276991.jpg,50.73022170114186,88.9051384451019
mskcc_processed/ISIC_0281214.jpg,38.072781873990834,151.55350635769187
mskcc_processed/ISIC_0284587.jpg,19.418470742061114,-43.68186169756577
mskcc_processed/ISIC_0284836.jpg,50.5397880735545,78.73488718026485
mskcc_processed/ISIC_0285346.jpg,31.304123495590975,35.43304748568868
mskcc_processed/ISIC_0288037.jpg,41.51317022896287,43.45523694436059
mskcc_processed/ISIC_0289605.jpg,30.323606862549983,104.8469209118968
mskcc_processed/ISIC_0289643.jpg,28.033851891463815,77.76753106072805
mskcc_processed/ISIC_0292320.jpg,41.26860300083955,46.05424479531697
mskcc_processed/ISIC_0293769.jpg,48.27598181323415,69.99513241938905
mskcc_processed/ISIC_0294680.jpg,40.60129464500447,46.48108544801781
mskcc_processed/ISIC_0294856.jpg,45.192914353533034,52.92365691868453
mskcc_processed/ISIC_0295568.jpg,53.74616226255521,84.65241930058731
mskcc_processed/ISIC_0295731.jpg,48.468229258917155,114.20743445890362
mskcc_processed/ISIC_0297557.jpg,27.18950361207797,27.14442071592658
mskcc_processed/ISIC_0300092.jpg,47.00253313182688,72.35086327349534
mskcc_processed/ISIC_0302714.jpg,24.349355340488763,-23.014885207171975
mskcc_processed/ISIC_0302941.jpg,46.1321802751313,141.44866143730874
mskcc_processed/ISIC_0303156.jpg,41.75088843927931,166.055522795768
mskcc_processed/ISIC_0303409.jpg,45.62502007401749,69.80195905439227
mskcc_processed/ISIC_0303472.jpg,44.36104010100836,73.74429333691153
mskcc_processed/ISIC_0307989.jpg,36.46028332317998,21.756517644100082
mskcc_processed/ISIC_0308490.jpg,0.8882354952397712,-86.55623050547932
mskcc_processed/ISIC_0310422.jpg,37.176289268114736,33.72393243832176
mskcc_processed/ISIC_0313222.jpg,45.374476886722825,46.01662965640135
mskcc_processed/ISIC_0314359.jpg,53.868262833207595,112.3977963806066
mskcc_processed/ISIC_0314486.jpg,50.68965934978916,118.43858316141436
mskcc_processed/ISIC_0314687.jpg,32.29061186374424,22.725609989041537
mskcc_processed/ISIC_0316677.jpg,16.69924423399362,-51.73047838673742
mskcc_processed/ISIC_0319931.jpg,43.95074405911993,67.77669308807882
mskcc_processed/ISIC_0325321.jpg,45.46962701968965,159.7469495598935
mskcc_processed/ISIC_0327542.jpg,52.43140797117251,90.3148464920113
mskcc_processed/ISIC_0328257.jpg,47.290610042638534,125.43986948970161
mskcc_processed/ISIC_0328279.jpg,45.69586593950879,169.13908482304902
mskcc_processed/ISIC_0329766.jpg,45.0,174.12926255238943
mskcc_processed/ISIC_0332351.jpg,44.39690880561947,56.69279637315093
mskcc_processed/ISIC_0339505.jpg,49.65825410967561,132.765360651534
mskcc_processed/ISIC_0342120.jpg,33.5412476541228,12.106210399339856
mskcc_processed/ISIC_0347252.jpg,50.22945077349117,77.82953670151845
mskcc_processed/ISIC_0350995.jpg,49.91026122158257,82.83288876176162
mskcc_processed/ISIC_0351418.jpg,52.30575953331083,130.88702115283155
mskcc_processed/ISIC_0355353.jpg,46.3875157474432,57.65187486153127
mskcc_processed/ISIC_0356195.jpg,43.96589245511656,112.59556535369885
mskcc_processed/ISIC_0356421.jpg,47.862405226111754,81.77095205799166
mskcc_processed/ISIC_0357980.jpg,44.048330391821395,41.84689120090567
mskcc_processed/ISIC_0363521.jpg,55.573523418560924,103.2229991152365
mskcc_processed/ISIC_0364488.jpg,39.54844890128727,84.85874502626929
mskcc_processed/ISIC_0366467.jpg,46.93493230955277,54.72633736712749
mskcc_processed/ISIC_0369256.jpg,20.050236871396663,-49.835349824081824
mskcc_processed/ISIC_0375240.jpg,42.91322272442924,127.85752716053962
mskcc_processed/ISIC_0375664.jpg,44.80837603382572,52.32701064411436
mskcc_processed/ISIC_0376652.jpg,49.944074410797825,120.73382347154114
mskcc_processed/ISIC_0379056.jpg,47.82980759288715,151.87210852428936
mskcc_processed/ISIC_0379298.jpg,43.05485323858571,68.21302734629266
mskcc_processed/ISIC_0380871.jpg,34.90249561592472,45.54153844312705
mskcc_processed/ISIC_0382759.jpg,46.97493401088198,70.50085914802285
mskcc_processed/ISIC_0385093.jpg,53.79054318281395,109.65271100014111
mskcc_processed/ISIC_0385306.jpg,53.074583205337625,125.97100180369532
mskcc_processed/ISIC_0386899.jpg,31.09731288577945,-89.03338212016064
mskcc_processed/ISIC_0388519.jpg,5.26769712804423,-59.68836690783409
mskcc_processed/ISIC_0388951.jpg,10.459909092929129,-82.86799982408327
mskcc_processed/ISIC_0393656.jpg,53.28940438902567,89.05771941319927
mskcc_processed/ISIC_0394688.jpg,15.326917887922175,-61.17735310865483
mskcc_processed/ISIC_0401122.jpg,32.564558497472355,162.37185280826432
mskcc_processed/ISIC_0402088.jpg,44.49741833327897,152.24481597672607
mskcc_processed/ISIC_0403056.jpg,29.649863507575578,155.19995258980714
mskcc_processed/ISIC_0408182.jpg,39.31396570347943,100.35070229725042
mskcc_processed/ISIC_0413528.jpg,46.14576283817511,46.97959913525219
mskcc_processed/ISIC_0413598.jpg,45.23010229509722,122.08378407914229
mskcc_processed/ISIC_0419509.jpg,47.96486130916022,142.54591693207067
mskcc_processed/ISIC_0420222.jpg,45.20245774221819,53.19133798671867
mskcc_processed/ISIC_0420766.jpg,30.465544919459884,14.058322225515301
mskcc_processed/ISIC_0421336.jpg,13.465208094811706,-49.154795110077835
mskcc_processed/ISIC_0421826.jpg,49.08561677997488,61.6481084989025
mskcc_processed/ISIC_0422999.jpg,49.58185586440811,85.94859839509179
mskcc_processed/ISIC_0423360.jpg,7.2840236544168615,-75.32251572494887
mskcc_processed/ISIC_0429447.jpg,53.80170832320781,86.33519408788342
mskcc_processed/ISIC_0430660.jpg,42.148543709262924,60.78406128245131
mskcc_processed/ISIC_0433371.jpg,44.80837603382572,42.88037677314423
mskcc_processed/ISIC_0435642.jpg,46.610300602499,147.29840806154203
mskcc_processed/ISIC_0436596.jpg,39.31034065021085,43.16833563385347
mskcc_processed/ISIC_0438429.jpg,38.76166731036069,67.00965444298735
mskcc_processed/ISIC_0447645.jpg,54.78240703180728,108.57658134761529
mskcc_processed/ISIC_0451949.jpg,38.02723071397354,32.52021897304006
mskcc_processed/ISIC_0453473.jpg,37.366669412768694,23.454677544740214
mskcc_processed/ISIC_0453995.jpg,45.62959860841026,92.90463567902046
mskcc_processed/ISIC_0454480.jpg,47.68700000212405,96.85890920988352
mskcc_processed/ISIC_0458049.jpg,41.185925165709655,101.912701863462
mskcc_processed/ISIC_0458444.jpg,41.96060043107308,137.59325100570416
mskcc_processed/ISIC_0464679.jpg,45.93919094573558,177.4216874983371
mskcc_processed/ISIC_0467237.jpg,40.3141001604973,120.60268296519726
mskcc_processed/ISIC_0468043.jpg,47.48955292199915,83.59216521092533
mskcc_processed/ISIC_0479823.jpg,30.329086041983704,8.784055512542585
mskcc_processed/ISIC_0482535.jpg,54.616591570049955,95.98490972712888
mskcc_processed/ISIC_0483546.jpg,45.69586593950879,137.1928944173472
mskcc_processed/ISIC_0483744.jpg,46.273030020056716,107.75873705184543
mskcc_processed/ISIC_0486540.jpg,51.24525267867696,126.60388461820587
mskcc_processed/ISIC_0486839.jpg,45.94695144677346,151.8041857693783
mskcc_processed/ISIC_0488578.jpg,48.130244862219094,132.73312627316366
mskcc_processed/ISIC_0488858.jpg,47.544804379813094,84.95824114610092
mskcc_processed/ISIC_0489835.jpg,47.04540848888723,71.99501326022418
mskcc_processed/ISIC_0492367.jpg,35.722860662065294,32.50038862887093
mskcc_processed/ISIC_0492499.jpg,43.308211431735515,179.0880202956955
mskcc_processed/ISIC_0500531.jpg,46.254451622681536,130.4534988204435
mskcc_processed/ISIC_0500673.jpg,35.387885245634116,31.49186232003066
mskcc_processed/ISIC_0507518.jpg,19.598811324586006,-72.18673272561277
mskcc_processed/ISIC_0509504.jpg,38.02380352295519,81.22774187996826
mskcc_processed/ISIC_0512896.jpg,43.53119928561417,147.9666089161363
mskcc_processed/ISIC_0523843.jpg,14.13047986241403,-41.845896851051
mskcc_processed/ISIC_0525375.jpg,10.645663344960322,-77.367041080153
mskcc_processed/ISIC_0525423.jpg,51.67219999719943,178.16332121930262
mskcc_processed/ISIC_0526616.jpg,54.4294879540193,113.93106842482236
mskcc_processed/ISIC_0527375.jpg,27.989238495323775,0.5636049908066314
mskcc_processed/ISIC_0527605.jpg,48.12213046211571,85.00766787725203
mskcc_processed/ISIC_0529351.jpg,46.39718102729638,118.57861974420182
mskcc_processed/ISIC_0529443.jpg,45.62502007401749,60.580390993204304
mskcc_processed/ISIC_0530966.jpg,42.2970559621853,144.06760790950747
mskcc_processed/ISIC_0531530.jpg,25.559965171823812,-6.222058699864145
mskcc_processed/ISIC_0533084.jpg,40.60129464500447,122.43968227832048
mskcc_processed/ISIC_0534155.jpg,44.07296473022781,31.458710844429802
mskcc_processed/ISIC_0534778.jpg,40.7543892158971,175.35836539204482
mskcc_processed/ISIC_0534972.jpg,42.27368900609373,88.00022215311469
mskcc_processed/ISIC_0537315.jpg,57.528807709151515,108.86397166289643
mskcc_processed/ISIC_0542839.jpg,50.63068275763526,93.33771366780194
mskcc_processed/ISIC_0543069.jpg,47.257803988672435,78.72016623903502
mskcc_processed/ISIC_0546662.jpg,28.178590109959174,56.3151804354431
mskcc_processed/ISIC_0549630.jpg,45.933073523218454,66.06899899978339
mskcc_processed/ISIC_0555377.jpg,39.18437347050876,145.29987672481764
mskcc_processed/ISIC_0556215.jpg,45.64374571417539,89.92184128592316
mskcc_processed/ISIC_0562791.jpg,47.395005516872345,103.05831902178377
mskcc_processed/ISIC_0564760.jpg,37.84218698638419,178.5902816172141
mskcc_processed/ISIC_0564901.jpg,54.174727291750536,103.33755732106447
mskcc_processed/ISIC_0565470.jpg,28.950995207466804,9.060962564500189
mskcc_processed/ISIC_0566320.jpg,17.241459398939977,-35.39789795038882
mskcc_processed/ISIC_0570543.jpg,50.01311375503581,88.49130172834548
mskcc_processed/ISIC_0572990.jpg,42.90984084628932,51.84277081775647
mskcc_processed/ISIC_0573661.jpg,44.7582470907319,155.60752402872603
mskcc_processed/ISIC_0575989.jpg,45.1982545011992,66.83138428416888
mskcc_processed/ISIC_0576358.jpg,37.45507096124317,19.347697429655927
mskcc_processed/ISIC_0577187.jpg,45.201036997834606,57.7422979819475
mskcc_processed/ISIC_0578660.jpg,44.33637199998674,126.5164319360132
mskcc_processed/ISIC_0579650.jpg,45.233859025873265,123.63124329037676
mskcc_processed/ISIC_0582046.jpg,50.792796495032164,119.50637691608381
mskcc_processed/ISIC_0583488.jpg,38.565260848963284,36.712354056426975
mskcc_processed/ISIC_0586500.jpg,55.79310312022312,103.91502955222174
mskcc_processed/ISIC_0588981.jpg,40.072890052350985,115.31043181119335
mskcc_processed/ISIC_0589302.jpg,46.623332525090476,138.35245489100237
mskcc_processed/ISIC_0593976.jpg,51.12908076496802,82.22450101260262
mskcc_processed/ISIC_0594018.jpg,46.1321802751313,139.47850981992124
mskcc_processed/ISIC_0594726.jpg,16.434163206253434,-55.692735077097886
mskcc_processed/ISIC_0599251.jpg,36.21883726561454,45.30565365003308
mskcc_processed/ISIC_0610491.jpg,47.17975599174153,59.021943311875894
mskcc_processed/ISIC_0610890.jpg,41.900367879468696,47.65336466858179
mskcc_processed/ISIC_0611140.jpg,38.86031760007614,64.3752220135278
mskcc_processed/ISIC_0611565.jpg,43.90251394661947,152.96344808189875
mskcc_processed/ISIC_0614454.jpg,31.83676751030051,96.46831895526523
mskcc_processed/ISIC_0615020.jpg,48.43766499236521,74.90612514745702
mskcc_processed/ISIC_0616109.jpg,32.52953827833111,137.8126499339583
mskcc_processed/ISIC_0617797.jpg,49.39870535499554,142.07114204288632
mskcc_processed/ISIC_0619119.jpg,35.61085243866876,42.76944803685466
mskcc_processed/ISIC_0620680.jpg,33.14022087905202,148.2818624276885
mskcc_processed/ISIC_0621204.jpg,8.073204875825196,-61.695239532574206
mskcc_processed/ISIC_0622184.jpg,47.30737299696221,95.37780768209157
mskcc_processed/ISIC_0627840.jpg,27.989238495323775,-5.768190936017911
mskcc_processed/ISIC_0628264.jpg,32.53937446355861,93.5046297576398
mskcc_processed/ISIC_0628550.jpg,51.29236556376813,136.8865607646705
mskcc_processed/ISIC_0636103.jpg,32.6309384740745,19.498924729854263
mskcc_processed/ISIC_0637569.jpg,44.068443401922515,176.35710599899298
mskcc_processed/ISIC_0641901.jpg,29.088851422860497,10.437216554113743
mskcc_processed/ISIC_0642608.jpg,49.73093862377924,83.54170466298348
mskcc_processed/ISIC_0645091.jpg,39.07763697853354,66.05743690910047
mskcc_processed/ISIC_0649014.jpg,44.534190917235,167.4447006592934
mskcc_processed/ISIC_0652171.jpg,50.81760791689278,177.65403025077583
mskcc_processed/ISIC_0657559.jpg,47.27408876872701,78.51920497162651
mskcc_processed/ISIC_0661682.jpg,45.48554583000814,149.27099174312335
mskcc_processed/ISIC_0663307.jpg,2.968234029871715,-76.82016702848694
mskcc_processed/ISIC_0665078.jpg,44.163624674577584,68.82557306960628
mskcc_processed/ISIC_0667413.jpg,30.335538511588894,100.76206773891296
mskcc_processed/ISIC_0669801.jpg,41.941302425904176,75.15328771746817
mskcc_processed/ISIC_0669804.jpg,40.37584867157092,44.08935543037958
mskcc_processed/ISIC_0670241.jpg,35.475332028210005,20.523217080496302
mskcc_processed/ISIC_0670275.jpg,45.47745377730958,168.4818480553403
mskcc_processed/ISIC_0672166.jpg,32.159320987907215,34.460297753937766
mskcc_processed/ISIC_0672377.jpg,39.41013104017221,105.71119086063396
mskcc_processed/ISIC_0676076.jpg,43.308211431735515,135.28584241772174
mskcc_processed/ISIC_0679037.jpg,46.82151335160111,75.26170669448645
mskcc_processed/ISIC_0680155.jpg,45.59888877547117,65.7009928277577
mskcc_processed/ISIC_0681774.jpg,31.390268104187804,12.747847207625222
mskcc_processed/ISIC_0683370.jpg,55.79310312022312,105.51112378506073
mskcc_processed/ISIC_0684820.jpg,17.22748822645095,-74.89945082059198
mskcc_processed/ISIC_0687013.jpg,41.395579460824294,67.64643478662268
mskcc_processed/ISIC_0687769.jpg,44.20427644726073,46.523725536907335
mskcc_processed/ISIC_0691352.jpg,39.093858886229505,126.64985771731567
mskcc_processed/ISIC_0693297.jpg,43.830860672092584,146.42203068138642
mskcc_processed/ISIC_0694295.jpg,44.27477570094075,135.6237123745925
mskcc_processed/ISIC_0694325.jpg,55.175510843043206,92.47386354211005
mskcc_processed/ISIC_0696457.jpg,39.89783474764182,170.0583078892058
mskcc_processed/ISIC_0700088.jpg,18.308468278894704,-50.93374106788485
mskcc_processed/ISIC_0705739.jpg,26.745225990446208,129.44186085960112
mskcc_processed/ISIC_0705789.jpg,18.316324190113264,-27.22910568544852
mskcc_processed/ISIC_0705860.jpg,43.27918516632713,172.45141981146278
mskcc_processed/ISIC_0711077.jpg,45.70154591234523,141.0121022225732
mskcc_processed/ISIC_0712520.jpg,54.15025677801488,96.8357761503064
mskcc_processed/ISIC_0712827.jpg,47.64880575945864,75.29551550484587
mskcc_processed/ISIC_0716771.jpg,38.619628892153905,22.967820791138074
mskcc_processed/ISIC_0719614.jpg,40.91438322002512,46.2314624406316
mskcc_processed/ISIC_0725589.jpg,46.22757883213455,66.508243491715
mskcc_processed/ISIC_0726573.jpg,17.93889386252676,158.1485593255085
mskcc_processed/ISIC_0726671.jpg,51.90530629859386,127.33541095259639
mskcc_processed/ISIC_0728816.jpg,44.268604246902456,175.2144494295933
mskcc_processed/ISIC_0730898.jpg,41.742778059333055,98.05843752520083
mskcc_processed/ISIC_0731757.jpg,42.667976318376944,150.39230693810558
mskcc_processed/ISIC_0732493.jpg,41.3165136108395,172.97391554745488
mskcc_processed/ISIC_0737741.jpg,8.471144633014832,-54.51042550165509
mskcc_processed/ISIC_0738718.jpg,49.1320602549526,136.9857277216723
mskcc_processed/ISIC_0739798.jpg,21.95440185841738,-65.44510647036753
mskcc_processed/ISIC_0741795.jpg,49.492581479915316,100.42823739978071
mskcc_processed/ISIC_0744674.jpg,40.95041829672862,179.72435983207467
mskcc_processed/ISIC_0745516.jpg,35.599219958976164,22.180649021114647
mskcc_processed/ISIC_0750722.jpg,37.30394827798343,49.19788777072964
mskcc_processed/ISIC_0754350.jpg,29.60445074600491,58.41669191888773
mskcc_processed/ISIC_0754825.jpg,48.84245312791486,136.44496251782607
mskcc_processed/ISIC_0756448.jpg,47.08677727557077,165.94240276383786
mskcc_processed/ISIC_0758594.jpg,23.962488974578182,95.83655591597035
mskcc_processed/ISIC_0760704.jpg,33.79405249259744,110.06150843613305
mskcc_processed/ISIC_0761503.jpg,35.351954683901845,177.4564991040105
mskcc_processed/ISIC_0764770.jpg,51.61346048231476,122.12877521887219
mskcc_processed/ISIC_0767023.jpg,37.45057823173673,95.10822765316752
mskcc_processed/ISIC_0769933.jpg,46.77146974003408,60.89982224096101
mskcc_processed/ISIC_0771602.jpg,32.22875743509856,11.085606289917479
mskcc_processed/ISIC_0772344.jpg,16.059987307160643,-76.74253353188739
mskcc_processed/ISIC_0775486.jpg,0.8550973962667232,-77.23025624944029
mskcc_processed/ISIC_0782025.jpg,16.41078459687773,-39.32343328742124
mskcc_processed/ISIC_0783640.jpg,50.73337475837187,174.28275963614914
mskcc_processed/ISIC_0784656.jpg,55.400552024821074,94.59001224013436
mskcc_processed/ISIC_0785590.jpg,44.198712669892984,82.68967696112679
mskcc_processed/ISIC_0789662.jpg,34.489956630731385,150.0941060391917
mskcc_processed/ISIC_0790516.jpg,53.39909464785246,95.07250338906825
mskcc_processed/ISIC_0794031.jpg,41.49646835521554,96.78595186993921
mskcc_processed/ISIC_0794494.jpg,53.071756366673355,122.22911848737353
mskcc_processed/ISIC_0796960.jpg,38.706051811048916,34.4774418733477
mskcc_processed/ISIC_0797121.jpg,38.17467353552441,44.93106816956263
mskcc_processed/ISIC_0797171.jpg,18.076107296573273,-42.24270134835532
mskcc_processed/ISIC_0797411.jpg,49.07036637322481,125.84998918839197
mskcc_processed/ISIC_0797895.jpg,39.12603848380806,110.65937071972634
mskcc_processed/ISIC_0799056.jpg,26.40455921724337,-4.065953306330458
mskcc_processed/ISIC_0800411.jpg,24.443954780416536,-54.9175986016546
mskcc_processed/ISIC_0804292.jpg,44.50608310138124,139.90501775521892
mskcc_processed/ISIC_0805030.jpg,34.31089532814459,39.1633869962509
mskcc_processed/ISIC_0805537.jpg,48.678238721993395,128.88794932454286
mskcc_processed/ISIC_0805804.jpg,15.720927785822772,-63.361443971171184
mskcc_processed/ISIC_0806153.jpg,23.886499921634748,-19.676692716577268
mskcc_processed/ISIC_0809059.jpg,56.45628152870192,108.7386619119606
mskcc_processed/ISIC_0809157.jpg,46.2188752351313,102.79498552457564
mskcc_processed/ISIC_0812291.jpg,0.8680514497455425,-82.58022531835788
mskcc_processed/ISIC_0812350.jpg,47.10551418885604,88.20752714031492
mskcc_processed/ISIC_0815205.jpg,31.27480548231706,132.39702313448583
mskcc_processed/ISIC_0817199.jpg,34.96512077353356,62.04233881609534
mskcc_processed/ISIC_0817588.jpg,51.38711702576451,141.34972959938048
mskcc_processed/ISIC_0817875.jpg,43.00790642703356,127.55100667170515
mskcc_processed/ISIC_0818038.jpg,47.43194994591757,123.63958778250333
mskcc_processed/ISIC_0818856.jpg,54.46232220802562,96.63318077731263
mskcc_processed/ISIC_0824335.jpg,49.864514437760526,88.0705451501563
mskcc_processed/ISIC_0829905.jpg,46.30619209391876,50.378242232730095
mskcc_processed/ISIC_0830858.jpg,45.212994481711426,73.63751763600922
mskcc_processed/ISIC_0831865.jpg,6.759081126970502,132.44468297682104
mskcc_processed/ISIC_0832526.jpg,23.694216382171234,39.029669747922135
mskcc_processed/ISIC_0837805.jpg,43.7811247648687,157.62963762407188
mskcc_processed/ISIC_0838261.jpg,47.385944030388806,176.97426187023595
mskcc_processed/ISIC_0838679.jpg,46.580172472800015,70.46963074041619
mskcc_processed/ISIC_0839729.jpg,40.87609243968439,25.578036429175366
mskcc_processed/ISIC_0843955.jpg,56.100570021505305,93.03204600016316
mskcc_processed/ISIC_0849786.jpg,43.24914581345717,176.96842773623004
mskcc_processed/ISIC_0853208.jpg,45.763898460929994,174.72248126936586
mskcc_processed/ISIC_0855423.jpg,45.0,55.80316417525272
mskcc_processed/ISIC_0858469.jpg,45.59888877547117,71.23979137764206
mskcc_processed/ISIC_0859881.jpg,54.090276920822326,98.37464914385355
mskcc_processed/ISIC_0861216.jpg,40.072890052350985,122.48585092527978
mskcc_processed/ISIC_0871215.jpg,48.19162665655427,150.85125364785347
mskcc_processed/ISIC_0871926.jpg,41.57612875506932,111.83593918755649
mskcc_processed/ISIC_0875944.jpg,41.21111012211536,19.32329019808099
mskcc_processed/ISIC_0876849.jpg,35.36246188706905,34.344837590730734
mskcc_processed/ISIC_0876888.jpg,34.77783136636388,21.802437454878525
mskcc_processed/ISIC_0879248.jpg,46.9901722497549,156.2309470925545
mskcc_processed/ISIC_0889690.jpg,18.91440022171858,22.88824010397778
mskcc_processed/ISIC_0891565.jpg,17.330884177296145,-51.38325680459674
mskcc_processed/ISIC_0898107.jpg,14.237280465761087,-66.62924736968104
mskcc_processed/ISIC_0900403.jpg,41.08842818747134,141.82163596518777
mskcc_processed/ISIC_0901437.jpg,44.028978068920836,171.3315821746222
mskcc_processed/ISIC_0904035.jpg,43.308211431735515,175.09537448252644
mskcc_processed/ISIC_0905296.jpg,47.72631099390627,71.26980183054133
mskcc_processed/ISIC_0906133.jpg,40.56896068708647,52.27374266811996
mskcc_processed/ISIC_0909341.jpg,32.524890287791045,15.597167587754857
mskcc_processed/ISIC_0913750.jpg,8.130102354155978,-57.93688527009972
mskcc_processed/ISIC_0913984.jpg,43.074816291676846,153.0798703941876
mskcc_processed/ISIC_0916842.jpg,45.812651594253744,59.21569546448521
mskcc_processed/ISIC_0918845.jpg,42.51044707800085,62.36971696908688
mskcc_processed/ISIC_0923332.jpg,42.039063865836255,141.12558753989953
mskcc_processed/ISIC_0924606.jpg,52.23024263925158,133.21097761660573
mskcc_processed/ISIC_0925686.jpg,21.4599607304857,-20.38806916163009
mskcc_processed/ISIC_0928545.jpg,38.75808565258495,107.21150835376523
mskcc_processed/ISIC_0931615.jpg,4.573921259900861,-92.72757266188904
mskcc_processed/ISIC_0936321.jpg,18.935335921714245,-59.728730299838745
mskcc_processed/ISIC_0938881.jpg,0.9166542563852879,-91.188959806532
mskcc_processed/ISIC_0939588.jpg,49.273946097596955,89.84863146803495
mskcc_processed/ISIC_0943776.jpg,36.92976782208192,34.84743813740839
mskcc_processed/ISIC_0946557.jpg,52.028396238949604,92.4457682344283
mskcc_processed/ISIC_0948330.jpg,48.78757355055902,70.42246459860277
mskcc_processed/ISIC_0948501.jpg,37.0064785063602,66.78972229496999
mskcc_processed/ISIC_0948673.jpg,32.714083919003336,4.383663936955784
mskcc_processed/ISIC_0948765.jpg,54.67970352627785,98.86704796483265
mskcc_processed/ISIC_0950970.jpg,45.902221161530164,107.55635927452282
mskcc_processed/ISIC_0955520.jpg,43.04193257076595,145.62611757370232
mskcc_processed/ISIC_0961245.jpg,40.3141001604973,117.8991777607242
mskcc_processed/ISIC_0963105.jpg,39.03551289874688,37.62969470319045
mskcc_processed/ISIC_0963243.jpg,27.81645898367025,11.090767911970802
mskcc_processed/ISIC_0964467.jpg,45.99117757501078,51.24502683815593
mskcc_processed/ISIC_0964815.jpg,51.384163939512455,115.68635064167357
mskcc_processed/ISIC_0966787.jpg,47.70651286770284,121.60764715124823
mskcc_processed/ISIC_0969795.jpg,35.682913930873774,33.431412660327204
mskcc_processed/ISIC_0970358.jpg,44.79315692922268,61.16102586688619
mskcc_processed/ISIC_0976056.jpg,36.43085812016236,24.850252386189403
mskcc_processed/ISIC_0976892.jpg,44.79315692922268,120.23832946587288
mskcc_processed/ISIC_0977379.jpg,44.791652629193806,125.32070645731075
mskcc_processed/ISIC_0977572.jpg,41.15754687208514,62.9793845187777
mskcc_processed/ISIC_0978545.jpg,36.2368208744129,121.01701291442784
mskcc_processed/ISIC_0978901.jpg,21.009684034159967,-40.31910801367454
mskcc_processed/ISIC_0979630.jpg,46.86094106601303,83.72890458275118
mskcc_processed/ISIC_0980655.jpg,53.13010235415598,115.62776187489209
mskcc_processed/ISIC_0981238.jpg,45.233859025873265,121.34592964589943
mskcc_processed/ISIC_0982166.jpg,33.78115771873117,26.460863192142302
mskcc_processed/ISIC_0982652.jpg,19.051008731321243,-37.70610698143847
mskcc_processed/ISIC_0985523.jpg,39.28940686250036,144.948732670822
mskcc_processed/ISIC_0986127.jpg,10.447817549473921,-56.611233173061024
mskcc_processed/ISIC_0988480.jpg,29.744881296942225,5.472417956328108
mskcc_processed/ISIC_0992080.jpg,49.65825410967561,121.52271108654223
mskcc_processed/ISIC_0999454.jpg,38.95590783775889,91.36576573939575
mskcc_processed/ISIC_1001516.jpg,52.101271725514735,90.6643425276664
mskcc_processed/ISIC_1001797.jpg,42.05355261998767,50.98227948600691
mskcc_processed/ISIC_1001980.jpg,40.10090754621224,24.20302000755933
mskcc_processed/ISIC_1002219.jpg,50.754565331102185,157.64670693034722
mskcc_processed/ISIC_1007410.jpg,46.01939028145508,73.89092106877503
mskcc_processed/ISIC_1008551.jpg,33.874594358241275,60.203667874737995
mskcc_processed/ISIC_1010847.jpg,38.884496433714595,147.0904199788748
mskcc_processed/ISIC_1011171.jpg,51.29812436762973,87.30833580423952
mskcc_processed/ISIC_1012466.jpg,44.04515874612782,163.41954573729572
mskcc_processed/ISIC_1014956.jpg,41.398721882776556,84.95017013156418
mskcc_processed/ISIC_1015274.jpg,12.699584489597365,-58.751156617138676
mskcc_processed/ISIC_1019081.jpg,34.03212781733832,90.00753087057807
mskcc_processed/ISIC_1026448.jpg,7.72863699595161,-58.6047843045713
mskcc_processed/ISIC_1029336.jpg,45.61605990839924,71.7596721164588
mskcc_processed/ISIC_1029487.jpg,44.518534194161646,178.86351794271047
mskcc_processed/ISIC_1029792.jpg,0.8615257345672584,-80.79361514347829
mskcc_processed/ISIC_1030079.jpg,14.782726042615675,-46.68890542309901
mskcc_processed/ISIC_1031793.jpg,49.08561677997488,163.96846025497234
mskcc_processed/ISIC_1033055.jpg,41.378515295882664,137.2796375415796
mskcc_processed/ISIC_1033665.jpg,47.787480842032025,114.6524819486363
mskcc_processed/ISIC_1037016.jpg,45.744059202888714,150.11685800951201
mskcc_processed/ISIC_1038193.jpg,56.164880177548596,101.97890415016242
mskcc_processed/ISIC_1038251.jpg,43.71747291728983,69.79306398041064
mskcc_processed/ISIC_1039591.jpg,42.87890360333855,154.50401944968053
mskcc_processed/ISIC_1039931.jpg,52.7835595264654,122.90368836023957
mskcc_processed/ISIC_1041474.jpg,48.41359827477187,86.07228205051591
mskcc_processed/ISIC_1042402.jpg,45.502581666721035,172.01739040301376
mskcc_processed/ISIC_1043153.jpg,26.725094837683994,-2.9431113355143137
mskcc_processed/ISIC_1043970.jpg,50.68965934978916,128.66745919350168
mskcc_processed/ISIC_1047286.jpg,22.64912734565606,137.42833858389938
mskcc_processed/ISIC_1049143.jpg,19.598811324586006,-73.57860191921695
mskcc_processed/ISIC_1051512.jpg,40.91438322002512,74.61936605015256
mskcc_processed/ISIC_1054926.jpg,54.78240703180728,109.32147834617955
mskcc_processed/ISIC_1055888.jpg,34.15969454566944,31.0025729031468
mskcc_processed/ISIC_1055921.jpg,19.07869453709739,-65.15722764955757
mskcc_processed/ISIC_1057076.jpg,31.059408829709984,13.183817114187939
mskcc_processed/ISIC_1059970.jpg,10.765755544742914,-56.3176798357211
mskcc_processed/ISIC_1061477.jpg,1.282527082710176,-75.31051322818631
mskcc_processed/ISIC_1063400.jpg,53.073204875825205,124.87724123247918
mskcc_processed/ISIC_1064156.jpg,33.49940007834755,44.68535732756609
mskcc_processed/ISIC_1065272.jpg,1.2730300200567113,-74.3924249572311
mskcc_processed/ISIC_1067447.jpg,51.00900595749453,127.99733316936941
mskcc_processed/ISIC_1071016.jpg,50.920620714046805,116.60056730949894
mskcc_processed/ISIC_1071135.jpg,18.060471936199185,124.41687520251355
mskcc_processed/ISIC_1072360.jpg,41.89114320369873,31.728287591593013
mskcc_processed/ISIC_1075265.jpg,35.98067756861832,94.6665307249776
mskcc_processed/ISIC_1076638.jpg,55.65390259993848,99.17570000904226
mskcc_processed/ISIC_1078761.jpg,42.40813329476501,108.92015978212723
mskcc_processed/ISIC_1080131.jpg,40.60129464500447,67.55675551465696
mskcc_processed/ISIC_1080210.jpg,35.925241978991316,16.770526290364533
mskcc_processed/ISIC_1080888.jpg,53.50283915585753,91.05777230648403
mskcc_processed/ISIC_1086138.jpg,54.916526120907264,117.76629468387152
mskcc_processed/ISIC_1086532.jpg,39.130399556985296,172.26544171846493
mskcc_processed/ISIC_1087148.jpg,54.65183346680425,103.37719643234529
mskcc_processed/ISIC_1087238.jpg,38.35692589741878,54.947667987734405
mskcc_processed/ISIC_1087605.jpg,17.94940299291388,-45.2645689491162
mskcc_processed/ISIC_1089130.jpg,32.68693654101055,163.30742675596784
mskcc_processed/ISIC_1089862.jpg,35.722860662065294,47.32221033376123
mskcc_processed/ISIC_1093834.jpg,19.548549432355085,-54.687844732220725
mskcc_processed/ISIC_1093987.jpg,49.26789330029081,149.47971442551284
mskcc_processed/ISIC_1098000.jpg,29.62905440719282,89.28802661048447
mskcc_processed/ISIC_1098790.jpg,42.13759477388826,118.44199460397292
mskcc_processed/ISIC_1101220.jpg,44.81090570465624,44.82601159738819
mskcc_processed/ISIC_1101712.jpg,47.96823402987171,95.96636268220018
mskcc_processed/ISIC_1107023.jpg,54.8740592517574,112.95229283565506
mskcc_processed/ISIC_1110204.jpg,45.99117757501078,57.89618605575948
mskcc_processed/ISIC_1111794.jpg,52.96961039432135,89.47209296640519
mskcc_processed/ISIC_1111938.jpg,51.19883731350568,146.37623878797896
mskcc_processed/ISIC_1117484.jpg,25.513870427534243,18.486158371354875
mskcc_processed/ISIC_1121059.jpg,40.88509090176275,48.230784506130405
mskcc_processed/ISIC_1123588.jpg,49.87690628664375,77.03187476406556
mskcc_processed/ISIC_1124030.jpg,32.82854179141253,77.63669855341539
mskcc_processed/ISIC_1124308.jpg,20.112588289075482,-42.42878272840187
mskcc_processed/ISIC_1127759.jpg,32.417037505923076,18.9402016925081
mskcc_processed/ISIC_1128143.jpg,36.9857635738725,30.095182544324295
mskcc_processed/ISIC_1130293.jpg,39.38557290095442,27.315891261495736
mskcc_processed/ISIC_1131088.jpg,41.72232404780972,172.64218702006028
mskcc_processed/ISIC_1132914.jpg,33.135609548718875,25.42933092111101
mskcc_processed/ISIC_1133659.jpg,32.79953127261922,12.546190542604847
mskcc_processed/ISIC_1134787.jpg,45.93919094573558,173.93467622549966
mskcc_processed/ISIC_1136232.jpg,47.59350644478905,76.91352164683721
mskcc_processed/ISIC_1138265.jpg,43.61248425255679,47.41001252201567
mskcc_processed/ISIC_1142947.jpg,42.749359102962465,165.93778248982446
mskcc_processed/ISIC_1147673.jpg,18.060471936199185,-49.197441076591254
mskcc_processed/ISIC_1149664.jpg,59.85257886599048,-82.69888284341681
mskcc_processed/ISIC_1154658.jpg,44.52254622269043,137.94151828400476
mskcc_processed/ISIC_1155087.jpg,43.80651057601796,47.20794403174931
mskcc_processed/ISIC_1156496.jpg,43.518542829112924,171.9318204858014
mskcc_processed/ISIC_1159968.jpg,45.39243070934087,51.252092903968375
mskcc_processed/ISIC_1164930.jpg,30.52970589993411,88.66101140672204
mskcc_processed/ISIC_1165334.jpg,42.69093721097431,129.90963632939227
mskcc_processed/ISIC_1171216.jpg,39.499588529798096,43.89028631810641
mskcc_processed/ISIC_1173633.jpg,44.03713637436379,129.14685213558397
mskcc_processed/ISIC_1174215.jpg,23.347668528091084,-40.13644079211814
mskcc_processed/ISIC_1178450.jpg,8.714732874861157,-69.4313463514869
mskcc_processed/ISIC_1178917.jpg,53.79054318281395,108.02125622826793
mskcc_processed/ISIC_1183112.jpg,34.91940201245768,89.30456546384912
mskcc_processed/ISIC_1186505.jpg,38.07655108518947,34.472346798467484
mskcc_processed/ISIC_1190869.jpg,49.17476989191244,102.57739427033503
mskcc_processed/ISIC_1198380.jpg,41.742778059333055,89.52676194504305
mskcc_processed/ISIC_1199461.jpg,41.00908690157022,32.97638391896371
mskcc_processed/ISIC_1200451.jpg,47.529494204837754,157.91565575020897
mskcc_processed/ISIC_1200941.jpg,43.09084756700362,123.3697763082438
mskcc_processed/ISIC_1201071.jpg,46.2188752351313,167.59331962818453
mskcc_processed/ISIC_1202886.jpg,33.08878456802841,22.229283835430508
mskcc_processed/ISIC_1204542.jpg,47.005647371388605,124.33870200562295
mskcc_processed/ISIC_1204972.jpg,55.94822149962073,101.34724297341631
mskcc_processed/ISIC_1204988.jpg,48.25722194066696,176.41379335495526
mskcc_processed/ISIC_1212339.jpg,41.7947840689865,131.8419118179996
mskcc_processed/ISIC_1218777.jpg,40.69553103949202,67.72180239324865
mskcc_processed/ISIC_1218922.jpg,16.460014812040036,-72.40593717589363
mskcc_processed/ISIC_1219513.jpg,41.25235502523396,160.01779865382179
mskcc_processed/ISIC_1220298.jpg,23.051300916473025,-25.776040642912776
mskcc_processed/ISIC_1223373.jpg,29.992734600994357,60.987727203697915
mskcc_processed/ISIC_1224156.jpg,7.621071309297047,-57.825626678509295
mskcc_processed/ISIC_1225769.jpg,50.60743196069177,122.83918333256543
mskcc_processed/ISIC_1226839.jpg,32.326139994376874,68.28217449846458
mskcc_processed/ISIC_1227007.jpg,44.292680631455745,126.36619842258273
mskcc_processed/ISIC_1227045.jpg,49.96041068756209,113.43566752194069
mskcc_processed/ISIC_1227387.jpg,43.44131579378918,37.683951610337225
mskcc_processed/ISIC_1230884.jpg,37.93739732958423,178.9851586836087
mskcc_processed/ISIC_1231339.jpg,47.903818865096284,92.96307221226886
mskcc_processed/ISIC_1233783.jpg,36.55680907082337,45.70646378834315
mskcc_processed/ISIC_1233847.jpg,48.36646066342981,68.72496261782396
mskcc_processed/ISIC_1236697.jpg,51.29812436762973,88.14488488226336
mskcc_processed/ISIC_1237620.jpg,45.0,41.50885215213402
mskcc_processed/ISIC_1238790.jpg,44.80445202372915,52.04175926228941
mskcc_processed/ISIC_1238860.jpg,40.638427354979406,155.5831097816479
mskcc_processed/ISIC_1239368.jpg,41.83367348099653,168.91990223923523
mskcc_processed/ISIC_1239740.jpg,0.9166542563852879,-90.47181430038381
mskcc_processed/ISIC_1242735.jpg,45.214589931129396,155.2193919426808
mskcc_processed/ISIC_1247716.jpg,43.02506598911803,145.77777164392427
mskcc_processed/ISIC_1254295.jpg,15.892830980337362,-45.60262787942276
mskcc_processed/ISIC_1254394.jpg,34.094977954765554,113.21466761859958
mskcc_processed/ISIC_1255764.jpg,47.2369790634377,142.9079375868399
mskcc_processed/ISIC_1259689.jpg,35.61085243866876,34.51710920336812
mskcc_processed/ISIC_1262283.jpg,49.85111609530156,114.21210394787255
mskcc_processed/ISIC_1262322.jpg,47.64880575945864,75.1370576667481
mskcc_processed/ISIC_1263193.jpg,33.166354693839324,123.5676115330276
mskcc_processed/ISIC_1265296.jpg,39.89351542767162,107.14538235441867
mskcc_processed/ISIC_1267588.jpg,39.193273094468424,90.56024736562053
mskcc_processed/ISIC_1268283.jpg,43.293821705553,179.05240611138504
mskcc_processed/ISIC_1270033.jpg,22.98871680208064,-34.89264284055826
mskcc_processed/ISIC_1270952.jpg,49.9893625696422,160.65650136478246
mskcc_processed/ISIC_1271123.jpg,35.97687028710933,119.8462204889934
mskcc_processed/ISIC_1271542.jpg,49.19564969178062,148.78368847803083
mskcc_processed/ISIC_1275143.jpg,43.13737905069332,131.65111044785755
mskcc_processed/ISIC_1276552.jpg,52.0542517333647,88.77285728605828
mskcc_processed/ISIC_1281550.jpg,42.039063865836255,144.16032187044885
mskcc_processed/ISIC_1284323.jpg,27.450997770932226,124.35282729674678
mskcc_processed/ISIC_1289570.jpg,45.403484735058754,58.621819945544196
mskcc_processed/ISIC_1290605.jpg,57.042575142884985,110.33142752538564
mskcc_processed/ISIC_1291004.jpg,41.884935240094514,49.73117246332861
mskcc_processed/ISIC_1291341.jpg,42.18444331578877,92.7967316551184
mskcc_processed/ISIC_1293465.jpg,52.44871787382203,104.06344530419722
mskcc_processed/ISIC_1294310.jpg,39.53978740785165,32.795032404366644
mskcc_processed/ISIC_1301901.jpg,62.789130028947504,-90.30493921989762
mskcc_processed/ISIC_1302183.jpg,46.87787744728536,158.04529805433467
mskcc_processed/ISIC_1306278.jpg,40.71084667118098,125.66918284881879
mskcc_processed/ISIC_1311944.jpg,46.15967520848358,123.72530713370246
mskcc_processed/ISIC_1314944.jpg,31.494804162805814,129.48425823362382
mskcc_processed/ISIC_1316342.jpg,18.31120003151555,-40.225601700614966
mskcc_processed/ISIC_1318275.jpg,30.004920870824012,32.91805615455033
mskcc_processed/ISIC_1320758.jpg,53.99243843274894,95.66895042390956
mskcc_processed/ISIC_1323668.jpg,49.39870535499554,149.24767699280034
mskcc_processed/ISIC_1328368.jpg,44.75618964389592,135.47633962838154
mskcc_processed/ISIC_1329787.jpg,50.988148375775516,96.5124964992618
mskcc_processed/ISIC_1334199.jpg,49.46715906138927,151.99346261956103
mskcc_processed/ISIC_1334947.jpg,30.203237754942663,4.202128471554307
mskcc_processed/ISIC_1336089.jpg,41.987212495816664,164.00169719399503
mskcc_processed/ISIC_1339542.jpg,29.013707760902406,-108.60035898664876
mskcc_processed/ISIC_1343445.jpg,41.423665625002656,38.18012206138274
mskcc_processed/ISIC_1343486.jpg,14.410109479855759,-42.86379892149662
mskcc_processed/ISIC_1344139.jpg,31.122470196791994,86.76037729336998
mskcc_processed/ISIC_1348206.jpg,49.92343737669622,128.31985663404842
mskcc_processed/ISIC_1354805.jpg,52.866068372896876,86.23590380994962
mskcc_processed/ISIC_1354965.jpg,39.400660663479435,59.67766674262996
mskcc_processed/ISIC_1356426.jpg,57.295266422998154,101.53204845086351
mskcc_processed/ISIC_1358218.jpg,55.520784313874366,128.6212041401856
mskcc_processed/ISIC_1358720.jpg,36.86989764584402,29.905237404597184
mskcc_processed/ISIC_1359541.jpg,49.02199017702011,139.098623214727
mskcc_processed/ISIC_1360051.jpg,34.03212781733832,31.94784767908777
mskcc_processed/ISIC_1360714.jpg,36.50727097188151,81.43672308141493
mskcc_processed/ISIC_1366843.jpg,44.268604246902456,174.28442322279793
mskcc_processed/ISIC_1371166.jpg,53.93326160596623,92.53580720027941
mskcc_processed/ISIC_1373753.jpg,43.23372951399095,179.02074105456342
mskcc_processed/ISIC_1375223.jpg,46.709814044141524,134.45487859994964
mskcc_processed/ISIC_1382299.jpg,22.958055488821433,-30.63858011878353
mskcc_processed/ISIC_1386593.jpg,32.94504086484837,17.855188210963192
mskcc_processed/ISIC_1389977.jpg,50.01311375503581,90.69736334444669
mskcc_processed/ISIC_1391433.jpg,46.548157698977974,56.29323459458763
mskcc_processed/ISIC_1391489.jpg,25.722526916337575,-28.802575854552533
mskcc_processed/ISIC_1393279.jpg,48.416588191771346,125.96019278424487
mskcc_processed/ISIC_1394156.jpg,40.65913993530875,21.90523489600918
mskcc_processed/ISIC_1394796.jpg,42.78795799795165,136.1479383572742
mskcc_processed/ISIC_1395461.jpg,51.164841782235456,94.0498453657408
mskcc_processed/ISIC_1397973.jpg,11.078591418218082,-61.12095535120382
mskcc_processed/ISIC_1401091.jpg,55.137803853085146,99.97010264154895
mskcc_processed/ISIC_1401871.jpg,44.4052554847815,46.71443723726336
mskcc_processed/ISIC_1402559.jpg,46.321975659536974,162.99736009093465
mskcc_processed/ISIC_1410423.jpg,12.211508376475976,-63.90368277960731
mskcc_processed/ISIC_1411269.jpg,36.591088267399286,21.867163724481987
mskcc_processed/ISIC_1413067.jpg,54.62299419154944,111.0991615681455
mskcc_processed/ISIC_1415017.jpg,47.1858008067756,125.08170220334937
mskcc_processed/ISIC_1415379.jpg,49.33543008584021,120.10810169958835
mskcc_processed/ISIC_1417160.jpg,48.16812037559378,95.82237768594084
mskcc_processed/ISIC_1417244.jpg,44.28681136498241,128.1452558322772
mskcc_processed/ISIC_1418246.jpg,7.621071309297047,-55.69113980757211
mskcc_processed/ISIC_1418945.jpg,49.85111609530156,112.00060159144108
mskcc_processed/ISIC_1422115.jpg,45.0,77.45704299322496
mskcc_processed/ISIC_1423168.jpg,52.59464336859145,87.97245855208605
mskcc_processed/ISIC_1424925.jpg,56.52372170389733,100.8586870980401
mskcc_processed/ISIC_1425964.jpg,17.601181367785596,-36.914951390106694
mskcc_processed/ISIC_1428987.jpg,44.060809054264425,110.6593307511193
mskcc_processed/ISIC_1431156.jpg,46.548157698977974,114.34547512192718
mskcc_processed/ISIC_1431359.jpg,52.91750303482834,87.84537010155282
mskcc_processed/ISIC_1431410.jpg,28.28077119077458,5.098912536858806
mskcc_processed/ISIC_1432490.jpg,33.690067525979785,78.67296119298028
mskcc_processed/ISIC_1432998.jpg,43.40885972880541,158.6831089599544
mskcc_processed/ISIC_1436243.jpg,28.442928624363347,4.200678646941302
mskcc_processed/ISIC_1441605.jpg,44.44012420983833,45.50331022022743
mskcc_processed/ISIC_1447534.jpg,42.10873040377944,36.89353959166093
mskcc_processed/ISIC_1447645.jpg,44.17565717915485,65.30847609243618
mskcc_processed/ISIC_1448319.jpg,45.0,160.48725694782402
mskcc_processed/ISIC_1452053.jpg,55.47742359600487,111.75934315644513
mskcc_processed/ISIC_1452780.jpg,55.203973721731685,102.20429077910576
mskcc_processed/ISIC_1454840.jpg,45.66879195296866,112.10548901648123
mskcc_processed/ISIC_1457536.jpg,6.4830736928972374,-78.71731019248915
mskcc_processed/ISIC_1464357.jpg,17.130301526843592,-28.865484802360033
mskcc_processed/ISIC_1468242.jpg,54.49278248134577,91.87292623901155
mskcc_processed/ISIC_1469334.jpg,47.254574965935035,133.50853727963013
mskcc_processed/ISIC_1472122.jpg,39.9305798673875,88.13625515148662
mskcc_processed/ISIC_1473687.jpg,9.246112745563252,-85.65981832850422
mskcc_processed/ISIC_1476438.jpg,29.305075856579982,57.23916758258561
mskcc_processed/ISIC_1479149.jpg,16.69924423399362,-31.571621258470422
mskcc_processed/ISIC_1480090.jpg,27.7904424794521,36.401280230936976
mskcc_processed/ISIC_1480092.jpg,1.8328395059420592,-93.63770349130762
mskcc_processed/ISIC_1482986.jpg,51.38711702576451,116.95599694638322
mskcc_processed/ISIC_1483742.jpg,17.161918802865298,-56.125504183070525
mskcc_processed/ISIC_1491377.jpg,55.07247783743894,99.5102044913245
mskcc_processed/ISIC_1492707.jpg,45.237740459293,165.03843404947767
mskcc_processed/ISIC_1493116.jpg,53.95370462763415,90.86645803805018
mskcc_processed/ISIC_1493246.jpg,53.53076560994813,117.90517635392612
mskcc_processed/ISIC_1493451.jpg,52.30575953331083,122.7819425807944
mskcc_processed/ISIC_1496360.jpg,44.17565717915485,65.61037086973293
mskcc_processed/ISIC_1498495.jpg,47.12109639666145,84.42013412436967
mskcc_processed/ISIC_1498936.jpg,10.304846468766033,-52.356991409093716
mskcc_processed/ISIC_1499169.jpg,20.871597069732143,-7.549613109965294
mskcc_processed/ISIC_1506783.jpg,32.29061186374424,15.742714748297615
mskcc_processed/ISIC_1507059.jpg,4.460848258516558,-62.469332851648566
mskcc_processed/ISIC_1507916.jpg,13.082990674811107,-53.064689677245624
mskcc_processed/ISIC_1508092.jpg,47.10551418885604,82.49204174560815
mskcc_processed/ISIC_1508292.jpg,44.38394009160078,79.90121824831996
mskcc_processed/ISIC_1508524.jpg,35.41044829085176,131.53784953206886
mskcc_processed/ISIC_1513779.jpg,42.43075897985181,34.67019511546025
mskcc_processed/ISIC_1517860.jpg,41.061260916148804,18.332188582828266
mskcc_processed/ISIC_1518276.jpg,17.545728745696305,-60.45676399756018
mskcc_processed/ISIC_1521073.jpg,43.54364136566032,167.69116466194265
mskcc_processed/ISIC_1521210.jpg,41.27335507676074,63.50257922715847
mskcc_processed/ISIC_1521636.jpg,41.912348715014936,157.7165548751747
mskcc_processed/ISIC_1523606.jpg,31.77068598717589,9.492777401212054
mskcc_processed/ISIC_1526374.jpg,23.62937773065682,125.5585323092354
mskcc_processed/ISIC_1528442.jpg,54.306880973776224,98.34322804827542
mskcc_processed/ISIC_1529034.jpg,43.011362143525936,57.47298790267383
mskcc_processed/ISIC_1530979.jpg,45.58264885918648,39.16125236155497
mskcc_processed/ISIC_1533506.jpg,50.73168102006347,176.54947312031143
mskcc_processed/ISIC_1534301.jpg,37.244782892659444,35.44244312292057
mskcc_processed/ISIC_1536244.jpg,15.610988533679654,-57.494290623278395
mskcc_processed/ISIC_1542853.jpg,56.08641301165964,109.89148055477752
mskcc_processed/ISIC_1544536.jpg,31.200514603980633,9.95142948973926
mskcc_processed/ISIC_1544597.jpg,52.822339264822,78.94184839064579
mskcc_processed/ISIC_1547149.jpg,21.80140948635181,142.94169595756998
mskcc_processed/ISIC_1547520.jpg,41.6335393365702,177.89388166985412
mskcc_processed/ISIC_1548818.jpg,52.382576352728925,85.30185672741408
mskcc_processed/ISIC_1554452.jpg,37.10030838573477,173.5533907933759
mskcc_processed/ISIC_1560374.jpg,30.499833233447433,35.435841725569006
mskcc_processed/ISIC_1564362.jpg,15.685905920066407,-39.941849392458565
mskcc_processed/ISIC_1564463.jpg,41.84515713520803,83.51045121181832
mskcc_processed/ISIC_1564665.jpg,34.824489156956794,25.542567762166076
mskcc_processed/ISIC_1565205.jpg,47.34687429248729,149.3324099052931
mskcc_processed/ISIC_1570677.jpg,44.76027010391915,162.65317501412193
mskcc_processed/ISIC_1573988.jpg,37.244782892659444,36.8575878061691
mskcc_processed/ISIC_1575102.jpg,48.84245312791486,165.17442957577686
mskcc_processed/ISIC_1577248.jpg,40.010637430357804,72.48671816633002
mskcc_processed/ISIC_1577838.jpg,53.39909464785246,94.08986891171817
mskcc_processed/ISIC_1577957.jpg,42.749359102962465,175.93665484749616
mskcc_processed/ISIC_1582332.jpg,32.03414614718992,12.140562025225893
mskcc_processed/ISIC_1582990.jpg,42.894485811143966,87.86307021599559
mskcc_processed/ISIC_1584495.jpg,25.709953780811265,-36.048778685738284
mskcc_processed/ISIC_1586438.jpg,15.42216131873867,-42.04080874918803
mskcc_processed/ISIC_1587087.jpg,31.022642204570804,73.83450758045089
mskcc_processed/ISIC_1588612.jpg,46.12330271407543,116.08888084393604
mskcc_processed/ISIC_1593352.jpg,42.80506887679583,29.89385425218227
mskcc_processed/ISIC_1594473.jpg,28.88658176691071,12.028827815016644
mskcc_processed/ISIC_1594593.jpg,25.104568665234346,3.0301458930983265
mskcc_processed/ISIC_1595578.jpg,39.457007912495925,97.7089768784971
mskcc_processed/ISIC_1599696.jpg,24.145541960421657,-4.932144454744423
mskcc_processed/ISIC_1600506.jpg,20.695450734063282,-49.50172784080343
mskcc_processed/ISIC_1602969.jpg,53.022403647327494,94.53749800524054
mskcc_processed/ISIC_1605564.jpg,45.0,150.93385772816998
mskcc_processed/ISIC_1612225.jpg,44.75618964389592,165.86829396322156
mskcc_processed/ISIC_1614247.jpg,11.469530332866906,-69.71792537107862
mskcc_processed/ISIC_1616914.jpg,46.273030020056716,118.91215735369734
mskcc_processed/ISIC_1621586.jpg,50.19442890773481,123.3643138328759
mskcc_processed/ISIC_1623966.jpg,50.440332031005504,77.36114839894954
mskcc_processed/ISIC_1625148.jpg,1.3748347805694054,-95.46150306261215
mskcc_processed/ISIC_1626874.jpg,38.17884763521565,134.0277511876621
mskcc_processed/ISIC_1631826.jpg,44.76027010391915,144.1613831831162
mskcc_processed/ISIC_1634664.jpg,37.93739732958423,99.43121647328196
mskcc_processed/ISIC_1634757.jpg,27.64597536373868,65.52023623293857
mskcc_processed/ISIC_1635786.jpg,29.086810829531597,23.41120431033165
mskcc_processed/ISIC_1638548.jpg,25.669877466866915,62.04029137667112
mskcc_processed/ISIC_1643165.jpg,54.16234704572172,92.17998375996405
mskcc_processed/ISIC_1645042.jpg,44.38832452528621,62.78654143720985
mskcc_processed/ISIC_1645398.jpg,42.320026059892065,156.64054498762636
mskcc_processed/ISIC_1651481.jpg,47.15656267471479,151.65395925214244
mskcc_processed/ISIC_1654189.jpg,45.71915611654508,179.48230367666338
mskcc_processed/ISIC_1658338.jpg,50.33215888165956,74.44141828313964
mskcc_processed/ISIC_1659845.jpg,46.005086005254185,64.42931351854436
mskcc_processed/ISIC_1660020.jpg,56.534620653644716,116.06271657071566
mskcc_processed/ISIC_1662634.jpg,9.865806943084369,-56.688279103792155
mskcc_processed/ISIC_1662919.jpg,39.84991766198018,118.24997714276986
mskcc_processed/ISIC_1669765.jpg,49.1320602549526,144.07021328902027
mskcc_processed/ISIC_1669931.jpg,39.672711551813336,24.27783521801955
mskcc_processed/ISIC_1671051.jpg,49.492581479915316,91.2344775127705
mskcc_processed/ISIC_1672672.jpg,43.13737905069332,112.20413090139252
mskcc_processed/ISIC_1673620.jpg,43.05191499348505,47.33710064135385
mskcc_processed/ISIC_1674379.jpg,42.51044707800085,52.6920478714902
mskcc_processed/ISIC_1678152.jpg,53.47114463301484,112.82022807320689
mskcc_processed/ISIC_1678430.jpg,42.10873040377944,31.75415172933794
mskcc_processed/ISIC_1680107.jpg,40.70521674297732,74.73395049375587
mskcc_processed/ISIC_1680154.jpg,37.32877851673801,133.49679829341486
mskcc_processed/ISIC_1682731.jpg,31.203888317661775,7.551527366654365
mskcc_processed/ISIC_1687973.jpg,30.640663455755366,14.261429988612658
mskcc_processed/ISIC_1688051.jpg,41.23361202903322,29.14471963716294
mskcc_processed/ISIC_1688695.jpg,42.54914736222897,124.66854341790734
mskcc_processed/ISIC_1690615.jpg,32.04468071873421,19.882641566747314
mskcc_processed/ISIC_1691239.jpg,54.84901451111703,131.10916942709773
mskcc_processed/ISIC_1692008.jpg,37.30394827798343,43.146541065482985
mskcc_processed/ISIC_1692758.jpg,39.173657970444225,128.79605897169824
mskcc_processed/ISIC_1700522.jpg,31.027066759912646,8.106191386352995
mskcc_processed/ISIC_1700643.jpg,40.03958931243792,108.11238711792892
mskcc_processed/ISIC_1702291.jpg,28.918348043186292,6.52880736290363
mskcc_processed/ISIC_1702724.jpg,42.89834567232871,172.5867530149104
mskcc_processed/ISIC_1703919.jpg,47.005647371388605,175.0443362296388
mskcc_processed/ISIC_1707243.jpg,34.69515353123397,26.3528827814659
mskcc_processed/ISIC_1707615.jpg,46.89338584574627,141.4909757460128
mskcc_processed/ISIC_1708202.jpg,46.548157698977974,62.9524224077389
mskcc_processed/ISIC_1709720.jpg,20.050236871396663,-46.20308272204577
mskcc_processed/ISIC_1710262.jpg,36.08507304285213,155.00677438989126
mskcc_processed/ISIC_1712143.jpg,40.426078740099136,164.27826715668422
mskcc_processed/ISIC_1712758.jpg,35.202182592148745,27.20958012653066
mskcc_processed/ISIC_1717825.jpg,42.08156527921844,83.15378888604789
mskcc_processed/ISIC_1722819.jpg,47.468117913828536,164.36958379097993
mskcc_processed/ISIC_1723255.jpg,35.14554549970606,171.21399481972819
mskcc_processed/ISIC_1723901.jpg,23.587030525128238,-22.35020394556592
mskcc_processed/ISIC_1725318.jpg,54.8193006387579,90.961035370753
mskcc_processed/ISIC_1727964.jpg,2.8829634525395402,-65.30857040260385
mskcc_processed/ISIC_1729581.jpg,41.69325351975748,166.53720012647642
mskcc_processed/ISIC_1730810.jpg,44.794639662505126,55.375281258007284
mskcc_processed/ISIC_1731039.jpg,56.59676752212808,102.36833679818929
mskcc_processed/ISIC_1732736.jpg,50.576858649923835,74.91880544211281
mskcc_processed/ISIC_1735058.jpg,43.927170724208466,76.22638167269129
mskcc_processed/ISIC_1735252.jpg,44.27477570094075,149.63691401092532
mskcc_processed/ISIC_1741268.jpg,49.29478325702269,143.71404611784925
mskcc_processed/ISIC_1744701.jpg,54.52466797179,100.04066191104457
mskcc_processed/ISIC_1749583.jpg,40.03958931243792,102.80448275982718
mskcc_processed/ISIC_1750302.jpg,37.848172338355575,43.62434259572229
mskcc_processed/ISIC_1750372.jpg,32.111814874234305,15.403350437193371
mskcc_processed/ISIC_1751881.jpg,46.501792522359345,80.52020490607714
mskcc_processed/ISIC_1752706.jpg,45.0,73.32590752090067
mskcc_processed/ISIC_1753018.jpg,34.93931020467703,36.33187894662014
mskcc_processed/ISIC_1754160.jpg,44.060809054264425,174.3729404579167
mskcc_processed/ISIC_1754545.jpg,35.03619581009283,20.39617887411825
mskcc_processed/ISIC_1758258.jpg,41.520082495730286,27.968295596170556
mskcc_processed/ISIC_1758360.jpg,42.74542503406497,94.63269909003341
mskcc_processed/ISIC_1760749.jpg,45.39243070934087,53.82632903299041
mskcc_processed/ISIC_1761655.jpg,18.566060217669218,-63.16882938142174
mskcc_processed/ISIC_1762205.jpg,33.7830800733526,28.269622457587822
mskcc_processed/ISIC_1768364.jpg,12.613627454018747,-50.983322865731814
mskcc_processed/ISIC_1768769.jpg,44.58482045885514,62.206586740950804
mskcc_processed/ISIC_1775086.jpg,40.84871473357831,84.23809645950689
mskcc_processed/ISIC_1776366.jpg,48.12213046211571,77.04198979354983
mskcc_processed/ISIC_1776560.jpg,42.83074241027149,110.308110774204
mskcc_processed/ISIC_1777639.jpg,53.85041753002388,105.48599002776429
mskcc_processed/ISIC_1778168.jpg,20.871597069732143,-35.346060927764846
mskcc_processed/ISIC_1779363.jpg,42.74542503406497,85.04767960853482
mskcc_processed/ISIC_1779474.jpg,49.55741901971401,107.65149204875766
mskcc_processed/ISIC_1780820.jpg,38.345574953993406,45.25546030854674
mskcc_processed/ISIC_1781223.jpg,51.34019174590991,80.19944692448476
mskcc_processed/ISIC_1781454.jpg,50.541204778039855,133.97482602307662
mskcc_processed/ISIC_1785217.jpg,47.54046740461034,59.20553814677614
mskcc_processed/ISIC_1786217.jpg,53.91492695714787,94.02902392440537
mskcc_processed/ISIC_1786286.jpg,45.93919094573558,168.81188593642696
mskcc_processed/ISIC_1786713.jpg,30.033280435995138,-59.638568065765654
mskcc_processed/ISIC_1786955.jpg,46.17875916991123,149.88510015600482
mskcc_processed/ISIC_1789394.jpg,37.40535663140856,38.44905742703324
mskcc_processed/ISIC_1790598.jpg,0.8680514497455425,-83.33215107350195
mskcc_processed/ISIC_1792446.jpg,39.92039213998543,47.25507491258414
mskcc_processed/ISIC_1793326.jpg,45.0,170.9379684176016
mskcc_processed/ISIC_1798994.jpg,55.27100372047909,103.18465097844974
mskcc_processed/ISIC_1800264.jpg,35.37004872223566,67.6201195751563
mskcc_processed/ISIC_1800532.jpg,29.357753542791272,4.6775282088123955
mskcc_processed/ISIC_1802508.jpg,51.00900595749453,79.68546684212612
mskcc_processed/ISIC_1805716.jpg,51.84277341263093,84.54623258141807
mskcc_processed/ISIC_1806193.jpg,45.62502007401749,115.11971783578325
mskcc_processed/ISIC_1806278.jpg,44.07595464722729,102.66628018500303
mskcc_processed/ISIC_1814632.jpg,43.80151834988151,114.85353758621947
mskcc_processed/ISIC_1814888.jpg,38.07655108518947,28.978279558027356
mskcc_processed/ISIC_1816916.jpg,42.67218491095884,116.3510691720779
mskcc_processed/ISIC_1820384.jpg,45.80692945510237,60.44440141964324
mskcc_processed/ISIC_1820666.jpg,20.695450734063282,136.90488515118864
mskcc_processed/ISIC_1820887.jpg,44.39690880561947,62.00596820634863
mskcc_processed/ISIC_1820914.jpg,42.2970559621853,164.9455732709854
mskcc_processed/ISIC_1822857.jpg,55.175510843043206,91.12416978692727
mskcc_processed/ISIC_1823114.jpg,38.917663306717955,116.6859036833765
mskcc_processed/ISIC_1823499.jpg,39.12260739335687,37.94830728212944
mskcc_processed/ISIC_1823696.jpg,22.919554832466638,103.57157605767705
mskcc_processed/ISIC_1824696.jpg,41.82016988013577,54.19003842966195
mskcc_processed/ISIC_1824779.jpg,21.291155219726225,-50.65393810651851
mskcc_processed/ISIC_1826169.jpg,36.18280407744242,17.468514506643213
mskcc_processed/ISIC_1826945.jpg,11.560130794217766,-77.02066280044957
mskcc_processed/ISIC_1828840.jpg,43.99491399474582,165.51814481188495
mskcc_processed/ISIC_1829456.jpg,1.7098140441415306,-79.97572302723906
mskcc_processed/ISIC_1832250.jpg,29.435416361392633,15.894015717383702
mskcc_processed/ISIC_1832776.jpg,48.32060570762332,68.6298665590983
mskcc_processed/ISIC_1834034.jpg,48.16812037559378,112.12715902590351
mskcc_processed/ISIC_1837248.jpg,40.7543892158971,125.8043908804735
mskcc_processed/ISIC_1840552.jpg,48.52145337692223,140.86375162783042
mskcc_processed/ISIC_1842058.jpg,32.005383208083494,10.228463515549647
mskcc_processed/ISIC_1842163.jpg,48.54868197390444,159.29139547563344
mskcc_processed/ISIC_1843942.jpg,47.549949012960184,141.43961787665648
mskcc_processed/ISIC_1847986.jpg,5.541204778039854,-79.27032504838122
mskcc_processed/ISIC_1848837.jpg,47.04540848888723,96.15858679293427
mskcc_processed/ISIC_1848953.jpg,41.00908690157022,177.32016183739208
mskcc_processed/ISIC_1852359.jpg,30.902214365071746,80.72218351332916
mskcc_processed/ISIC_1855287.jpg,32.52953827833111,166.80197851300738
mskcc_processed/ISIC_1860194.jpg,27.834053940550834,-62.84439304194779
mskcc_processed/ISIC_1865181.jpg,46.005086005254185,56.712395353197145
mskcc_processed/ISIC_1868988.jpg,40.56733153131014,124.1598615113899
mskcc_processed/ISIC_1869989.jpg,41.09950625761811,66.70704832219586
mskcc_processed/ISIC_1870216.jpg,40.0302592718897,146.02335584452757
mskcc_processed/ISIC_1874895.jpg,45.4212849041686,115.27709448260403
mskcc_processed/ISIC_1875466.jpg,29.78741713137951,12.301628105351496
mskcc_processed/ISIC_1877158.jpg,1.2544516226815359,-70.34872349792919
mskcc_processed/ISIC_1877571.jpg,46.17875916991123,151.3720538240316
mskcc_processed/ISIC_1880075.jpg,35.50461618022951,16.882931878196064
mskcc_processed/ISIC_1884152.jpg,44.78047701474035,89.50956567787544
mskcc_processed/ISIC_1888259.jpg,48.92388932275295,88.69733862877763
mskcc_processed/ISIC_1889412.jpg,50.58260575653107,156.09648376354693
mskcc_processed/ISIC_1890895.jpg,53.39292518739251,92.27756864725907
mskcc_processed/ISIC_1892522.jpg,36.304497122575235,26.521057523709477
mskcc_processed/ISIC_1897483.jpg,34.55680593650305,27.657105747786773
mskcc_processed/ISIC_1898690.jpg,29.663088662264094,111.14838873010439
mskcc_processed/ISIC_1901950.jpg,42.177844700188196,40.64805917837744
mskcc_processed/ISIC_1901991.jpg,38.84689584880325,35.94426507776493
mskcc_processed/ISIC_1904769.jpg,42.53188208617146,173.28010142935702
mskcc_processed/ISIC_1905503.jpg,33.87081071038882,51.10479107333911
mskcc_processed/ISIC_1908922.jpg,29.488907812272565,47.06868614927609
mskcc_processed/ISIC_1910900.jpg,46.650039395577885,175.45008524526546
mskcc_processed/ISIC_1911806.jpg,55.16569487954269,112.8451101329132
mskcc_processed/ISIC_1912588.jpg,48.6983843716019,144.84529087742712
mskcc_processed/ISIC_1912745.jpg,4.05673786129488,-56.759273105743446
mskcc_processed/ISIC_1914963.jpg,20.015959602882674,-31.0773701691495
mskcc_processed/ISIC_1916090.jpg,36.52885536698516,55.72209024002445
mskcc_processed/ISIC_1919008.jpg,36.37264685593477,18.821550839652783
mskcc_processed/ISIC_1921595.jpg,43.43980031307133,132.03284646207894
mskcc_processed/ISIC_1921994.jpg,44.060809054264425,143.36675913764648
mskcc_processed/ISIC_1927116.jpg,47.50770172706625,86.30710245439643
mskcc_processed/ISIC_1928431.jpg,41.80655072671671,179.23284399318828
mskcc_processed/ISIC_1929058.jpg,36.491296683729686,93.30365270387236
mskcc_processed/ISIC_1929698.jpg,32.19573393471325,8.89106338174432
mskcc_processed/ISIC_1930116.jpg,54.074758021008684,108.88600497490565
mskcc_processed/ISIC_1930433.jpg,45.0,65.15048927924028
mskcc_processed/ISIC_1931808.jpg,31.77419772628541,136.2829784742483
mskcc_processed/ISIC_1935007.jpg,23.60710964801856,-37.19514089428694
mskcc_processed/ISIC_1935857.jpg,41.3380644244802,87.60458071110375
mskcc_processed/ISIC_1939219.jpg,47.862405226111754,81.09090354649656
mskcc_processed/ISIC_1939427.jpg,38.09644608027498,125.27093855245475
mskcc_processed/ISIC_1944383.jpg,39.36245711554012,116.81102071022775
mskcc_processed/ISIC_1948439.jpg,43.02506598911803,77.91628307396336
mskcc_processed/ISIC_1948767.jpg,40.60129464500447,132.4212640157361
mskcc_processed/ISIC_1950283.jpg,30.411081267125372,0.41715855146919634
mskcc_processed/ISIC_1950966.jpg,53.62735314406524,99.57149285839144
mskcc_processed/ISIC_1951109.jpg,50.29704810459679,70.8079723120021
mskcc_processed/ISIC_1951196.jpg,43.7811247648687,170.1967081415164
mskcc_processed/ISIC_1954381.jpg,52.29575677860919,94.93549530001397
mskcc_processed/ISIC_1954614.jpg,50.125770127521534,80.46975856068245
mskcc_processed/ISIC_1955537.jpg,48.91824886406737,68.42340533567962
mskcc_processed/ISIC_1956952.jpg,42.929969346958906,97.9637344323765
mskcc_processed/ISIC_1959585.jpg,36.491296683729686,30.202024286419462
mskcc_processed/ISIC_1966059.jpg,28.277186956347236,97.13338614121893
mskcc_processed/ISIC_1966293.jpg,33.97046877601952,16.25504608207354
mskcc_processed/ISIC_1971795.jpg,41.217354553403695,137.19178154987432
mskcc_processed/ISIC_1972002.jpg,49.944074410797825,82.59578574948446
mskcc_processed/ISIC_1972578.jpg,1.3639275316029187,-91.88348892763563
mskcc_processed/ISIC_1975312.jpg,47.991830745969004,76.62861313802527
mskcc_processed/ISIC_1977139.jpg,47.32438297094815,144.60233590656478
mskcc_processed/ISIC_1978311.jpg,38.61288297423549,34.92419324183765
mskcc_processed/ISIC_1980202.jpg,44.068443401922515,137.80965431520795
mskcc_processed/ISIC_1980311.jpg,29.505151400861372,172.5788103944889
mskcc_processed/ISIC_1982716.jpg,39.925269621842475,75.85302636599678
mskcc_processed/ISIC_1984040.jpg,46.56935480474899,65.95366057903959
mskcc_processed/ISIC_1987292.jpg,35.82379665962386,37.944314580571756
mskcc_processed/ISIC_1987960.jpg,46.95806742923405,166.26626427754275
mskcc_processed/ISIC_1988529.jpg,44.001916656592286,53.92926056714671
mskcc_processed/ISIC_1993158.jpg,43.210089391753925,88.9171588402463
mskcc_processed/ISIC_1994438.jpg,56.94417718844634,103.1628370402136
mskcc_processed/ISIC_1995953.jpg,35.045393056444304,29.16722670966951
mskcc_processed/ISIC_1998034.jpg,49.369591648399044,82.27299524511318
mskcc_processed/ISIC_1999675.jpg,38.19094982038659,42.01037448095251
mskcc_processed/ISIC_2000612.jpg,40.1147974318827,107.51288165074068
mskcc_processed/ISIC_2001918.jpg,40.47523152716581,39.45693113595804
mskcc_processed/ISIC_2001974.jpg,46.97493401088198,65.78234977934979
mskcc_processed/ISIC_2002286.jpg,47.037330696819915,143.40445280556688
mskcc_processed/ISIC_2005516.jpg,54.52466797179,103.85729464850958
mskcc_processed/ISIC_2006420.jpg,17.81888891452278,-30.883135341635366
mskcc_processed/ISIC_2009185.jpg,43.55587446906416,164.27715170498976
mskcc_processed/ISIC_2009902.jpg,44.599336744207854,59.28536493090028
mskcc_processed/ISIC_2010865.jpg,47.45085263777102,115.02173464490097
mskcc_processed/ISIC_2019158.jpg,44.766140974126735,136.6700776101371
mskcc_processed/ISIC_2019184.jpg,43.579734453600956,143.44967206976392
mskcc_processed/ISIC_2025815.jpg,35.94927832281627,70.23231013727977
mskcc_processed/ISIC_2028590.jpg,13.172553423326894,-50.7616481059046
mskcc_processed/ISIC_2028833.jpg,41.445821764467915,30.25262370389192
mskcc_processed/ISIC_2029687.jpg,47.563770211465005,90.53827201278658
mskcc_processed/ISIC_2030443.jpg,45.71915611654508,160.9365996788123
mskcc_processed/ISIC_2031399.jpg,45.49821161261365,159.97590999874402
mskcc_processed/ISIC_2033431.jpg,47.76678840116952,91.30897007055275
mskcc_processed/ISIC_2033794.jpg,19.855214369321057,-33.31178748789114
mskcc_processed/ISIC_2037868.jpg,39.39256803930824,36.43313117996156
mskcc_processed/ISIC_2041049.jpg,39.004613195924534,168.48576085503748
mskcc_processed/ISIC_2041999.jpg,50.12316553712815,86.90828145408192
mskcc_processed/ISIC_2045565.jpg,47.23117460803125,165.9815667825551
mskcc_processed/ISIC_2048660.jpg,46.16913932790743,56.99654477124491
mskcc_processed/ISIC_2048920.jpg,48.83959633795347,65.3860220942204
mskcc_processed/ISIC_2049425.jpg,7.326406660169545,-60.90292823855152
mskcc_processed/ISIC_2050136.jpg,47.72631099390627,127.81005464518671
mskcc_processed/ISIC_2050690.jpg,49.62415132842907,141.0140438961828
mskcc_processed/ISIC_2053072.jpg,44.24115987573146,41.51860371417711
mskcc_processed/ISIC_2056056.jpg,0.8550973962667232,-79.00952560293658
mskcc_processed/ISIC_2056146.jpg,54.70665240933972,93.78991561727324
mskcc_processed/ISIC_2057086.jpg,47.254574965935035,130.27374233472884
mskcc_processed/ISIC_2058474.jpg,49.20535700170859,132.38970391908396
mskcc_processed/ISIC_2060345.jpg,48.224522606519905,77.94690527326134
mskcc_processed/ISIC_2062145.jpg,48.416588191771346,121.28308609176479
mskcc_processed/ISIC_2062468.jpg,50.34305575857517,104.76800243092237
mskcc_processed/ISIC_2066410.jpg,43.36342295838328,57.74965684140239
mskcc_processed/ISIC_2068250.jpg,39.8055710922652,40.17598598446778
mskcc_processed/ISIC_2075404.jpg,21.25050550713324,-34.46399725866967
mskcc_processed/ISIC_2078033.jpg,47.838787841005384,177.79279317892232
mskcc_processed/ISIC_2080230.jpg,43.62201675369506,57.502227540029786
mskcc_processed/ISIC_2080983.jpg,40.77039138822591,28.396548218444067
mskcc_processed/ISIC_2081264.jpg,52.554284760911,151.72107631292434
mskcc_processed/ISIC_2090864.jpg,43.264295411071615,36.838839320351425
mskcc_processed/ISIC_2092458.jpg,31.77419772628541,113.36112969930059
mskcc_processed/ISIC_2093427.jpg,48.551733354820406,69.61234048110366
mskcc_processed/ISIC_2093630.jpg,40.65676004831061,28.650067996641685
mskcc_processed/ISIC_2094003.jpg,60.82392093202148,-81.44456351139326
mskcc_processed/ISIC_2094936.jpg,31.827446576673115,6.259661335915977
mskcc_processed/ISIC_2095949.jpg,54.76970005053124,97.07515006981968
mskcc_processed/ISIC_2096083.jpg,40.5251034937539,122.8101543289587
mskcc_processed/ISIC_2097857.jpg,54.23712939983676,112.5036216159545
mskcc_processed/ISIC_2102361.jpg,35.33133133891637,104.14000601161882
mskcc_processed/ISIC_2102477.jpg,10.823011226207099,-66.72082061069604
mskcc_processed/ISIC_2105790.jpg,28.05291870590577,-8.741891407203982
mskcc_processed/ISIC_2107142.jpg,47.60256220249981,99.79282672661977
mskcc_processed/ISIC_2107581.jpg,17.959476090474137,-40.438185743389525
mskcc_processed/ISIC_2107732.jpg,33.495184673741186,21.34967711964864
mskcc_processed/ISIC_2107749.jpg,44.537947278569234,172.41056351913298
mskcc_processed/ISIC_2111360.jpg,12.30053887899809,-67.91157957350896
mskcc_processed/ISIC_2113133.jpg,38.03653147351195,38.47882382394553
mskcc_processed/ISIC_2118510.jpg,35.84974322198513,21.7844082985907
mskcc_processed/ISIC_2120316.jpg,55.38588712124751,95.87955529671757
mskcc_processed/ISIC_2123772.jpg,37.07926009835893,57.64549874788643
mskcc_processed/ISIC_2124301.jpg,45.69586593950879,166.8960949900401
mskcc_processed/ISIC_2124512.jpg,51.60483549675397,99.42931251627199
mskcc_processed/ISIC_2125418.jpg,33.52130283138713,86.82975064407727
mskcc_processed/ISIC_2126679.jpg,42.429262889309484,129.3809152153723
mskcc_processed/ISIC_2131532.jpg,45.46962701968965,166.41423153378273
mskcc_processed/ISIC_2134144.jpg,40.279863068956445,165.2138021441004
mskcc_processed/ISIC_2138634.jpg,37.234833981574674,19.837074346689906
mskcc_processed/ISIC_2140345.jpg,34.67474178307253,34.90255464892595
mskcc_processed/ISIC_2142773.jpg,46.16913932790743,171.56777023417047
mskcc_processed/ISIC_2145215.jpg,15.18583726220132,-51.79433653581518
mskcc_processed/ISIC_2145840.jpg,45.931556598077485,158.9904536457827
mskcc_processed/ISIC_2147407.jpg,54.23712939983676,107.7208921830355
mskcc_processed/ISIC_2148690.jpg,45.196891938071914,65.23999710064422
mskcc_processed/ISIC_2149554.jpg,49.299862820192075,136.75132850550148
mskcc_processed/ISIC_2153121.jpg,49.54375765146716,80.95264195283644
mskcc_processed/ISIC_2154986.jpg,53.93326160596623,94.98037700421806
mskcc_processed/ISIC_2155372.jpg,44.34646431932219,124.78265696870535
mskcc_processed/ISIC_2156023.jpg,42.08916217383224,133.80582699859886
mskcc_processed/ISIC_2163839.jpg,24.507405230129713,-43.20601491353684
mskcc_processed/ISIC_2164492.jpg,47.41950921665634,69.09067073624377
mskcc_processed/ISIC_2164567.jpg,45.451138546787284,106.32514908383773
mskcc_processed/ISIC_2167060.jpg,41.423665625002656,173.79720474161482
mskcc_processed/ISIC_2168003.jpg,55.94822149962073,105.4313386945525
mskcc_processed/ISIC_2173022.jpg,11.633633998940436,-69.98259981827411
mskcc_processed/ISIC_2176067.jpg,38.659808254090095,39.67226588461799
mskcc_processed/ISIC_2181162.jpg,42.03513869083978,83.44314214610381
mskcc_processed/ISIC_2182917.jpg,43.50936816473769,138.30797972937737
mskcc_processed/ISIC_2183508.jpg,41.60698893091126,69.63329714785253
mskcc_processed/ISIC_2187704.jpg,32.36978393742337,16.86364129308603
mskcc_processed/ISIC_2190659.jpg,41.062774835175915,115.46851175647156
mskcc_processed/ISIC_2191127.jpg,45.403484735058754,57.56579709144838
mskcc_processed/ISIC_2192003.jpg,1.8328395059420592,-92.32195414428035
mskcc_processed/ISIC_2195221.jpg,43.02506598911803,137.57382044393907
mskcc_processed/ISIC_2195568.jpg,42.06432655357883,152.74407718342394
mskcc_processed/ISIC_2195881.jpg,40.112990165078486,46.46231779800397
mskcc_processed/ISIC_2197655.jpg,55.09258037416019,93.42250841272657
mskcc_processed/ISIC_2203688.jpg,45.0,103.14618991486022
mskcc_processed/ISIC_2209493.jpg,45.63424471442612,88.20247724141058
mskcc_processed/ISIC_2210167.jpg,41.775477393480095,41.37524205936856
mskcc_processed/ISIC_2217130.jpg,39.31034065021085,112.1141301210886
mskcc_processed/ISIC_2220407.jpg,41.378515295882664,114.80298791076922
mskcc_processed/ISIC_2221493.jpg,49.299862820192075,121.73589969798331
mskcc_processed/ISIC_2222327.jpg,24.32557523912611,-6.981737631528738
mskcc_processed/ISIC_2225884.jpg,47.0166238746231,73.49362768009107
mskcc_processed/ISIC_2227519.jpg,52.9657745652106,164.69009068117566
mskcc_processed/ISIC_2227915.jpg,52.17171216538709,85.37315072985201
mskcc_processed/ISIC_2231423.jpg,41.46770541610911,91.64057589789583
mskcc_processed/ISIC_2232774.jpg,46.94514676141429,114.58221010453947
mskcc_processed/ISIC_2239497.jpg,33.84005613496725,16.948435904514742
mskcc_processed/ISIC_2242300.jpg,51.69800616999134,103.78300997570486
mskcc_processed/ISIC_2246304.jpg,55.50506386991735,101.29250957194631
mskcc_processed/ISIC_2247021.jpg,42.42441744368368,47.355047659471886
mskcc_processed/ISIC_2251734.jpg,46.862620949306674,168.70506092206256
mskcc_processed/ISIC_2255529.jpg,9.98496020464333,-55.61937295057557
mskcc_processed/ISIC_2256487.jpg,26.91655461695134,-39.8923268250991
mskcc_processed/ISIC_2258989.jpg,47.470051295960864,171.03305382404122
mskcc_processed/ISIC_2265216.jpg,51.25660934055606,68.61999252678739
mskcc_processed/ISIC_2265744.jpg,48.57633437499736,77.99618593275551
mskcc_processed/ISIC_2265782.jpg,49.39870535499554,136.74613017232357
mskcc_processed/ISIC_2266637.jpg,34.392569127225215,16.642603198104176
mskcc_processed/ISIC_2270771.jpg,47.10692129068815,60.02495706697676
mskcc_processed/ISIC_2271481.jpg,41.96266417704752,141.13002879144815
mskcc_processed/ISIC_2277342.jpg,37.64762064010764,78.29497529270499
mskcc_processed/ISIC_2277593.jpg,29.64445058557817,158.79887201797703
mskcc_processed/ISIC_2278493.jpg,38.706051811048916,42.09372735038121
mskcc_processed/ISIC_2278602.jpg,48.81407483429035,154.55911490130896
mskcc_processed/ISIC_2280167.jpg,53.18375007210458,96.65863514700288
mskcc_processed/ISIC_2280332.jpg,24.9739109058834,2.1710538519584133
mskcc_processed/ISIC_2281054.jpg,53.71745696459967,106.66395109894033
mskcc_processed/ISIC_2286933.jpg,16.959847022065045,-46.77756958528292
mskcc_processed/ISIC_2288690.jpg,48.4620730561351,82.24418402196842
mskcc_processed/ISIC_2294398.jpg,20.376435213836388,-38.92162024160245
mskcc_processed/ISIC_2294490.jpg,50.769885057879655,113.17612068648486
mskcc_processed/ISIC_2294969.jpg,40.93142032315459,99.6996276822552
mskcc_processed/ISIC_2296970.jpg,17.378925016924473,-45.71798288212198
mskcc_processed/ISIC_2299287.jpg,53.76027800001613,90.27737860743436
mskcc_processed/ISIC_2301096.jpg,31.718368554308036,110.91810001584216
mskcc_processed/ISIC_2301882.jpg,33.284440465492175,38.13372909971447
mskcc_processed/ISIC_2305218.jpg,42.01136754477054,146.24977748748736
mskcc_processed/ISIC_2308867.jpg,42.67846941016728,37.37662934250762
mskcc_processed/ISIC_2314750.jpg,47.24574256589507,51.56099530949231
mskcc_processed/ISIC_2315370.jpg,42.749359102962465,161.81546165977275
mskcc_processed/ISIC_2317357.jpg,54.857878926044464,94.59952832642237
mskcc_processed/ISIC_2318014.jpg,42.806765423624455,176.52496313046072
mskcc_processed/ISIC_2320760.jpg,45.812651594253744,69.49297708402266
mskcc_processed/ISIC_2324763.jpg,12.149091607441349,-51.901655284815625
mskcc_processed/ISIC_2329590.jpg,29.093820916712733,150.86990014568266
mskcc_processed/ISIC_2330216.jpg,42.03176597012828,49.14954830888391
mskcc_processed/ISIC_2331295.jpg,41.72951207681644,166.65945387256116
mskcc_processed/ISIC_2339769.jpg,43.80151834988151,161.4735231062856
mskcc_processed/ISIC_2343483.jpg,52.685527148381624,139.21564961891278
mskcc_processed/ISIC_2343746.jpg,56.01872390399894,101.95352109767634
mskcc_processed/ISIC_2345053.jpg,23.148462985306647,-29.669947400375836
mskcc_processed/ISIC_2349467.jpg,42.53188208617146,172.38432650045414
mskcc_processed/ISIC_2351469.jpg,43.00790642703356,175.060496309534
mskcc_processed/ISIC_2351979.jpg,49.36683896255652,121.21937982269668
mskcc_processed/ISIC_2353550.jpg,40.36453657309736,60.532656317700386
mskcc_processed/ISIC_2354467.jpg,45.84252426074042,72.51200170921383
mskcc_processed/ISIC_2361891.jpg,30.43051234692974,7.6599688806750095
mskcc_processed/ISIC_2367586.jpg,52.9617508910081,108.72575379870297
mskcc_processed/ISIC_2369159.jpg,28.720326797869483,6.704906671304747
mskcc_processed/ISIC_2370769.jpg,51.215635899702654,79.95369922377695
mskcc_processed/ISIC_2371858.jpg,40.7543892158971,129.54572564196147
mskcc_processed/ISIC_2373571.jpg,55.422842905829825,104.9811373395752
mskcc_processed/ISIC_2373775.jpg,51.766174822553054,86.14690207869734
mskcc_processed/ISIC_2374997.jpg,40.63648860833808,82.74309094700025
mskcc_processed/ISIC_2375101.jpg,35.134193056915635,13.908458350918972
mskcc_processed/ISIC_2376189.jpg,15.154068050312597,-51.25786500208809
mskcc_processed/ISIC_2377410.jpg,5.26769712804423,-63.02780701006833
mskcc_processed/ISIC_2378652.jpg,29.412494716752665,96.67758688976589
mskcc_processed/ISIC_2379104.jpg,44.30972280213492,123.67273961851326
mskcc_processed/ISIC_2379772.jpg,42.58666356715011,95.9960144064647
mskcc_processed/ISIC_2380740.jpg,39.28940686250036,138.1179938610015
mskcc_processed/ISIC_2382574.jpg,38.81706983405174,88.80378778743072
mskcc_processed/ISIC_2383397.jpg,47.92497794915637,104.29310183808789
mskcc_processed/ISIC_2384700.jpg,51.25403274391647,99.01441193462665
mskcc_processed/ISIC_2385659.jpg,20.015959602882674,-24.586975841186657
mskcc_processed/ISIC_2386275.jpg,40.30131948270056,38.00222388457765
mskcc_processed/ISIC_2387785.jpg,49.32887506719041,151.18620102671875
mskcc_processed/ISIC_2390279.jpg,47.91843472078156,121.06221367992495
mskcc_processed/ISIC_2391412.jpg,41.912348715014936,145.76451086280758
mskcc_processed/ISIC_2391750.jpg,34.01331249991065,20.41560676308053
mskcc_processed/ISIC_2392870.jpg,26.56505117707799,-2.4129671090641627
mskcc_processed/ISIC_2392937.jpg,35.97687028710933,74.06110641949786
mskcc_processed/ISIC_2395407.jpg,40.155999624919325,93.62042017332175
mskcc_processed/ISIC_2396774.jpg,37.52426261445178,148.06142810612977
mskcc_processed/ISIC_2397279.jpg,48.035569125055574,150.76898204577583
mskcc_processed/ISIC_2397391.jpg,45.0,61.306665813691886
mskcc_processed/ISIC_2397646.jpg,34.25414277042215,32.675491559237884
mskcc_processed/ISIC_2398539.jpg,43.43980031307133,83.1034395153517
mskcc_processed/ISIC_2400128.jpg,32.87898454741424,16.08628333767305
mskcc_processed/ISIC_2400980.jpg,43.602818972703616,173.63764063696846
mskcc_processed/ISIC_2401281.jpg,44.37040139158974,67.36692758652278
mskcc_processed/ISIC_2403127.jpg,48.38986580081792,133.76688023162149
mskcc_processed/ISIC_2404312.jpg,54.67970352627785,125.62208196499893
mskcc_processed/ISIC_2406140.jpg,36.599317463682105,46.62390530401878
mskcc_processed/ISIC_2406498.jpg,42.52696835191236,35.14873471785503
mskcc_processed/ISIC_2407501.jpg,24.443954780416536,-61.9100636210405
mskcc_processed/ISIC_2412648.jpg,42.342609317094514,175.18491984645266
mskcc_processed/ISIC_2413845.jpg,47.037330696819915,152.2350767244676
mskcc_processed/ISIC_2415773.jpg,44.76421623012339,171.16300078824634
mskcc_processed/ISIC_2417077.jpg,46.39718102729638,72.03684063176719
mskcc_processed/ISIC_2422715.jpg,47.96486130916022,126.34616454566876
mskcc_processed/ISIC_2424869.jpg,45.0,146.49617661538502
mskcc_processed/ISIC_2425200.jpg,34.5085229876684,97.97458814288268
mskcc_processed/ISIC_2431418.jpg,44.76989770490278,102.98994175109408
mskcc_processed/ISIC_2433157.jpg,21.14952609192308,-43.3158181987721
mskcc_processed/ISIC_2434555.jpg,38.60104337263109,172.17186138754727
mskcc_processed/ISIC_2439174.jpg,52.96961039432135,89.35928075552825
mskcc_processed/ISIC_2442600.jpg,36.05054191579112,39.942047297768404
mskcc_processed/ISIC_2443508.jpg,54.6887865603668,109.90225157824516
mskcc_processed/ISIC_2446548.jpg,45.46962701968965,152.38307799674723
mskcc_processed/ISIC_2446703.jpg,33.58901687323461,29.078891614650335
mskcc_processed/ISIC_2448616.jpg,31.56181184164935,114.04050774949341
mskcc_processed/ISIC_2453125.jpg,13.448615051686518,-58.12182035998133
mskcc_processed/ISIC_2453958.jpg,34.65835470552109,33.6204266962061
mskcc_processed/ISIC_2454506.jpg,20.600564075824867,-40.48282646533949
mskcc_processed/ISIC_2457117.jpg,30.465544919459884,93.46413692524754
mskcc_processed/ISIC_2457414.jpg,22.21759426951831,-15.670731469206808
mskcc_processed/ISIC_2459266.jpg,49.08561677997488,171.07679105240302
mskcc_processed/ISIC_2459338.jpg,48.67054863271614,133.76075365240106
mskcc_processed/ISIC_2459836.jpg,48.344650318265884,52.223801465176344
mskcc_processed/ISIC_2463278.jpg,50.03604429523887,155.84630304980806
mskcc_processed/ISIC_2465962.jpg,47.642545294064725,116.13654188628685
mskcc_processed/ISIC_2467846.jpg,34.29715240384075,20.402718429198714
mskcc_processed/ISIC_2469960.jpg,45.0,67.98881794552423
mskcc_processed/ISIC_2472668.jpg,16.626209500429947,-38.45819526880517
mskcc_processed/ISIC_2476480.jpg,42.806765423624455,166.51512685171983
mskcc_processed/ISIC_2479074.jpg,50.19442890773481,150.96870288106896
mskcc_processed/ISIC_2479502.jpg,53.81719592255759,89.78721917926974
mskcc_processed/ISIC_2479894.jpg,28.454835477789846,91.38414676614104
mskcc_processed/ISIC_2480586.jpg,14.420773127510984,-53.11228885997369
mskcc_processed/ISIC_2481396.jpg,18.68191186034826,-51.130510247386816
mskcc_processed/ISIC_2482701.jpg,55.18515984590131,105.25441678449428
mskcc_processed/ISIC_2487359.jpg,17.487997376148545,-35.017494301605495
mskcc_processed/ISIC_2487946.jpg,46.82151335160111,116.61757560218167
mskcc_processed/ISIC_2489913.jpg,16.990823291986167,-42.71810519812361
mskcc_processed/ISIC_2491515.jpg,47.19493112320418,62.111977803046045
mskcc_processed/ISIC_2493138.jpg,47.63518458245144,146.16156444106153
mskcc_processed/ISIC_2493241.jpg,39.838901966639746,22.862126733206193
mskcc_processed/ISIC_2496245.jpg,48.36646066342981,141.52875851859625
mskcc_processed/ISIC_2497302.jpg,50.552971033036805,89.76873597028352
mskcc_processed/ISIC_2497745.jpg,26.56505117707799,-21.645775784113322
mskcc_processed/ISIC_2503324.jpg,37.10030838573477,164.42103160977462
mskcc_processed/ISIC_2504741.jpg,26.56505117707799,-18.972206282883363
mskcc_processed/ISIC_2508223.jpg,36.02737338510361,48.15785081280019
mskcc_processed/ISIC_2516199.jpg,41.88656125194279,114.33619464433377
mskcc_processed/ISIC_2526490.jpg,44.32063524453474,102.2436435141387
mskcc_processed/ISIC_2534042.jpg,30.131718641501795,35.26110855450654
mskcc_processed/ISIC_2536206.jpg,46.39718102729638,139.55845471104837
mskcc_processed/ISIC_2538420.jpg,45.22826883015342,160.41067636728602
mskcc_processed/ISIC_2539708.jpg,15.083059822329894,-43.752193375016304
mskcc_processed/ISIC_2544456.jpg,50.22945077349117,73.19558267658078
mskcc_processed/ISIC_2545074.jpg,44.351396241109015,78.85970985562999
mskcc_processed/ISIC_2545543.jpg,45.23578376987661,157.36722434982607
mskcc_processed/ISIC_2548070.jpg,30.89736516026651,109.30540154315656
mskcc_processed/ISIC_2548580.jpg,37.504142360270144,16.531023653848223
mskcc_processed/ISIC_2550483.jpg,26.705481728015304,9.364000940013717
mskcc_processed/ISIC_2560255.jpg,47.895761973466584,131.79075517201946
mskcc_processed/ISIC_2560324.jpg,43.293821705553,126.23629627486766
mskcc_processed/ISIC_2560771.jpg,45.812651594253744,73.35902298413554
mskcc_processed/ISIC_2561242.jpg,35.17227598883689,37.583836314149785
mskcc_processed/ISIC_2563995.jpg,42.17019240711285,142.9872381774353
mskcc_processed/ISIC_2566040.jpg,43.22395574664126,85.48220211988075
mskcc_processed/ISIC_2569532.jpg,47.549949012960184,164.28777036284805
mskcc_processed/ISIC_2576119.jpg,39.02843410220357,122.31533623501781
mskcc_processed/ISIC_2576645.jpg,40.95041829672862,156.62199956991446
mskcc_processed/ISIC_2578696.jpg,47.68977032315048,58.66210553272669
mskcc_processed/ISIC_2579856.jpg,19.07869453709739,-66.45002005670507
mskcc_processed/ISIC_2583052.jpg,41.3016156283981,60.53894735496039
mskcc_processed/ISIC_2584633.jpg,54.70665240933972,99.5262187687171
mskcc_processed/ISIC_2585753.jpg,7.765166018425334,-77.93663031680691
mskcc_processed/ISIC_2586333.jpg,54.67970352627785,101.85900255724566
mskcc_processed/ISIC_2593270.jpg,32.07052903505634,91.8706188300151
mskcc_processed/ISIC_2600522.jpg,53.85041753002388,105.31781362925868
mskcc_processed/ISIC_2602414.jpg,45.395137042507486,51.130956420076615
mskcc_processed/ISIC_2604308.jpg,51.79788250028634,84.4871577588017
mskcc_processed/ISIC_2605617.jpg,48.2939649878451,94.36361121827208
mskcc_processed/ISIC_2608604.jpg,38.71750791183862,175.3664313677123
mskcc_processed/ISIC_2621729.jpg,50.77432590266328,139.25104812162257
mskcc_processed/ISIC_2623457.jpg,37.75385110532979,21.30267321458291
mskcc_processed/ISIC_2624651.jpg,46.16913932790743,47.53041254202111
mskcc_processed/ISIC_2625563.jpg,56.805068859895236,106.42897685188885
mskcc_processed/ISIC_2626829.jpg,41.423665625002656,129.22115721148654
mskcc_processed/ISIC_2627166.jpg,45.84876427155359,121.8366735390152
mskcc_processed/ISIC_2627342.jpg,32.21654605857563,19.237256570337042
mskcc_processed/ISIC_2628438.jpg,45.216209462462366,91.30016075546571
mskcc_processed/ISIC_2631001.jpg,35.877103794621526,25.740526790452336
mskcc_processed/ISIC_2633883.jpg,15.2194648311738,-60.1701855046565
mskcc_processed/ISIC_2635948.jpg,48.95233658211577,174.00344761194785
mskcc_processed/ISIC_2636344.jpg,37.79394299861673,43.86391801213612
mskcc_processed/ISIC_2636388.jpg,39.248597909634015,88.1311594440736
mskcc_processed/ISIC_2640097.jpg,41.72232404780972,162.85567653776212
mskcc_processed/ISIC_2640256.jpg,41.131795961678286,35.232250359429024
mskcc_processed/ISIC_2640979.jpg,6.5662986207463065,-65.71189361238245
mskcc_processed/ISIC_2642287.jpg,46.19348942398204,76.11898524474186
mskcc_processed/ISIC_2644257.jpg,46.07282927579154,97.2733427920197
mskcc_processed/ISIC_2645735.jpg,52.81529354676688,86.24195498426664
mskcc_processed/ISIC_2646100.jpg,15.945395900922856,-68.66308397745242
mskcc_processed/ISIC_2648452.jpg,46.15036306132966,119.02861946010832
mskcc_processed/ISIC_2649920.jpg,44.49741833327897,158.91264871201682
mskcc_processed/ISIC_2650405.jpg,49.97835533930883,92.0277958795327
mskcc_processed/ISIC_2650419.jpg,55.801618235690704,102.90382711328431
mskcc_processed/ISIC_2651886.jpg,49.635463426902646,143.18593774919813
mskcc_processed/ISIC_2652249.jpg,51.01853460858132,72.52108225104426
mskcc_processed/ISIC_2653666.jpg,50.68965934978916,124.28252948681539
mskcc_processed/ISIC_2653722.jpg,31.357085224009932,155.8654799087342
mskcc_processed/ISIC_2656356.jpg,38.24946053782103,159.85102790615136
mskcc_processed/ISIC_2656607.jpg,54.62299419154944,109.26811578027497
mskcc_processed/ISIC_2657645.jpg,5.343055758575166,-63.0397804048637
mskcc_processed/ISIC_2661410.jpg,37.30394827798343,147.63379689894373
mskcc_processed/ISIC_2664047.jpg,48.03403964694501,77.35303680279728
mskcc_processed/ISIC_2664102.jpg,48.81407483429035,112.64695176337015
mskcc_processed/ISIC_2665731.jpg,22.380135051959574,-22.369270779678608
mskcc_processed/ISIC_2667025.jpg,54.92165854168568,99.50532530420348
mskcc_processed/ISIC_2667986.jpg,42.20275647716593,38.39800091235722
mskcc_processed/ISIC_2668784.jpg,45.481465805838354,166.903458157003
mskcc_processed/ISIC_2671052.jpg,37.719710916006285,122.90889524342889
mskcc_processed/ISIC_2672844.jpg,28.2173558547293,-82.59185758283006
mskcc_processed/ISIC_2674511.jpg,34.22636181222382,30.0944591065146
mskcc_processed/ISIC_2675659.jpg,43.7811247648687,167.992075984252
mskcc_processed/ISIC_2677309.jpg,44.59365376669097,70.5216874791361
mskcc_processed/ISIC_2679081.jpg,53.39292518739251,88.10347892978649
mskcc_processed/ISIC_2680431.jpg,39.356681719466025,54.96085167294263
mskcc_processed/ISIC_2685455.jpg,38.30199383000867,33.09824399036911
mskcc_processed/ISIC_2687582.jpg,44.28084388345493,147.39617072108442
mskcc_processed/ISIC_2692674.jpg,55.732664556655784,104.11344727200823
mskcc_processed/ISIC_2694885.jpg,45.63424471442612,68.22221599341009
mskcc_processed/ISIC_2696092.jpg,40.23635830927382,99.18468139201775
mskcc_processed/ISIC_2701516.jpg,37.504142360270144,109.92236490188681
mskcc_processed/ISIC_2701985.jpg,55.35509122014803,103.42824704541583
mskcc_processed/ISIC_2702124.jpg,18.43494882292201,-39.679987803644536
mskcc_processed/ISIC_2702495.jpg,31.57177055177729,13.023951738703405
mskcc_processed/ISIC_2703460.jpg,44.56594936786059,137.5077970968076
mskcc_processed/ISIC_2703621.jpg,48.661935575519806,170.18871333602291
mskcc_processed/ISIC_2704922.jpg,51.73292132685961,99.87912946950165
mskcc_processed/ISIC_2705769.jpg,32.292886498683416,140.6280836612743
mskcc_processed/ISIC_2708821.jpg,42.90984084628932,59.91997102476152
mskcc_processed/ISIC_2710248.jpg,54.80842100482705,105.3506007906949
mskcc_processed/ISIC_2712330.jpg,50.46021259214836,110.1640484226142
mskcc_processed/ISIC_2713400.jpg,37.609590790712296,85.2670798625729
mskcc_processed/ISIC_2713752.jpg,27.512002623851455,-15.99467514294034
mskcc_processed/ISIC_2713910.jpg,51.63251461513847,84.85093764331535
mskcc_processed/ISIC_2715273.jpg,30.850523913654808,29.312341870268497
mskcc_processed/ISIC_2718871.jpg,49.12759170251172,76.4182454509474
mskcc_processed/ISIC_2719131.jpg,40.63474226497207,64.76440165099451
mskcc_processed/ISIC_2720858.jpg,21.943406170884934,-44.321968650099535
mskcc_processed/ISIC_2722237.jpg,16.812626235424208,-40.243796169835655
mskcc_processed/ISIC_2723547.jpg,47.74640067734423,94.01576260735828
mskcc_processed/ISIC_2724699.jpg,47.84213788365567,78.93031155548296
mskcc_processed/ISIC_2724715.jpg,40.91438322002512,160.1734414182857
mskcc_processed/ISIC_2727787.jpg,41.46770541610911,92.33315371889418
mskcc_processed/ISIC_2728490.jpg,43.339717631017194,57.98757887171531
mskcc_processed/ISIC_2729129.jpg,30.521570761622595,47.407682456636955
mskcc_processed/ISIC_2732540.jpg,39.080783628694476,17.624743965721994
mskcc_processed/ISIC_2732882.jpg,46.636577041616725,177.9161777217591
mskcc_processed/ISIC_2742660.jpg,26.075355583948763,5.893241141682569
mskcc_processed/ISIC_2742997.jpg,42.90984084628932,45.095849340430604
mskcc_processed/ISIC_2746906.jpg,32.5825542099237,33.5025918866467
mskcc_processed/ISIC_2750133.jpg,53.67317404787977,96.37936031872226
mskcc_processed/ISIC_2751992.jpg,48.84094902533696,82.25194298942495
mskcc_processed/ISIC_2756784.jpg,43.7811247648687,179.7460478306799
mskcc_processed/ISIC_2758809.jpg,46.39718102729638,167.67062965050536
mskcc_processed/ISIC_2763255.jpg,47.24175066319735,78.89218694636475
mskcc_processed/ISIC_2770309.jpg,30.448623543840487,34.90446448771858
mskcc_processed/ISIC_2770740.jpg,51.97276928602647,108.19629884064794
mskcc_processed/ISIC_2775977.jpg,38.37733340461899,50.41311050072995
mskcc_processed/ISIC_2776294.jpg,45.0,134.87526781331957
mskcc_processed/ISIC_2779302.jpg,50.430051073011946,123.52444427995043
mskcc_processed/ISIC_2780575.jpg,27.08749061403673,-61.979692404897804
mskcc_processed/ISIC_2783387.jpg,17.281498371816646,-66.1040137902513
mskcc_processed/ISIC_2783889.jpg,44.518534194161646,164.1149063499906
mskcc_processed/ISIC_2784498.jpg,43.02506598911803,42.15294261702407
mskcc_processed/ISIC_2785072.jpg,56.45389141609222,99.8571241048469
mskcc_processed/ISIC_2785279.jpg,42.23321159883048,53.36288784989314
mskcc_processed/ISIC_2785341.jpg,50.71059313749964,101.35483174618982
mskcc_processed/ISIC_2786628.jpg,48.43766499236521,116.89786291206988
mskcc_processed/ISIC_2786995.jpg,1.8183029644518331,-88.39215210252583
mskcc_processed/ISIC_2788874.jpg,46.273030020056716,109.90595642735039
mskcc_processed/ISIC_2789012.jpg,42.994352628611395,68.57978930556695
mskcc_processed/ISIC_2793706.jpg,39.67425937523228,163.9070764538581
mskcc_processed/ISIC_2796362.jpg,13.940591170290014,-49.90955304348688
mskcc_processed/ISIC_2796530.jpg,42.78795799795165,153.94816721073465
mskcc_processed/ISIC_2797295.jpg,37.59056126836168,178.96151277301655
mskcc_processed/ISIC_2797437.jpg,8.530765609948133,-61.935223873032534
mskcc_processed/ISIC_2798717.jpg,46.38591785081219,130.65456969806064
mskcc_processed/ISIC_2801998.jpg,48.36646066342981,155.97808622560916
mskcc_processed/ISIC_2805627.jpg,54.94429426318593,92.84113072715596
mskcc_processed/ISIC_2807718.jpg,54.05239792362172,122.3740588293757
mskcc_processed/ISIC_2813937.jpg,47.43664824681013,79.66687957201513
mskcc_processed/ISIC_2815015.jpg,35.35559435989193,20.553018899057903
mskcc_processed/ISIC_2815287.jpg,51.46593209893954,76.6409140210243
mskcc_processed/ISIC_2815407.jpg,43.96589245511656,60.443536761866554
mskcc_processed/ISIC_2817116.jpg,17.22748822645095,-84.91373034913637
mskcc_processed/ISIC_2820070.jpg,53.76027800001613,91.08101127719465
mskcc_processed/ISIC_2825343.jpg,61.40599518123119,-80.37211906264334
mskcc_processed/ISIC_2827089.jpg,41.423665625002656,140.93841195914993
mskcc_processed/ISIC_2827493.jpg,47.03091423685311,79.44234234453981
mskcc_processed/ISIC_2828924.jpg,49.20535700170859,160.33132779155096
mskcc_processed/ISIC_2829830.jpg,48.16812037559378,106.51852084342622
mskcc_processed/ISIC_2830470.jpg,44.37040139158974,78.98383053044192
mskcc_processed/ISIC_2830948.jpg,27.758540601060027,11.6295736845314
mskcc_processed/ISIC_2831693.jpg,40.462227492093355,62.3729333571581
mskcc_processed/ISIC_2832700.jpg,48.60127811722344,76.74687864874227
mskcc_processed/ISIC_2832992.jpg,49.635463426902646,82.89189531813615
mskcc_processed/ISIC_2835956.jpg,1.2544516226815359,-71.0823711708728
mskcc_processed/ISIC_2835983.jpg,49.79679896683556,84.70330583077359
mskcc_processed/ISIC_2838886.jpg,22.180344302017236,-76.29781272079491
mskcc_processed/ISIC_2839574.jpg,30.510237406115554,8.566311812403425
mskcc_processed/ISIC_2840801.jpg,44.52254622269043,176.56651909906466
mskcc_processed/ISIC_2840961.jpg,19.52501182113501,-48.571722056137844
mskcc_processed/ISIC_2843046.jpg,39.15543412261314,62.99662900361334
mskcc_processed/ISIC_2846953.jpg,41.3380644244802,74.7358760810294
mskcc_processed/ISIC_2848928.jpg,47.57558255631633,67.99006952270346
mskcc_processed/ISIC_2849264.jpg,30.203237754942663,-14.91914636053623
mskcc_processed/ISIC_2852026.jpg,45.812651594253744,67.39634821456387
mskcc_processed/ISIC_2855930.jpg,45.0,159.41497673676997
mskcc_processed/ISIC_2856983.jpg,49.92061603636399,76.07167290310935
mskcc_processed/ISIC_2858459.jpg,41.88656125194279,175.3036978978431
mskcc_processed/ISIC_2860998.jpg,46.40862873533847,127.60584943088088
mskcc_processed/ISIC_2863174.jpg,19.163245775998433,-33.26550331233997
mskcc_processed/ISIC_2863592.jpg,47.12109639666145,178.89139851693326
mskcc_processed/ISIC_2863630.jpg,48.264283724018526,137.84592678291193
mskcc_processed/ISIC_2864930.jpg,31.024774378561823,78.56336361996111
mskcc_processed/ISIC_2867197.jpg,50.47140910959585,176.7570838193268
mskcc_processed/ISIC_2867544.jpg,53.83341465121901,94.78890837347483
mskcc_processed/ISIC_2868483.jpg,23.694216382171234,-25.676551284975446
mskcc_processed/ISIC_2869631.jpg,62.08175686914232,-80.57573592152008
mskcc_processed/ISIC_2872245.jpg,41.455233544405125,170.01642978660496
mskcc_processed/ISIC_2881318.jpg,47.32438297094815,86.69825470840284
mskcc_processed/ISIC_2887485.jpg,33.87853980510965,33.40886396531027
mskcc_processed/ISIC_2888034.jpg,47.257803988672435,78.23632431619289
mskcc_processed/ISIC_2888757.jpg,18.550231925927744,102.816215183834
mskcc_processed/ISIC_2890592.jpg,45.0,109.38666468346449
mskcc_processed/ISIC_2896664.jpg,45.0,42.93991387380748
mskcc_processed/ISIC_2899518.jpg,46.185260818622396,74.36647088113581
mskcc_processed/ISIC_2905087.jpg,45.196891938071914,51.52435946507736
mskcc_processed/ISIC_2908403.jpg,41.46770541610911,101.60589185333808
mskcc_processed/ISIC_2914358.jpg,44.21517539700811,174.84119092127094
mskcc_processed/ISIC_2916845.jpg,47.35916613258165,87.69708651252478
mskcc_processed/ISIC_2917443.jpg,43.264295411071615,145.01326010353222
mskcc_processed/ISIC_2917689.jpg,47.82980759288715,138.80589540474966
mskcc_processed/ISIC_2917906.jpg,48.755340073200536,158.58196030076343
mskcc_processed/ISIC_2918042.jpg,40.37762975831576,138.5808599133883
mskcc_processed/ISIC_2919186.jpg,43.85880074441287,122.97992516302965
mskcc_processed/ISIC_2920975.jpg,22.077199315536323,-10.72342265542822
mskcc_processed/ISIC_2921066.jpg,45.192914353533034,44.113033959934874
mskcc_processed/ISIC_2922835.jpg,37.84643568160559,94.94368856652797
mskcc_processed/ISIC_2923195.jpg,44.05304855322654,144.97225889397197
mskcc_processed/ISIC_2923702.jpg,43.80151834988151,145.73565647242768
mskcc_processed/ISIC_2925153.jpg,39.472459848343824,83.12168817896975
mskcc_processed/ISIC_2926971.jpg,56.954482802493075,104.09818011950185
mskcc_processed/ISIC_2927280.jpg,50.652503485710284,86.45703401878593
mskcc_processed/ISIC_2930228.jpg,56.73857120672233,101.76773485829858
mskcc_processed/ISIC_2931088.jpg,49.550281137663845,79.9872784486981
mskcc_processed/ISIC_2935881.jpg,39.457007912495925,104.93450552180356
mskcc_processed/ISIC_2937593.jpg,33.31705339818183,12.326202688490415
mskcc_processed/ISIC_2939216.jpg,56.38264281508082,104.87399450963817
mskcc_processed/ISIC_2941431.jpg,35.86591227603765,36.52959105335791
mskcc_processed/ISIC_2944302.jpg,39.847918297793775,130.36308857838688
mskcc_processed/ISIC_2946249.jpg,32.312478626130016,158.75283857946462
mskcc_processed/ISIC_2946901.jpg,46.67239436108927,77.99192838048829
mskcc_processed/ISIC_2961664.jpg,33.146995832255996,96.70285967140694
mskcc_processed/ISIC_2966739.jpg,49.78088387483196,111.81641227063832
mskcc_processed/ISIC_2966772.jpg,55.58562492210105,103.35821078649498
mskcc_processed/ISIC_2967387.jpg,46.16913932790743,154.91984561196827
mskcc_processed/ISIC_2968371.jpg,51.42874774882986,99.85708691581151
mskcc_processed/ISIC_2970184.jpg,42.70938995736147,165.2106683030097
mskcc_processed/ISIC_2974048.jpg,18.43494882292201,-36.48732539345076
mskcc_processed/ISIC_2974299.jpg,25.29554640032656,-5.395229798424893
mskcc_processed/ISIC_2977596.jpg,42.18444331578877,157.14734890452118
mskcc_processed/ISIC_2978950.jpg,32.35590918784276,20.297876415221843
mskcc_processed/ISIC_2979224.jpg,56.38264281508082,106.81893501083597
mskcc_processed/ISIC_2980210.jpg,40.492229206598644,98.04217754694947
mskcc_processed/ISIC_2984097.jpg,56.81314470013717,105.65057484617466
mskcc_processed/ISIC_2985909.jpg,38.17313766152631,27.196647924353098
mskcc_processed/ISIC_2987296.jpg,48.136358368332594,67.25811412072558
mskcc_processed/ISIC_2987660.jpg,49.550281137663845,84.66690741785467
mskcc_processed/ISIC_2991219.jpg,1.2636725516582683,-74.80444053068949
mskcc_processed/ISIC_2993279.jpg,43.79140756797315,176.31372893114596
mskcc_processed/ISIC_2993404.jpg,34.191769059680205,50.095881238242384
mskcc_processed/ISIC_2994995.jpg,53.019812250698195,100.90940836085525
mskcc_processed/ISIC_3001013.jpg,46.58485439305051,130.57169276844024
mskcc_processed/ISIC_3005497.jpg,41.987212495816664,39.09013484661518
mskcc_processed/ISIC_3008182.jpg,48.4620730561351,86.03148558279268
mskcc_processed/ISIC_3008645.jpg,43.7811247648687,55.751198546865176
mskcc_processed/ISIC_3010112.jpg,47.802451519866786,102.08669839239779
mskcc_processed/ISIC_3010429.jpg,48.10602709561643,172.20535710747956
mskcc_processed/ISIC_3011990.jpg,40.10090754621224,174.51375510424046
mskcc_processed/ISIC_3023446.jpg,22.587310531365727,152.55288167115182
mskcc_processed/ISIC_3024815.jpg,15.658345299019706,-69.88151599035812
mskcc_processed/ISIC_3025141.jpg,37.60040534011289,15.202166484885717
mskcc_processed/ISIC_3026320.jpg,45.80128733010702,55.614392956142126
mskcc_processed/ISIC_3026359.jpg,32.597116878234765,42.10753089241646
mskcc_processed/ISIC_3028602.jpg,33.17851165939275,14.23321438347299
mskcc_processed/ISIC_3029015.jpg,23.62937773065682,-0.11718472834776307
mskcc_processed/ISIC_3030863.jpg,1.735704588928389,-81.33007924355253
mskcc_processed/ISIC_3031794.jpg,46.832839505942054,170.84249255782694
mskcc_processed/ISIC_3035925.jpg,20.735233937996963,-42.423304911396265
mskcc_processed/ISIC_3036839.jpg,21.93848046770647,-21.583797603331092
mskcc_processed/ISIC_3038422.jpg,13.025840646870822,-69.90679153071135
mskcc_processed/ISIC_3041796.jpg,39.89351542767162,95.63967751055701
mskcc_processed/ISIC_3041908.jpg,40.112990165078486,47.90521310131382
mskcc_processed/ISIC_3042291.jpg,45.79023650242919,52.638355004574
mskcc_processed/ISIC_3042644.jpg,47.61954879539468,58.8181444186873
mskcc_processed/ISIC_3042933.jpg,27.512002623851455,1.8434675868861525
mskcc_processed/ISIC_3043215.jpg,50.12316553712815,104.96888176785832
mskcc_processed/ISIC_3044527.jpg,18.043412005331277,-73.96533855096973
mskcc_processed/ISIC_3049970.jpg,49.62415132842907,101.21288414308117
mskcc_processed/ISIC_3052055.jpg,32.868678933367505,59.78927888405272
mskcc_processed/ISIC_3054380.jpg,51.03000880828146,91.3753677342172
mskcc_processed/ISIC_3055219.jpg,40.862406415855894,134.29102022955837
mskcc_processed/ISIC_3056070.jpg,30.59136580864491,93.40608132732723
mskcc_processed/ISIC_3057128.jpg,39.34051815983753,177.42422143880972
mskcc_processed/ISIC_3059288.jpg,56.236944259344774,103.52280478184755
mskcc_processed/ISIC_3060999.jpg,62.34546152475535,-84.61684570872748
mskcc_processed/ISIC_3063577.jpg,22.706370840305922,-34.03272186108133
mskcc_processed/ISIC_3064149.jpg,23.54344486743665,-18.707720311238813
mskcc_processed/ISIC_3067473.jpg,44.50608310138124,167.8737718529928
mskcc_processed/ISIC_3071189.jpg,47.341645462199146,109.19028773664024
mskcc_processed/ISIC_3074230.jpg,41.21552009051209,70.97787652006829
mskcc_processed/ISIC_3075741.jpg,47.341645462199146,99.21932742004655
mskcc_processed/ISIC_3078723.jpg,45.63895989899164,76.31041924787465
mskcc_processed/ISIC_3079231.jpg,45.64374571417539,87.03026285064428
mskcc_processed/ISIC_3084668.jpg,42.614055969611194,37.69107442680458
mskcc_processed/ISIC_3088212.jpg,44.518534194161646,121.2032920415805
mskcc_processed/ISIC_3088716.jpg,21.009684034159967,-26.591784291997232
mskcc_processed/ISIC_3091027.jpg,43.27918516632713,168.93094770444563
mskcc_processed/ISIC_3095664.jpg,54.55808108183992,177.51536835475156
mskcc_processed/ISIC_3096820.jpg,37.874983651098205,155.18393231249152
mskcc_processed/ISIC_3099072.jpg,47.05355056351099,156.07898619006565
mskcc_processed/ISIC_3103367.jpg,44.50178838738636,146.17572317358335
mskcc_processed/ISIC_3103690.jpg,20.376435213836388,-44.359187700247574
mskcc_processed/ISIC_3104487.jpg,41.0307365432805,79.80709497770195
mskcc_processed/ISIC_3108158.jpg,46.37483478056941,142.35471926218997
mskcc_processed/ISIC_3108642.jpg,42.8613174223337,162.99734356590162
mskcc_processed/ISIC_3110283.jpg,34.02775976218836,-122.44663939368112
mskcc_processed/ISIC_3118696.jpg,44.537947278569234,104.56244648353017
mskcc_processed/ISIC_3123174.jpg,49.864514437760526,99.85025215666333
mskcc_processed/ISIC_3124400.jpg,42.05853500608889,141.55136829426505
mskcc_processed/ISIC_3124416.jpg,43.293821705553,175.93844862673436
mskcc_processed/ISIC_3124656.jpg,38.506474687460745,77.9478638412049
mskcc_processed/ISIC_3124909.jpg,41.27335507676074,106.83765511496584
mskcc_processed/ISIC_3125488.jpg,46.254451622681536,96.05455847167556
mskcc_processed/ISIC_3126125.jpg,52.53102383054348,96.22653882908077
mskcc_processed/ISIC_3126856.jpg,31.3159802477525,21.233372435000586
mskcc_processed/ISIC_3130945.jpg,42.10142320071829,24.012405395900586
mskcc_processed/ISIC_3133559.jpg,51.79788250028634,75.68225758765263
mskcc_processed/ISIC_3133648.jpg,36.119340849479755,32.672200945530754
mskcc_processed/ISIC_3135063.jpg,45.43078721700863,135.19426334976447
mskcc_processed/ISIC_3136991.jpg,39.84441568259377,52.35922403422096
mskcc_processed/ISIC_3138552.jpg,42.48863673283692,171.40522901494683
mskcc_processed/ISIC_3143631.jpg,54.55808108183992,111.1933930061944
mskcc_processed/ISIC_3143844.jpg,54.11315557507543,110.30925732060723
mskcc_processed/ISIC_3146604.jpg,45.415179541144866,69.15535038764834
mskcc_processed/ISIC_3147137.jpg,35.25140575831464,107.85621593029666
mskcc_processed/ISIC_3148028.jpg,42.54327192660847,30.4295233639055
mskcc_processed/ISIC_3148289.jpg,34.365239061259686,26.490513376493315
mskcc_processed/ISIC_3149799.jpg,49.96974072811031,129.3156634131279
mskcc_processed/ISIC_3150957.jpg,37.342290306286124,80.12702735312101
mskcc_processed/ISIC_3155304.jpg,48.12213046211571,95.56413424097767
mskcc_processed/ISIC_3156400.jpg,52.81529354676688,88.06875747640018
mskcc_processed/ISIC_3157370.jpg,28.05077576617856,-1.1311066136703545
mskcc_processed/ISIC_3158999.jpg,44.27477570094075,167.606882058577
mskcc_processed/ISIC_3167366.jpg,24.749366490717513,59.88805693162663
mskcc_processed/ISIC_3168686.jpg,47.48955292199915,127.32999879298555
mskcc_processed/ISIC_3170366.jpg,32.43976290315444,-91.91836940855146
mskcc_processed/ISIC_3170981.jpg,43.10661415425373,128.49399070474854
mskcc_processed/ISIC_3173810.jpg,23.48411529050487,-10.855046703839525
mskcc_processed/ISIC_3174591.jpg,45.481465805838354,149.44501730180224
mskcc_processed/ISIC_3175126.jpg,32.64049127326456,41.9289412864547
mskcc_processed/ISIC_3175259.jpg,47.290610042638534,136.81086009666814
mskcc_processed/ISIC_3176133.jpg,41.11710143963632,165.20971361446183
mskcc_processed/ISIC_3179225.jpg,47.88296345253954,95.42422926447745
mskcc_processed/ISIC_3181136.jpg,44.28084388345493,170.4929747668108
mskcc_processed/ISIC_3182649.jpg,47.03091423685311,81.22770709116189
mskcc_processed/ISIC_3182724.jpg,45.0,150.99723001883967
mskcc_processed/ISIC_3183429.jpg,44.49741833327897,157.90432609465412
mskcc_processed/ISIC_3189901.jpg,36.86989764584402,67.34217013148168
mskcc_processed/ISIC_3190091.jpg,39.33271432176087,41.68695754577878
mskcc_processed/ISIC_3190824.jpg,19.653824058053306,-45.73190571314905
mskcc_processed/ISIC_3192592.jpg,49.431039312913526,141.23192278300706
mskcc_processed/ISIC_3196111.jpg,42.849973648961395,43.99988578205539
mskcc_processed/ISIC_3196334.jpg,53.455027677177455,93.80699859837863
mskcc_processed/ISIC_3197620.jpg,56.309932474020215,102.67333016147997
mskcc_processed/ISIC_3198172.jpg,47.544804379813094,98.42769396012002
mskcc_processed/ISIC_3199221.jpg,37.77568430595466,32.782894762786405
mskcc_processed/ISIC_3200675.jpg,50.15712697321785,134.59412099613908
mskcc_processed/ISIC_3202557.jpg,38.75808565258495,62.62062354827027
mskcc_processed/ISIC_3204075.jpg,41.05481377096244,172.54988845478084
mskcc_processed/ISIC_3205809.jpg,43.789705831078784,54.71327209902383
mskcc_processed/ISIC_3205904.jpg,50.23080717555321,97.36772047709081
mskcc_processed/ISIC_3206876.jpg,33.83754668421933,18.413072139475013
mskcc_processed/ISIC_3207017.jpg,40.638427354979406,153.07821796586418
mskcc_processed/ISIC_3207988.jpg,40.454664691251175,137.42034592936827
mskcc_processed/ISIC_3208690.jpg,41.689058485388564,110.92467282768214
mskcc_processed/ISIC_3211469.jpg,39.53615718676336,136.3283933571073
mskcc_processed/ISIC_3212180.jpg,48.07745539942438,96.81984092865893
mskcc_processed/ISIC_3212598.jpg,36.7241071729248,134.61658709706305
mskcc_processed/ISIC_3213293.jpg,40.674939565261546,94.80086011282464
mskcc_processed/ISIC_3213735.jpg,49.85111609530156,105.02146933081002
mskcc_processed/ISIC_3214501.jpg,44.00882242498922,45.4215957284104
mskcc_processed/ISIC_3214654.jpg,39.76252393318749,92.66205795380517
mskcc_processed/ISIC_3216517.jpg,54.33499846313825,107.4693060982251
mskcc_processed/ISIC_3217998.jpg,47.41950921665634,82.0625926640764
mskcc_processed/ISIC_3218212.jpg,45.395137042507486,56.28007252901819
mskcc_processed/ISIC_3219525.jpg,34.40847225202862,85.17541059848494
mskcc_processed/ISIC_3224763.jpg,39.76045631457075,114.0879595689271
mskcc_processed/ISIC_3226632.jpg,42.72755026721706,136.09213761479748
mskcc_processed/ISIC_3230887.jpg,50.19442890773481,81.70095684016371
mskcc_processed/ISIC_3232113.jpg,47.895761973466584,146.38845963938223
mskcc_processed/ISIC_3234694.jpg,33.49940007834755,140.24967235603992
mskcc_processed/ISIC_3235488.jpg,49.42820884338326,85.25694391074049
mskcc_processed/ISIC_3241214.jpg,44.52254622269043,155.67961149906475
mskcc_processed/ISIC_3242455.jpg,40.87770218821636,176.48987939647304
mskcc_processed/ISIC_3243474.jpg,35.27875737464944,28.93795289823841
mskcc_processed/ISIC_3243489.jpg,28.468918996594326,3.0731616754506805
mskcc_processed/ISIC_3244465.jpg,26.227026901140448,153.73981231814145
mskcc_processed/ISIC_3244706.jpg,39.53615718676336,129.54417701098672
mskcc_processed/ISIC_3248189.jpg,42.75425743410493,31.82626478388613
mskcc_processed/ISIC_3249927.jpg,20.600564075824867,-34.11047031892552
mskcc_processed/ISIC_3251755.jpg,40.780904650751545,106.00923484391384
mskcc_processed/ISIC_3252211.jpg,42.19151512265401,88.28657781608499
mskcc_processed/ISIC_3256423.jpg,49.64633549119589,156.3272073415393
mskcc_processed/ISIC_3256584.jpg,33.20657031508952,20.280320273752295
mskcc_processed/ISIC_3264637.jpg,40.275548302829115,75.08364769860799
mskcc_processed/ISIC_3267856.jpg,47.70487598573565,141.59915899433614
mskcc_processed/ISIC_3271971.jpg,39.902600262021,172.87802816156295
mskcc_processed/ISIC_3272051.jpg,44.61023880468194,47.77406727076354
mskcc_processed/ISIC_3272476.jpg,46.88818800674093,88.74403281540786
mskcc_processed/ISIC_3273336.jpg,41.51317022896287,55.42033300653675
mskcc_processed/ISIC_3274087.jpg,46.22933448647789,163.9329116580088
mskcc_processed/ISIC_3275853.jpg,54.59313426273034,112.90835273389595
mskcc_processed/ISIC_3278288.jpg,38.53772936316091,23.06599562541003
mskcc_processed/ISIC_3278744.jpg,51.24525267867696,167.26512300033363
mskcc_processed/ISIC_3283119.jpg,38.15722658736906,67.44050313249416
mskcc_processed/ISIC_3283658.jpg,25.27772223555295,-4.615052032842451
mskcc_processed/ISIC_3284557.jpg,46.52462277341186,99.62301588159626
mskcc_processed/ISIC_3285938.jpg,25.346175941946694,-50.546232001313165
mskcc_processed/ISIC_3288908.jpg,39.61068824002659,55.51972295168425
mskcc_processed/ISIC_3290414.jpg,5.541204778039854,-75.3227576655682
mskcc_processed/ISIC_3290746.jpg,48.532294583890895,178.30984588087506
mskcc_processed/ISIC_3291967.jpg,38.550465296157725,104.8425352125334
mskcc_processed/ISIC_3292403.jpg,42.38665372469076,160.710561548662
mskcc_processed/ISIC_3294983.jpg,41.08842818747134,112.0679716806142
mskcc_processed/ISIC_3295357.jpg,46.406981878982016,69.07932276320274
mskcc_processed/ISIC_3295437.jpg,46.16913932790743,125.71593967450656
mskcc_processed/ISIC_3296571.jpg,56.01383289035141,106.54472905089675
mskcc_processed/ISIC_3299398.jpg,46.38591785081219,154.40857780672326
mskcc_processed/ISIC_3300287.jpg,45.684777507009144,114.15065914898574
mskcc_processed/ISIC_3301558.jpg,38.01438916557802,45.43245753744425
mskcc_processed/ISIC_3305972.jpg,42.41697933136494,140.40217467654352
mskcc_processed/ISIC_3307030.jpg,37.43857157233304,133.70004160130668
mskcc_processed/ISIC_3308121.jpg,36.26996376559008,28.383419745965885
mskcc_processed/ISIC_3308471.jpg,26.03780428541065,-53.48320376440753
mskcc_processed/ISIC_3313254.jpg,52.44871787382203,106.2283997282015
mskcc_processed/ISIC_3315427.jpg,50.63068275763526,100.53873143314505
mskcc_processed/ISIC_3318350.jpg,36.55680907082337,49.80126508303494
mskcc_processed/ISIC_3318743.jpg,47.67997394010795,155.0664171844529
mskcc_processed/ISIC_3324165.jpg,41.339601452124576,41.95621518323102
mskcc_processed/ISIC_3325864.jpg,43.82285511401794,51.67952641163065
mskcc_processed/ISIC_3328507.jpg,43.27918516632713,169.29361824493034
mskcc_processed/ISIC_3329654.jpg,28.827840984217453,138.48990887733902
mskcc_processed/ISIC_3329818.jpg,48.678238721993395,99.45150233471412
mskcc_processed/ISIC_3337249.jpg,24.386371101801387,104.9962422627451
mskcc_processed/ISIC_3339031.jpg,39.8055710922652,167.6796413797454
mskcc_processed/ISIC_3340458.jpg,39.8055710922652,25.18449193156447
mskcc_processed/ISIC_3342764.jpg,21.28640511365909,77.79313763439386
mskcc_processed/ISIC_3347665.jpg,39.8055710922652,50.34523039688689
mskcc_processed/ISIC_3348000.jpg,34.992020198558656,97.78059326989643
mskcc_processed/ISIC_3349717.jpg,35.92850242282283,68.45511599580746
mskcc_processed/ISIC_3349844.jpg,45.0,179.6253621399466
mskcc_processed/ISIC_3350350.jpg,19.98310652189998,-14.781025743426964
mskcc_processed/ISIC_3351444.jpg,36.694323794444,26.987863787362812
mskcc_processed/ISIC_3355225.jpg,51.14662565964667,156.22573216178046
mskcc_processed/ISIC_3356055.jpg,41.08842818747134,163.0793833944851
mskcc_processed/ISIC_3361923.jpg,44.76027010391915,171.17966811087962
mskcc_processed/ISIC_3362426.jpg,50.38154705213192,109.4394518515347
mskcc_processed/ISIC_3362662.jpg,17.891877129198225,-89.63684731541184
mskcc_processed/ISIC_3362947.jpg,26.56505117707799,1.357692797367348
mskcc_processed/ISIC_3363323.jpg,46.72266207162281,158.7362270719469
mskcc_processed/ISIC_3365001.jpg,32.6309384740745,166.098559697898
mskcc_processed/ISIC_3365009.jpg,49.830419958289944,83.16551935403834
mskcc_processed/ISIC_3366138.jpg,28.417638059017087,28.594717229588394
mskcc_processed/ISIC_3366874.jpg,33.84005613496725,9.642585866895821
mskcc_processed/ISIC_3370601.jpg,47.376950814403486,100.25272990833163
mskcc_processed/ISIC_3372317.jpg,8.36588612403259,-69.17110257782252
mskcc_processed/ISIC_3372411.jpg,38.94304779469045,23.893834396798628
mskcc_processed/ISIC_3372966.jpg,44.00882242498922,44.57036293503963
mskcc_processed/ISIC_3373662.jpg,43.64069421393139,36.242282089287
mskcc_processed/ISIC_3374622.jpg,35.618489839251765,60.24568584051071
mskcc_processed/ISIC_3374799.jpg,36.4200872246199,24.5934298198159
mskcc_processed/ISIC_3377521.jpg,42.225722688699214,177.05924662435245
mskcc_processed/ISIC_3380613.jpg,24.349355340488763,-29.574000313625834
mskcc_processed/ISIC_3382095.jpg,28.668188391531736,13.408771151021028
mskcc_processed/ISIC_3383283.jpg,51.84277341263093,85.16137544182185
mskcc_processed/ISIC_3383413.jpg,48.626571783879626,82.76479086076527
mskcc_processed/ISIC_3383436.jpg,46.650039395577885,156.66132074903797
mskcc_processed/ISIC_3383842.jpg,42.16588898369349,32.26375339881911
mskcc_processed/ISIC_3390554.jpg,48.56463897211568,69.69474846776576
mskcc_processed/ISIC_3393988.jpg,47.00253313182688,78.30713445876903
mskcc_processed/ISIC_3395063.jpg,32.44244378372113,-64.23738794008338
mskcc_processed/ISIC_3399319.jpg,52.125016348901795,100.3924828120811
mskcc_processed/ISIC_3400008.jpg,62.071021291319106,-82.77202284759188
mskcc_processed/ISIC_3400736.jpg,1.8476102659945959,-89.66434881682056
mskcc_processed/ISIC_3402800.jpg,46.59114027119459,63.778283907075604
mskcc_processed/ISIC_3403209.jpg,41.557784714102624,62.106773241917814
mskcc_processed/ISIC_3405015.jpg,50.38154705213192,104.07078017109089
mskcc_processed/ISIC_3405857.jpg,31.159304508344373,69.34257968254039
mskcc_processed/ISIC_3410225.jpg,24.904768808095184,7.058124598985676
mskcc_processed/ISIC_3415723.jpg,38.367485384861546,178.62600855700188
mskcc_processed/ISIC_3416248.jpg,41.455233544405125,151.84752941751952
mskcc_processed/ISIC_3424960.jpg,55.13088797082455,89.29228223721769
mskcc_processed/ISIC_3425305.jpg,35.020078854255445,101.166688166945
mskcc_processed/ISIC_3427086.jpg,49.39870535499554,170.37402865146058
mskcc_processed/ISIC_3428969.jpg,38.49437335431632,99.8939761899901
mskcc_processed/ISIC_3429259.jpg,48.4620730561351,84.32303061584001
mskcc_processed/ISIC_3430089.jpg,45.74892178282383,53.42336964770733
mskcc_processed/ISIC_3430956.jpg,29.088851422860497,9.893117057987311
mskcc_processed/ISIC_3435506.jpg,27.42014857334472,-12.90498313662885
mskcc_processed/ISIC_3437255.jpg,22.420427435973696,-19.473722388271245
mskcc_processed/ISIC_3437770.jpg,33.388513576111514,39.05663024477597
mskcc_processed/ISIC_3438650.jpg,13.846208411826533,-50.253593723677255
mskcc_processed/ISIC_3443274.jpg,44.78214637490284,95.71433342660747
mskcc_processed/ISIC_3443345.jpg,46.4372269963219,73.68253953312437
mskcc_processed/ISIC_3445219.jpg,37.116860683270275,41.624755048867144
mskcc_processed/ISIC_3445644.jpg,39.71875937155489,140.17327150947926
mskcc_processed/ISIC_3449695.jpg,21.665958723290224,-24.04461522296812
mskcc_processed/ISIC_3450632.jpg,15.083059822329894,-51.68070373632926
mskcc_processed/ISIC_3451749.jpg,46.15036306132966,139.5474243235849
mskcc_processed/ISIC_3456012.jpg,43.75463573323165,56.633992865595644
mskcc_processed/ISIC_3456450.jpg,47.98863245522946,177.05119263788822
mskcc_processed/ISIC_3456619.jpg,33.09839376183243,15.950818986575928
mskcc_processed/ISIC_3458364.jpg,45.47745377730958,148.70856718776128
mskcc_processed/ISIC_3462128.jpg,54.4940298857589,104.95296298339294
mskcc_processed/ISIC_3464112.jpg,45.39243070934087,50.54744855638124
mskcc_processed/ISIC_3465055.jpg,46.3875157474432,68.11843785683578
mskcc_processed/ISIC_3471567.jpg,40.771817294838364,65.14450193732449
mskcc_processed/ISIC_3473658.jpg,13.431028870681669,-66.38208912766886
mskcc_processed/ISIC_3474149.jpg,44.604862957492514,54.30600537361731
mskcc_processed/ISIC_3474932.jpg,36.21883726561454,157.87341755399797
mskcc_processed/ISIC_3476776.jpg,48.34337614432713,72.74032264452279
mskcc_processed/ISIC_3477427.jpg,44.798963002165394,101.1678177790791
mskcc_processed/ISIC_3479113.jpg,49.944074410797825,89.61310119834309
mskcc_processed/ISIC_3481568.jpg,40.60129464500447,162.10446802655179
mskcc_processed/ISIC_3482567.jpg,44.76989770490278,106.03467549192189
mskcc_processed/ISIC_3487203.jpg,37.900080355368374,71.1614659873328
mskcc_processed/ISIC_3491184.jpg,48.89167629408076,77.47953777510003
mskcc_processed/ISIC_3492855.jpg,30.38820185154479,109.87923789956982
mskcc_processed/ISIC_3500501.jpg,35.14554549970606,143.89324529777062
mskcc_processed/ISIC_3501024.jpg,38.884496433714595,169.5384827264775
mskcc_processed/ISIC_3501226.jpg,35.47997813422585,15.78162007674872
mskcc_processed/ISIC_3505050.jpg,45.19422223746983,49.597675741818456
mskcc_processed/ISIC_3505782.jpg,12.064884410525424,-80.20194605748841
mskcc_processed/ISIC_3507139.jpg,40.89901830231539,41.338963796979826
mskcc_processed/ISIC_3507374.jpg,17.01254680924403,-67.21330892946847
mskcc_processed/ISIC_3510409.jpg,14.95863607372087,-78.31294105159564
mskcc_processed/ISIC_3511164.jpg,41.21552009051209,130.48936473517426
mskcc_processed/ISIC_3513238.jpg,52.43140797117251,169.60306136776788
mskcc_processed/ISIC_3514523.jpg,42.51044707800085,175.6473628168638
mskcc_processed/ISIC_3516083.jpg,43.27918516632713,142.53767030193742
mskcc_processed/ISIC_3520345.jpg,32.421064762506944,108.18576687901793
mskcc_processed/ISIC_3520555.jpg,28.984560393734327,4.857201872735443
mskcc_processed/ISIC_3520729.jpg,51.89242312248515,111.87537253157664
mskcc_processed/ISIC_3522048.jpg,47.12109639666145,161.95088602056487
mskcc_processed/ISIC_3526211.jpg,44.27477570094075,175.8811695679316
mskcc_processed/ISIC_3526405.jpg,19.628438246904047,37.33941026035186
mskcc_processed/ISIC_3529251.jpg,48.14495746469803,92.15796186965316
mskcc_processed/ISIC_3533705.jpg,37.31447285161838,24.79620245041808
mskcc_processed/ISIC_3536268.jpg,43.54364136566032,161.20161377727632
mskcc_processed/ISIC_3541803.jpg,17.667640507832317,-62.984811610238516
mskcc_processed/ISIC_3542806.jpg,44.060809054264425,152.86131656359808
mskcc_processed/ISIC_3546207.jpg,43.74919918523458,157.47456775246383
mskcc_processed/ISIC_3546672.jpg,32.7352262721076,41.61564198581435
mskcc_processed/ISIC_3549546.jpg,52.44741685019517,83.72829092442159
mskcc_processed/ISIC_3549815.jpg,26.03780428541065,-47.694181504643424
mskcc_processed/ISIC_3552998.jpg,44.3041340604912,113.26649950686603
mskcc_processed/ISIC_3554421.jpg,45.58264885918648,47.783670560384806
mskcc_processed/ISIC_3555577.jpg,45.0,122.15498801322416
mskcc_processed/ISIC_3562184.jpg,43.8678197248687,141.74903987667767
mskcc_processed/ISIC_3562476.jpg,43.05851360908562,176.44825137132256
mskcc_processed/ISIC_3565812.jpg,38.072781873990834,167.28402797753688
mskcc_processed/ISIC_3568250.jpg,62.61908305950789,-86.4291550841955
mskcc_processed/ISIC_3573734.jpg,48.678238721993395,88.14240578365484
mskcc_processed/ISIC_3577038.jpg,47.873438497593526,119.89571733913975
mskcc_processed/ISIC_3579378.jpg,36.458971846813405,28.45157244302558
mskcc_processed/ISIC_3582341.jpg,34.04593735660166,39.587108445541226
mskcc_processed/ISIC_3583671.jpg,45.1982545011992,53.586652479460746
mskcc_processed/ISIC_3587210.jpg,53.29714496983688,108.64204844795574
mskcc_processed/ISIC_3591124.jpg,50.59155775575719,118.32196819674495
mskcc_processed/ISIC_3594859.jpg,43.04007274087363,113.10001198385014
mskcc_processed/ISIC_3603555.jpg,47.47166476163341,125.67533072579388
mskcc_processed/ISIC_3605521.jpg,49.46385118196837,109.93671297364384
mskcc_processed/ISIC_3608447.jpg,46.42700186751469,69.38704147023772
mskcc_processed/ISIC_3609235.jpg,45.462052721430766,170.0020914216317
mskcc_processed/ISIC_3610200.jpg,48.86546116985175,66.22818315857666
mskcc_processed/ISIC_3610776.jpg,16.001022853845996,-56.83611866410557
mskcc_processed/ISIC_3611393.jpg,40.959795981595796,50.78304291816457
mskcc_processed/ISIC_3612509.jpg,44.30972280213492,112.14494394863652
mskcc_processed/ISIC_3616318.jpg,39.41739424346893,72.98477961923612
mskcc_processed/ISIC_3620965.jpg,41.15396990995262,140.0256751712824
mskcc_processed/ISIC_3621211.jpg,44.03713637436379,158.0366006498082
mskcc_processed/ISIC_3622574.jpg,45.481465805838354,144.02928150764168
mskcc_processed/ISIC_3626540.jpg,44.379492352166054,66.5350851441219
mskcc_processed/ISIC_3628057.jpg,39.8055710922652,17.763535142992414
mskcc_processed/ISIC_3628799.jpg,49.67925916040482,94.33205671346033
mskcc_processed/ISIC_3631007.jpg,37.806529944704465,22.636262082951443
mskcc_processed/ISIC_3633667.jpg,38.95590783775889,133.86937553099338
mskcc_processed/ISIC_3635486.jpg,42.12803751300725,35.03000854866657
mskcc_processed/ISIC_3637658.jpg,48.81407483429035,61.60047296740319
mskcc_processed/ISIC_3638112.jpg,32.49864594447964,107.37518408355423
mskcc_processed/ISIC_3639137.jpg,32.94921511659045,18.21875634837988
mskcc_processed/ISIC_3642157.jpg,55.33891054294104,107.18301861106752
mskcc_processed/ISIC_3644687.jpg,33.690067525979785,26.111624950656054
mskcc_processed/ISIC_3644964.jpg,37.874983651098205,172.63253543925268
mskcc_processed/ISIC_3646504.jpg,49.273946097596955,92.79352886648823
mskcc_processed/ISIC_3647692.jpg,35.01817071226684,29.17050831576534
mskcc_processed/ISIC_3648255.jpg,44.28084388345493,146.7736663189266
mskcc_processed/ISIC_3652696.jpg,38.80116268649432,45.01864416359407
mskcc_processed/ISIC_3659198.jpg,33.86369056881827,97.25149852341983
mskcc_processed/ISIC_3659438.jpg,47.05355056351099,133.54925068651664
mskcc_processed/ISIC_3661131.jpg,36.491296683729686,39.018938648880145
mskcc_processed/ISIC_3661948.jpg,37.95423087513252,34.78649095655966
mskcc_processed/ISIC_3663099.jpg,41.88656125194279,132.045845647998
mskcc_processed/ISIC_3666156.jpg,32.5825542099237,-4.244820824243113
mskcc_processed/ISIC_3666537.jpg,39.87964445696048,33.84199670217677
mskcc_processed/ISIC_3669328.jpg,28.442928624363347,6.968578168133551
mskcc_processed/ISIC_3673004.jpg,36.362868584929245,15.45531566724537
mskcc_processed/ISIC_3678124.jpg,37.366669412768694,178.22319127042516
mskcc_processed/ISIC_3678626.jpg,42.65312570751272,111.8491274288248
mskcc_processed/ISIC_3681302.jpg,43.7811247648687,176.62609883521318
mskcc_processed/ISIC_3685028.jpg,34.21570213243741,138.6733598130022
mskcc_processed/ISIC_3686357.jpg,49.43447050610123,170.74922569824022
mskcc_processed/ISIC_3692517.jpg,37.002526528196164,69.28668734246605
mskcc_processed/ISIC_3692800.jpg,49.7998361139047,169.0061608252001
mskcc_processed/ISIC_3693631.jpg,47.903818865096284,150.87557621007934
mskcc_processed/ISIC_3696647.jpg,49.67925916040482,93.33124547065823
mskcc_processed/ISIC_3697507.jpg,40.426078740099136,165.09123111719165
mskcc_processed/ISIC_3702174.jpg,50.920620714046805,160.08486734310614
mskcc_processed/ISIC_3707361.jpg,48.264283724018526,125.89987943169272
mskcc_processed/ISIC_3708937.jpg,40.37762975831576,119.41811430778579
mskcc_processed/ISIC_3711726.jpg,41.28976878469873,26.13072491229922
mskcc_processed/ISIC_3712706.jpg,10.124671655397817,-63.81938893837846
mskcc_processed/ISIC_3719286.jpg,49.02199017702011,145.54975482363707
mskcc_processed/ISIC_3723757.jpg,38.97840986095666,101.76483457301477
mskcc_processed/ISIC_3732096.jpg,48.972495940750655,83.66893098451767
mskcc_processed/ISIC_3735047.jpg,14.850338298984228,-80.39033739594325
mskcc_processed/ISIC_3736628.jpg,60.92443147466741,-87.95496168885666
mskcc_processed/ISIC_3737411.jpg,49.96974072811031,152.12586385969314
mskcc_processed/ISIC_3739303.jpg,45.82434282084515,71.78428113885812
mskcc_processed/ISIC_3741007.jpg,47.91843472078156,141.52539634511652
mskcc_processed/ISIC_3743370.jpg,31.027066759912646,21.245979192954437
mskcc_processed/ISIC_3744733.jpg,44.068443401922515,157.0076240767113
mskcc_processed/ISIC_3748426.jpg,29.569531333267772,23.538591572450997
mskcc_processed/ISIC_3755239.jpg,29.019082851605063,-0.07947809956121223
mskcc_processed/ISIC_3756207.jpg,43.84032479151644,109.26755104961903
mskcc_processed/ISIC_3756840.jpg,56.164880177548596,101.03031707428916
mskcc_processed/ISIC_3758537.jpg,14.139108311650503,-72.05802547314454
mskcc_processed/ISIC_3761994.jpg,49.899092453787766,98.02251286761052
mskcc_processed/ISIC_3762009.jpg,49.62415132842907,104.39087544077381
mskcc_processed/ISIC_3763307.jpg,47.10551418885604,86.45145796956338
mskcc_processed/ISIC_3764814.jpg,15.145706144430184,-69.5512744521774
mskcc_processed/ISIC_3768475.jpg,44.76803454870179,145.0537552775829
mskcc_processed/ISIC_3770468.jpg,51.293948188951084,138.43986192441895
mskcc_processed/ISIC_3772238.jpg,45.0,126.17853112973697
mskcc_processed/ISIC_3779207.jpg,50.79921762909842,143.44262769694853
mskcc_processed/ISIC_3782422.jpg,49.194182788390854,73.25229137028886
mskcc_processed/ISIC_3786874.jpg,18.060471936199185,-52.50278055088552
mskcc_processed/ISIC_3787200.jpg,50.30963474345356,126.6254034977345
mskcc_processed/ISIC_3787346.jpg,11.228891821538738,-63.537979243706076
mskcc_processed/ISIC_3796208.jpg,29.835539100261556,91.62302404474623
mskcc_processed/ISIC_3801510.jpg,37.81946450227985,40.76028791463609
mskcc_processed/ISIC_3802024.jpg,41.60698893091126,85.00368694923795
mskcc_processed/ISIC_3802542.jpg,16.51781425295957,-40.457298645862664
mskcc_processed/ISIC_3803126.jpg,21.009684034159967,-53.98197617032699
mskcc_processed/ISIC_3803989.jpg,49.19564969178062,117.93364407194295
mskcc_processed/ISIC_3806159.jpg,37.76975736074843,40.52143856041815
mskcc_processed/ISIC_3810706.jpg,48.224522606519905,80.0854592845389
mskcc_processed/ISIC_3812420.jpg,30.709674918182284,1.7371195958150218
mskcc_processed/ISIC_3813792.jpg,40.07656262330378,47.12125619799232
mskcc_processed/ISIC_3814968.jpg,54.18612616015352,90.2518842079277
mskcc_processed/ISIC_3816219.jpg,3.704627442077118,-65.88636075107797
mskcc_processed/ISIC_3816678.jpg,56.090128771583075,105.7814203355014
mskcc_processed/ISIC_3816921.jpg,35.2833141822149,20.07643570224569
mskcc_processed/ISIC_3819466.jpg,18.55763767076109,-36.20419907604723
mskcc_processed/ISIC_3821301.jpg,44.262326862567804,169.21825189214366
mskcc_processed/ISIC_3821730.jpg,43.45184230102204,46.26351932464526
mskcc_processed/ISIC_3827307.jpg,45.59474451521851,71.04410550958963
mskcc_processed/ISIC_3829203.jpg,28.76115837030772,-37.51794521624395
mskcc_processed/ISIC_3831356.jpg,32.040405073839864,5.583403587907831
mskcc_processed/ISIC_3831887.jpg,28.029680982283367,-13.35787426016159
mskcc_processed/ISIC_3836406.jpg,7.230242639251577,-73.35869879967102
mskcc_processed/ISIC_3836767.jpg,54.52225500992522,89.39190817510847
mskcc_processed/ISIC_3837009.jpg,44.76421623012339,141.00157164760395
mskcc_processed/ISIC_3837618.jpg,43.178486648398895,55.31325428479835
mskcc_processed/ISIC_3838934.jpg,41.30861401354873,29.02267886144202
mskcc_processed/ISIC_3838997.jpg,45.48554583000814,152.25770257875004
mskcc_processed/ISIC_3840444.jpg,48.63295073948821,168.60224504226233
mskcc_processed/ISIC_3842126.jpg,49.78088387483196,147.6690363919233
mskcc_processed/ISIC_3843612.jpg,48.41998309486112,144.52752714522637
mskcc_processed/ISIC_3847714.jpg,45.97764878502985,59.172354669404214
mskcc_processed/ISIC_3847807.jpg,47.61168137789839,56.843925872844274
mskcc_processed/ISIC_3851132.jpg,43.074816291676846,123.66712336496843
mskcc_processed/ISIC_3851912.jpg,43.71747291728983,77.3744657238624
mskcc_processed/ISIC_3856113.jpg,47.27244973278294,122.76771292097705
mskcc_processed/ISIC_3856661.jpg,56.45157811750202,100.50727188536447
mskcc_processed/ISIC_3857954.jpg,48.758555685472,99.8517648405619
mskcc_processed/ISIC_3864177.jpg,46.56935480474899,59.43483395457667
mskcc_processed/ISIC_3868266.jpg,25.432231418710526,-16.439391228833458
mskcc_processed/ISIC_3868399.jpg,49.273946097596955,105.13668497492877
mskcc_processed/ISIC_3869491.jpg,45.0,179.05949161199348
mskcc_processed/ISIC_3872642.jpg,50.19442890773481,123.85133874242928
mskcc_processed/ISIC_3873798.jpg,36.2368208744129,99.02841530254386
mskcc_processed/ISIC_3877619.jpg,52.96961039432135,90.66488536319163
mskcc_processed/ISIC_3880326.jpg,8.530765609948133,-58.95461964151642
mskcc_processed/ISIC_3885543.jpg,53.33901949395019,82.13223405680772
mskcc_processed/ISIC_3886095.jpg,56.23813328915581,99.0138953920652
mskcc_processed/ISIC_3887536.jpg,27.525225743744333,110.56097601220893
mskcc_processed/ISIC_3888778.jpg,42.929969346958906,85.87291655423019
mskcc_processed/ISIC_3889862.jpg,33.79405249259744,153.80265728426295
mskcc_processed/ISIC_3890360.jpg,11.061182461591796,-75.60363394252087
mskcc_processed/ISIC_3893571.jpg,52.033416459694934,90.41339673916829
mskcc_processed/ISIC_3893665.jpg,33.495184673741186,32.573238979895144
mskcc_processed/ISIC_3894909.jpg,16.342882543441863,-71.67496642913275
mskcc_processed/ISIC_3896496.jpg,46.273030020056716,90.11833395473124
mskcc_processed/ISIC_3897340.jpg,39.7225939170928,88.77899022036208
mskcc_processed/ISIC_3897812.jpg,41.60698893091126,83.99153929348282
mskcc_processed/ISIC_3899832.jpg,29.450195830298412,45.64892737109761
mskcc_processed/ISIC_3902813.jpg,43.02506598911803,75.80636870231189
mskcc_processed/ISIC_3905935.jpg,15.2194648311738,-63.0439433399376
mskcc_processed/ISIC_3906040.jpg,11.389179698054521,-64.2615356357511
mskcc_processed/ISIC_3906162.jpg,35.670460357301906,20.969550583878153
mskcc_processed/ISIC_3912509.jpg,34.96978668026717,21.12882549812826
mskcc_processed/ISIC_3913817.jpg,56.38264281508082,107.63026447964091
mskcc_processed/ISIC_3914752.jpg,45.0,106.35069750004153
mskcc_processed/ISIC_3916752.jpg,27.08749061403673,-48.414345851053845
mskcc_processed/ISIC_3917645.jpg,48.95233658211577,93.33633593391274
mskcc_processed/ISIC_3918286.jpg,46.623332525090476,152.9755011787099
mskcc_processed/ISIC_3923806.jpg,48.247342790322925,82.79368048670105
mskcc_processed/ISIC_3923841.jpg,28.967660646064033,11.789076250465683
mskcc_processed/ISIC_3925103.jpg,48.704627442077125,81.60244283034015
mskcc_processed/ISIC_3926686.jpg,50.09211512449897,76.893254655017
mskcc_processed/ISIC_3932011.jpg,43.308211431735515,137.0013119131651
mskcc_processed/ISIC_3932777.jpg,41.30861401354873,25.841246744155292
mskcc_processed/ISIC_3933309.jpg,48.224522606519905,88.19012547148338
mskcc_processed/ISIC_3937120.jpg,37.01513378474342,155.7719006102779
mskcc_processed/ISIC_3937442.jpg,44.514454169991865,167.34859403613785
mskcc_processed/ISIC_3937665.jpg,54.52466797179,112.63457879216196
mskcc_processed/ISIC_3938032.jpg,9.03948280335512,-76.49295355682251
mskcc_processed/ISIC_3938304.jpg,51.088528154195174,79.28232525862325
mskcc_processed/ISIC_3939273.jpg,44.75618964389592,161.68328540657097
mskcc_processed/ISIC_3940742.jpg,47.6224014605411,99.62962610626329
mskcc_processed/ISIC_3942903.jpg,42.436229788534995,64.06407269218889
mskcc_processed/ISIC_3943285.jpg,47.2369790634377,115.93291675418249
mskcc_processed/ISIC_3943981.jpg,46.660282368982806,77.40517887897508
mskcc_processed/ISIC_3944940.jpg,50.73337475837187,168.3089213675065
mskcc_processed/ISIC_3946050.jpg,45.85509739626672,96.68475638100033
mskcc_processed/ISIC_3948232.jpg,2.2906100426385296,-93.87907342190859
mskcc_processed/ISIC_3948486.jpg,49.42955929897764,84.17909381030063
mskcc_processed/ISIC_3951657.jpg,24.034288159442582,111.74521218393063
mskcc_processed/ISIC_3954029.jpg,49.565262384416975,142.43775619131375
mskcc_processed/ISIC_3956074.jpg,38.94304779469045,25.401898611144752
mskcc_processed/ISIC_3958663.jpg,51.89242312248515,114.89152988382706
mskcc_processed/ISIC_3959061.jpg,17.130301526843592,-20.570012445769525
mskcc_processed/ISIC_3960763.jpg,48.16632651900346,146.64083754542435
mskcc_processed/ISIC_3966949.jpg,51.59673829789422,91.92845152714965
mskcc_processed/ISIC_3967077.jpg,51.03000880828146,96.27601161613913
mskcc_processed/ISIC_3969701.jpg,48.179830119864235,115.02278508797377
mskcc_processed/ISIC_3969776.jpg,32.38067770656923,20.883906705764993
mskcc_processed/ISIC_3975282.jpg,44.52254622269043,168.60195905447804
mskcc_processed/ISIC_3979786.jpg,41.90594194108289,31.00884257655185
mskcc_processed/ISIC_3981708.jpg,45.933073523218454,54.32877543160539
mskcc_processed/ISIC_3984579.jpg,50.792796495032164,124.66300879123104
mskcc_processed/ISIC_3985429.jpg,24.261290852477785,-13.080214370766765
mskcc_processed/ISIC_3985885.jpg,46.87787744728536,148.94865705960137
mskcc_processed/ISIC_3988003.jpg,53.39909464785246,96.47075061091596
mskcc_processed/ISIC_3988055.jpg,19.328129151109984,-68.46824793978502
mskcc_processed/ISIC_3988281.jpg,33.7916556810735,120.94370127231244
mskcc_processed/ISIC_3990301.jpg,38.10757687751486,33.37029989776557
mskcc_processed/ISIC_3990684.jpg,32.24246783912332,105.49438249091577
mskcc_processed/ISIC_3990863.jpg,42.01336300952484,150.74462507537288
mskcc_processed/ISIC_3990901.jpg,49.46385118196837,133.746304225574
mskcc_processed/ISIC_3990996.jpg,33.146995832255996,108.0104747455264
mskcc_processed/ISIC_3994615.jpg,16.342882543441863,-55.45926152458377
mskcc_processed/ISIC_3995501.jpg,4.899092453787765,-59.559533309542886
mskcc_processed/ISIC_3998431.jpg,18.924644416051233,-40.17757060364629
mskcc_processed/ISIC_4001663.jpg,41.45131802609555,68.17372126965742
mskcc_processed/ISIC_4003335.jpg,46.17714488598206,68.59788076553696
mskcc_processed/ISIC_4006140.jpg,48.270487923183566,127.61718966533839
mskcc_processed/ISIC_4007790.jpg,34.57419147411521,99.5754994277122
mskcc_processed/ISIC_4012091.jpg,38.71750791183862,164.33292527554005
mskcc_processed/ISIC_4013273.jpg,42.51044707800085,34.94232266973522
mskcc_processed/ISIC_4014815.jpg,34.65835470552109,76.87036551559294
mskcc_processed/ISIC_4018600.jpg,47.395005516872345,110.00764316836627
mskcc_processed/ISIC_4021632.jpg,25.89690910874926,6.207795390286659
mskcc_processed/ISIC_4030803.jpg,26.56505117707799,-41.82998188763474
mskcc_processed/ISIC_4031791.jpg,31.366027210595636,21.013608909874858
mskcc_processed/ISIC_4031972.jpg,14.53445508054012,-52.33024949702835
mskcc_processed/ISIC_4032559.jpg,38.60104337263109,171.89642597059597
mskcc_processed/ISIC_4033625.jpg,47.43194994591757,179.58340831277047
mskcc_processed/ISIC_4034192.jpg,31.526841887268855,167.61028571864168
mskcc_processed/ISIC_4034653.jpg,53.18375007210458,96.72992740581944
mskcc_processed/ISIC_4035890.jpg,45.69586593950879,150.99227695678755
mskcc_processed/ISIC_4041895.jpg,23.84681797523904,-36.944064429591336
mskcc_processed/ISIC_4042063.jpg,18.060471936199185,-53.43937789579787
mskcc_processed/ISIC_4042108.jpg,26.91655461695134,-69.57984524879218
mskcc_processed/ISIC_4044199.jpg,39.18437347050876,153.6727914034058
mskcc_processed/ISIC_4044576.jpg,41.12532679643486,120.91809670732286
mskcc_processed/ISIC_4046112.jpg,61.963791518256066,-78.41162754577438
mskcc_processed/ISIC_4046510.jpg,56.81314470013717,102.84501994230656
mskcc_processed/ISIC_4048921.jpg,37.13857459563891,123.7765564063287
mskcc_processed/ISIC_4049975.jpg,45.0,174.25622208572054
mskcc_processed/ISIC_4050170.jpg,38.97840986095666,178.78145368604467
mskcc_processed/ISIC_4051598.jpg,50.96448710125313,115.83923293894942
mskcc_processed/ISIC_4057878.jpg,17.52556837372287,-64.44030477853367
mskcc_processed/ISIC_4066123.jpg,48.81407483429035,145.87351021494956
mskcc_processed/ISIC_4067344.jpg,53.7314672694142,103.90026075616954
mskcc_processed/ISIC_4070344.jpg,45.984366703054725,63.64386574312598
mskcc_processed/ISIC_4071569.jpg,38.811384036758405,64.34098385273265
mskcc_processed/ISIC_4075687.jpg,28.09072818945922,82.23406200292861
mskcc_processed/ISIC_4076937.jpg,30.465544919459884,3.7256159390117993
mskcc_processed/ISIC_4081727.jpg,43.53119928561417,163.88841443344063
mskcc_processed/ISIC_4081997.jpg,40.275548302829115,70.80649472021673
mskcc_processed/ISIC_4082480.jpg,39.758180053020446,179.59435936081368
mskcc_processed/ISIC_4082792.jpg,42.21697924614338,36.139136220236956
mskcc_processed/ISIC_4084464.jpg,51.552554670829274,95.82343393843672
mskcc_processed/ISIC_4085756.jpg,61.27209673377695,-85.26098353283936
mskcc_processed/ISIC_4085758.jpg,17.565014687292972,-48.66823673015743
mskcc_processed/ISIC_4088652.jpg,42.57366416839764,152.79645231271687
mskcc_processed/ISIC_4091114.jpg,31.557132343169627,174.001899169518
mskcc_processed/ISIC_4093865.jpg,38.23382517744694,121.95725326176019
mskcc_processed/ISIC_4098221.jpg,42.76882539196875,175.90129238651122
mskcc_processed/ISIC_4105217.jpg,38.03795373439073,23.23480282754897
mskcc_processed/ISIC_4116367.jpg,46.45812315589723,151.76728377374283
mskcc_processed/ISIC_4116438.jpg,44.587807258597685,115.13157930288664
mskcc_processed/ISIC_4116784.jpg,44.80445202372915,52.664702789801645
mskcc_processed/ISIC_4117544.jpg,45.397880961834595,53.3145561022664
mskcc_processed/ISIC_4126338.jpg,29.820072565473755,5.38740539718096
mskcc_processed/ISIC_4127692.jpg,27.037258448483403,2.2090958434870718
mskcc_processed/ISIC_4129841.jpg,32.19573393471325,-5.448719505594461
mskcc_processed/ISIC_4131904.jpg,34.824489156956794,13.088262389732174
mskcc_processed/ISIC_4133203.jpg,56.74563342528795,104.60718709063444
mskcc_processed/ISIC_4134061.jpg,54.4940298857589,109.56889689349124
mskcc_processed/ISIC_4135731.jpg,55.78429786756261,110.16928885733907
mskcc_processed/ISIC_4138388.jpg,42.76882539196875,131.26085945078472
mskcc_processed/ISIC_4138785.jpg,37.90748267172693,145.48536927321732
mskcc_processed/ISIC_4144716.jpg,20.556045219583464,-43.25627933086885
mskcc_processed/ISIC_4145173.jpg,19.308672934889184,-58.93008752870452
mskcc_processed/ISIC_4154180.jpg,54.37209270857909,90.79577454932654
mskcc_processed/ISIC_4156076.jpg,29.019082851605063,91.4627661042178
mskcc_processed/ISIC_4156257.jpg,48.9692634567195,167.64400716461128
mskcc_processed/ISIC_4156479.jpg,50.920620714046805,126.45946305024377
mskcc_processed/ISIC_4159629.jpg,29.32047587758075,3.166961569363781
mskcc_processed/ISIC_4160944.jpg,32.111814874234305,32.70376450947523
mskcc_processed/ISIC_4161159.jpg,34.6778279256196,17.337024318738823
mskcc_processed/ISIC_4162018.jpg,48.616113896154715,166.25194752197302
mskcc_processed/ISIC_4162246.jpg,49.811534501678054,84.32402980180831
mskcc_processed/ISIC_4162432.jpg,46.198481650118495,140.68130970243817
mskcc_processed/ISIC_4165701.jpg,40.67919504501553,129.7136059426435
mskcc_processed/ISIC_4170787.jpg,11.309932474020213,-80.85615969917303
mskcc_processed/ISIC_4171266.jpg,47.70487598573565,121.14016802879152
mskcc_processed/ISIC_4172310.jpg,19.07869453709739,-67.69967183583353
mskcc_processed/ISIC_4174191.jpg,45.0,179.96066333795656
mskcc_processed/ISIC_4181257.jpg,49.600095666263286,145.83271532558157
mskcc_processed/ISIC_4181776.jpg,47.92497794915637,84.07738265998495
mskcc_processed/ISIC_4182535.jpg,28.277186956347236,-2.169592059464751
mskcc_processed/ISIC_4185881.jpg,47.84213788365567,82.31837863675175
mskcc_processed/ISIC_4190714.jpg,13.75307058652305,-48.61525958167001
mskcc_processed/ISIC_4192715.jpg,48.57633437499736,78.44462690574112
mskcc_processed/ISIC_4192789.jpg,49.9863337712355,77.43307730457673
mskcc_processed/ISIC_4195344.jpg,47.8221552998118,79.22024165528742
mskcc_processed/ISIC_4195848.jpg,48.31458582064349,158.07121214148196
mskcc_processed/ISIC_4196123.jpg,36.23972199998387,17.49557278140682
mskcc_processed/ISIC_4205205.jpg,43.210089391753925,79.78461657304499
mskcc_processed/ISIC_4207168.jpg,43.65887222028282,41.17973117102286
mskcc_processed/ISIC_4207296.jpg,37.36222305397636,33.410610604129936
mskcc_processed/ISIC_4209989.jpg,8.24632081446853,-66.08655294178278
mskcc_processed/ISIC_4210348.jpg,44.766140974126735,147.9575327251866
mskcc_processed/ISIC_4212694.jpg,43.264295411071615,148.5301407898392
mskcc_processed/ISIC_4213423.jpg,50.41186915231703,89.58738769997204
mskcc_processed/ISIC_4214201.jpg,49.08561677997488,91.59189936424754
mskcc_processed/ISIC_4215063.jpg,33.77931321628475,38.67022806627446
mskcc_processed/ISIC_4215671.jpg,27.499138731047154,0.06696059937813796
mskcc_processed/ISIC_4216221.jpg,30.784146526326445,55.326760506899475
mskcc_processed/ISIC_4216547.jpg,41.423665625002656,171.30967897866168
mskcc_processed/ISIC_4219221.jpg,54.368446083105844,99.86864889426148
mskcc_processed/ISIC_4222165.jpg,43.05851360908562,135.10063020382708
mskcc_processed/ISIC_4225427.jpg,46.623332525090476,145.07609919636593
mskcc_processed/ISIC_4225775.jpg,55.79310312022312,107.80656578188551
mskcc_processed/ISIC_4226057.jpg,25.18052847040483,-29.887453832336437
mskcc_processed/ISIC_4228691.jpg,37.900080355368374,18.026367501777255
mskcc_processed/ISIC_4230448.jpg,36.31958157492871,80.8111151139549
mskcc_processed/ISIC_4232222.jpg,31.6607510966366,174.96501879174141
mskcc_processed/ISIC_4233274.jpg,29.021273224702597,4.241158721596247
mskcc_processed/ISIC_4234563.jpg,40.60129464500447,100.08355563009249
mskcc_processed/ISIC_4235363.jpg,16.54676081618108,-55.86821149381225
mskcc_processed/ISIC_4241571.jpg,55.94822149962073,105.25102162399091
mskcc_processed/ISIC_4243217.jpg,40.37762975831576,147.89613350851613
mskcc_processed/ISIC_4246110.jpg,39.22567409733672,53.265257247081934
mskcc_processed/ISIC_4246632.jpg,43.264295411071615,176.33048535398112
mskcc_processed/ISIC_4247333.jpg,40.328621964650445,61.948159483386625
mskcc_processed/ISIC_4248285.jpg,46.368580806953126,51.048723632831766
mskcc_processed/ISIC_4250846.jpg,44.7519678718435,137.9672340038459
mskcc_processed/ISIC_4251350.jpg,14.339928501342238,-65.06832546011938
mskcc_processed/ISIC_4252807.jpg,47.990344975165385,105.89210236383214
mskcc_processed/ISIC_4254866.jpg,42.13759477388826,44.319942806928566
mskcc_processed/ISIC_4254945.jpg,48.468229258917155,110.5285324767777
mskcc_processed/ISIC_4255720.jpg,48.83959633795347,73.31972866526675
mskcc_processed/ISIC_4258580.jpg,45.46962701968965,138.60137574279844
mskcc_processed/ISIC_4262437.jpg,21.354377364898106,-61.22147408977802
mskcc_processed/ISIC_4265145.jpg,40.67112493280958,74.29600387433969
mskcc_processed/ISIC_4265533.jpg,28.30075576600638,91.66882545880394
mskcc_processed/ISIC_4269941.jpg,41.0307365432805,92.39046623013111
mskcc_processed/ISIC_4271040.jpg,55.72305641026313,102.82774003328677
mskcc_processed/ISIC_4271877.jpg,27.245087842520736,-15.912392682725246
mskcc_processed/ISIC_4272431.jpg,36.205103034556664,29.107641188376657
mskcc_processed/ISIC_4274161.jpg,48.25722194066696,157.68338431351228
mskcc_processed/ISIC_4275334.jpg,29.875992691689433,32.93274492912295
mskcc_processed/ISIC_4281744.jpg,38.70064629386951,21.855807800713887
mskcc_processed/ISIC_4283800.jpg,40.79101507582978,137.09078609303427
mskcc_processed/ISIC_4285285.jpg,53.18929218796891,168.2250810013724
mskcc_processed/ISIC_4285999.jpg,48.31778116833485,103.61700211016434
mskcc_processed/ISIC_4287561.jpg,45.0,157.01355340853647
mskcc_processed/ISIC_4288577.jpg,53.91110647442278,105.31344528516668
mskcc_processed/ISIC_4288791.jpg,37.568592028827496,32.76855037017984
mskcc_processed/ISIC_4289798.jpg,23.043597800155748,-52.88791535980463
mskcc_processed/ISIC_4291333.jpg,38.884496433714595,68.28973955851421
mskcc_processed/ISIC_4292105.jpg,34.3236443173042,61.558954518761176
mskcc_processed/ISIC_4292568.jpg,39.02843410220357,84.91987663424612
mskcc_processed/ISIC_4308623.jpg,39.02998401914298,21.135327607274764
mskcc_processed/ISIC_4308886.jpg,41.65805614273887,94.86874616422412
mskcc_processed/ISIC_4311355.jpg,38.345574953993406,88.68331253208311
mskcc_processed/ISIC_4312989.jpg,40.200163886095304,116.68686293748608
mskcc_processed/ISIC_4314045.jpg,44.762259540707,154.74299702508418
mskcc_processed/ISIC_4314297.jpg,52.125016348901795,88.47217083719575
mskcc_processed/ISIC_4314436.jpg,47.03091423685311,74.19975124812333
mskcc_processed/ISIC_4316021.jpg,14.782726042615675,-43.008669990617015
mskcc_processed/ISIC_4318050.jpg,28.324982309811237,-4.366996368070029
mskcc_processed/ISIC_4318164.jpg,55.72305641026313,103.89272444860701
mskcc_processed/ISIC_4318443.jpg,42.994352628611395,132.76783176333873
mskcc_processed/ISIC_4318983.jpg,39.093858886229505,135.84688495824653
mskcc_processed/ISIC_4325253.jpg,46.81830296445184,143.2781500992644
mskcc_processed/ISIC_4327384.jpg,45.93919094573558,163.13636183831298
mskcc_processed/ISIC_4328205.jpg,47.66776628044633,76.60079249095452
mskcc_processed/ISIC_4330133.jpg,38.39005610637002,123.50621737613372
mskcc_processed/ISIC_4330526.jpg,35.639809198086674,91.16676333881446
mskcc_processed/ISIC_4337732.jpg,38.10757687751486,84.69577558081825
mskcc_processed/ISIC_4338365.jpg,39.01504768488459,59.26327785603878
mskcc_processed/ISIC_4339720.jpg,55.56101069119639,107.44095212053253
mskcc_processed/ISIC_4340418.jpg,41.395579460824294,61.59099501333041
mskcc_processed/ISIC_4342662.jpg,55.00797980144134,119.26481974527475
mskcc_processed/ISIC_4348425.jpg,36.25383773744479,38.47675053222808
mskcc_processed/ISIC_4348427.jpg,28.610459665965216,-4.082238910920263
mskcc_processed/ISIC_4349439.jpg,46.46880071438582,82.40980339190264
mskcc_processed/ISIC_4349452.jpg,22.78240573048169,101.83446945595354
mskcc_processed/ISIC_4350925.jpg,40.10090754621224,120.3377312360808
mskcc_processed/ISIC_4351901.jpg,47.563770211465005,109.0789171186649
mskcc_processed/ISIC_4352242.jpg,48.34032207969885,156.63660588677075
mskcc_processed/ISIC_4359572.jpg,41.12874376801437,52.758590159104145
mskcc_processed/ISIC_4362360.jpg,48.95233658211577,100.85838134730425
mskcc_processed/ISIC_4362987.jpg,32.653579331273164,125.11139337376157
mskcc_processed/ISIC_4365433.jpg,40.98247895634072,21.427580089034482
mskcc_processed/ISIC_4367054.jpg,61.95189424544694,-85.25577045339818
mskcc_processed/ISIC_4367975.jpg,21.870943165216598,-31.622144071825733
mskcc_processed/ISIC_4369205.jpg,53.77505574447968,95.43153399195951
mskcc_processed/ISIC_4374820.jpg,42.7245435617458,34.85597866271408
mskcc_processed/ISIC_4377283.jpg,42.249914825087586,169.0506287045178
mskcc_processed/ISIC_4378683.jpg,38.90413845540418,17.791743999763156
mskcc_processed/ISIC_4379677.jpg,4.537772507906651,-87.53405589034057
mskcc_processed/ISIC_4381180.jpg,47.79889851357634,174.61498130461555
mskcc_processed/ISIC_4383223.jpg,44.40111122452884,62.20168982640269
mskcc_processed/ISIC_4383659.jpg,45.86805144974554,96.84767914702097
mskcc_processed/ISIC_4386624.jpg,48.90049374238189,176.15516276842328
mskcc_processed/ISIC_4388848.jpg,40.88777115528154,29.20098639730691
mskcc_processed/ISIC_4389472.jpg,45.70154591234523,176.5258424228973
mskcc_processed/ISIC_4395600.jpg,40.67919504501553,165.06293984421598
mskcc_processed/ISIC_4399773.jpg,32.106255955117845,86.97790512309793
mskcc_processed/ISIC_4400772.jpg,34.89496363496204,147.49831062505055
mskcc_processed/ISIC_4401003.jpg,50.792796495032164,133.1884581148474
mskcc_processed/ISIC_4402015.jpg,56.60151153201276,101.67498414361303
mskcc_processed/ISIC_4402253.jpg,30.79030868800554,53.0617724043313
mskcc_processed/ISIC_4402578.jpg,52.27500495788926,104.36534974201763
mskcc_processed/ISIC_4405662.jpg,45.21952298525965,103.4176052918257
mskcc_processed/ISIC_4410153.jpg,30.207612480406635,13.40860115666127
mskcc_processed/ISIC_4410836.jpg,23.043597800155748,-55.16487275827702
mskcc_processed/ISIC_4413505.jpg,47.00253313182688,68.82991554301255
mskcc_processed/ISIC_4415891.jpg,37.79862326159546,27.841823579247254
mskcc_processed/ISIC_4418217.jpg,53.80170832320781,89.29019580938272
mskcc_processed/ISIC_4419047.jpg,12.149091607441349,-46.617434056860006
mskcc_processed/ISIC_4422293.jpg,49.76364169072618,157.45421316029336
mskcc_processed/ISIC_4422483.jpg,48.12213046211571,118.6480955771925
mskcc_processed/ISIC_4423056.jpg,44.315222492990856,155.99785004937834
mskcc_processed/ISIC_4423573.jpg,23.735875339447702,-27.536428651244567
mskcc_processed/ISIC_4425914.jpg,52.91750303482834,87.11922105672362
mskcc_processed/ISIC_4427037.jpg,43.12212255271464,155.51511608534503
mskcc_processed/ISIC_4427368.jpg,35.882137246204216,60.60601717754366
mskcc_processed/ISIC_4428190.jpg,9.593134262730338,-61.03307655234221
mskcc_processed/ISIC_4429456.jpg,54.174727291750536,111.79635142064649
mskcc_processed/ISIC_4430485.jpg,33.157923884672236,92.11000039873262
mskcc_processed/ISIC_4433064.jpg,42.614055969611194,36.661284901211275
mskcc_processed/ISIC_4433199.jpg,38.82319881739578,100.6641383825607
mskcc_processed/ISIC_4433877.jpg,51.57386002428584,150.34266127623604
mskcc_processed/ISIC_4437414.jpg,5.042451069170913,-77.77145974770035
mskcc_processed/ISIC_4442432.jpg,29.823422412260932,122.07405564981843
mskcc_processed/ISIC_4445355.jpg,41.0206175473218,174.40462774686853
mskcc_processed/ISIC_4446263.jpg,41.85097958115242,28.69645450986316
mskcc_processed/ISIC_4447861.jpg,44.75618964389592,177.36247156324336
mskcc_processed/ISIC_4448250.jpg,43.38969939750101,101.87315239153062
mskcc_processed/ISIC_4450146.jpg,36.45721009232429,73.39421065491204
mskcc_processed/ISIC_4451142.jpg,47.563770211465005,106.52311655554455
mskcc_processed/ISIC_4451212.jpg,39.39256803930824,32.97783168735705
mskcc_processed/ISIC_4452337.jpg,46.060911690264234,174.36139635890052
mskcc_processed/ISIC_4455082.jpg,38.506474687460745,61.99021759985755
mskcc_processed/ISIC_4455812.jpg,49.1320602549526,117.32103657846359
mskcc_processed/ISIC_4456034.jpg,56.164880177548596,101.30246369751531
mskcc_processed/ISIC_4462567.jpg,32.144366027090896,46.87434195544681
mskcc_processed/ISIC_4462887.jpg,41.408740962794475,96.83883212387431
mskcc_processed/ISIC_4465007.jpg,45.233859025873265,117.43334583957086
mskcc_processed/ISIC_4465371.jpg,28.523118606312032,-5.492184310418454
mskcc_processed/ISIC_4469703.jpg,35.45547443444187,69.89837038666265
mskcc_processed/ISIC_4473350.jpg,45.0,138.8528616577508
mskcc_processed/ISIC_4476015.jpg,45.0,70.20510887441726
mskcc_processed/ISIC_4478523.jpg,31.633069303683154,179.03784969756506
mskcc_processed/ISIC_4481258.jpg,52.96961039432135,90.84922277025586
mskcc_processed/ISIC_4483126.jpg,48.36646066342981,147.22601619153335
mskcc_processed/ISIC_4483157.jpg,49.36827743458839,89.08303860393549
mskcc_processed/ISIC_4483741.jpg,44.7519678718435,164.6493975754866
mskcc_processed/ISIC_4486817.jpg,40.43335439460138,23.469470220051406
mskcc_processed/ISIC_4492906.jpg,18.052131939240173,-53.19225758992891
mskcc_processed/ISIC_4493024.jpg,35.682913930873774,35.48693338974289
mskcc_processed/ISIC_4495727.jpg,13.374440464871139,-44.48445452102901
mskcc_processed/ISIC_4500175.jpg,49.460848258516556,113.94227370500641
mskcc_processed/ISIC_4503250.jpg,41.03534527714388,32.28812665024925
mskcc_processed/ISIC_4503982.jpg,40.089738778417434,25.57406489615071
mskcc_processed/ISIC_4504603.jpg,48.416588191771346,145.74305724198445
mskcc_processed/ISIC_4507702.jpg,40.48601154199874,176.19884094562505
mskcc_processed/ISIC_4509486.jpg,34.43198579099067,19.80575791877526
mskcc_processed/ISIC_4510141.jpg,31.70142966950572,6.650043195328142
mskcc_processed/ISIC_4510345.jpg,42.27368900609373,123.47911150513244
mskcc_processed/ISIC_4514869.jpg,29.16025077623705,-1.749296692931105
mskcc_processed/ISIC_4515429.jpg,48.41998309486112,163.4204216416444
mskcc_processed/ISIC_4516283.jpg,47.005647371388605,123.44005028454957
mskcc_processed/ISIC_4526369.jpg,34.446126301730466,52.95175930014486
mskcc_processed/ISIC_4526432.jpg,43.074816291676846,176.97156370227881
mskcc_processed/ISIC_4528101.jpg,13.082990674811107,-42.6178016675986
mskcc_processed/ISIC_4529433.jpg,33.690067525979785,53.74665248249884
mskcc_processed/ISIC_4530032.jpg,28.072486935852954,-46.5740620413299
mskcc_processed/ISIC_4530418.jpg,46.17875916991123,149.02327687953377
mskcc_processed/ISIC_4531562.jpg,29.78741713137951,-0.11761707143644307
mskcc_processed/ISIC_4533418.jpg,55.407711312490065,113.99081733517174
mskcc_processed/ISIC_4537571.jpg,38.27752348816549,41.925548519515765
mskcc_processed/ISIC_4541465.jpg,38.917663306717955,78.60800983532647
mskcc_processed/ISIC_4544035.jpg,31.68236602705063,-76.5650427667437
mskcc_processed/ISIC_4544243.jpg,50.541204778039855,148.28420008843193
mskcc_processed/ISIC_4548020.jpg,44.11859600341787,155.26024665113795
mskcc_processed/ISIC_4548744.jpg,48.130244862219094,133.82488276690114
mskcc_processed/ISIC_4550325.jpg,14.703551823761563,-52.8527755705735
mskcc_processed/ISIC_4551920.jpg,41.12532679643486,99.36323108052042
mskcc_processed/ISIC_4558756.jpg,32.47119229084849,53.180994704586276
mskcc_processed/ISIC_4559309.jpg,44.587807258597685,74.61514231446789
mskcc_processed/ISIC_4559993.jpg,53.186385027126434,114.72823596165028
mskcc_processed/ISIC_4563547.jpg,16.880330165523855,-37.5138834157162
mskcc_processed/ISIC_4563661.jpg,18.18365315571306,-38.513345936835805
mskcc_processed/ISIC_4563737.jpg,43.98781238601755,55.5389667154772
mskcc_processed/ISIC_4566031.jpg,44.52649194126507,166.4340723771283
mskcc_processed/ISIC_4566076.jpg,41.7018570063156,28.9898289769993
mskcc_processed/ISIC_4566756.jpg,35.150985488882974,26.1078339568391
mskcc_processed/ISIC_4567446.jpg,32.3944226456154,14.920992846442559
mskcc_processed/ISIC_4568752.jpg,47.48955292199915,119.58549679662131
mskcc_processed/ISIC_4569162.jpg,55.00797980144134,111.51766363631927
mskcc_processed/ISIC_4571064.jpg,39.847918297793775,83.0489667078136
mskcc_processed/ISIC_4573110.jpg,42.429262889309484,124.03988439021464
mskcc_processed/ISIC_4573174.jpg,53.76027800001613,107.7672489527122
mskcc_processed/ISIC_4586744.jpg,49.811534501678054,74.78422252018318
mskcc_processed/ISIC_4589529.jpg,45.63424471442612,78.23132236397043
mskcc_processed/ISIC_4589637.jpg,35.27875737464944,33.23989384417256
mskcc_processed/ISIC_4592122.jpg,36.6419315563,172.7354696530061
mskcc_processed/ISIC_4593111.jpg,34.21570213243741,138.7403243323597
mskcc_processed/ISIC_4595340.jpg,47.060111023723124,95.88062408099755
mskcc_processed/ISIC_4598532.jpg,55.03021331973284,106.28583776076103
mskcc_processed/ISIC_4601667.jpg,42.54596832547293,38.16799265133197
mskcc_processed/ISIC_4602351.jpg,42.147088689213646,40.05066079735646
mskcc_processed/ISIC_4603507.jpg,51.7590811269705,130.98818326272712
mskcc_processed/ISIC_4603933.jpg,42.64670313389169,48.34686775016967
mskcc_processed/ISIC_4608657.jpg,61.98702257693283,-81.12945825066912
mskcc_processed/ISIC_4612094.jpg,44.58482045885514,65.17657315657411
mskcc_processed/ISIC_4614723.jpg,38.27752348816549,93.04095487539767
mskcc_processed/ISIC_4620888.jpg,49.08561677997488,86.80679520378453
mskcc_processed/ISIC_4621116.jpg,35.79493742080571,33.47804923222818
mskcc_processed/ISIC_4622494.jpg,23.64901975234641,111.03389165728994
mskcc_processed/ISIC_4622932.jpg,35.46676720996999,50.772352419460674
mskcc_processed/ISIC_4624610.jpg,50.71059313749964,82.46936738454622
mskcc_processed/ISIC_4625992.jpg,32.3944226456154,25.05651871228586
mskcc_processed/ISIC_4628475.jpg,45.47350805873493,178.47807812512687
mskcc_processed/ISIC_4629438.jpg,48.14495746469803,120.03984399514437
mskcc_processed/ISIC_4633407.jpg,33.77110817846126,27.812251317599653
mskcc_processed/ISIC_4634037.jpg,39.76252393318749,115.47136204782429
mskcc_processed/ISIC_4636619.jpg,48.731396999160445,96.5230630455594
mskcc_processed/ISIC_4641835.jpg,55.79310312022312,105.17601645837128
mskcc_processed/ISIC_4643505.jpg,47.94644738001233,136.82077511761716
mskcc_processed/ISIC_4644964.jpg,41.15396990995262,158.85704443200012
mskcc_processed/ISIC_4646199.jpg,30.131718641501795,26.595013419620773
mskcc_processed/ISIC_4653027.jpg,60.20240870917614,-79.95691665291687
mskcc_processed/ISIC_4654236.jpg,42.87890360333855,168.02690823369036
mskcc_processed/ISIC_4656533.jpg,28.468918996594326,-10.632122081535464
mskcc_processed/ISIC_4658175.jpg,33.593447416027594,24.32369951321514
mskcc_processed/ISIC_4660125.jpg,45.690277197865086,163.47603982171506
mskcc_processed/ISIC_4660219.jpg,49.9893625696422,164.34201148715903
mskcc_processed/ISIC_4661051.jpg,45.20834737080621,66.10871666140712
mskcc_processed/ISIC_4663947.jpg,51.559211242994536,93.92927848826842
mskcc_processed/ISIC_4672702.jpg,44.798963002165394,56.245206364055036
mskcc_processed/ISIC_4678323.jpg,31.88356387460853,84.5420694763841
mskcc_processed/ISIC_4678402.jpg,46.06485469345896,85.21417469078266
mskcc_processed/ISIC_4678631.jpg,40.63316103744348,45.40311057133419
mskcc_processed/ISIC_4678961.jpg,49.33231398318851,127.6695211684028
mskcc_processed/ISIC_4680011.jpg,52.72863699595161,125.2166925830469
mskcc_processed/ISIC_4680179.jpg,38.09469370140615,19.76293410072035
mskcc_processed/ISIC_4681085.jpg,54.96380418990719,102.71687720000158
mskcc_processed/ISIC_4681690.jpg,30.672325782335115,3.653035010993945
mskcc_processed/ISIC_4685095.jpg,53.7314672694142,100.31303282688037
mskcc_processed/ISIC_4686654.jpg,28.673146489434995,-67.58130046878532
mskcc_processed/ISIC_4693490.jpg,33.690067525979785,93.96471573908858
mskcc_processed/ISIC_4694006.jpg,18.671706894829118,-44.588186559817494
mskcc_processed/ISIC_4696561.jpg,46.30195267257888,142.2959361573037
mskcc_processed/ISIC_4697269.jpg,46.636577041616725,132.8582514505571
mskcc_processed/ISIC_4701942.jpg,51.00900595749453,75.33251850827664
mskcc_processed/ISIC_4701954.jpg,61.303095349064264,-87.92803194924399
mskcc_processed/ISIC_4702003.jpg,47.17975599174153,64.78093050768835
mskcc_processed/ISIC_4702180.jpg,18.79229832348605,-24.28787840406079
mskcc_processed/ISIC_4703932.jpg,49.16361262005325,165.59277279228272
mskcc_processed/ISIC_4704773.jpg,39.559667968994496,62.570687188146294
mskcc_processed/ISIC_4707591.jpg,43.12212255271464,142.8806434419834
mskcc_processed/ISIC_4709170.jpg,47.060111023723124,130.03675156403253
mskcc_processed/ISIC_4710953.jpg,45.902221161530164,125.2262044881587
mskcc_processed/ISIC_4712289.jpg,41.069824454274524,113.22527229797225
mskcc_processed/ISIC_4725986.jpg,43.593018121017984,56.401044500716466
mskcc_processed/ISIC_4726742.jpg,22.315588575870766,-49.96336331564368
mskcc_processed/ISIC_4733818.jpg,42.52696835191236,38.72901884823891
mskcc_processed/ISIC_4734994.jpg,44.28084388345493,152.82448642348095
mskcc_processed/ISIC_4736146.jpg,49.864514437760526,94.93484900917781
mskcc_processed/ISIC_4736780.jpg,43.02506598911803,169.87281850714
mskcc_processed/ISIC_4738259.jpg,53.13010235415598,114.08920679188367
mskcc_processed/ISIC_4739363.jpg,50.349177429529284,132.31855456821634
mskcc_processed/ISIC_4743086.jpg,46.2188752351313,66.11544075708244
mskcc_processed/ISIC_4744405.jpg,30.379126011368346,176.95416726319547
mskcc_processed/ISIC_4746206.jpg,51.6764800604021,87.25826981047004
mskcc_processed/ISIC_4748693.jpg,39.593050629528435,148.744585696608
mskcc_processed/ISIC_4750045.jpg,50.29704810459679,77.14655631025263
mskcc_processed/ISIC_4753033.jpg,43.23760897633949,94.01659996702953
mskcc_processed/ISIC_4753057.jpg,46.64834450489614,70.465812680334
mskcc_processed/ISIC_4754941.jpg,40.22050008119466,36.69139579404853
mskcc_processed/ISIC_4756940.jpg,50.69109814692394,82.19292454726333
mskcc_processed/ISIC_4757258.jpg,30.499833233447433,93.85987448603127
mskcc_processed/ISIC_4758674.jpg,38.32780000280058,98.16608036683127
mskcc_processed/ISIC_4758863.jpg,42.54596832547293,65.62065505019062
mskcc_processed/ISIC_4759444.jpg,32.56676481190436,55.82048692271428
mskcc_processed/ISIC_4763470.jpg,41.61013419918209,35.911791829205235
mskcc_processed/ISIC_4765877.jpg,55.23977462904013,98.04871943309654
mskcc_processed/ISIC_4766081.jpg,28.277186956347236,18.720833790128484
mskcc_processed/ISIC_4767395.jpg,46.53630012888379,140.19221793201507
mskcc_processed/ISIC_4773528.jpg,14.243460573547827,-82.23572090917884
mskcc_processed/ISIC_4774091.jpg,44.52649194126507,172.6796825509441
mskcc_processed/ISIC_4774715.jpg,44.749801679802445,179.46978632570412
mskcc_processed/ISIC_4776217.jpg,45.0,61.5216199464239
mskcc_processed/ISIC_4776301.jpg,43.830860672092584,45.8046947494844
mskcc_processed/ISIC_4776612.jpg,10.304846468766033,-77.20183949107438
mskcc_processed/ISIC_4776973.jpg,10.765755544742914,-55.31904719772269
mskcc_processed/ISIC_4777031.jpg,44.028978068920836,168.10342813535974
mskcc_processed/ISIC_4778158.jpg,52.17171216538709,87.03921870179214
mskcc_processed/ISIC_4779747.jpg,45.70731936854426,138.4643541834803
mskcc_processed/ISIC_4779831.jpg,46.311887782504115,107.86833382166944
mskcc_processed/ISIC_4779974.jpg,28.935815507328364,157.13711109427877
mskcc_processed/ISIC_4783596.jpg,38.57652956344343,23.24561779606152
mskcc_processed/ISIC_4784004.jpg,42.40813329476501,101.14400073522484
mskcc_processed/ISIC_4784356.jpg,44.61023880468194,43.60815739961742
mskcc_processed/ISIC_4785152.jpg,49.23639479905884,131.148867560239
mskcc_processed/ISIC_4785806.jpg,48.64312821220603,130.11036937054956
mskcc_processed/ISIC_4787049.jpg,20.90407908333265,-31.176625366664034
mskcc_processed/ISIC_4787752.jpg,46.22933448647789,168.68704582263643
mskcc_processed/ISIC_4790521.jpg,44.153325976138504,173.80832827760977
mskcc_processed/ISIC_4791894.jpg,46.501792522359345,121.82231758589477
mskcc_processed/ISIC_4794772.jpg,50.26494675460581,85.08450501409888
mskcc_processed/ISIC_4799246.jpg,28.7747246388218,-88.30599387706984
mskcc_processed/ISIC_4803497.jpg,47.12109639666145,142.6687428313099
mskcc_processed/ISIC_4804184.jpg,44.249443203635735,153.3615883342282
mskcc_processed/ISIC_4807128.jpg,43.67802434046302,85.45670159698916
mskcc_processed/ISIC_4811321.jpg,17.402704131356284,-72.125306298865
mskcc_processed/ISIC_4815153.jpg,46.81830296445184,129.71489882548025
mskcc_processed/ISIC_4817857.jpg,28.739795291688043,105.62982686203976
mskcc_processed/ISIC_4824083.jpg,42.17019240711285,62.12457869598171
mskcc_processed/ISIC_4824148.jpg,43.322360533846535,114.38803364256475
mskcc_processed/ISIC_4824729.jpg,29.26119856255055,14.43109017738724
mskcc_processed/ISIC_4825698.jpg,28.231918258663562,31.752187084986776
mskcc_processed/ISIC_4830686.jpg,48.28924267849183,162.09091960873343
mskcc_processed/ISIC_4834702.jpg,47.7079174858662,69.42734549000407
mskcc_processed/ISIC_4836903.jpg,43.84032479151644,109.42443886799134
mskcc_processed/ISIC_4837079.jpg,27.89727103094763,-88.4126624341543
mskcc_processed/ISIC_4837346.jpg,34.38034472384487,21.659906762996886
mskcc_processed/ISIC_4839937.jpg,53.62735314406524,105.38219375253664
mskcc_processed/ISIC_4842443.jpg,34.07719528013074,23.213014159818186
mskcc_processed/ISIC_4845322.jpg,34.1769887737929,66.16792544747392
mskcc_processed/ISIC_4846289.jpg,22.119362823582303,92.70619366725576
mskcc_processed/ISIC_4847804.jpg,8.412345290426837,-56.873761912332355
mskcc_processed/ISIC_4851320.jpg,42.13759477388826,162.09079650941086
mskcc_processed/ISIC_4851513.jpg,43.830860672092584,39.432176824444156
mskcc_processed/ISIC_4852418.jpg,49.23639479905884,127.69045507677919
mskcc_processed/ISIC_4852619.jpg,45.75884012426855,37.94192457582985
mskcc_processed/ISIC_4854240.jpg,41.735716275981474,50.05428796962827
mskcc_processed/ISIC_4857038.jpg,47.005647371388605,139.27636920184764
mskcc_processed/ISIC_4862530.jpg,36.995271142707146,28.941787549473496
mskcc_processed/ISIC_4862550.jpg,23.84681797523904,7.220561967967928
mskcc_processed/ISIC_4863276.jpg,14.036243467926477,-78.38942740440189
mskcc_processed/ISIC_4864909.jpg,34.69515353123397,21.78109951910473
mskcc_processed/ISIC_4866668.jpg,49.62415132842907,102.70253067028034
mskcc_processed/ISIC_4869570.jpg,37.41962706187638,69.39958668085836
mskcc_processed/ISIC_4873939.jpg,46.18853860920882,126.54178458465574
mskcc_processed/ISIC_4881498.jpg,4.573921259900861,-93.14456854436965
mskcc_processed/ISIC_4884213.jpg,43.814739181377604,42.079861166106056
mskcc_processed/ISIC_4885293.jpg,41.28976878469873,33.26018693471856
mskcc_processed/ISIC_4885374.jpg,34.04593735660166,23.83694486579521
mskcc_processed/ISIC_4885914.jpg,47.00253313182688,63.75531871213417
mskcc_processed/ISIC_4887944.jpg,20.41842551743132,33.55995865397034
mskcc_processed/ISIC_4889108.jpg,38.19094982038659,32.49710513057488
mskcc_processed/ISIC_4891859.jpg,41.524767223269905,148.61518249442787
mskcc_processed/ISIC_4895062.jpg,22.90576965841719,-30.174646491067488
mskcc_processed/ISIC_4895408.jpg,38.30577086810683,176.56873769949215
mskcc_processed/ISIC_4896169.jpg,42.46644111160543,173.01914861764712
mskcc_processed/ISIC_4898721.jpg,39.472459848343824,23.60088242938198
mskcc_processed/ISIC_4905924.jpg,25.240529264786794,-25.198584582999466
mskcc_processed/ISIC_4909625.jpg,40.999814239486895,40.687656752634254
mskcc_processed/ISIC_4911837.jpg,32.11968885097514,12.8806452963763
mskcc_processed/ISIC_4914512.jpg,47.5093647398517,160.15704024114928
mskcc_processed/ISIC_4914569.jpg,1.6602823689828055,-66.02429629615663
mskcc_processed/ISIC_4921410.jpg,34.34205394350414,18.081395055567704
mskcc_processed/ISIC_4924491.jpg,50.66728567823914,151.53896792468458
mskcc_processed/ISIC_4925726.jpg,54.716685817785105,109.32262972374622
mskcc_processed/ISIC_4927141.jpg,37.22357080509048,114.18932302064951
mskcc_processed/ISIC_4930290.jpg,47.30906278902569,169.49607327207772
mskcc_processed/ISIC_4931349.jpg,39.8055710922652,139.81675178328925
mskcc_processed/ISIC_4931688.jpg,23.587030525128238,-6.345049220268452
mskcc_processed/ISIC_4933470.jpg,13.374440464871139,-45.813477737678596
mskcc_processed/ISIC_4936510.jpg,46.273030020056716,120.91276894115174
mskcc_processed/ISIC_4937492.jpg,39.33629374197943,85.25813915867583
mskcc_processed/ISIC_4942400.jpg,52.20137673840454,172.02741587663803
mskcc_processed/ISIC_4944646.jpg,55.03021331973284,105.49181146992278
mskcc_processed/ISIC_4945008.jpg,41.28976878469873,22.928329555088144
mskcc_processed/ISIC_4946141.jpg,45.69586593950879,120.9950396929514
mskcc_processed/ISIC_4946277.jpg,35.445710327598235,160.7519894518952
mskcc_processed/ISIC_4951804.jpg,46.16913932790743,167.21546034247984
mskcc_processed/ISIC_4952147.jpg,28.749661966209608,101.9438338777415
mskcc_processed/ISIC_4952569.jpg,50.26769712804423,124.53423874046476
mskcc_processed/ISIC_4956131.jpg,41.05481377096244,150.6418455839362
mskcc_processed/ISIC_4958714.jpg,38.95590783775889,90.30117157240682
mskcc_processed/ISIC_4960944.jpg,30.566269889554516,93.28461657295807
mskcc_processed/ISIC_4963128.jpg,54.39823299592602,107.34517657186575
mskcc_processed/ISIC_4971556.jpg,42.54596832547293,46.41953244443299
mskcc_processed/ISIC_4981214.jpg,54.8740592517574,106.6673924135037
mskcc_processed/ISIC_4982166.jpg,49.72798781884221,165.511202714665
mskcc_processed/ISIC_4991691.jpg,42.55295135767639,179.20737822104664
mskcc_processed/ISIC_4992143.jpg,47.96486130916022,157.4608789754739
mskcc_processed/ISIC_4994871.jpg,38.083162797813664,19.825571649983853
mskcc_processed/ISIC_4996125.jpg,25.259390519808907,-7.557072273746476
mskcc_processed/ISIC_5006719.jpg,43.7811247648687,102.39378065752341
mskcc_processed/ISIC_5007319.jpg,47.12109639666145,99.55741099839152
mskcc_processed/ISIC_5008211.jpg,48.84094902533696,84.25040664881043
mskcc_processed/ISIC_5012605.jpg,40.64059215565518,170.7073417240174
mskcc_processed/ISIC_5017272.jpg,50.19442890773481,86.86722660586972
mskcc_processed/ISIC_5018956.jpg,28.582767169565223,4.746145300158055
mskcc_processed/ISIC_5020156.jpg,50.07960786001456,126.14264554836238
mskcc_processed/ISIC_5020996.jpg,46.26181753888613,165.30179152452044
mskcc_processed/ISIC_5025147.jpg,35.387885245634116,32.69109939479304
mskcc_processed/ISIC_5025789.jpg,50.71059313749964,106.34004702993346
mskcc_processed/ISIC_5026444.jpg,42.17019240711285,67.99758489319834
mskcc_processed/ISIC_5033803.jpg,46.30195267257888,93.72344147192784
mskcc_processed/ISIC_5038473.jpg,45.0,70.0166308541534
mskcc_processed/ISIC_5039596.jpg,46.03410754488345,72.87508348118725
mskcc_processed/ISIC_5041804.jpg,55.95406264339833,95.96443614348622
mskcc_processed/ISIC_5042076.jpg,42.52833523836659,55.42157477062546
mskcc_processed/ISIC_5043403.jpg,43.66778014613036,163.24410575549234
mskcc_processed/ISIC_5043853.jpg,45.67936475546525,121.58154386820783
mskcc_processed/ISIC_5045785.jpg,26.891519322069446,9.312431085911884
mskcc_processed/ISIC_5051897.jpg,48.31458582064349,153.34655868260322
mskcc_processed/ISIC_5055399.jpg,1.2636725516582683,-72.10485016073814
mskcc_processed/ISIC_5059032.jpg,8.806792694435307,-59.13263360795141
mskcc_processed/ISIC_5059940.jpg,33.78936687112333,27.74728720916374
mskcc_processed/ISIC_5060302.jpg,42.01336300952484,148.39498142428408
mskcc_processed/ISIC_5060963.jpg,50.29704810459679,70.48014175966762
mskcc_processed/ISIC_5065357.jpg,33.86717910872587,31.387873292606457
mskcc_processed/ISIC_5069035.jpg,43.05851360908562,174.74902605466582
mskcc_processed/ISIC_5069979.jpg,42.614055969611194,170.42828548866655
mskcc_processed/ISIC_5070273.jpg,42.148543709262924,58.10189205199119
mskcc_processed/ISIC_5070845.jpg,35.3112134396332,99.77468924905219
mskcc_processed/ISIC_5071422.jpg,49.76364169072618,140.56725918620498
mskcc_processed/ISIC_5073501.jpg,53.13010235415598,124.43905356039248
mskcc_processed/ISIC_5077137.jpg,20.979753202735104,-67.1600506564337
mskcc_processed/ISIC_5080342.jpg,43.322360533846535,110.4337494601635
mskcc_processed/ISIC_5082044.jpg,42.78795799795165,155.5513737091434
mskcc_processed/ISIC_5083235.jpg,7.394008642598279,-78.87963148618232
mskcc_processed/ISIC_5083963.jpg,17.306731391110045,-58.20314170180105
mskcc_processed/ISIC_5084718.jpg,8.591225432227644,-60.779170101910516
mskcc_processed/ISIC_5087519.jpg,51.79788250028634,85.40818959753084
mskcc_processed/ISIC_5088938.jpg,43.36342295838328,111.27575969936194
mskcc_processed/ISIC_5090842.jpg,49.96041068756209,121.98821192904842
mskcc_processed/ISIC_5095940.jpg,44.169684513742,62.21931269413781
mskcc_processed/ISIC_5096635.jpg,32.887377074014985,125.40269228439179
mskcc_processed/ISIC_5100758.jpg,44.00365210349507,158.07253195144023
mskcc_processed/ISIC_5102445.jpg,54.76970005053124,98.70254181065404
mskcc_processed/ISIC_5102997.jpg,39.72932924835904,47.069002639062624
mskcc_processed/ISIC_5103118.jpg,48.34194385726114,93.36432223388617
mskcc_processed/ISIC_5104213.jpg,8.471144633014832,-59.52843203489792
mskcc_processed/ISIC_5105169.jpg,46.15036306132966,148.63101628509486
mskcc_processed/ISIC_5108148.jpg,24.507405230129713,-36.521681022523595
mskcc_processed/ISIC_5109472.jpg,32.95436761473421,28.000183912347538
mskcc_processed/ISIC_5111615.jpg,34.03889596797875,72.40543432593401
mskcc_processed/ISIC_5111679.jpg,25.03978431967598,-79.39527297996202
mskcc_processed/ISIC_5114068.jpg,39.66784111834044,133.2636335033037
mskcc_processed/ISIC_5118186.jpg,46.8476102659946,142.13168155890838
mskcc_processed/ISIC_5124845.jpg,44.51030440687077,167.5958085777421
mskcc_processed/ISIC_5128109.jpg,44.07595464722729,159.57459218175111
mskcc_processed/ISIC_5129209.jpg,48.868204038321714,83.77326616634986
mskcc_processed/ISIC_5132483.jpg,56.090128771583075,101.69577436511543
mskcc_processed/ISIC_5132920.jpg,39.69036525654644,49.25486515526064
mskcc_processed/ISIC_5136065.jpg,35.11201118442221,154.8255454199327
mskcc_processed/ISIC_5137277.jpg,43.518542829112924,165.59789057155695
mskcc_processed/ISIC_5137398.jpg,41.60507645788172,117.68811741406633
mskcc_processed/ISIC_5138395.jpg,36.40877456777236,40.82485064220454
mskcc_processed/ISIC_5143906.jpg,17.545728745696305,-49.37740027448808
mskcc_processed/ISIC_5144411.jpg,38.607626319962975,46.56660587802649
mskcc_processed/ISIC_5146034.jpg,41.987212495816664,165.6492930194345
mskcc_processed/ISIC_5148601.jpg,25.392922556142917,26.84082339899868
mskcc_processed/ISIC_5149524.jpg,36.61439976520287,50.88112635202956
mskcc_processed/ISIC_5151603.jpg,43.02506598911803,166.17282994997598
mskcc_processed/ISIC_5151955.jpg,52.028396238949604,94.68792583942646
mskcc_processed/ISIC_5152870.jpg,47.48955292199915,163.6580313474789
mskcc_processed/ISIC_5154735.jpg,43.593018121017984,53.1033645559427
mskcc_processed/ISIC_5156582.jpg,20.92450174492117,-44.162310066229466
mskcc_processed/ISIC_5157059.jpg,33.690067525979785,85.76884850885428
mskcc_processed/ISIC_5158089.jpg,30.672325782335115,21.472371553918062
mskcc_processed/ISIC_5159090.jpg,39.8055710922652,41.97398551848394
mskcc_processed/ISIC_5159612.jpg,39.22051417484409,83.43247913070964
mskcc_processed/ISIC_5161902.jpg,43.264295411071615,67.684381544695
mskcc_processed/ISIC_5163402.jpg,33.76687147396233,14.60339752405522
mskcc_processed/ISIC_5167099.jpg,38.27564690689035,102.14895255040376
mskcc_processed/ISIC_5167326.jpg,26.56505117707799,133.9613178600048
mskcc_processed/ISIC_5167995.jpg,51.63251461513847,171.34041852790645
mskcc_processed/ISIC_5170755.jpg,38.40939123185112,60.11235314205989
mskcc_processed/ISIC_5179348.jpg,42.5940294833547,157.62871766200192
mskcc_processed/ISIC_5179556.jpg,47.91843472078156,132.1008314603914
mskcc_processed/ISIC_5179578.jpg,41.185925165709655,124.81314233530202
mskcc_processed/ISIC_5179651.jpg,45.80692945510237,72.34061886086323
mskcc_processed/ISIC_5180294.jpg,39.04120943675884,32.5722446631938
mskcc_processed/ISIC_5183465.jpg,36.384351815835885,55.28612833668516
mskcc_processed/ISIC_5184969.jpg,45.902221161530164,107.84505073446445
mskcc_processed/ISIC_5185078.jpg,46.650039395577885,169.73839831141072
mskcc_processed/ISIC_5186305.jpg,45.0,68.19723183199409
mskcc_processed/ISIC_5188015.jpg,43.09084756700362,29.052703695992886
mskcc_processed/ISIC_5194362.jpg,45.744059202888714,38.855309578414854
mskcc_processed/ISIC_5195935.jpg,62.250943884784995,-75.79834283193647
mskcc_processed/ISIC_5197463.jpg,39.31396570347943,158.35843465417233
mskcc_processed/ISIC_5197943.jpg,36.43085812016236,164.993513686058
mskcc_processed/ISIC_5199140.jpg,42.008169254031,34.97411835897714
mskcc_processed/ISIC_5199307.jpg,39.8521151758637,154.93066163352628
mskcc_processed/ISIC_5199953.jpg,28.926425835253614,113.005095367273
mskcc_processed/ISIC_5203229.jpg,47.43664824681013,74.75000129752226
mskcc_processed/ISIC_5210866.jpg,41.02750405924934,42.041715544333016
mskcc_processed/ISIC_5211730.jpg,45.79023650242919,61.08963571920683
mskcc_processed/ISIC_5214005.jpg,45.812651594253744,58.514041463348434
mskcc_processed/ISIC_5215310.jpg,49.99794209392792,129.82168859387372
mskcc_processed/ISIC_5215759.jpg,45.0,61.458985288451665
mskcc_processed/ISIC_5218685.jpg,45.61167547471379,78.66706552773206
mskcc_processed/ISIC_5221008.jpg,41.45131802609555,42.628179541963114
mskcc_processed/ISIC_5222614.jpg,46.636577041616725,179.0098068903874
mskcc_processed/ISIC_5230609.jpg,20.112588289075482,-38.65545604741999
mskcc_processed/ISIC_5230733.jpg,53.80679269443531,123.7254870397186
mskcc_processed/ISIC_5233298.jpg,28.072486935852954,38.21630476668655
mskcc_processed/ISIC_5240235.jpg,46.94808500651495,64.58448474483713
mskcc_processed/ISIC_5242547.jpg,49.91026122158257,79.44810664173323
mskcc_processed/ISIC_5244430.jpg,41.1214754971523,116.79669517956353
mskcc_processed/ISIC_5245119.jpg,51.34019174590991,127.75597983085889
mskcc_processed/ISIC_5245314.jpg,43.44131579378918,47.66580099894297
mskcc_processed/ISIC_5245497.jpg,33.360311284870214,23.464619435475527
mskcc_processed/ISIC_5248303.jpg,56.381462748359816,102.19213993526577
mskcc_processed/ISIC_5251815.jpg,40.34174589032439,51.664628726145324
mskcc_processed/ISIC_5252808.jpg,54.430823706793646,101.26777430827156
mskcc_processed/ISIC_5254493.jpg,44.537947278569234,128.0891965572039
mskcc_processed/ISIC_5258102.jpg,43.09084756700362,176.1833822390621
mskcc_processed/ISIC_5260567.jpg,46.60226134627098,75.80937976059155
mskcc_processed/ISIC_5262778.jpg,35.30133826228992,24.72245440231729
mskcc_processed/ISIC_5263495.jpg,37.01988625483148,165.92528542455582
mskcc_processed/ISIC_5264086.jpg,49.9863337712355,70.9667565948244
mskcc_processed/ISIC_5264399.jpg,41.185925165709655,75.50537468594273
mskcc_processed/ISIC_5264659.jpg,50.33739998844269,125.50597834944159
mskcc_processed/ISIC_5268178.jpg,34.33692787473161,23.10773723324249
mskcc_processed/ISIC_5272514.jpg,47.13691085375725,144.87620513246617
mskcc_processed/ISIC_5274471.jpg,46.005086005254185,57.217447884528795
mskcc_processed/ISIC_5278486.jpg,45.196891938071914,47.09733967392098
mskcc_processed/ISIC_5278664.jpg,41.48624973939504,177.13457982802123
mskcc_processed/ISIC_5280081.jpg,33.59940972266046,49.180374863466135
mskcc_processed/ISIC_5280820.jpg,53.24071182970788,103.78462505305598
mskcc_processed/ISIC_5281433.jpg,45.0,113.93613743889915
mskcc_processed/ISIC_5281712.jpg,43.61408214918781,117.99950356298245
mskcc_processed/ISIC_5283031.jpg,48.43766499236521,77.72342244096303
mskcc_processed/ISIC_5283681.jpg,41.061260916148804,27.876137886228186
mskcc_processed/ISIC_5288429.jpg,50.58260575653107,159.47439436000104
mskcc_processed/ISIC_5288819.jpg,46.22757883213455,65.69696359620856
mskcc_processed/ISIC_5288988.jpg,56.52372170389733,96.75887672847976
mskcc_processed/ISIC_5290960.jpg,30.379126011368346,110.39832496887271
mskcc_processed/ISIC_5291991.jpg,38.60950468535302,61.20547150016097
mskcc_processed/ISIC_5292115.jpg,29.392175755239265,15.20641276829207
mskcc_processed/ISIC_5293813.jpg,51.65109602506367,101.49725615305925
mskcc_processed/ISIC_5293865.jpg,36.656108415966905,102.79401799131104
mskcc_processed/ISIC_5294560.jpg,39.03551289874688,39.46601742526644
mskcc_processed/ISIC_5308379.jpg,15.28999135822399,-46.691935784461826
mskcc_processed/ISIC_5308705.jpg,43.30284381039972,106.46213641528243
mskcc_processed/ISIC_5311107.jpg,12.613627454018747,-53.31998546317277
mskcc_processed/ISIC_5312190.jpg,38.51188488348946,123.03317886763725
mskcc_processed/ISIC_5316165.jpg,42.20729763428672,95.27343387476773
mskcc_processed/ISIC_5318586.jpg,42.31022967684953,37.96438912020616
mskcc_processed/ISIC_5324238.jpg,56.45389141609222,101.84038223258717
mskcc_processed/ISIC_5326311.jpg,35.09581678702612,31.280722316445082
mskcc_processed/ISIC_5328016.jpg,44.7753118203755,105.39727713342641
mskcc_processed/ISIC_5328206.jpg,43.05851360908562,142.33147158185847
mskcc_processed/ISIC_5330445.jpg,31.526841887268855,168.24782799090707
mskcc_processed/ISIC_5334757.jpg,40.998173419890186,109.45922178236476
mskcc_processed/ISIC_5335461.jpg,45.774220164928074,40.83858766402741
mskcc_processed/ISIC_5336545.jpg,44.11859600341787,122.77021937780468
mskcc_processed/ISIC_5338456.jpg,47.70487598573565,135.80155515213482
mskcc_processed/ISIC_5340959.jpg,36.51839420597067,106.65723310236655
mskcc_processed/ISIC_5347117.jpg,55.137803853085146,101.8994694987335
mskcc_processed/ISIC_5350117.jpg,56.52723527349574,102.90914287284063
mskcc_processed/ISIC_5351632.jpg,36.86989764584402,171.72832198081224
mskcc_processed/ISIC_5351891.jpg,49.519137714706474,77.5325079372792
mskcc_processed/ISIC_5353097.jpg,41.455233544405125,160.9437034870959
mskcc_processed/ISIC_5353739.jpg,51.00900595749453,171.5695082807093
mskcc_processed/ISIC_5354446.jpg,42.225722688699214,153.5836638424906
mskcc_processed/ISIC_5356056.jpg,45.0,59.92107666024163
mskcc_processed/ISIC_5356953.jpg,24.476161510870988,-67.86860157517464
mskcc_processed/ISIC_5358142.jpg,14.676393137450015,-88.70525690426992
mskcc_processed/ISIC_5361833.jpg,46.481457170887076,163.69766164896552
mskcc_processed/ISIC_5363597.jpg,51.766174822553054,89.3972732330592
mskcc_processed/ISIC_5363714.jpg,50.431466832327516,109.61490599929498
mskcc_processed/ISIC_5364866.jpg,43.56790381583536,148.0097929627565
mskcc_processed/ISIC_5371310.jpg,55.95406264339833,100.67039710011602
mskcc_processed/ISIC_5371950.jpg,37.78262084097079,102.02100446479581
mskcc_processed/ISIC_5372960.jpg,33.76555599285791,15.268494250251106
mskcc_processed/ISIC_5373007.jpg,34.43898930880362,15.008065088825608
mskcc_processed/ISIC_5374598.jpg,45.620507647833946,67.67781415387465
mskcc_processed/ISIC_5375079.jpg,42.11703654746046,49.87642866612856
mskcc_processed/ISIC_5377028.jpg,36.285267125138844,51.28683993365755
mskcc_processed/ISIC_5377532.jpg,10.53918372862823,-85.35462409247039
mskcc_processed/ISIC_5377941.jpg,47.68377515946898,121.65620858053065
mskcc_processed/ISIC_5384128.jpg,4.267893300290811,-76.82922313789591
mskcc_processed/ISIC_5384763.jpg,38.84689584880325,38.70241269192075
mskcc_processed/ISIC_5387996.jpg,48.755340073200536,131.47571547716734
mskcc_processed/ISIC_5391223.jpg,28.562931033554666,47.53903088697636
mskcc_processed/ISIC_5392697.jpg,44.03713637436379,178.88020699022854
mskcc_processed/ISIC_5395219.jpg,51.46593209893954,80.69044427272772
mskcc_processed/ISIC_5396132.jpg,4.864514437760525,-62.940462409914595
mskcc_processed/ISIC_5397228.jpg,31.56181184164935,134.79408667607453
mskcc_processed/ISIC_5398258.jpg,37.45057823173673,81.99748926079036
mskcc_processed/ISIC_5401902.jpg,52.36474624498265,105.24305403993537
mskcc_processed/ISIC_5403982.jpg,45.237740459293,158.8687982240588
mskcc_processed/ISIC_5406226.jpg,42.53188208617146,149.41529570513262
mskcc_processed/ISIC_5418482.jpg,31.718368554308036,79.83360662436736
mskcc_processed/ISIC_5421491.jpg,46.17875916991123,175.4987452702685
mskcc_processed/ISIC_5423147.jpg,41.30861401354873,86.8551613745542
mskcc_processed/ISIC_5424906.jpg,27.216111557307475,6.7508833264853925
mskcc_processed/ISIC_5426651.jpg,54.220824040637915,90.78440272420852
mskcc_processed/ISIC_5429493.jpg,44.518534194161646,171.43380218520872
mskcc_processed/ISIC_5429869.jpg,14.33107335028507,-63.20326937128515
mskcc_processed/ISIC_5430412.jpg,55.573523418560924,101.59374677629548
mskcc_processed/ISIC_5430904.jpg,50.01311375503581,94.51253791351053
mskcc_processed/ISIC_5435538.jpg,35.23544212011159,144.92278632363934
mskcc_processed/ISIC_5435983.jpg,43.336274995708415,124.57763205729668
mskcc_processed/ISIC_5440039.jpg,49.3382667914282,77.26825953743447
mskcc_processed/ISIC_5440771.jpg,29.5641381125332,10.95486509156225
mskcc_processed/ISIC_5441278.jpg,43.54364136566032,179.41766992880358
mskcc_processed/ISIC_5442330.jpg,42.7630209365623,170.3861788951989
mskcc_processed/ISIC_5443717.jpg,44.52254622269043,141.5731549070956
mskcc_processed/ISIC_5445705.jpg,49.934164340560066,98.86662684302
mskcc_processed/ISIC_5451915.jpg,49.565262384416975,148.52674322447953
mskcc_processed/ISIC_5452358.jpg,49.96974072811031,108.7421833752104
mskcc_processed/ISIC_5452439.jpg,55.64287074470357,103.48908535249811
mskcc_processed/ISIC_5455009.jpg,36.61296762134051,13.41474122743317
mskcc_processed/ISIC_5456155.jpg,53.569141879837645,99.63329460382504
mskcc_processed/ISIC_5457285.jpg,45.0,94.02007690162779
mskcc_processed/ISIC_5460914.jpg,39.196424504151906,19.360047622246665
mskcc_processed/ISIC_5462347.jpg,44.36104010100836,120.92041681959243
mskcc_processed/ISIC_5464049.jpg,46.548157698977974,176.07928587558317
mskcc_processed/ISIC_5464752.jpg,17.831857628541478,-36.56750452587223
mskcc_processed/ISIC_5465229.jpg,40.40574666873362,154.99307770594532
mskcc_processed/ISIC_5470192.jpg,20.92450174492117,-27.06557083342664
mskcc_processed/ISIC_5473652.jpg,40.48601154199874,161.39189558796434
mskcc_processed/ISIC_5473699.jpg,43.02506598911803,149.69937677680664
mskcc_processed/ISIC_5476163.jpg,28.992595703900157,100.11017407788871
mskcc_processed/ISIC_5476260.jpg,45.43736386752074,138.7020062095591
mskcc_processed/ISIC_5480135.jpg,49.48841683624423,65.25111270401172
mskcc_processed/ISIC_5482890.jpg,51.95295746817391,95.54697419634972
mskcc_processed/ISIC_5484309.jpg,42.604994483127655,79.96330829265116
mskcc_processed/ISIC_5484750.jpg,49.537772507906645,173.43053214500648
mskcc_processed/ISIC_5485905.jpg,32.714083919003336,35.92690928387406
mskcc_processed/ISIC_5487783.jpg,43.59137126466153,111.58269887754929
mskcc_processed/ISIC_5488230.jpg,39.1093735837959,74.04334954244602
mskcc_processed/ISIC_5490282.jpg,37.47617956136138,54.58460487471016
mskcc_processed/ISIC_5493096.jpg,39.41013104017221,108.14074163833047
mskcc_processed/ISIC_5494651.jpg,48.27598181323415,71.13600100564244
mskcc_processed/ISIC_5495018.jpg,42.01336300952484,162.11946567212627
mskcc_processed/ISIC_5495268.jpg,20.32313682966294,-57.14563950607206
mskcc_processed/ISIC_5500422.jpg,48.65222278030634,83.89776463236593
mskcc_processed/ISIC_5500486.jpg,12.613627454018747,-55.71772200195395
mskcc_processed/ISIC_5505824.jpg,40.63648860833808,78.24706922185803
mskcc_processed/ISIC_5509261.jpg,40.33812690476117,156.0915801148115
mskcc_processed/ISIC_5511585.jpg,53.53076560994813,110.90319872621939
mskcc_processed/ISIC_5517753.jpg,14.53445508054012,-62.05850565336608
mskcc_processed/ISIC_5519383.jpg,51.874818028704254,102.58138216994176
mskcc_processed/ISIC_5519691.jpg,50.449886104539274,109.58966314885014
mskcc_processed/ISIC_5522471.jpg,41.378515295882664,115.93867453761285
mskcc_processed/ISIC_5522478.jpg,45.45835645800044,111.1358542442509
mskcc_processed/ISIC_5523792.jpg,48.47991750426973,73.34163019387
mskcc_processed/ISIC_5524238.jpg,39.735053245394184,30.997193098737025
mskcc_processed/ISIC_5524871.jpg,51.79788250028634,82.09621364667099
mskcc_processed/ISIC_5526768.jpg,46.07282927579154,81.80418225334606
mskcc_processed/ISIC_5527257.jpg,43.02506598911803,68.8087592214878
mskcc_processed/ISIC_5527830.jpg,52.738438087143905,111.58735772354723
mskcc_processed/ISIC_5527953.jpg,45.61167547471379,63.010906147743384
mskcc_processed/ISIC_5528970.jpg,54.23712939983676,108.50480134977003
mskcc_processed/ISIC_5530984.jpg,50.792796495032164,110.50480674221087
mskcc_processed/ISIC_5531821.jpg,49.06857967684541,178.27187338043154
mskcc_processed/ISIC_5533518.jpg,40.325836288869226,26.504711966106612
mskcc_processed/ISIC_5534884.jpg,33.5145832982414,38.84966383608029
mskcc_processed/ISIC_5537675.jpg,32.83779648031817,42.34024785736781
mskcc_processed/ISIC_5540843.jpg,34.93931020467703,32.711166791955186
mskcc_processed/ISIC_5545384.jpg,38.917663306717955,79.20388476022264
mskcc_processed/ISIC_5547412.jpg,47.43664824681013,67.04688893177826
mskcc_processed/ISIC_5548725.jpg,42.225722688699214,167.42478633255823
mskcc_processed/ISIC_5548978.jpg,44.02235121497016,48.72910221267692
mskcc_processed/ISIC_5549523.jpg,43.074816291676846,165.11845025519509
mskcc_processed/ISIC_5549533.jpg,44.298454087654775,171.02004832117277
mskcc_processed/ISIC_5550054.jpg,49.028263666485145,86.04225255035483
mskcc_processed/ISIC_5552582.jpg,34.77783136636388,34.63324828481561
mskcc_processed/ISIC_5553842.jpg,47.30906278902569,167.78764429798787
mskcc_processed/ISIC_5554282.jpg,37.94215335011893,20.05187015638743
mskcc_processed/ISIC_5556024.jpg,44.785410068870604,129.21629282959347
mskcc_processed/ISIC_5562131.jpg,53.3870323786595,118.33710690297251
mskcc_processed/ISIC_5563268.jpg,40.63648860833808,50.515988731279194
mskcc_processed/ISIC_5563414.jpg,45.830315486258016,71.97686012192055
mskcc_processed/ISIC_5576660.jpg,55.65390259993848,101.70026366932755
mskcc_processed/ISIC_5579008.jpg,51.766174822553054,89.12406199541017
mskcc_processed/ISIC_5581947.jpg,30.543244599945147,8.101470550127775
mskcc_processed/ISIC_5582764.jpg,21.4599607304857,-25.78646008436812
mskcc_processed/ISIC_5583980.jpg,32.95436761473421,19.10384259366729
mskcc_processed/ISIC_5585350.jpg,40.77776979385731,27.816220124364154
mskcc_processed/ISIC_5588398.jpg,48.14495746469803,112.50846581061855
mskcc_processed/ISIC_5589139.jpg,32.3944226456154,19.8569608147886
mskcc_processed/ISIC_5589505.jpg,49.65825410967561,143.5377708891065
mskcc_processed/ISIC_5590122.jpg,29.337893654673955,-9.579853581146057
mskcc_processed/ISIC_5590344.jpg,8.073204875825196,-54.59436420831614
mskcc_processed/ISIC_5592128.jpg,43.34996060442212,119.34514446847808
mskcc_processed/ISIC_5593009.jpg,42.89620305314893,128.42885797268613
mskcc_processed/ISIC_5593896.jpg,26.38983527217266,-50.781326314953645
mskcc_processed/ISIC_5595688.jpg,44.762259540707,175.32484750558976
mskcc_processed/ISIC_5596859.jpg,54.55808108183992,107.21113858729147
mskcc_processed/ISIC_5599165.jpg,53.455027677177455,98.37914135784072
mskcc_processed/ISIC_5601442.jpg,51.96346852648805,148.7546952406936
mskcc_processed/ISIC_5601637.jpg,54.70665240933972,97.61062602298942
mskcc_processed/ISIC_5604326.jpg,39.758180053020446,165.3063689781375
mskcc_processed/ISIC_5607628.jpg,45.62959860841026,120.96434981548957
mskcc_processed/ISIC_5608889.jpg,43.167160494057946,71.85443075192988
mskcc_processed/ISIC_5613494.jpg,45.81845546168862,58.70626655292951
mskcc_processed/ISIC_5614290.jpg,33.284440465492175,47.131165844925064
mskcc_processed/ISIC_5615276.jpg,32.246699745424294,27.050926210274678
mskcc_processed/ISIC_5615955.jpg,35.53767779197438,25.10139938453834
mskcc_processed/ISIC_5617042.jpg,22.08717160322835,92.80344030086725
mskcc_processed/ISIC_5618258.jpg,32.556665792106756,69.54228718885598
mskcc_processed/ISIC_5618656.jpg,1.7623910236605127,-85.11608062617739
mskcc_processed/ISIC_5618700.jpg,32.95436761473421,44.2437209587835
mskcc_processed/ISIC_5619350.jpg,47.895761973466584,155.96297907554336
mskcc_processed/ISIC_5620236.jpg,47.19493112320418,66.32387703842858
mskcc_processed/ISIC_5620836.jpg,45.90938044919914,120.15719403739307
mskcc_processed/ISIC_5621105.jpg,41.93771291459995,146.36019033271913
mskcc_processed/ISIC_5621357.jpg,31.380229421940438,19.98710781268309
mskcc_processed/ISIC_5622381.jpg,62.53272766139185,-80.58113398896118
mskcc_processed/ISIC_5623680.jpg,44.56594936786059,79.14405163516402
mskcc_processed/ISIC_5625641.jpg,43.64680804622031,89.73866745051284
mskcc_processed/ISIC_5627042.jpg,34.234244455257084,16.179985776828474
mskcc_processed/ISIC_5627078.jpg,43.44131579378918,55.07003911398545
mskcc_processed/ISIC_5628000.jpg,43.54364136566032,168.12702817493047
mskcc_processed/ISIC_5631443.jpg,45.205360337494874,54.4495458135367
mskcc_processed/ISIC_5634226.jpg,55.49147701233159,104.32036919978226
mskcc_processed/ISIC_5634371.jpg,53.569141879837645,112.4088061085397
mskcc_processed/ISIC_5636067.jpg,38.70187563237026,23.636014488093906
mskcc_processed/ISIC_5636184.jpg,3.4165881917713445,-76.96034608348752
mskcc_processed/ISIC_5637688.jpg,53.57991277538011,131.245004287325
mskcc_processed/ISIC_5638519.jpg,52.22431569404534,104.45028628433637
mskcc_processed/ISIC_5641335.jpg,23.418450445695214,92.69943140684572
mskcc_processed/ISIC_5644320.jpg,53.0758963348383,103.01992758765371
mskcc_processed/ISIC_5645195.jpg,50.07960786001456,127.08921107771718
mskcc_processed/ISIC_5646758.jpg,52.125016348901795,90.3223979920513
mskcc_processed/ISIC_5646811.jpg,48.21548399174821,130.82337687145736
mskcc_processed/ISIC_5647259.jpg,45.0,143.4943326754451
mskcc_processed/ISIC_5647304.jpg,32.22875743509856,11.638627981727918
mskcc_processed/ISIC_5647673.jpg,48.731396999160445,97.93412346558098
mskcc_processed/ISIC_5648816.jpg,43.88543672751529,89.44509196489942
mskcc_processed/ISIC_5648933.jpg,45.409248608034936,62.57028751105591
mskcc_processed/ISIC_5649075.jpg,47.950779109006355,70.40394670998467
mskcc_processed/ISIC_5651895.jpg,25.734735690819978,-0.43868937291522075
mskcc_processed/ISIC_5652805.jpg,43.18169703554817,87.87065551897003
mskcc_processed/ISIC_5654993.jpg,45.84876427155359,85.19645714219237
mskcc_processed/ISIC_5658760.jpg,5.6306827576352605,-63.39775836226654
mskcc_processed/ISIC_5667621.jpg,56.59676752212808,101.49457554937943
mskcc_processed/ISIC_5670357.jpg,45.0,172.95047778462416
mskcc_processed/ISIC_5671517.jpg,16.276262942059958,-51.59284681976116
mskcc_processed/ISIC_5672575.jpg,46.40862873533847,147.89540476184337
mskcc_processed/ISIC_5674720.jpg,48.28924267849183,143.94763525077212
mskcc_processed/ISIC_5675054.jpg,56.45628152870192,108.19147472718417
mskcc_processed/ISIC_5677647.jpg,55.72305641026313,102.49198307273569
mskcc_processed/ISIC_5678055.jpg,29.357753542791272,5.518630241634729
mskcc_processed/ISIC_5678325.jpg,14.136061798147068,-63.883957945079175
mskcc_processed/ISIC_5682805.jpg,48.07745539942438,83.86262692074482
mskcc_processed/ISIC_5683604.jpg,39.52263127117112,154.03193212003978
mskcc_processed/ISIC_5684400.jpg,34.69515353123397,50.82855161052933
mskcc_processed/ISIC_5686782.jpg,40.89720307675798,150.60978389429707
mskcc_processed/ISIC_5688749.jpg,34.47221388003644,50.9678473319966
mskcc_processed/ISIC_5690240.jpg,50.19442890773481,80.28510162859867
mskcc_processed/ISIC_5694298.jpg,36.08507304285213,156.39389077327576
mskcc_processed/ISIC_5694667.jpg,45.70154591234523,133.72998019725594
mskcc_processed/ISIC_5695734.jpg,41.94711748520758,40.46685632068883
mskcc_processed/ISIC_5697971.jpg,27.916913052637216,-25.194039971422434
mskcc_processed/ISIC_5698336.jpg,45.0,178.34059566056703
mskcc_processed/ISIC_5701518.jpg,45.57872556560777,58.63681063209158
mskcc_processed/ISIC_5702157.jpg,32.23443421894138,92.08182188544741
mskcc_processed/ISIC_5702250.jpg,8.906744183779754,-78.68368832508187
mskcc_processed/ISIC_5704503.jpg,48.416588191771346,94.54818785945024
mskcc_processed/ISIC_5706112.jpg,53.71745696459967,98.30478215388887
mskcc_processed/ISIC_5707911.jpg,55.732664556655784,103.11543640428417
mskcc_processed/ISIC_5708282.jpg,55.50506386991735,98.26223715773848
mskcc_processed/ISIC_5709366.jpg,42.76882539196875,148.8069149927521
mskcc_processed/ISIC_5710332.jpg,48.84245312791486,162.7073006916344
mskcc_processed/ISIC_5713900.jpg,45.82434282084515,73.14650172896239
mskcc_processed/ISIC_5714797.jpg,1.7226620716228032,-77.15387178958805
mskcc_processed/ISIC_5716544.jpg,44.790126288432454,73.54117910375396
mskcc_processed/ISIC_5716748.jpg,45.59888877547117,57.63356608934744
mskcc_processed/ISIC_5717048.jpg,46.86094106601303,81.87170912051185
mskcc_processed/ISIC_5718360.jpg,45.19422223746983,68.94976052501113
mskcc_processed/ISIC_5719009.jpg,12.619322293430773,-69.37806641811974
mskcc_processed/ISIC_5721350.jpg,44.803108061928086,55.575668035073555
mskcc_processed/ISIC_5722583.jpg,39.48852258397938,177.96712887862705
mskcc_processed/ISIC_5726234.jpg,43.73818246111387,139.56297277901197
mskcc_processed/ISIC_5727246.jpg,56.67073236176933,103.99237302821791
mskcc_processed/ISIC_5727932.jpg,49.39870535499554,109.35957184657788
mskcc_processed/ISIC_5730352.jpg,49.30446896050799,151.91940048231328
mskcc_processed/ISIC_5735565.jpg,48.98119865642163,107.80483383938966
mskcc_processed/ISIC_5736886.jpg,49.17476989191244,176.29208259516284
mskcc_processed/ISIC_5737015.jpg,3.247342790322922,-62.89247620964739
mskcc_processed/ISIC_5740909.jpg,53.61564818416411,96.87464272935165
mskcc_processed/ISIC_5745637.jpg,56.01383289035141,105.34814245588674
mskcc_processed/ISIC_5747838.jpg,44.762259540707,169.83995009419863
mskcc_processed/ISIC_5751501.jpg,5.527540151656172,-93.23278834589993
mskcc_processed/ISIC_5752139.jpg,49.43266846868987,152.46757376309873
mskcc_processed/ISIC_5752763.jpg,38.72270151040245,176.8797075234309
mskcc_processed/ISIC_5756092.jpg,33.7916556810735,92.88822064128162
mskcc_processed/ISIC_5759116.jpg,41.53177074108286,60.80651861698863
mskcc_processed/ISIC_5759637.jpg,45.0,103.29661538365323
mskcc_processed/ISIC_5762067.jpg,24.667391228034013,-43.7991814257785
mskcc_processed/ISIC_5765060.jpg,48.391339419796346,97.33304890568213
mskcc_processed/ISIC_5773245.jpg,47.05355056351099,160.85616611668962
mskcc_processed/ISIC_5773500.jpg,44.07595464722729,118.75232135107515
mskcc_processed/ISIC_5774456.jpg,33.12199767524138,10.338901839953609
mskcc_processed/ISIC_5774870.jpg,43.465658500299234,169.17712085845957
mskcc_processed/ISIC_5776502.jpg,42.990446186978865,167.4483585759703
mskcc_processed/ISIC_5785244.jpg,44.537947278569234,125.48683602209334
mskcc_processed/ISIC_5790160.jpg,44.55927192723899,103.30714379640587
mskcc_processed/ISIC_5793187.jpg,55.156965519362295,95.52598440538505
mskcc_processed/ISIC_5793319.jpg,35.2833141822149,26.302063793926703
mskcc_processed/ISIC_5793416.jpg,40.862406415855894,174.0602941947631
mskcc_processed/ISIC_5794994.jpg,45.233859025873265,155.9486866747439
mskcc_processed/ISIC_5795011.jpg,25.709953780811265,-25.53550274631132
mskcc_processed/ISIC_5801837.jpg,25.54505604400182,-20.22000711459538
mskcc_processed/ISIC_5804735.jpg,43.339717631017194,60.64631720911452
mskcc_processed/ISIC_5805137.jpg,44.762259540707,171.70446232067667
mskcc_processed/ISIC_5806977.jpg,42.53188208617146,135.72408464484135
mskcc_processed/ISIC_5808987.jpg,21.501434324047903,-62.41870682022795
mskcc_processed/ISIC_5809783.jpg,43.308211431735515,166.32516098736127
mskcc_processed/ISIC_5812648.jpg,44.59651526494125,99.70543980178662
mskcc_processed/ISIC_5815182.jpg,50.60743196069177,105.84189430242013
mskcc_processed/ISIC_5816918.jpg,47.65419551340662,58.40994490449773
mskcc_processed/ISIC_5819466.jpg,24.623564786163612,-9.899259271681895
mskcc_processed/ISIC_5820497.jpg,46.37483478056941,170.47528773016236
mskcc_processed/ISIC_5822765.jpg,46.236407602856154,116.98384401317699
mskcc_processed/ISIC_5824126.jpg,26.725094837683994,121.35286923657844
mskcc_processed/ISIC_5824622.jpg,38.333340109098636,168.18204080642244
mskcc_processed/ISIC_5825321.jpg,48.486829771037144,82.45332629263375
mskcc_processed/ISIC_5827801.jpg,47.88296345253954,70.78530305193355
mskcc_processed/ISIC_5830962.jpg,26.254507987572094,48.44988496410812
mskcc_processed/ISIC_5833312.jpg,41.65805614273887,53.58994173870169
mskcc_processed/ISIC_5833331.jpg,46.28252708271018,86.79173912289676
mskcc_processed/ISIC_5834070.jpg,39.957548930829084,39.405337942684184
mskcc_processed/ISIC_5848378.jpg,45.233859025873265,177.50095677298668
mskcc_processed/ISIC_5852253.jpg,43.36342295838328,103.77137426797361
mskcc_processed/ISIC_5857045.jpg,43.838758091686,40.21869175461843
mskcc_processed/ISIC_5857997.jpg,23.01756179688136,114.59386285972917
mskcc_processed/ISIC_5860843.jpg,45.22468817962451,125.17438380413526
mskcc_processed/ISIC_5860861.jpg,55.71312302279104,108.59566809756066
mskcc_processed/ISIC_5861389.jpg,39.193273094468424,100.49087182473521
mskcc_processed/ISIC_5861986.jpg,48.31458582064349,130.1601676629704
mskcc_processed/ISIC_5864949.jpg,37.990615743378754,62.871717108820974
mskcc_processed/ISIC_5865779.jpg,10.4914770123316,-65.93811423400321
mskcc_processed/ISIC_5866548.jpg,25.734735690819978,66.35849095795331
mskcc_processed/ISIC_5867987.jpg,39.559667968994496,75.19261603241473
mskcc_processed/ISIC_5868421.jpg,41.455233544405125,168.28063012482457
mskcc_processed/ISIC_5868652.jpg,45.0,154.7925585601169
mskcc_processed/ISIC_5868817.jpg,40.25347685657236,46.81854632229769
mskcc_processed/ISIC_5870465.jpg,60.36161631184865,-85.31861128006037
mskcc_processed/ISIC_5872404.jpg,48.486829771037144,88.39575158666997
mskcc_processed/ISIC_5874786.jpg,37.123697888430314,133.21864334638963
mskcc_processed/ISIC_5880565.jpg,44.060809054264425,121.61262577934384
mskcc_processed/ISIC_5880956.jpg,43.22853025996593,40.97725176010324
mskcc_processed/ISIC_5887063.jpg,38.550465296157725,105.35735069627427
mskcc_processed/ISIC_5892396.jpg,43.63607246839708,131.28507331263677
mskcc_processed/ISIC_5893972.jpg,38.45370921670597,24.38932204227857
mskcc_processed/ISIC_5895069.jpg,49.17476989191244,111.28024411700694
mskcc_processed/ISIC_5895126.jpg,28.442928624363347,173.75239780927777
mskcc_processed/ISIC_5895557.jpg,41.80655072671671,166.03980842587737
mskcc_processed/ISIC_5901617.jpg,34.04593735660166,29.402734316107004
mskcc_processed/ISIC_5903747.jpg,48.97938245267821,179.53074713149337
mskcc_processed/ISIC_5904852.jpg,35.925241978991316,20.064025534822015
mskcc_processed/ISIC_5907718.jpg,53.24071182970788,99.42407458698163
mskcc_processed/ISIC_5910912.jpg,43.830860672092584,150.02655428473756
mskcc_processed/ISIC_5911724.jpg,55.864059922087726,103.9200807018512
mskcc_processed/ISIC_5914647.jpg,45.409248608034936,60.96918198196934
mskcc_processed/ISIC_5917692.jpg,33.59940972266046,13.555569094481964
mskcc_processed/ISIC_5923756.jpg,19.728883988274927,104.09204508330374
mskcc_processed/ISIC_5924804.jpg,43.308211431735515,172.65031379412864
mskcc_processed/ISIC_5928388.jpg,37.27136300404839,31.638367254914545
mskcc_processed/ISIC_5935384.jpg,56.73857120672233,101.15511592539823
mskcc_processed/ISIC_5935822.jpg,48.270487923183566,80.26114368907486
mskcc_processed/ISIC_5937864.jpg,50.69109814692394,84.427209123249
mskcc_processed/ISIC_5940799.jpg,53.39292518739251,91.26446562420801
mskcc_processed/ISIC_5941104.jpg,47.92497794915637,87.65720355478308
mskcc_processed/ISIC_5941232.jpg,39.48852258397938,169.77434382313555
mskcc_processed/ISIC_5942899.jpg,19.328129151109984,-55.35760362251625
mskcc_processed/ISIC_5946019.jpg,54.55808108183992,108.99673049317487
mskcc_processed/ISIC_5946801.jpg,44.46454101443547,175.0067758786815
mskcc_processed/ISIC_5947694.jpg,47.12109639666145,139.79904022545725
mskcc_processed/ISIC_5948692.jpg,48.157944796439274,80.12696141856296
mskcc_processed/ISIC_5949884.jpg,45.80128733010702,68.43312840482372
mskcc_processed/ISIC_5949917.jpg,42.929969346958906,157.28052496121745
mskcc_processed/ISIC_5951006.jpg,42.18444331578877,158.41005764835086
mskcc_processed/ISIC_5952338.jpg,42.20110148642365,178.3607117325213
mskcc_processed/ISIC_5952841.jpg,45.92404535277271,167.92181624516186
mskcc_processed/ISIC_5953587.jpg,45.212994481711426,130.93066962183212
mskcc_processed/ISIC_5954450.jpg,36.68487424320812,38.032532988481634
mskcc_processed/ISIC_5955778.jpg,54.013204355642735,106.49527874787324
mskcc_processed/ISIC_5957842.jpg,53.67317404787977,97.10817073824275
mskcc_processed/ISIC_5958769.jpg,38.367485384861546,54.231975204462906
mskcc_processed/ISIC_5959258.jpg,16.927513064147043,-55.55218461932875
mskcc_processed/ISIC_5962665.jpg,27.538823349575534,-3.4895073068127553
mskcc_processed/ISIC_5969148.jpg,36.99879681986182,60.52549575704285
mskcc_processed/ISIC_5969155.jpg,36.07247040807193,62.913756913909346
mskcc_processed/ISIC_5972775.jpg,50.27389595735176,175.11450228138497
mskcc_processed/ISIC_5977826.jpg,54.23712939983676,108.4889860712326
mskcc_processed/ISIC_5982898.jpg,48.447386851865204,159.12156301322923
mskcc_processed/ISIC_5983792.jpg,39.76441033820156,86.72008705128565
mskcc_processed/ISIC_5987759.jpg,39.28940686250036,102.86380419652124
mskcc_processed/ISIC_5993799.jpg,22.68055960702492,-60.21066468483203
mskcc_processed/ISIC_5994694.jpg,39.356681719466025,58.88629595080806
mskcc_processed/ISIC_5997093.jpg,45.195547976270866,53.20198910331607
mskcc_processed/ISIC_5999219.jpg,54.39823299592602,107.32837094910076
mskcc_processed/ISIC_6000364.jpg,8.591225432227644,-63.74873825482994
mskcc_processed/ISIC_6002348.jpg,56.09372301155785,102.30339220577433
mskcc_processed/ISIC_6004986.jpg,43.308211431735515,122.5376836027042
mskcc_processed/ISIC_6005942.jpg,45.92404535277271,170.2552148639947
mskcc_processed/ISIC_6006774.jpg,50.47736872882888,82.60444187895521
mskcc_processed/ISIC_6008169.jpg,48.12213046211571,84.27662886558318
mskcc_processed/ISIC_6008489.jpg,47.63011266335759,79.3473942658098
mskcc_processed/ISIC_6012061.jpg,39.97853895779815,69.82526282179441
mskcc_processed/ISIC_6015429.jpg,43.50566640873347,174.9820797808194
mskcc_processed/ISIC_6015600.jpg,40.39990433373673,40.18660600726074
mskcc_processed/ISIC_6018942.jpg,20.015959602882674,-42.21231083207231
mskcc_processed/ISIC_6022815.jpg,36.31364541876336,31.453606984080018
mskcc_processed/ISIC_6023491.jpg,47.254574965935035,136.2876356578161
mskcc_processed/ISIC_6025214.jpg,38.138477969087624,60.32710716460404
mskcc_processed/ISIC_6027493.jpg,44.78047701474035,82.58406967079516
mskcc_processed/ISIC_6027871.jpg,42.10423802653342,71.52508700125958
mskcc_processed/ISIC_6028139.jpg,33.08485292873497,41.45832016591576
mskcc_processed/ISIC_6029815.jpg,45.397880961834595,55.484058030643794
mskcc_processed/ISIC_6035312.jpg,48.14495746469803,96.74433429646285
mskcc_processed/ISIC_6038182.jpg,43.7811247648687,129.5828062911959
mskcc_processed/ISIC_6041814.jpg,42.749359102962465,172.52962781747107
mskcc_processed/ISIC_6041952.jpg,40.87770218821636,172.33514057285186
mskcc_processed/ISIC_6048055.jpg,63.34371358233798,-88.62810208456428
mskcc_processed/ISIC_6049322.jpg,11.702901480221364,-59.62215841363583
mskcc_processed/ISIC_6050545.jpg,37.038249108991906,18.33355964902032
mskcc_processed/ISIC_6051697.jpg,62.26027883643468,-81.32425989291762
mskcc_processed/ISIC_6052854.jpg,42.70938995736147,101.44417167884875
mskcc_processed/ISIC_6055898.jpg,48.486829771037144,93.30010297026192
mskcc_processed/ISIC_6056440.jpg,45.196891938071914,56.54487458532464
mskcc_processed/ISIC_6057176.jpg,45.216209462462366,87.205381223315
mskcc_processed/ISIC_6058406.jpg,47.290610042638534,130.44369589877408
mskcc_processed/ISIC_6059150.jpg,44.518534194161646,141.03071586440007
mskcc_processed/ISIC_6060269.jpg,37.60599135740173,34.09528978619186
mskcc_processed/ISIC_6066320.jpg,47.03091423685311,87.77685430922817
mskcc_processed/ISIC_6066603.jpg,46.79614315249573,63.60301723994421
mskcc_processed/ISIC_6067623.jpg,42.03176597012828,52.297461012779436
mskcc_processed/ISIC_6068001.jpg,46.0569977767849,96.88825898639396
mskcc_processed/ISIC_6070643.jpg,42.028836738049385,43.58895243302981
mskcc_processed/ISIC_6074905.jpg,2.1529627891004606,-82.18820957225279
mskcc_processed/ISIC_6077089.jpg,53.61564818416411,109.37952965738322
mskcc_processed/ISIC_6079213.jpg,27.395366663336,-9.289439967912218
mskcc_processed/ISIC_6082412.jpg,38.806095032849015,107.06301304244836
mskcc_processed/ISIC_6085142.jpg,43.04007274087363,68.38611298963808
mskcc_processed/ISIC_6085598.jpg,47.09015915371069,87.64231532049445
mskcc_processed/ISIC_6087265.jpg,43.00790642703356,162.44982708589154
mskcc_processed/ISIC_6090871.jpg,23.36434447605962,156.78361611780858
mskcc_processed/ISIC_6093443.jpg,48.179830119864235,67.34927836072767
mskcc_processed/ISIC_6099201.jpg,50.81009942771928,99.00452725498971
mskcc_processed/ISIC_6099618.jpg,40.283309224342226,29.427827595789882
mskcc_processed/ISIC_6103539.jpg,49.20535700170859,99.2551136559194
mskcc_processed/ISIC_6103878.jpg,8.806792694435307,-56.742555758109845
mskcc_processed/ISIC_6105152.jpg,31.66973514666302,88.77521828865426
mskcc_processed/ISIC_6110526.jpg,36.591088267399286,85.46580304820714
mskcc_processed/ISIC_6111092.jpg,54.34002617280532,93.63033860306864
mskcc_processed/ISIC_6116759.jpg,41.912348715014936,150.23679979597793
mskcc_processed/ISIC_6117982.jpg,45.237740459293,143.81678051773628
mskcc_processed/ISIC_6120024.jpg,42.52696835191236,35.22761387866618
mskcc_processed/ISIC_6121120.jpg,45.916654256385286,153.19318189420133
mskcc_processed/ISIC_6123637.jpg,49.340860064691256,64.5184730074297
mskcc_processed/ISIC_6126210.jpg,47.04540848888723,79.43319036645791
mskcc_processed/ISIC_6129374.jpg,33.00916502096075,24.021916555872348
mskcc_processed/ISIC_6133536.jpg,40.08821182749401,121.45426870519893
mskcc_processed/ISIC_6133795.jpg,33.94854297333456,31.962755675604786
mskcc_processed/ISIC_6137213.jpg,44.61547034041549,51.027007238439275
mskcc_processed/ISIC_6137814.jpg,36.05054191579112,25.692587060826177
mskcc_processed/ISIC_6138127.jpg,35.24452400240826,29.441496221096678
mskcc_processed/ISIC_6139914.jpg,11.469530332866906,-53.65888418931705
mskcc_processed/ISIC_6141560.jpg,52.28680311398163,83.45179776779266
mskcc_processed/ISIC_6145721.jpg,46.610300602499,125.66774972638225
mskcc_processed/ISIC_6147670.jpg,36.42476736016478,44.93862633825036
mskcc_processed/ISIC_6150778.jpg,10.154266580200263,-69.94597092362861
mskcc_processed/ISIC_6152293.jpg,39.89783474764182,168.37517627708758
mskcc_processed/ISIC_6157489.jpg,40.454664691251175,90.98012363269534
mskcc_processed/ISIC_6158987.jpg,53.60448159309265,97.37513128753514
mskcc_processed/ISIC_6161955.jpg,39.39256803930824,47.683706891827
mskcc_processed/ISIC_6164982.jpg,34.72899627952093,17.095503462352404
mskcc_processed/ISIC_6165925.jpg,17.46802325127771,-43.043608533129316
mskcc_processed/ISIC_6166448.jpg,54.400780041023836,108.94400411320298
mskcc_processed/ISIC_6168200.jpg,44.51030440687077,144.80240814050728
mskcc_processed/ISIC_6169372.jpg,28.749661966209608,15.28759422764431
mskcc_processed/ISIC_6169477.jpg,42.33223371955367,152.97374227289544
mskcc_processed/ISIC_6171178.jpg,38.659808254090095,174.6262341229612
mskcc_processed/ISIC_6172934.jpg,36.7998539405012,100.88646105349353
mskcc_processed/ISIC_6173218.jpg,44.514454169991865,175.7306164758026
mskcc_processed/ISIC_6175405.jpg,38.811384036758405,87.09148820156207
mskcc_processed/ISIC_6178306.jpg,20.112588289075482,-37.266510727596454
mskcc_processed/ISIC_6178325.jpg,50.40379136024971,81.55432088322026
mskcc_processed/ISIC_6179132.jpg,14.036243467926477,-77.7736653107163
mskcc_processed/ISIC_6179970.jpg,44.794639662505126,109.46046819084003
mskcc_processed/ISIC_6180897.jpg,38.45370921670597,21.216004805770172
mskcc_processed/ISIC_6185396.jpg,54.65183346680425,110.14978607882136
mskcc_processed/ISIC_6186057.jpg,26.075355583948763,-17.904457882239903
mskcc_processed/ISIC_6197202.jpg,44.76803454870179,144.04510835894936
mskcc_processed/ISIC_6198955.jpg,46.37798324630495,65.47095693187579
mskcc_processed/ISIC_6200398.jpg,55.37074152828463,102.37906494094474
mskcc_processed/ISIC_6200802.jpg,50.527540151656176,110.8179565515928
mskcc_processed/ISIC_6203999.jpg,54.2726017772003,101.17823906566161
mskcc_processed/ISIC_6206249.jpg,30.499833233447433,11.386111457745763
mskcc_processed/ISIC_6206380.jpg,46.832839505942054,118.1070081913606
mskcc_processed/ISIC_6207536.jpg,41.88656125194279,143.04535547429532
mskcc_processed/ISIC_6208704.jpg,11.84826623841443,-49.92174506382365
mskcc_processed/ISIC_6211330.jpg,44.012239600360196,135.18114239911202
mskcc_processed/ISIC_6213326.jpg,62.35402463626133,-82.588494466135
mskcc_processed/ISIC_6215176.jpg,31.083122566698727,5.687527350544911
mskcc_processed/ISIC_6218775.jpg,47.903818865096284,111.34290708938786
mskcc_processed/ISIC_6225680.jpg,42.19151512265401,101.7048405983652
mskcc_processed/ISIC_6226003.jpg,9.598903068541803,-72.78331875681903
mskcc_processed/ISIC_6226169.jpg,46.83446903239176,72.35049421473501
mskcc_processed/ISIC_6230640.jpg,49.99794209392792,151.92619800372583
mskcc_processed/ISIC_6233366.jpg,2.1529627891004606,-74.7422587482362
mskcc_processed/ISIC_6234564.jpg,39.080783628694476,30.367685155608612
mskcc_processed/ISIC_6235492.jpg,8.325650330426836,-89.02758388985531
mskcc_processed/ISIC_6238009.jpg,44.28681136498241,146.92990278929324
mskcc_processed/ISIC_6241099.jpg,47.25064089703755,170.88023334511928
mskcc_processed/ISIC_6242097.jpg,19.813793245495656,28.658840324505327
mskcc_processed/ISIC_6242772.jpg,46.8476102659946,139.20226277949482
mskcc_processed/ISIC_6245849.jpg,49.028263666485145,86.08177783669454
mskcc_processed/ISIC_6246017.jpg,53.34899633985646,104.20196874864052
mskcc_processed/ISIC_6246090.jpg,25.06200825579446,-17.321310721441755
mskcc_processed/ISIC_6246172.jpg,47.0700306530411,161.81284674477885
mskcc_processed/ISIC_6247061.jpg,41.062774835175915,70.0532026944539
mskcc_processed/ISIC_6247703.jpg,36.53710886440908,14.80196927347644
mskcc_processed/ISIC_6250861.jpg,43.49256424122503,159.2472819766266
mskcc_processed/ISIC_6251668.jpg,53.24344697289432,111.4295951936911
mskcc_processed/ISIC_6252061.jpg,43.86930904876203,38.084728811968326
mskcc_processed/ISIC_6252147.jpg,38.6034147885278,140.3734947636385
mskcc_processed/ISIC_6254941.jpg,34.234244455257084,14.949394586325804
mskcc_processed/ISIC_6257685.jpg,25.769327624338718,-16.086257319117138
mskcc_processed/ISIC_6274150.jpg,49.887009834921514,129.85031050864853
mskcc_processed/ISIC_6278712.jpg,34.465335222345374,14.507785419973928
mskcc_processed/ISIC_6278866.jpg,50.03604429523887,122.87169398634279
mskcc_processed/ISIC_6278883.jpg,40.93142032315459,130.88618173114162
mskcc_processed/ISIC_6282192.jpg,51.66130163977016,113.64100815900238
mskcc_processed/ISIC_6282443.jpg,44.76027010391915,148.91937704193495
mskcc_processed/ISIC_6286860.jpg,45.60309119438053,66.69379185206229
mskcc_processed/ISIC_6286969.jpg,45.462052721430766,139.69736628960916
mskcc_processed/ISIC_6287967.jpg,39.8521151758637,167.22588217782723
mskcc_processed/ISIC_6288112.jpg,44.518534194161646,132.99258311767883
mskcc_processed/ISIC_6292326.jpg,29.60445074600491,6.2038563262368305
mskcc_processed/ISIC_6294364.jpg,62.43938777261384,-85.56416655371407
mskcc_processed/ISIC_6297484.jpg,42.82525588538994,135.2379135868611
mskcc_processed/ISIC_6297542.jpg,38.893906152715736,161.54700237381508
mskcc_processed/ISIC_6297557.jpg,40.44623202084137,154.40123357847517
mskcc_processed/ISIC_6299846.jpg,37.45677370960111,133.2505019143643
mskcc_processed/ISIC_6300510.jpg,10.3416452944789,-42.58181407297877
mskcc_processed/ISIC_6300764.jpg,38.84083697085691,35.7807651290339
mskcc_processed/ISIC_6301620.jpg,37.234833981574674,179.10307899321722
mskcc_processed/ISIC_6302475.jpg,40.91438322002512,68.96562376801496
mskcc_processed/ISIC_6304664.jpg,25.88702626632669,15.779136866201439
mskcc_processed/ISIC_6306444.jpg,30.41705767051592,20.15298443617668
mskcc_processed/ISIC_6307397.jpg,36.79278358808186,176.90798651154716
mskcc_processed/ISIC_6308186.jpg,27.74104570709592,-13.427109415255357
mskcc_processed/ISIC_6308538.jpg,33.5912817971182,68.07133297854782
mskcc_processed/ISIC_6308589.jpg,54.62299419154944,110.91435668636433
mskcc_processed/ISIC_6309220.jpg,61.38954033403479,-80.98184465065614
mskcc_processed/ISIC_6311316.jpg,46.80399511620059,162.11586658407805
mskcc_processed/ISIC_6312430.jpg,8.426969021480673,-71.97262676964175
mskcc_processed/ISIC_6312461.jpg,47.64880575945864,83.27331133110239
mskcc_processed/ISIC_6317215.jpg,36.50727097188151,172.9382853597483
mskcc_processed/ISIC_6319636.jpg,29.744881296942225,9.955370431200585
mskcc_processed/ISIC_6322698.jpg,32.31961650818018,19.787764292347795
mskcc_processed/ISIC_6329032.jpg,41.32176127800662,56.89747443090744
mskcc_processed/ISIC_6331962.jpg,31.64769570125725,12.519241162605924
mskcc_processed/ISIC_6335736.jpg,47.85291131078636,54.39582341819847
mskcc_processed/ISIC_6340047.jpg,49.39870535499554,96.9837445826826
mskcc_processed/ISIC_6345600.jpg,44.762259540707,157.4500266818811
mskcc_processed/ISIC_6347701.jpg,42.01136754477054,84.99309644846618
mskcc_processed/ISIC_6347856.jpg,44.21517539700811,40.68221129232961
mskcc_processed/ISIC_6350062.jpg,50.67035734389389,94.94664249211903
mskcc_processed/ISIC_6350753.jpg,24.848252965788117,99.72402557035096
mskcc_processed/ISIC_6352446.jpg,43.38969939750101,131.7892206668188
mskcc_processed/ISIC_6354361.jpg,21.43460412941803,-51.351041932549
mskcc_processed/ISIC_6354651.jpg,42.67561702905185,58.88182000712223
mskcc_processed/ISIC_6354804.jpg,34.7860270149295,79.42163199486967
mskcc_processed/ISIC_6355083.jpg,35.75388725443675,160.8736577435233
mskcc_processed/ISIC_6355739.jpg,40.08620123762527,161.7453966418702
mskcc_processed/ISIC_6356223.jpg,9.122896205378472,-63.602363413067025
mskcc_processed/ISIC_6357914.jpg,2.2906100426385296,-93.47449319915971
mskcc_processed/ISIC_6361502.jpg,37.30394827798343,44.79929519656558
mskcc_processed/ISIC_6362342.jpg,47.13691085375725,174.52353644642938
mskcc_processed/ISIC_6362969.jpg,32.920469013385016,74.91774657942446
mskcc_processed/ISIC_6363498.jpg,7.650650955359412,-69.3161134644218
mskcc_processed/ISIC_6364313.jpg,46.49433359126653,155.32078787153665
mskcc_processed/ISIC_6364805.jpg,19.328129151109984,-61.418541617482624
mskcc_processed/ISIC_6365466.jpg,40.37762975831576,115.70608217412433
mskcc_processed/ISIC_6367636.jpg,47.895761973466584,144.95408223599313
mskcc_processed/ISIC_6369402.jpg,46.37483478056941,150.8044397524447
mskcc_processed/ISIC_6371987.jpg,48.410944955355724,66.16834201503725
mskcc_processed/ISIC_6373079.jpg,47.225923895114036,79.8600203261455
mskcc_processed/ISIC_6375110.jpg,24.19320898728877,-14.666968839413952
mskcc_processed/ISIC_6377532.jpg,62.17590361574674,-81.2146801840609
mskcc_processed/ISIC_6378643.jpg,22.873665190626713,154.9643576697404
mskcc_processed/ISIC_6379086.jpg,47.210318924353906,65.64497977357408
mskcc_processed/ISIC_6379780.jpg,42.89620305314893,117.78124206799654
mskcc_processed/ISIC_6380145.jpg,50.34305575857517,104.73170790113274
mskcc_processed/ISIC_6382429.jpg,30.90640341858379,23.29436736920837
mskcc_processed/ISIC_6383189.jpg,47.78302075385662,77.30558495188679
mskcc_processed/ISIC_6384852.jpg,49.33543008584021,101.41380155460169
mskcc_processed/ISIC_6389440.jpg,45.92404535277271,170.35852668122436
mskcc_processed/ISIC_6392670.jpg,35.320296473722145,17.995770842883562
mskcc_processed/ISIC_6393581.jpg,49.62415132842907,118.96635526598381
mskcc_processed/ISIC_6394987.jpg,46.60226134627098,67.6285620818284
mskcc_processed/ISIC_6395755.jpg,47.8221552998118,79.47029661431623
mskcc_processed/ISIC_6396582.jpg,46.15036306132966,140.03501555609313
mskcc_processed/ISIC_6397230.jpg,19.44003482817619,-50.86643217405608
mskcc_processed/ISIC_6397973.jpg,35.665001536861766,17.736826069471757
mskcc_processed/ISIC_6398807.jpg,43.308211431735515,157.2713422761041
mskcc_processed/ISIC_6398865.jpg,48.96031183045838,161.7589844069055
mskcc_processed/ISIC_6403421.jpg,41.378515295882664,113.18431498080943
mskcc_processed/ISIC_6403778.jpg,47.63011266335759,117.26797717493557
mskcc_processed/ISIC_6407463.jpg,50.34305575857517,101.25821548092877
mskcc_processed/ISIC_6407864.jpg,39.042868885291796,104.54149373745481
mskcc_processed/ISIC_6409193.jpg,53.89254870824813,107.32304725657603
mskcc_processed/ISIC_6412952.jpg,44.379492352166054,52.87670389877095
mskcc_processed/ISIC_6413169.jpg,50.99740057391553,153.9283338794581
mskcc_processed/ISIC_6416258.jpg,47.13868257766631,171.18455518831914
mskcc_processed/ISIC_6418900.jpg,36.45092317958131,20.660671077810708
mskcc_processed/ISIC_6419818.jpg,35.14352917863732,64.03607779486435
mskcc_processed/ISIC_6422160.jpg,61.572327873615336,-82.3458724922391
mskcc_processed/ISIC_6422243.jpg,34.49197785976759,115.13292938373793
mskcc_processed/ISIC_6423323.jpg,51.38559251256707,117.27341223083965
mskcc_processed/ISIC_6423424.jpg,47.27244973278294,113.13276769607802
mskcc_processed/ISIC_6424913.jpg,45.46962701968965,164.1016592577315
mskcc_processed/ISIC_6427938.jpg,36.07247040807193,132.00594793834222
mskcc_processed/ISIC_6428553.jpg,37.763077974032,49.670088899589196
mskcc_processed/ISIC_6430125.jpg,46.832839505942054,161.1553480501576
mskcc_processed/ISIC_6431538.jpg,42.249914825087586,167.7181977451367
mskcc_processed/ISIC_6433010.jpg,22.153344737778006,-41.95795094474835
mskcc_processed/ISIC_6439554.jpg,35.33493348775565,92.93979743839314
mskcc_processed/ISIC_6445726.jpg,48.31778116833485,129.31690347175757
mskcc_processed/ISIC_6445982.jpg,25.083594006190918,-18.52687660692749
mskcc_processed/ISIC_6448577.jpg,42.31299999787595,73.97580077676484
mskcc_processed/ISIC_6452283.jpg,29.435416361392633,5.18831694472511
mskcc_processed/ISIC_6457451.jpg,32.82854179141253,10.221269901885163
mskcc_processed/ISIC_6459339.jpg,33.7830800733526,136.35177603687637
mskcc_processed/ISIC_6460145.jpg,40.96507248386905,122.28136055641328
mskcc_processed/ISIC_6470845.jpg,43.583078825504295,58.06245176204187
mskcc_processed/ISIC_6471194.jpg,37.316018170266034,61.27577811920942
mskcc_processed/ISIC_6472155.jpg,43.376667474909524,171.16578388760115
mskcc_processed/ISIC_6473919.jpg,31.07165806084631,15.379444633482349
mskcc_processed/ISIC_6474207.jpg,43.95074405911993,44.51512016008903
mskcc_processed/ISIC_6474343.jpg,45.22646435234118,135.8020361289459
mskcc_processed/ISIC_6474740.jpg,48.755340073200536,140.99486721651942
mskcc_processed/ISIC_6475429.jpg,28.393019421382995,-0.1501327353256101
mskcc_processed/ISIC_6475590.jpg,41.58640172522814,94.81156716596544
mskcc_processed/ISIC_6480678.jpg,34.489956630731385,95.49283402568967
mskcc_processed/ISIC_6482524.jpg,34.992020198558656,153.04982815801242
mskcc_processed/ISIC_6483030.jpg,43.069412558833015,145.3625659623185
mskcc_processed/ISIC_6483185.jpg,30.842367350322753,-6.195526639668663
mskcc_processed/ISIC_6489623.jpg,31.272903421450216,10.697134453632371
mskcc_processed/ISIC_6491615.jpg,43.074816291676846,153.01382893721313
mskcc_processed/ISIC_6492404.jpg,28.918348043186292,1.251970285546637
mskcc_processed/ISIC_6492859.jpg,36.08889352557722,27.61689167936295
mskcc_processed/ISIC_6494706.jpg,38.10257244224825,65.33197619666201
mskcc_processed/ISIC_6495324.jpg,30.77040817878658,51.03612744803549
mskcc_processed/ISIC_6495674.jpg,40.454664691251175,99.83498365154871
mskcc_processed/ISIC_6496732.jpg,40.89901830231539,58.109466217029116
mskcc_processed/ISIC_6498688.jpg,41.48624973939504,129.53138010981334
mskcc_processed/ISIC_6502138.jpg,49.43266846868987,136.99735983143367
mskcc_processed/ISIC_6504043.jpg,50.754565331102185,154.5108970534616
mskcc_processed/ISIC_6504193.jpg,43.43064519525102,37.89759563138597
mskcc_processed/ISIC_6505074.jpg,45.0,86.66158784892363
mskcc_processed/ISIC_6508102.jpg,29.794617204166105,136.70312661871182
mskcc_processed/ISIC_6508919.jpg,36.187098362255604,22.309115493923958
mskcc_processed/ISIC_6511717.jpg,41.241444314528,49.62091684097548
mskcc_processed/ISIC_6516145.jpg,55.00797980144134,110.68467271487931
mskcc_processed/ISIC_6519163.jpg,54.62299419154944,111.4155675557833
mskcc_processed/ISIC_6520038.jpg,37.84643568160559,62.641168665200325
mskcc_processed/ISIC_6521785.jpg,21.43460412941803,-49.2283346852942
mskcc_processed/ISIC_6526797.jpg,12.231500921230175,-52.27362816215139
mskcc_processed/ISIC_6528007.jpg,48.247342790322925,79.35273683638304
mskcc_processed/ISIC_6529153.jpg,43.04007274087363,75.27794991393627
mskcc_processed/ISIC_6531370.jpg,37.05652818940958,45.154951499214505
mskcc_processed/ISIC_6531418.jpg,30.59331484356314,33.1412279126402
mskcc_processed/ISIC_6533853.jpg,45.66879195296866,105.3150266577917
mskcc_processed/ISIC_6534176.jpg,45.43405063213941,103.23911464989669
mskcc_processed/ISIC_6534377.jpg,39.76613835278357,109.4304326368966
mskcc_processed/ISIC_6536435.jpg,47.529494204837754,149.53497004685627
mskcc_processed/ISIC_6538734.jpg,42.41697933136494,60.15695528577442
mskcc_processed/ISIC_6541492.jpg,46.311887782504115,139.35771838594832
mskcc_processed/ISIC_6542308.jpg,12.231500921230175,-49.37541832446617
mskcc_processed/ISIC_6548020.jpg,51.21182202900916,87.26438045398062
mskcc_processed/ISIC_6548940.jpg,17.52556837372287,-57.61907642370762
mskcc_processed/ISIC_6553942.jpg,48.31094151461144,139.43108660870817
mskcc_processed/ISIC_6555172.jpg,47.152962789100464,149.52931912623234
mskcc_processed/ISIC_6557971.jpg,33.84005613496725,12.861455838609913
mskcc_processed/ISIC_6562764.jpg,44.38394009160078,55.495004409030436
mskcc_processed/ISIC_6562801.jpg,45.48969559312922,129.33960564248255
mskcc_processed/ISIC_6564792.jpg,48.764034864905724,67.8841028470567
mskcc_processed/ISIC_6565662.jpg,35.79493742080571,35.785617385699545
mskcc_processed/ISIC_6566612.jpg,47.61168137789839,76.46654143718375
mskcc_processed/ISIC_6567671.jpg,43.6765705387452,33.68842577689258
mskcc_processed/ISIC_6568502.jpg,42.9249736385826,59.65619331964254
mskcc_processed/ISIC_6569157.jpg,29.153788846244172,5.808357516030498
mskcc_processed/ISIC_6570533.jpg,44.379492352166054,50.425965843257806
mskcc_processed/ISIC_6573815.jpg,50.90614111377051,141.5762467179085
mskcc_processed/ISIC_6575668.jpg,40.36453657309736,118.80599011931379
mskcc_processed/ISIC_6575800.jpg,35.25140575831464,83.84813986692508
mskcc_processed/ISIC_6579573.jpg,19.328129151109984,-65.66558004971526
mskcc_processed/ISIC_6580013.jpg,46.46880071438582,84.99073366936678
mskcc_processed/ISIC_6583087.jpg,43.486878443931694,127.75781733464665
mskcc_processed/ISIC_6583373.jpg,45.84252426074042,132.1626596085478
mskcc_processed/ISIC_6585242.jpg,50.769885057879655,90.44322594863678
mskcc_processed/ISIC_6587896.jpg,40.08620123762527,159.68119583223248
mskcc_processed/ISIC_6588504.jpg,45.0,178.66962207438416
mskcc_processed/ISIC_6589782.jpg,23.24979316267463,-43.75965872354355
mskcc_processed/ISIC_6590783.jpg,34.14049676467801,28.533847084770716
mskcc_processed/ISIC_6596524.jpg,50.12316553712815,85.43677690807236
mskcc_processed/ISIC_6598495.jpg,53.80679269443531,117.941649056407
mskcc_processed/ISIC_6598546.jpg,17.216073587790714,-27.01194292031705
mskcc_processed/ISIC_6600030.jpg,2.968234029871715,-75.46119418577676
mskcc_processed/ISIC_6601073.jpg,54.940573033113026,122.24363857692997
mskcc_processed/ISIC_6601423.jpg,49.458109978098406,81.65339637116801
mskcc_processed/ISIC_6603464.jpg,37.65570071049732,179.49375185856073
mskcc_processed/ISIC_6607753.jpg,52.31552530439626,89.72774902009813
mskcc_processed/ISIC_6615141.jpg,14.63827853837369,-66.19383984190252
mskcc_processed/ISIC_6615320.jpg,31.024774378561823,118.88573602854417
mskcc_processed/ISIC_6617294.jpg,52.62107130929705,127.7256606090413
mskcc_processed/ISIC_6619701.jpg,41.32176127800662,41.66224839309607
mskcc_processed/ISIC_6620301.jpg,42.349310316578176,104.67292819064718
mskcc_processed/ISIC_6621801.jpg,47.0166238746231,69.6235887053021
mskcc_processed/ISIC_6622095.jpg,46.005086005254185,65.75910043780398
mskcc_processed/ISIC_6622175.jpg,39.84441568259377,47.25464754597735
mskcc_processed/ISIC_6624010.jpg,43.95074405911993,55.81421199690396
mskcc_processed/ISIC_6624598.jpg,34.824489156956794,161.88884392746513
mskcc_processed/ISIC_6625033.jpg,45.65353568067782,91.66388917221059
mskcc_processed/ISIC_6627230.jpg,45.71915611654508,164.70580044817353
mskcc_processed/ISIC_6628459.jpg,49.65825410967561,113.90860566844123
mskcc_processed/ISIC_6628652.jpg,52.30575953331083,144.00600705687438
mskcc_processed/ISIC_6632598.jpg,25.722526916337575,-25.437262059490283
mskcc_processed/ISIC_6634248.jpg,31.718368554308036,38.34191119183063
mskcc_processed/ISIC_6634832.jpg,43.264295411071615,173.41690047380322
mskcc_processed/ISIC_6635493.jpg,37.79394299861673,39.409488217304556
mskcc_processed/ISIC_6638559.jpg,42.78795799795165,158.8449681849169
mskcc_processed/ISIC_6639020.jpg,41.505361072746666,135.95788801811284
mskcc_processed/ISIC_6639344.jpg,45.0,62.16640459153914
mskcc_processed/ISIC_6642252.jpg,51.251292236934624,92.38757219164462
mskcc_processed/ISIC_6644432.jpg,51.38711702576451,138.07146015517108
mskcc_processed/ISIC_6646003.jpg,25.124957815281828,-11.5310319445963
mskcc_processed/ISIC_6648287.jpg,48.56326806290617,141.72791749862662
mskcc_processed/ISIC_6649809.jpg,7.394008642598279,-76.56758307439526
mskcc_processed/ISIC_6650473.jpg,41.244659926799464,63.52130687756369
mskcc_processed/ISIC_6651507.jpg,45.70154591234523,137.50360367932137
mskcc_processed/ISIC_6654319.jpg,41.32945136728386,116.12378412363947
mskcc_processed/ISIC_6654333.jpg,34.577157094170175,18.74595485199134
mskcc_processed/ISIC_6654597.jpg,43.293821705553,171.1195354723897
mskcc_processed/ISIC_6655408.jpg,51.38156053259344,75.1427784739162
mskcc_processed/ISIC_6656959.jpg,39.66784111834044,169.67687173635213
mskcc_processed/ISIC_6659177.jpg,40.95041829672862,132.26942977384707
mskcc_processed/ISIC_6663831.jpg,42.81419919322441,77.90323037152963
mskcc_processed/ISIC_6669950.jpg,42.47673376649706,40.86582374981926
mskcc_processed/ISIC_6674922.jpg,45.70154591234523,145.67222976248507
mskcc_processed/ISIC_6678832.jpg,31.607502246248906,-57.818509929492016
mskcc_processed/ISIC_6680633.jpg,50.62462804144591,160.74387300114637
mskcc_processed/ISIC_6682469.jpg,48.782645446596305,178.12458271793503
mskcc_processed/ISIC_6683101.jpg,38.418055344821994,163.32260265524764
mskcc_processed/ISIC_6686019.jpg,51.6764800604021,82.55371135317979
mskcc_processed/ISIC_6688204.jpg,47.875453683985256,179.24886374014153
mskcc_processed/ISIC_6691075.jpg,45.397880961834595,53.72577770178126
mskcc_processed/ISIC_6691403.jpg,48.589496740838186,93.19051945666793
mskcc_processed/ISIC_6696857.jpg,37.763077974032,130.46924886271484
mskcc_processed/ISIC_6697073.jpg,39.6022512235196,74.82910121500643
mskcc_processed/ISIC_6701711.jpg,47.72631099390627,157.22402552980193
mskcc_processed/ISIC_6702342.jpg,41.57612875506932,146.7238245372484
mskcc_processed/ISIC_6703054.jpg,38.15722658736906,165.1650537207646
mskcc_processed/ISIC_6709941.jpg,14.604447446790124,-36.96725014395743
mskcc_processed/ISIC_6710296.jpg,46.832839505942054,158.9156801391865
mskcc_processed/ISIC_6710902.jpg,26.757318171876562,-89.39381190364523
mskcc_processed/ISIC_6714580.jpg,39.093858886229505,113.85177477346862
mskcc_processed/ISIC_6718269.jpg,48.247342790322925,80.72911662047036
mskcc_processed/ISIC_6721503.jpg,62.431462945561776,-84.02188504376201
mskcc_processed/ISIC_6721699.jpg,32.96940390346213,35.43092092986016
mskcc_processed/ISIC_6723266.jpg,10.054335599994348,-58.34403436574956
mskcc_processed/ISIC_6723685.jpg,43.02506598911803,161.11869933108744
mskcc_processed/ISIC_6724090.jpg,12.71113256552949,-72.53307364483734
mskcc_processed/ISIC_6727281.jpg,42.83074241027149,63.51538821053212
mskcc_processed/ISIC_6729886.jpg,32.005383208083494,16.503492286533927
mskcc_processed/ISIC_6738261.jpg,39.6290053044643,99.35026825052145
mskcc_processed/ISIC_6739268.jpg,23.962488974578182,-52.870659713706175
mskcc_processed/ISIC_6741115.jpg,48.868204038321714,84.0291909610605
mskcc_processed/ISIC_6742737.jpg,39.486599971332446,58.95614329102855
mskcc_processed/ISIC_6744088.jpg,41.30861401354873,62.33285906697701
mskcc_processed/ISIC_6745908.jpg,39.885986168604866,61.90888842401987
mskcc_processed/ISIC_6746807.jpg,40.60129464500447,35.00593623646519
mskcc_processed/ISIC_6747287.jpg,23.385221057213755,114.61415978374862
mskcc_processed/ISIC_6748252.jpg,49.48841683624423,78.617531421821
mskcc_processed/ISIC_6748922.jpg,45.95484125387218,164.0817723482411
mskcc_processed/ISIC_6750979.jpg,16.26020470831196,-41.33664645885853
mskcc_processed/ISIC_6752094.jpg,29.31000707091613,5.658866704426417
mskcc_processed/ISIC_6754299.jpg,46.78372115385586,66.94594896147505
mskcc_processed/ISIC_6754326.jpg,46.8476102659946,77.77867641303398
mskcc_processed/ISIC_6754536.jpg,41.11710143963632,170.72967363822318
mskcc_processed/ISIC_6760604.jpg,33.46537934635529,174.49367318442083
mskcc_processed/ISIC_6763692.jpg,9.255727744552217,-72.70014786657013
mskcc_processed/ISIC_6765168.jpg,44.05304855322654,123.43577998408671
mskcc_processed/ISIC_6765405.jpg,45.191623966174284,49.94849352871996
mskcc_processed/ISIC_6767622.jpg,47.060111023723124,76.4746369531615
mskcc_processed/ISIC_6768325.jpg,42.84343732528521,110.82882305754978
mskcc_processed/ISIC_6770195.jpg,43.20385684750428,45.043580851943496
mskcc_processed/ISIC_6770477.jpg,49.864514437760526,91.21254071494967
mskcc_processed/ISIC_6773279.jpg,44.36104010100836,74.86752732619901
mskcc_processed/ISIC_6775401.jpg,47.79270236571329,176.52992988488884
mskcc_processed/ISIC_6775918.jpg,38.893906152715736,140.56263902052842
mskcc_processed/ISIC_6776955.jpg,45.70731936854426,160.41028446653942
mskcc_processed/ISIC_6777734.jpg,37.568592028827496,56.59852488844636
mskcc_processed/ISIC_6778418.jpg,46.79614315249573,57.58477320569904
mskcc_processed/ISIC_6779620.jpg,35.272421448598394,171.0643046252094
mskcc_processed/ISIC_6784966.jpg,44.41337429248946,47.808079446931735
mskcc_processed/ISIC_6786642.jpg,46.548157698977974,173.8790491193574
mskcc_processed/ISIC_6790488.jpg,51.00900595749453,122.6283790612142
mskcc_processed/ISIC_6791041.jpg,8.68041842507129,-81.81928648386554
mskcc_processed/ISIC_6793641.jpg,10.4914770123316,-58.04574203324989
mskcc_processed/ISIC_6794908.jpg,44.32063524453474,100.63155188588297
mskcc_processed/ISIC_6799441.jpg,40.33812690476117,176.35901257022317
mskcc_processed/ISIC_6804498.jpg,55.03021331973284,111.09789031979182
mskcc_processed/ISIC_6810067.jpg,33.613571203590816,14.42635372765321
mskcc_processed/ISIC_6812675.jpg,50.556038423125045,176.6127508182741
mskcc_processed/ISIC_6813768.jpg,41.83367348099653,165.0640303851743
mskcc_processed/ISIC_6819475.jpg,50.440332031005504,85.92142401397113
mskcc_processed/ISIC_6820245.jpg,35.78897345918333,15.79902601083319
mskcc_processed/ISIC_6824268.jpg,35.45547443444187,-21.763355053635607
mskcc_processed/ISIC_6825272.jpg,47.45403167452708,76.19503698670461
mskcc_processed/ISIC_6827822.jpg,45.481465805838354,145.33754591159936
mskcc_processed/ISIC_6831126.jpg,55.70284759615926,110.28727824090537
mskcc_processed/ISIC_6831632.jpg,32.47119229084849,39.03340718722052
mskcc_processed/ISIC_6832082.jpg,32.31058786351601,13.430734622811135
mskcc_processed/ISIC_6833224.jpg,46.31994569392178,179.37946616991894
mskcc_processed/ISIC_6835668.jpg,23.587030525128238,-28.43031008813394
mskcc_processed/ISIC_6837834.jpg,31.342357494187848,12.567845353587401
mskcc_processed/ISIC_6838957.jpg,44.356254285824626,149.36661642430607
mskcc_processed/ISIC_6840319.jpg,32.6091433393191,72.83605769464347
mskcc_processed/ISIC_6845165.jpg,25.137414502517746,-77.40231082127819
mskcc_processed/ISIC_6846196.jpg,11.951875130024773,-60.223829410475766
mskcc_processed/ISIC_6847627.jpg,41.56636963754948,161.39144223559734
mskcc_processed/ISIC_6851237.jpg,15.610988533679654,-54.43596226877373
mskcc_processed/ISIC_6852493.jpg,45.0,173.71784393826533
mskcc_processed/ISIC_6856874.jpg,48.14495746469803,103.91305740566409
mskcc_processed/ISIC_6858268.jpg,45.97764878502985,52.921529380413325
mskcc_processed/ISIC_6859867.jpg,45.2038987104668,82.09198750855852
mskcc_processed/ISIC_6860690.jpg,47.48955292199915,146.75098544284114
mskcc_processed/ISIC_6862798.jpg,48.037335822952485,160.93003169398864
mskcc_processed/ISIC_6863206.jpg,41.735716275981474,79.21614909584183
mskcc_processed/ISIC_6868055.jpg,40.36453657309736,44.71689845227609
mskcc_processed/ISIC_6868807.jpg,19.813793245495656,-36.70889368734846
mskcc_processed/ISIC_6869776.jpg,46.22757883213455,69.7236500015797
mskcc_processed/ISIC_6870452.jpg,32.24246783912332,18.42426245147329
mskcc_processed/ISIC_6870545.jpg,52.09840428415822,151.1023751139011
mskcc_processed/ISIC_6871733.jpg,41.45131802609555,77.94477683041967
mskcc_processed/ISIC_6872760.jpg,42.320026059892065,119.55041621247857
mskcc_processed/ISIC_6874358.jpg,56.805068859895236,99.73220778781064
mskcc_processed/ISIC_6875751.jpg,40.79101507582978,138.87261477626177
mskcc_processed/ISIC_6876473.jpg,30.521570761622595,10.046479270787875
mskcc_processed/ISIC_6878911.jpg,45.0,68.64796229993256
mskcc_processed/ISIC_6880313.jpg,51.19883731350568,158.92015425811422
mskcc_processed/ISIC_6886157.jpg,36.448169766179944,27.54460362085044
mskcc_processed/ISIC_6888535.jpg,45.93919094573558,173.0485915812684
mskcc_processed/ISIC_6890070.jpg,45.0,49.589579564922246
mskcc_processed/ISIC_6892487.jpg,49.64633549119589,85.37647604280325
mskcc_processed/ISIC_6897847.jpg,55.407711312490065,113.74121000518103
mskcc_processed/ISIC_6898357.jpg,40.5418900219016,28.671326024121388
mskcc_processed/ISIC_6899425.jpg,43.84032479151644,142.16191220657583
mskcc_processed/ISIC_6899432.jpg,33.964645836965104,34.1897410976137
mskcc_processed/ISIC_6903111.jpg,51.88825827699469,84.1580050372285
mskcc_processed/ISIC_6904740.jpg,38.345574953993406,74.03160576640086
mskcc_processed/ISIC_6904764.jpg,51.04850666100062,71.71554177705491
mskcc_processed/ISIC_6912731.jpg,39.34051815983753,175.22185225709538
mskcc_processed/ISIC_6916623.jpg,1.2921668862499318,-79.79301431166398
mskcc_processed/ISIC_6925720.jpg,47.991830745969004,69.82006038003401
mskcc_processed/ISIC_6926077.jpg,24.038934265458433,-35.49372031113457
mskcc_processed/ISIC_6928409.jpg,44.351396241109015,72.36819396033891
mskcc_processed/ISIC_6928822.jpg,47.35916613258165,100.71931464537509
mskcc_processed/ISIC_6929511.jpg,22.08717160322835,-49.981770082630106
mskcc_processed/ISIC_6932390.jpg,46.74894604455423,97.8968739628442
mskcc_processed/ISIC_6933853.jpg,49.692862505589844,131.8607334718919
mskcc_processed/ISIC_6934929.jpg,25.559965171823812,-50.0133455142289
mskcc_processed/ISIC_6935700.jpg,49.9863337712355,83.42496708826687
mskcc_processed/ISIC_6940492.jpg,1.2921668862499318,-76.65653323751727
mskcc_processed/ISIC_6941283.jpg,44.11176450476023,79.88096819201033
mskcc_processed/ISIC_6942219.jpg,53.93326160596623,94.052165206719
mskcc_processed/ISIC_6943639.jpg,17.7004277886672,-45.330613272065776
mskcc_processed/ISIC_6945987.jpg,47.470051295960864,124.92257581633956
mskcc_processed/ISIC_6947591.jpg,44.790126288432454,71.25089200666925
mskcc_processed/ISIC_6949730.jpg,42.15052543932277,160.7303400218201
mskcc_processed/ISIC_6951576.jpg,51.00900595749453,151.13817963012
mskcc_processed/ISIC_6952462.jpg,1.8183029644518331,-89.54773809966846
mskcc_processed/ISIC_6957659.jpg,49.54375765146716,70.43078982297466
mskcc_processed/ISIC_6960726.jpg,26.56505117707799,69.35782503816502
mskcc_processed/ISIC_6961665.jpg,44.04515874612782,145.94559895658222
mskcc_processed/ISIC_6961885.jpg,44.11859600341787,86.62341815396083
mskcc_processed/ISIC_6961993.jpg,50.97001598085702,65.7506702002631
mskcc_processed/ISIC_6962378.jpg,47.45403167452708,106.15753819916993
mskcc_processed/ISIC_6962492.jpg,56.235715184554365,107.33462928468394
mskcc_processed/ISIC_6962989.jpg,54.364492286853675,124.02860964738885
mskcc_processed/ISIC_6963555.jpg,52.807917674058764,88.02447026434706
mskcc_processed/ISIC_6964675.jpg,42.51044707800085,89.56992625831903
mskcc_processed/ISIC_6965883.jpg,52.6333305872313,125.33370833712021
mskcc_processed/ISIC_6970606.jpg,50.90614111377051,171.32164347024528
mskcc_processed/ISIC_6976129.jpg,48.45661917204199,56.992618233118854
mskcc_processed/ISIC_6976953.jpg,41.83367348099653,121.16518308093448
mskcc_processed/ISIC_6978564.jpg,33.388513576111514,131.26862857198532
mskcc_processed/ISIC_6979101.jpg,50.998895532416284,84.17187331538412
mskcc_processed/ISIC_6982326.jpg,41.96060043107308,175.00126685478497
mskcc_processed/ISIC_6988300.jpg,54.2726017772003,104.28032065185509
mskcc_processed/ISIC_6988607.jpg,55.117994603859096,103.6329408929695
mskcc_processed/ISIC_6989132.jpg,46.005086005254185,58.847856347071996
mskcc_processed/ISIC_6990868.jpg,41.455233544405125,147.53155428528262
mskcc_processed/ISIC_6991777.jpg,46.597476197245626,130.29612965210353
mskcc_processed/ISIC_6994342.jpg,43.24914581345717,172.98684799910654
mskcc_processed/ISIC_6996673.jpg,23.043597800155748,-45.802696864294326
mskcc_processed/ISIC_6998962.jpg,40.71084667118098,24.64743044388898
mskcc_processed/ISIC_7000085.jpg,44.77353564765882,110.20260012437207
mskcc_processed/ISIC_7001389.jpg,37.60040534011289,17.958919487326924
mskcc_processed/ISIC_7002830.jpg,27.01266534793854,34.033245303984025
mskcc_processed/ISIC_7003751.jpg,37.41962706187638,39.49907586180094
mskcc_processed/ISIC_7007001.jpg,52.96961039432135,93.70454798255855
mskcc_processed/ISIC_7008887.jpg,41.33221194446857,28.182696642623014
mskcc_processed/ISIC_7009707.jpg,48.037335822952485,143.96768134029546
mskcc_processed/ISIC_7016994.jpg,48.4620730561351,112.40800865717846
mskcc_processed/ISIC_7019530.jpg,30.16006083808709,27.436746631118545
mskcc_processed/ISIC_7019639.jpg,37.90330583342464,69.47602583719103
mskcc_processed/ISIC_7020171.jpg,61.95189424544694,-86.09122506758412
mskcc_processed/ISIC_7021265.jpg,46.78991060824607,124.46629061168285
mskcc_processed/ISIC_7022479.jpg,25.259390519808907,-16.691386419239258
mskcc_processed/ISIC_7022550.jpg,46.80399511620059,159.15609501410552
mskcc_processed/ISIC_7022893.jpg,45.861525734567266,99.69579089599502
mskcc_processed/ISIC_7025495.jpg,46.636577041616725,133.96940168043105
mskcc_processed/ISIC_7025654.jpg,54.716685817785105,111.67803816249811
mskcc_processed/ISIC_7025720.jpg,33.453309454072674,20.85224389875499
mskcc_processed/ISIC_7026306.jpg,51.384163939512455,102.726134503043
mskcc_processed/ISIC_7028555.jpg,49.056737861294884,83.95515247152677
mskcc_processed/ISIC_7031350.jpg,31.504266719204193,87.97481782526772
mskcc_processed/ISIC_7031440.jpg,37.763077974032,129.75619188303511
mskcc_processed/ISIC_7035038.jpg,47.337305859123816,67.16778675555653
mskcc_processed/ISIC_7037190.jpg,38.43730149106253,99.90228398874085
mskcc_processed/ISIC_7038344.jpg,56.60151153201276,106.60906232379216
mskcc_processed/ISIC_7039843.jpg,30.084156558775213,25.071848264368658
mskcc_processed/ISIC_7040486.jpg,13.28486648490219,-44.96050984173505
mskcc_processed/ISIC_7041869.jpg,29.91364599153488,7.491591681896804
mskcc_processed/ISIC_7042333.jpg,37.9834982552771,41.89683493545961
mskcc_processed/ISIC_7044589.jpg,47.92497794915637,84.44883697866892
mskcc_processed/ISIC_7048668.jpg,35.14352917863732,30.36922624146946
mskcc_processed/ISIC_7052814.jpg,55.422842905829825,102.49692076766763
mskcc_processed/ISIC_7053048.jpg,38.55458196374031,82.37956983527911
mskcc_processed/ISIC_7054675.jpg,26.397520135476125,-21.600397227588964
mskcc_processed/ISIC_7056610.jpg,27.149681697783162,68.83623177921322
mskcc_processed/ISIC_7058458.jpg,54.794906110909416,92.0138179421869
mskcc_processed/ISIC_7059066.jpg,51.766174822553054,88.65137518834102
mskcc_processed/ISIC_7060580.jpg,43.67802434046302,82.532770699024
mskcc_processed/ISIC_7062101.jpg,35.71995431229032,15.192399314027469
mskcc_processed/ISIC_7062718.jpg,43.811461390791195,109.306780181768
mskcc_processed/ISIC_7065889.jpg,29.875992691689433,7.718655637846005
mskcc_processed/ISIC_7066059.jpg,53.074583205337625,99.98636119384557
mskcc_processed/ISIC_7069498.jpg,45.23010229509722,125.94128566517266
mskcc_processed/ISIC_7069888.jpg,11.821488340607257,-85.60972072400779
mskcc_processed/ISIC_7071578.jpg,46.636577041616725,88.42882721583096
mskcc_processed/ISIC_7075171.jpg,43.8678197248687,92.65047668373259
mskcc_processed/ISIC_7076305.jpg,54.137151014138716,107.02425103747849
mskcc_processed/ISIC_7076692.jpg,40.041549080514635,179.62314357812812
mskcc_processed/ISIC_7077695.jpg,26.406775945663863,42.7457329582993
mskcc_processed/ISIC_7082429.jpg,47.43194994591757,141.30228121884795
mskcc_processed/ISIC_7084003.jpg,45.97102193107917,58.56486537704509
mskcc_processed/ISIC_7086135.jpg,37.74680538727467,106.29604316962899
mskcc_processed/ISIC_7088035.jpg,24.001280965612985,126.08579070082837
mskcc_processed/ISIC_7090634.jpg,33.690067525979785,23.60120666788915
mskcc_processed/ISIC_7092977.jpg,46.36392753160292,104.94884958000323
mskcc_processed/ISIC_7094998.jpg,46.59114027119459,58.891817611110284
mskcc_processed/ISIC_7095761.jpg,25.448004826759426,0.8285848269678644
mskcc_processed/ISIC_7097146.jpg,36.05461816646104,165.9959762060506
mskcc_processed/ISIC_7099578.jpg,45.0,64.36997696779716
mskcc_processed/ISIC_7100197.jpg,47.021364940356015,147.53792791632324
mskcc_processed/ISIC_7100416.jpg,45.1982545011992,51.406592499782185
mskcc_processed/ISIC_7100852.jpg,44.11176450476023,135.77206475412243
mskcc_processed/ISIC_7102882.jpg,43.57299813248532,57.15773845271748
mskcc_processed/ISIC_7107253.jpg,47.219655553197896,156.2016446356098
mskcc_processed/ISIC_7112801.jpg,40.3141001604973,93.95591696129522
mskcc_processed/ISIC_7117289.jpg,53.660603670829786,90.64755883833394
mskcc_processed/ISIC_7119778.jpg,33.40782458970893,113.56444752982642
mskcc_processed/ISIC_7120377.jpg,48.84245312791486,105.16436689368474
mskcc_processed/ISIC_7122098.jpg,48.15484286479197,148.18486751158173
mskcc_processed/ISIC_7122737.jpg,48.202020583322145,88.3315122971513
mskcc_processed/ISIC_7123001.jpg,14.743562836470735,-67.81223977084733
mskcc_processed/ISIC_7123319.jpg,48.731396999160445,102.57794815115892
mskcc_processed/ISIC_7128448.jpg,49.17476989191244,145.2699044379952
mskcc_processed/ISIC_7131382.jpg,34.053268870254946,30.650946390798488
mskcc_processed/ISIC_7135363.jpg,48.31458582064349,158.85346988187513
mskcc_processed/ISIC_7136910.jpg,46.15967520848358,127.44682969386858
mskcc_processed/ISIC_7141194.jpg,31.07165806084631,81.28358913710677
mskcc_processed/ISIC_7143050.jpg,28.30075576600638,28.579738212614078
mskcc_processed/ISIC_7146049.jpg,49.52476847283419,106.01978442348467
mskcc_processed/ISIC_7147282.jpg,51.98105740682979,90.78964757632475
mskcc_processed/ISIC_7149693.jpg,42.53188208617146,154.78783719508505
mskcc_processed/ISIC_7150696.jpg,54.400780041023836,94.45393911224758
mskcc_processed/ISIC_7152586.jpg,37.54570118725153,150.14019934324546
mskcc_processed/ISIC_7156041.jpg,46.3234294612548,55.434890672375346
mskcc_processed/ISIC_7163194.jpg,42.00965502483463,50.32222759465956
mskcc_processed/ISIC_7169503.jpg,46.59114027119459,55.08274306079862
mskcc_processed/ISIC_7169858.jpg,40.155999624919325,109.57562578911781
mskcc_processed/ISIC_7170287.jpg,14.604447446790124,-44.11112931764459
mskcc_processed/ISIC_7180190.jpg,48.06228708540006,153.43233721556933
mskcc_processed/ISIC_7184232.jpg,46.08914216989652,140.03765487958165
mskcc_processed/ISIC_7184562.jpg,47.27244973278294,121.89626739010424
mskcc_processed/ISIC_7185602.jpg,2.2906100426385296,-92.87030021782893
mskcc_processed/ISIC_7195115.jpg,20.642010315637197,-25.307814420963286
mskcc_processed/ISIC_7195131.jpg,52.96961039432135,89.89475171224197
mskcc_processed/ISIC_7198931.jpg,53.3438915840331,92.03146059528885
mskcc_processed/ISIC_7205019.jpg,40.53284093861073,132.22823051860328
mskcc_processed/ISIC_7208252.jpg,44.08334574361471,114.8027491757089
mskcc_processed/ISIC_7208298.jpg,37.90330583342464,114.27811508041306
mskcc_processed/ISIC_7208895.jpg,43.42756957232665,99.1051857779253
mskcc_processed/ISIC_7210543.jpg,47.68700000212405,84.18441881868245
mskcc_processed/ISIC_7212462.jpg,42.225722688699214,168.92759171968441
mskcc_processed/ISIC_7213457.jpg,51.42347043655657,82.77716834164981
mskcc_processed/ISIC_7216196.jpg,49.1320602549526,161.68279235147145
mskcc_processed/ISIC_7219055.jpg,50.95879056324116,82.31882671601662
mskcc_processed/ISIC_7220552.jpg,13.240519915187205,-59.24048407818039
mskcc_processed/ISIC_7221788.jpg,32.755472129750146,24.308826106935243
mskcc_processed/ISIC_7223168.jpg,51.858300723771976,93.15765069686184
mskcc_processed/ISIC_7225486.jpg,46.650039395577885,155.2899044403625
mskcc_processed/ISIC_7225904.jpg,49.056737861294884,86.55646320743402
mskcc_processed/ISIC_7225956.jpg,44.78379053753763,72.4592695094757
mskcc_processed/ISIC_7228109.jpg,48.15484286479197,162.404992561729
mskcc_processed/ISIC_7234836.jpg,40.275548302829115,124.80709981560574
mskcc_processed/ISIC_7236335.jpg,50.09211512449897,77.90331932144112
mskcc_processed/ISIC_7239236.jpg,53.0758963348383,93.72569573045226
mskcc_processed/ISIC_7240045.jpg,47.92497794915637,96.01607123668782
mskcc_processed/ISIC_7240332.jpg,37.96502408956886,32.50356169835168
mskcc_processed/ISIC_7242143.jpg,51.25403274391647,79.56057671389905
mskcc_processed/ISIC_7251811.jpg,30.23607619085648,12.442795623440844
mskcc_processed/ISIC_7254660.jpg,42.10873040377944,32.742626320124835
mskcc_processed/ISIC_7254842.jpg,41.964430874944426,74.06041132091485
mskcc_processed/ISIC_7255691.jpg,43.54364136566032,173.46054702759486
mskcc_processed/ISIC_7258879.jpg,47.7079174858662,57.83276510946601
mskcc_processed/ISIC_7265164.jpg,37.390162842448056,75.97398545992353
mskcc_processed/ISIC_7265630.jpg,47.164789153453505,58.818714441555905
mskcc_processed/ISIC_7269114.jpg,15.113473059575968,-57.38413190905309
mskcc_processed/ISIC_7269955.jpg,25.529697990533045,-36.959593520668015
mskcc_processed/ISIC_7270479.jpg,42.11703654746046,48.179178187681885
mskcc_processed/ISIC_7270492.jpg,45.77948632111848,56.712353734670664
mskcc_processed/ISIC_7270565.jpg,28.05077576617856,6.265217926145299
mskcc_processed/ISIC_7271315.jpg,37.82567576351771,16.491953040028164
mskcc_processed/ISIC_7272051.jpg,28.720326797869483,46.51869170975284
mskcc_processed/ISIC_7272300.jpg,39.21760767763596,21.887333084809097
mskcc_processed/ISIC_7274841.jpg,39.214445135302526,117.46897492845825
mskcc_processed/ISIC_7275137.jpg,56.879312781268005,101.28549948313136
mskcc_processed/ISIC_7275551.jpg,43.18580809097005,170.1301781596019
mskcc_processed/ISIC_7276942.jpg,50.8906264162041,161.0863623850657
mskcc_processed/ISIC_7279117.jpg,32.83779648031817,15.71550533413885
mskcc_processed/ISIC_7279327.jpg,38.99099404250548,39.680173486838164
mskcc_processed/ISIC_7280890.jpg,42.95459151111278,60.35641967631714
mskcc_processed/ISIC_7284306.jpg,51.52576447195111,142.69687445747698
mskcc_processed/ISIC_7287785.jpg,44.581790058502904,61.13923486646956
mskcc_processed/ISIC_7289413.jpg,46.59114027119459,67.84527802249757
mskcc_processed/ISIC_7290544.jpg,39.6290053044643,89.10192393976236
mskcc_processed/ISIC_7293919.jpg,48.990913098429786,139.0520922529168
mskcc_processed/ISIC_7298491.jpg,34.249033006811956,19.56647879097851
mskcc_processed/ISIC_7307479.jpg,30.120278247996815,-17.03325474981023
mskcc_processed/ISIC_7307880.jpg,37.94215335011893,171.2503371078682
mskcc_processed/ISIC_7308065.jpg,60.73613540145896,-86.83355553893495
mskcc_processed/ISIC_7311264.jpg,38.99099404250548,38.93221792678796
mskcc_processed/ISIC_7312295.jpg,8.017093073655328,-58.72746718730258
mskcc_processed/ISIC_7313027.jpg,31.7594800848128,119.48292606934524
mskcc_processed/ISIC_7313028.jpg,31.145263146166698,16.40071900653333
mskcc_processed/ISIC_7313173.jpg,43.50936816473769,134.63948156098144
mskcc_processed/ISIC_7321708.jpg,47.037330696819915,129.59506615810912
mskcc_processed/ISIC_7324731.jpg,44.796101289533205,62.16299573154469
mskcc_processed/ISIC_7325398.jpg,35.21759296819272,179.6036004330539
mskcc_processed/ISIC_7325558.jpg,40.49073852652007,27.22588936758299
mskcc_processed/ISIC_7329605.jpg,48.087651284985064,143.68286198120077
mskcc_processed/ISIC_7329943.jpg,31.218402764346372,38.71252265407783
mskcc_processed/ISIC_7333043.jpg,42.95459151111278,57.09677316318977
mskcc_processed/ISIC_7333660.jpg,44.24283113494147,179.98700620049846
mskcc_processed/ISIC_7336546.jpg,36.53710886440908,23.019506282472904
mskcc_processed/ISIC_7343016.jpg,40.08821182749401,67.27298783252759
mskcc_processed/ISIC_7344990.jpg,46.93058744116699,94.10293551115122
mskcc_processed/ISIC_7346632.jpg,33.0514467495815,55.13161194086856
mskcc_processed/ISIC_7349269.jpg,53.44752724790847,91.52454229696943
mskcc_processed/ISIC_7350946.jpg,44.09061955080086,102.59807660832921
mskcc_processed/ISIC_7354767.jpg,25.85554218880334,-66.26292525111819
mskcc_processed/ISIC_7357692.jpg,37.52844082340763,75.13937831165106
mskcc_processed/ISIC_7358924.jpg,40.23635830927382,97.6596102318023
mskcc_processed/ISIC_7361416.jpg,51.42106082349074,80.80720778305385
mskcc_processed/ISIC_7361534.jpg,51.072456407207696,93.12335656253872
mskcc_processed/ISIC_7364045.jpg,40.292147755627774,67.32624762444041
mskcc_processed/ISIC_7366114.jpg,19.628438246904047,-38.344806947136824
mskcc_processed/ISIC_7367493.jpg,12.30053887899809,-72.98414460020247
mskcc_processed/ISIC_7373006.jpg,31.288506460567486,10.39417122203869
mskcc_processed/ISIC_7375442.jpg,45.830315486258016,69.10355522921824
mskcc_processed/ISIC_7380910.jpg,53.18503597060546,109.07975253217677
mskcc_processed/ISIC_7383457.jpg,49.08561677997488,101.53823619509637
mskcc_processed/ISIC_7387090.jpg,38.19094982038659,100.13984200580643
mskcc_processed/ISIC_7387099.jpg,15.658345299019706,-75.69621557020758
mskcc_processed/ISIC_7389200.jpg,47.470051295960864,130.80856332127172
mskcc_processed/ISIC_7390924.jpg,41.520082495730286,31.040138025746725
mskcc_processed/ISIC_7391247.jpg,30.784146526326445,25.185827856854537
mskcc_processed/ISIC_7392579.jpg,46.141199255587146,176.6699221893695
mskcc_processed/ISIC_7393259.jpg,37.568592028827496,26.55948590040371
mskcc_processed/ISIC_7394223.jpg,43.03858233222966,38.650980532874755
mskcc_processed/ISIC_7394617.jpg,37.848172338355575,38.29046411433154
mskcc_processed/ISIC_7395209.jpg,39.70655774696947,23.220309371810675
mskcc_processed/ISIC_7396012.jpg,31.012436027168484,15.191490232265677
mskcc_processed/ISIC_7399730.jpg,31.402609239733536,14.96625705775116
mskcc_processed/ISIC_7404527.jpg,39.88268515002736,67.71037330366644
mskcc_processed/ISIC_7405346.jpg,23.56154534777103,-59.002381261103174
mskcc_processed/ISIC_7409023.jpg,35.27875737464944,23.12836806561075
mskcc_processed/ISIC_7409104.jpg,49.666858371439,78.44492669135012
mskcc_processed/ISIC_7409748.jpg,34.40847225202862,70.93224674411222
mskcc_processed/ISIC_7410546.jpg,27.71850162818336,3.2975172775737627
mskcc_processed/ISIC_7411645.jpg,20.050236871396663,-47.913727750903135
mskcc_processed/ISIC_7416017.jpg,27.89727103094763,78.08447621837672
mskcc_processed/ISIC_7416846.jpg,25.529697990533045,-36.478796699892534
mskcc_processed/ISIC_7416921.jpg,38.08877288097532,41.033029116606244
mskcc_processed/ISIC_7417960.jpg,33.360311284870214,88.46981433082168
mskcc_processed/ISIC_7421877.jpg,35.955333465589355,72.53358414439559
mskcc_processed/ISIC_7422022.jpg,1.7489460445542306,-84.65667298284664
mskcc_processed/ISIC_7422645.jpg,48.08218082452815,150.89649936577214
mskcc_processed/ISIC_7424623.jpg,38.659808254090095,146.2461145032725
mskcc_processed/ISIC_7428208.jpg,38.072781873990834,175.10154987812732
mskcc_processed/ISIC_7430164.jpg,30.709674918182284,18.850775530766445
mskcc_processed/ISIC_7430265.jpg,30.033280435995138,-35.836605015071726
mskcc_processed/ISIC_7434394.jpg,53.85041753002388,107.4539531538177
mskcc_processed/ISIC_7434744.jpg,35.37700580845057,25.108990917799577
mskcc_processed/ISIC_7437491.jpg,38.3007168446404,22.258978072571686
mskcc_processed/ISIC_7438123.jpg,51.93434890126956,88.83806495474124
mskcc_processed/ISIC_7439243.jpg,45.0,164.6025398351266
mskcc_processed/ISIC_7439461.jpg,32.57405713457251,11.170033348649664
mskcc_processed/ISIC_7441305.jpg,48.895848013087516,91.41960812169285
mskcc_processed/ISIC_7442326.jpg,44.03713637436379,125.45659399634712
mskcc_processed/ISIC_7442981.jpg,48.39301106908875,162.65718994507074
mskcc_processed/ISIC_7445007.jpg,44.80577776253017,48.225427642962075
mskcc_processed/ISIC_7449243.jpg,47.66776628044633,77.02095095992526
mskcc_processed/ISIC_7450798.jpg,9.107334312254407,-76.8359766442129
mskcc_processed/ISIC_7451651.jpg,46.15967520848358,156.62092249557747
mskcc_processed/ISIC_7452602.jpg,34.31508759999729,-32.680103861744875
mskcc_processed/ISIC_7456210.jpg,33.78936687112333,47.91650991410392
mskcc_processed/ISIC_7457979.jpg,53.13010235415598,87.91674080211666
mskcc_processed/ISIC_7458822.jpg,45.0,44.86395991158913
mskcc_processed/ISIC_7458824.jpg,44.298454087654775,168.35254996537145
mskcc_processed/ISIC_7459912.jpg,31.087505323479984,25.26701113589845
mskcc_processed/ISIC_7461829.jpg,53.51170513842469,102.96693808876078
mskcc_processed/ISIC_7464700.jpg,37.184706453233126,113.53503260957801
mskcc_processed/ISIC_7466976.jpg,37.74680538727467,41.659496036039414
mskcc_processed/ISIC_7467639.jpg,45.48969559312922,178.73500896577661
mskcc_processed/ISIC_7470777.jpg,17.831857628541478,-40.50595428911833
mskcc_processed/ISIC_7471765.jpg,36.21883726561454,52.27359343701853
mskcc_processed/ISIC_7472106.jpg,55.422842905829825,103.36644228890484
mskcc_processed/ISIC_7473998.jpg,41.86033985217974,126.1570637243353
mskcc_processed/ISIC_7474900.jpg,24.904768808095184,42.02327089696429
mskcc_processed/ISIC_7476553.jpg,34.01934998982646,80.89680807630124
mskcc_processed/ISIC_7476779.jpg,55.65390259993848,116.47505430508872
mskcc_processed/ISIC_7477490.jpg,27.552811576717797,-15.90978997628047
mskcc_processed/ISIC_7478331.jpg,50.792796495032164,137.79974251789648
mskcc_processed/ISIC_7480491.jpg,26.060995739759935,-31.277453319750965
mskcc_processed/ISIC_7481673.jpg,56.59676752212808,103.48786880406108
mskcc_processed/ISIC_7482773.jpg,33.36636600105957,154.74646995581188
mskcc_processed/ISIC_7489111.jpg,29.488907812272565,12.572407853537227
mskcc_processed/ISIC_7489114.jpg,48.755340073200536,121.77828838584063
mskcc_processed/ISIC_7489543.jpg,16.893730179198123,-65.61664486974209
mskcc_processed/ISIC_7489567.jpg,20.695450734063282,-51.8547669298576
mskcc_processed/ISIC_7492637.jpg,42.5940294833547,121.80378156823818
mskcc_processed/ISIC_7493249.jpg,38.27752348816549,94.01555804200024
mskcc_processed/ISIC_7495181.jpg,42.397437797500196,37.712822613735604
mskcc_processed/ISIC_7497206.jpg,40.827015523920494,147.0260758182252
mskcc_processed/ISIC_7503242.jpg,33.38326574872986,10.57054413753675
mskcc_processed/ISIC_7503454.jpg,44.56594936786059,146.817413990012
mskcc_processed/ISIC_7507377.jpg,47.84213788365567,83.74248537627378
mskcc_processed/ISIC_7508987.jpg,45.403484735058754,64.09551581395702
mskcc_processed/ISIC_7509398.jpg,39.143986414571046,21.201631433243673
mskcc_processed/ISIC_7510662.jpg,55.407711312490065,108.6718367195191
mskcc_processed/ISIC_7512945.jpg,22.714412353167237,-80.64078352577874
mskcc_processed/ISIC_7513195.jpg,48.54868197390444,175.52442001096293
mskcc_processed/ISIC_7514127.jpg,41.36704926051179,83.2675443901135
mskcc_processed/ISIC_7516032.jpg,41.244659926799464,111.43019297851752
mskcc_processed/ISIC_7520573.jpg,50.976702382917125,140.98690440963028
mskcc_processed/ISIC_7522372.jpg,9.264523985132987,-57.71087459972495
mskcc_processed/ISIC_7523156.jpg,41.941302425904176,71.89330828160745
mskcc_processed/ISIC_7524264.jpg,54.33499846313825,106.14672251191519
mskcc_processed/ISIC_7527417.jpg,45.70731936854426,124.31362299399137
mskcc_processed/ISIC_7528416.jpg,49.30446896050799,99.91655156701472
mskcc_processed/ISIC_7529406.jpg,36.37264685593477,22.32688751828115
mskcc_processed/ISIC_7530572.jpg,30.727486615599663,19.375574755085385
mskcc_processed/ISIC_7530841.jpg,45.62502007401749,93.63878590031175
mskcc_processed/ISIC_7532214.jpg,55.30484646876604,95.6321085538415
mskcc_processed/ISIC_7533900.jpg,40.454664691251175,115.74046857173543
mskcc_processed/ISIC_7535205.jpg,45.23578376987661,165.08906732916284
mskcc_processed/ISIC_7535529.jpg,52.05025025887314,110.71247818855251
mskcc_processed/ISIC_7535701.jpg,1.3748347805694054,-91.60565117010563
mskcc_processed/ISIC_7539888.jpg,37.874983651098205,175.91430668947515
mskcc_processed/ISIC_7540404.jpg,43.84032479151644,161.06594272512476
mskcc_processed/ISIC_7542630.jpg,34.88355694996182,49.0650182933326
mskcc_processed/ISIC_7547891.jpg,19.813793245495656,-62.67526258597491
mskcc_processed/ISIC_7548396.jpg,11.867731897566083,-64.06301247820592
mskcc_processed/ISIC_7550157.jpg,41.60507645788172,116.63862063254251
mskcc_processed/ISIC_7551465.jpg,25.221115193691382,-36.9787812619439
mskcc_processed/ISIC_7553174.jpg,29.958670526819336,96.19835561379755
mskcc_processed/ISIC_7553348.jpg,45.462052721430766,107.94653870550475
mskcc_processed/ISIC_7554266.jpg,39.05686204708835,24.652336666143807
mskcc_processed/ISIC_7555640.jpg,49.944074410797825,84.70656020233463
mskcc_processed/ISIC_7558465.jpg,53.0758963348383,93.77832697044914
mskcc_processed/ISIC_7559938.jpg,14.743562836470735,-68.62046338597588
mskcc_processed/ISIC_7560915.jpg,44.33120804703134,144.79303978035222
mskcc_processed/ISIC_7563657.jpg,26.896236965493376,-35.50761970214623
mskcc_processed/ISIC_7564734.jpg,41.217354553403695,91.13302724910871
mskcc_processed/ISIC_7564818.jpg,25.758121721975616,-10.329892162918181
mskcc_processed/ISIC_7565880.jpg,20.90407908333265,-20.618374581644918
mskcc_processed/ISIC_7569423.jpg,37.815732607573146,79.20474772052347
mskcc_processed/ISIC_7573456.jpg,18.308468278894704,-51.385449566436726
mskcc_processed/ISIC_7574406.jpg,47.57558255631633,72.63068770337253
mskcc_processed/ISIC_7574878.jpg,41.185925165709655,177.8598535544908
mskcc_processed/ISIC_7577008.jpg,1.6971561896002842,-71.77297313499868
mskcc_processed/ISIC_7577403.jpg,22.851947848915668,-34.42501594852509
mskcc_processed/ISIC_7577608.jpg,31.209133102639015,155.03168561542657
mskcc_processed/ISIC_7579496.jpg,52.6333305872313,100.15050766939984
mskcc_processed/ISIC_7585146.jpg,52.69605172201657,100.7120706867446
mskcc_processed/ISIC_7585574.jpg,19.844627566131656,-57.04742052934816
mskcc_processed/ISIC_7586024.jpg,35.75388725443675,164.45963681439477
mskcc_processed/ISIC_7587061.jpg,33.157923884672236,102.20320345064886
mskcc_processed/ISIC_7587354.jpg,33.79405249259744,157.4213146822135
mskcc_processed/ISIC_7589522.jpg,46.14576283817511,53.76835783491379
mskcc_processed/ISIC_7592605.jpg,48.19162665655427,107.71009353830597
mskcc_processed/ISIC_7594921.jpg,34.34205394350414,33.47477383159476
mskcc_processed/ISIC_7597684.jpg,47.7079174858662,71.77978913174007
mskcc_processed/ISIC_7599974.jpg,52.24614889467021,91.55702487774427
mskcc_processed/ISIC_7601583.jpg,23.99677728856574,93.52574113879365
mskcc_processed/ISIC_7601607.jpg,26.131000544938583,90.90521000699663
mskcc_processed/ISIC_7604964.jpg,39.28940686250036,23.786719029014392
mskcc_processed/ISIC_7605345.jpg,40.2551007945435,151.5022599265169
mskcc_processed/ISIC_7605723.jpg,46.16913932790743,141.97029292305453
mskcc_processed/ISIC_7605930.jpg,48.616113896154715,115.82250871432333
mskcc_processed/ISIC_7609402.jpg,11.463953015692551,-52.76110702340224
mskcc_processed/ISIC_7611494.jpg,44.76027010391915,162.67894733423174
mskcc_processed/ISIC_7613013.jpg,31.93477846315269,33.882840948417034
mskcc_processed/ISIC_7616816.jpg,44.796101289533205,112.58036961828489
mskcc_processed/ISIC_7621546.jpg,43.93908830973578,175.84694814246959
mskcc_processed/ISIC_7622670.jpg,38.140239994474186,39.82223643408676
mskcc_processed/ISIC_7624353.jpg,25.933718277433787,139.50099627372956
mskcc_processed/ISIC_7624390.jpg,47.135463442376654,56.6792042805212
mskcc_processed/ISIC_7624998.jpg,57.00777591273486,96.99481819133548
mskcc_processed/ISIC_7626072.jpg,43.33166255170669,43.19414762334948
mskcc_processed/ISIC_7626373.jpg,48.012787504183336,76.1097183109589
mskcc_processed/ISIC_7626392.jpg,39.02998401914298,21.4086611126382
mskcc_processed/ISIC_7629251.jpg,21.73229518994305,-32.95590211192836
mskcc_processed/ISIC_7633692.jpg,51.60483549675397,101.62185836990308
mskcc_processed/ISIC_7635232.jpg,62.26027883643468,-81.04789319378796
mskcc_processed/ISIC_7636018.jpg,28.877401222282803,40.04190206726561
mskcc_processed/ISIC_7637113.jpg,34.93931020467703,48.31480403589937
mskcc_processed/ISIC_7638037.jpg,47.45403167452708,79.15363616640238
mskcc_processed/ISIC_7638100.jpg,40.5612836322953,169.0330730533617
mskcc_processed/ISIC_7639508.jpg,35.28674897505972,41.44198164064287
mskcc_processed/ISIC_7641092.jpg,40.46904841819364,88.9674300326848
mskcc_processed/ISIC_7641834.jpg,37.05652818940958,32.79546212634715
mskcc_processed/ISIC_7641944.jpg,29.088851422860497,15.683156797546658
mskcc_processed/ISIC_7643322.jpg,51.93434890126956,88.04355191318844
mskcc_processed/ISIC_7644312.jpg,42.978635059643985,78.52230272485947
mskcc_processed/ISIC_7645439.jpg,41.241444314528,47.61514974571381
mskcc_processed/ISIC_7646177.jpg,24.928474135461276,-8.529872982072982
mskcc_processed/ISIC_7647137.jpg,40.67919504501553,165.7627406479294
mskcc_processed/ISIC_7648431.jpg,44.76027010391915,153.55569806272834
mskcc_processed/ISIC_7650943.jpg,40.33812690476117,168.81642025774025
mskcc_processed/ISIC_7651762.jpg,13.134022306396323,-30.034766404342726
mskcc_processed/ISIC_7656521.jpg,2.1210963966614536,-75.64674999550404
mskcc_processed/ISIC_7657671.jpg,43.45184230102204,78.62450567756713
mskcc_processed/ISIC_7660998.jpg,23.962488974578182,-16.671390511137446
mskcc_processed/ISIC_7664789.jpg,35.8033441083711,174.41063004979836
mskcc_processed/ISIC_7667006.jpg,41.30861401354873,82.9586277351487
mskcc_processed/ISIC_7672628.jpg,35.08925519984533,86.18776809379277
mskcc_processed/ISIC_7675881.jpg,11.231766384024441,-51.331871708920204
mskcc_processed/ISIC_7676916.jpg,53.874852342035716,92.27134824307727
mskcc_processed/ISIC_7679869.jpg,45.7376731374322,175.10698198310956
mskcc_processed/ISIC_7683351.jpg,17.81888891452278,-41.9301519307152
mskcc_processed/ISIC_7683638.jpg,53.91110647442278,107.06663626086201
mskcc_processed/ISIC_7686813.jpg,40.50284838533223,41.41578152911323
mskcc_processed/ISIC_7687712.jpg,37.719710916006285,113.38810363963827
mskcc_processed/ISIC_7689263.jpg,50.349177429529284,138.7958783360902
mskcc_processed/ISIC_7689776.jpg,42.749359102962465,178.29251900478906
mskcc_processed/ISIC_7692189.jpg,46.660282368982806,120.27887098412678
mskcc_processed/ISIC_7692586.jpg,57.2491234197558,112.36188548832928
mskcc_processed/ISIC_7692984.jpg,50.00583255295109,108.73404517732416
mskcc_processed/ISIC_7698619.jpg,46.902112774656935,107.83782971264924
mskcc_processed/ISIC_7698744.jpg,37.63892232842206,171.5559384933711
mskcc_processed/ISIC_7708732.jpg,22.166345822082455,-58.250955675951644
mskcc_processed/ISIC_7709009.jpg,11.154659738928297,-51.283692752247745
mskcc_processed/ISIC_7709093.jpg,46.93493230955277,66.72248761211613
mskcc_processed/ISIC_7709108.jpg,50.15855178060605,91.28806354535376
mskcc_processed/ISIC_7710338.jpg,5.069420132612498,-92.26443629040186
mskcc_processed/ISIC_7711090.jpg,41.80655072671671,178.89558550957955
mskcc_processed/ISIC_7711304.jpg,38.290163192243064,19.516364155159074
mskcc_processed/ISIC_7711312.jpg,30.96375653207352,17.32061817091185
mskcc_processed/ISIC_7712471.jpg,44.518534194161646,135.7628301371635
mskcc_processed/ISIC_7714974.jpg,48.270487923183566,88.85206104055615
mskcc_processed/ISIC_7715217.jpg,15.83800000136957,-48.20036388078415
mskcc_processed/ISIC_7719081.jpg,4.085616779974877,-63.16136114320407
mskcc_processed/ISIC_7722805.jpg,27.499138731047154,20.504034712250913
mskcc_processed/ISIC_7723707.jpg,9.323591778138015,-74.04576330207655
mskcc_processed/ISIC_7726641.jpg,41.66152945623564,103.2176572368348
mskcc_processed/ISIC_7727173.jpg,42.05355261998767,43.844222556629205
mskcc_processed/ISIC_7727617.jpg,35.150985488882974,19.354746143941618
mskcc_processed/ISIC_7727796.jpg,38.37733340461899,35.24346185913996
mskcc_processed/ISIC_7730048.jpg,28.274865221219518,-6.869182710452912
mskcc_processed/ISIC_7731217.jpg,44.625523113277175,47.77418507621353
mskcc_processed/ISIC_7732591.jpg,41.1214754971523,107.75848427819295
mskcc_processed/ISIC_7736854.jpg,43.01261579819858,37.4653213266847
mskcc_processed/ISIC_7739145.jpg,52.53102383054348,95.6784740337549
mskcc_processed/ISIC_7749091.jpg,40.148883904698444,42.31885597251377
mskcc_processed/ISIC_7749536.jpg,42.51044707800085,179.8993589990719
mskcc_processed/ISIC_7751423.jpg,49.056737861294884,84.48127276709425
mskcc_processed/ISIC_7752616.jpg,34.060908816807846,26.01291655285464
mskcc_processed/ISIC_7753654.jpg,46.28444352180078,177.0766657748535
mskcc_processed/ISIC_7755291.jpg,42.758249336802656,75.2564512132377
mskcc_processed/ISIC_7758951.jpg,41.831879624406234,58.58174590920451
mskcc_processed/ISIC_7761374.jpg,16.054219662775747,-56.82137835411828
mskcc_processed/ISIC_7765318.jpg,44.03713637436379,153.41720251313924
mskcc_processed/ISIC_7766187.jpg,48.012787504183336,102.96243649118658
mskcc_processed/ISIC_7766767.jpg,51.12908076496802,87.16813888085726
mskcc_processed/ISIC_7770060.jpg,53.494375789808984,94.60724304136383
mskcc_processed/ISIC_7771211.jpg,32.29061186374424,-0.8338509300452941
mskcc_processed/ISIC_7772450.jpg,37.71597634558314,100.43137545186418
mskcc_processed/ISIC_7773066.jpg,31.4716845336273,15.868749206016236
mskcc_processed/ISIC_7776271.jpg,41.27335507676074,108.43972673054319
mskcc_processed/ISIC_7777645.jpg,22.932100437589785,121.53357172931192
mskcc_processed/ISIC_7778099.jpg,44.55927192723899,97.46340709229416
mskcc_processed/ISIC_7779190.jpg,47.321530589832726,65.42584268800694
mskcc_processed/ISIC_7780754.jpg,32.33763593714256,55.84867338937894
mskcc_processed/ISIC_7781495.jpg,51.811927773881145,88.92026410217196
mskcc_processed/ISIC_7781588.jpg,44.33637199998674,87.07262168046339
mskcc_processed/ISIC_7785915.jpg,40.39990433373673,62.927773604641956
mskcc_processed/ISIC_7789952.jpg,32.14588263101106,12.410757411719407
mskcc_processed/ISIC_7790092.jpg,54.306880973776224,101.13171865627449
mskcc_processed/ISIC_7791652.jpg,53.39909464785246,94.33160833478068
mskcc_processed/ISIC_7794626.jpg,47.990344975165385,103.25072368656475
mskcc_processed/ISIC_7795066.jpg,54.368446083105844,100.0515425541627
mskcc_processed/ISIC_7795490.jpg,55.50506386991735,102.1012774242186
mskcc_processed/ISIC_7796302.jpg,37.20792192178157,17.215981323911898
mskcc_processed/ISIC_7799422.jpg,43.02506598911803,158.06077684208537
mskcc_processed/ISIC_7799536.jpg,14.656751115760425,-90.82771132409884
mskcc_processed/ISIC_7799568.jpg,34.87532834460219,19.11064946798056
mskcc_processed/ISIC_7800747.jpg,49.3125031439389,84.90101500350548
mskcc_processed/ISIC_7800919.jpg,47.549949012960184,157.3534221050724
mskcc_processed/ISIC_7805884.jpg,41.75265720967708,49.88618144539466
mskcc_processed/ISIC_7808929.jpg,54.62299419154944,109.98042710625668
mskcc_processed/ISIC_7814088.jpg,56.4587523458772,110.27460216004242
mskcc_processed/ISIC_7818363.jpg,36.94316586615345,136.47325781387653
mskcc_processed/ISIC_7821380.jpg,27.216111557307475,3.984300251856328
mskcc_processed/ISIC_7823422.jpg,25.588513141316422,-18.824696320805664
mskcc_processed/ISIC_7824485.jpg,32.61924307119283,10.152581388783556
mskcc_processed/ISIC_7825042.jpg,43.27918516632713,176.9838472314058
mskcc_processed/ISIC_7826062.jpg,42.429262889309484,114.24873631232408
mskcc_processed/ISIC_7827378.jpg,43.011362143525936,52.34371413718109
mskcc_processed/ISIC_7827681.jpg,44.02235121497016,41.44576226559604
mskcc_processed/ISIC_7839590.jpg,36.25383773744479,165.46416823466998
mskcc_processed/ISIC_7841060.jpg,46.01939028145508,65.11184697131812
mskcc_processed/ISIC_7841311.jpg,34.60266647756365,103.42012423269306
mskcc_processed/ISIC_7841703.jpg,33.28256529679662,26.612619295465525
mskcc_processed/ISIC_7841829.jpg,54.55808108183992,106.26595923884678
mskcc_processed/ISIC_7842787.jpg,43.04193257076595,158.48937931444627
mskcc_processed/ISIC_7843322.jpg,34.34205394350414,88.05659898306365
mskcc_processed/ISIC_7844758.jpg,32.31961650818018,23.71143112374445
mskcc_processed/ISIC_7846162.jpg,55.203973721731685,100.36949430971865
mskcc_processed/ISIC_7850332.jpg,8.130102354155978,-62.91466149562746
mskcc_processed/ISIC_7851504.jpg,28.88658176691071,2.463635432992633
mskcc_processed/ISIC_7852939.jpg,29.013707760902406,-115.42240655140138
mskcc_processed/ISIC_7857420.jpg,48.98119865642163,103.44769176494431
mskcc_processed/ISIC_7857584.jpg,50.042451069170916,137.56469311331935
mskcc_processed/ISIC_7858972.jpg,27.037258448483403,-4.624971549427614
mskcc_processed/ISIC_7864870.jpg,53.24344697289432,113.30346208612217
mskcc_processed/ISIC_7875277.jpg,25.54505604400182,-43.644596781403465
mskcc_processed/ISIC_7875927.jpg,45.46962701968965,157.59335789350544
mskcc_processed/ISIC_7878042.jpg,49.64633549119589,98.16161113543077
mskcc_processed/ISIC_7880882.jpg,33.7830800733526,42.22112321859027
mskcc_processed/ISIC_7880980.jpg,48.72664492323926,110.69278484216048
mskcc_processed/ISIC_7883432.jpg,55.66457551745175,95.59815588350426
mskcc_processed/ISIC_7888062.jpg,55.27100372047909,100.49827334316161
mskcc_processed/ISIC_7888400.jpg,46.6637250042916,141.9233237142491
mskcc_processed/ISIC_7888812.jpg,40.726053902403045,41.09081203364408
mskcc_processed/ISIC_7888905.jpg,49.72798781884221,122.85713124147246
mskcc_processed/ISIC_7889017.jpg,40.93142032315459,95.64637954052613
mskcc_processed/ISIC_7889692.jpg,36.656108415966905,109.27591013055479
mskcc_processed/ISIC_7893759.jpg,16.342882543441863,-70.24752989170595
mskcc_processed/ISIC_7899885.jpg,34.64094751191629,16.233045470811465
mskcc_processed/ISIC_7904271.jpg,32.6309384740745,145.49367557108042
mskcc_processed/ISIC_7904281.jpg,45.451138546787284,127.7173043784769
mskcc_processed/ISIC_7908429.jpg,43.56790381583536,151.72213261911546
mskcc_processed/ISIC_7909359.jpg,49.42955929897764,92.87995009876032
mskcc_processed/ISIC_7909439.jpg,36.52885536698516,22.99336341376954
mskcc_processed/ISIC_7915714.jpg,56.090128771583075,105.083991720376
mskcc_processed/ISIC_7917143.jpg,42.47917209228983,34.90086738543019
mskcc_processed/ISIC_7917432.jpg,45.92404535277271,157.5745865305203
mskcc_processed/ISIC_7920631.jpg,54.16234704572172,87.9449258492911
mskcc_processed/ISIC_7922042.jpg,47.61168137789839,78.87067228532297
mskcc_processed/ISIC_7924872.jpg,40.049727765708255,122.47232598985055
mskcc_processed/ISIC_7927244.jpg,41.742778059333055,159.166771052547
mskcc_processed/ISIC_7929575.jpg,53.02723751043195,87.38910672382035
mskcc_processed/ISIC_7931213.jpg,54.21102654081667,111.43794864233887
mskcc_processed/ISIC_7932093.jpg,44.51030440687077,170.93731484588358
mskcc_processed/ISIC_7932881.jpg,46.47963577089681,125.30320868258141
mskcc_processed/ISIC_7933383.jpg,38.784364100297346,21.49565653046852
mskcc_processed/ISIC_7934910.jpg,40.252111891366006,24.57936132188069
mskcc_processed/ISIC_7936387.jpg,53.53076560994813,114.11485120045906
mskcc_processed/ISIC_7936659.jpg,36.86989764584402,43.887441434994976
mskcc_processed/ISIC_7937663.jpg,52.48503895037334,116.50337355908957
mskcc_processed/ISIC_7939380.jpg,44.068443401922515,152.3587359444931
mskcc_processed/ISIC_7940926.jpg,48.270487923183566,80.82892788039426
mskcc_processed/ISIC_7942189.jpg,38.43730149106253,175.8298187749223
mskcc_processed/ISIC_7944676.jpg,48.486829771037144,92.51157258733417
mskcc_processed/ISIC_7946032.jpg,13.33510634104591,-70.93177373452117
mskcc_processed/ISIC_7948710.jpg,31.7594800848128,24.266579994787094
mskcc_processed/ISIC_7948855.jpg,42.806765423624455,156.17994896050328
mskcc_processed/ISIC_7959996.jpg,53.91110647442278,110.13882434611777
mskcc_processed/ISIC_7960853.jpg,48.527468050374125,73.95099351046129
mskcc_processed/ISIC_7961197.jpg,53.76159339051851,112.32687101540144
mskcc_processed/ISIC_7962757.jpg,36.13927906216982,108.96384578994031
mskcc_processed/ISIC_7963852.jpg,27.525225743744333,13.109535437038867
mskcc_processed/ISIC_7966304.jpg,39.06258390051848,53.295478074979
mskcc_processed/ISIC_7968120.jpg,56.66492036979142,99.1632733602133
mskcc_processed/ISIC_7970216.jpg,43.04007274087363,70.70595384611417
mskcc_processed/ISIC_7973772.jpg,49.099513403401886,71.62229546042009
mskcc_processed/ISIC_7973789.jpg,45.22646435234118,106.94107131443457
mskcc_processed/ISIC_7974920.jpg,34.053268870254946,35.48565440378976
mskcc_processed/ISIC_7976974.jpg,39.84441568259377,42.91271929054478
mskcc_processed/ISIC_7985478.jpg,31.395471135367934,22.18587984119602
mskcc_processed/ISIC_7986779.jpg,42.78795799795165,173.3039566960282
mskcc_processed/ISIC_7990454.jpg,46.24536426676835,78.46846611636556
mskcc_processed/ISIC_7991728.jpg,38.853374340353334,60.230127976082294
mskcc_processed/ISIC_7992543.jpg,42.397437797500196,164.71925306210252
mskcc_processed/ISIC_7994839.jpg,46.37483478056941,163.50472954020802
mskcc_processed/ISIC_7997247.jpg,55.00797980144134,107.96798607403709
mskcc_processed/ISIC_7998049.jpg,37.32877851673801,55.64034044382798
mskcc_processed/ISIC_7999019.jpg,38.853374340353334,49.86372469219537
mskcc_processed/ISIC_7999129.jpg,41.85097958115242,26.86373220270206
mskcc_processed/ISIC_8000858.jpg,46.2188752351313,157.2601020304324
mskcc_processed/ISIC_8001474.jpg,37.640912317984785,28.516192375251563
mskcc_processed/ISIC_8002342.jpg,55.49147701233159,107.1382256549714
mskcc_processed/ISIC_8002541.jpg,45.22826883015342,127.34845584362846
mskcc_processed/ISIC_8004465.jpg,54.074758021008684,107.2323696282925
mskcc_processed/ISIC_8004485.jpg,50.361568980631745,68.66477713173875
mskcc_processed/ISIC_8004962.jpg,25.221115193691382,-26.45169313416164
mskcc_processed/ISIC_8008994.jpg,43.927170724208466,68.98054947097656
mskcc_processed/ISIC_8013760.jpg,57.295266422998154,100.00408855190771
mskcc_processed/ISIC_8014555.jpg,5.31454566994475,-85.83959247587298
mskcc_processed/ISIC_8015114.jpg,36.61860197863508,15.941322992656401
mskcc_processed/ISIC_8015120.jpg,49.492581479915316,100.43708556593398
mskcc_processed/ISIC_8020309.jpg,32.21329855081325,19.856730883041806
mskcc_processed/ISIC_8023879.jpg,40.57044070102236,28.781374530167568
mskcc_processed/ISIC_8024301.jpg,50.349177429529284,124.45241261372405
mskcc_processed/ISIC_8030107.jpg,38.51692630710276,44.78628356834776
mskcc_processed/ISIC_8030462.jpg,38.70763443623188,49.18013601543847
mskcc_processed/ISIC_8030548.jpg,47.270449670665094,163.7792217654898
mskcc_processed/ISIC_8030631.jpg,54.46232220802562,115.20579878515906
mskcc_processed/ISIC_8034360.jpg,56.164880177548596,105.42750567431253
mskcc_processed/ISIC_8037367.jpg,48.31778116833485,91.48497639854034
mskcc_processed/ISIC_8037564.jpg,46.77146974003408,67.02044899676349
mskcc_processed/ISIC_8048999.jpg,15.42216131873867,-42.86428834916906
mskcc_processed/ISIC_8049768.jpg,45.189094295343764,57.8068373712748
mskcc_processed/ISIC_8050268.jpg,54.84292219679242,84.42908814102555
mskcc_processed/ISIC_8052698.jpg,34.446126301730466,128.29106433932753
mskcc_processed/ISIC_8056432.jpg,41.26434087338234,22.5238797604467
mskcc_processed/ISIC_8057911.jpg,48.012787504183336,74.15107935175266
mskcc_processed/ISIC_8060353.jpg,43.43980031307133,88.30759023701381
mskcc_processed/ISIC_8062639.jpg,55.942185409009376,106.33736395981774
mskcc_processed/ISIC_8062919.jpg,26.40227951408486,1.668054553649945
mskcc_processed/ISIC_8066821.jpg,14.63827853837369,-67.34201876182546
mskcc_processed/ISIC_8071141.jpg,47.150026351038605,74.81328415845785
mskcc_processed/ISIC_8071390.jpg,45.45835645800044,150.60237812573098
mskcc_processed/ISIC_8071560.jpg,49.39870535499554,93.6903925601107
mskcc_processed/ISIC_8077633.jpg,47.0700306530411,137.16587228723446
mskcc_processed/ISIC_8079421.jpg,43.34996060442212,119.51560336904726
mskcc_processed/ISIC_8086443.jpg,46.77146974003408,58.86345057502491
mskcc_processed/ISIC_8090647.jpg,38.79655209830817,76.87145435959728
mskcc_processed/ISIC_8093837.jpg,39.38557290095442,33.868147718202586
mskcc_processed/ISIC_8096551.jpg,44.7540968767293,167.5608108251872
mskcc_processed/ISIC_8097687.jpg,45.64860375889098,91.69955745321886
mskcc_processed/ISIC_8100289.jpg,46.16913932790743,52.87674058891898
mskcc_processed/ISIC_8100735.jpg,50.30092651652569,81.6096785864459
mskcc_processed/ISIC_8100817.jpg,45.931556598077485,133.39084139504962
mskcc_processed/ISIC_8106667.jpg,36.17025533209094,168.8598961798766
mskcc_processed/ISIC_8107247.jpg,49.3125031439389,62.66187502206029
mskcc_processed/ISIC_8107729.jpg,52.48503895037334,140.62080500086284
mskcc_processed/ISIC_8110747.jpg,47.0700306530411,168.0323892053429
mskcc_processed/ISIC_8113582.jpg,46.1321802751313,169.18130567745956
mskcc_processed/ISIC_8116750.jpg,55.942185409009376,113.02526500772275
mskcc_processed/ISIC_8117019.jpg,49.52476847283419,104.3815605827185
mskcc_processed/ISIC_8117698.jpg,49.46715906138927,115.26140671641447
mskcc_processed/ISIC_8117838.jpg,31.514072602988836,49.26036566223699
mskcc_processed/ISIC_8118258.jpg,36.4411252609024,23.195083286397306
mskcc_processed/ISIC_8119802.jpg,33.31063082456081,18.94286854620733
mskcc_processed/ISIC_8120909.jpg,37.24683812544116,174.00242137648334
mskcc_processed/ISIC_8122498.jpg,43.77242116786545,61.35824258966982
mskcc_processed/ISIC_8125581.jpg,46.12330271407543,124.04880223988214
mskcc_processed/ISIC_8128822.jpg,47.895761973466584,153.97298565836553
mskcc_processed/ISIC_8138371.jpg,29.22441919020091,84.99909965349454
mskcc_processed/ISIC_8141573.jpg,35.166436035792884,117.1387421073018
mskcc_processed/ISIC_8144353.jpg,46.0569977767849,87.962932191658
mskcc_processed/ISIC_8144619.jpg,36.634113875967415,29.450243485546817
mskcc_processed/ISIC_8146076.jpg,28.562931033554666,9.469245367014173
mskcc_processed/ISIC_8149437.jpg,40.74616356388081,126.9091456521022
mskcc_processed/ISIC_8149744.jpg,46.24536426676835,75.13128806134426
mskcc_processed/ISIC_8150685.jpg,56.38032037412982,107.88222057644944
mskcc_processed/ISIC_8159782.jpg,46.95992725912638,136.4768673889634
mskcc_processed/ISIC_8162642.jpg,43.79140756797315,177.1180832848469
mskcc_processed/ISIC_8170278.jpg,49.67925916040482,90.08610612466894
mskcc_processed/ISIC_8171081.jpg,34.38034472384487,18.47557506696303
mskcc_processed/ISIC_8175765.jpg,46.650039395577885,174.57461179252488
mskcc_processed/ISIC_8177202.jpg,52.65615910565133,82.79352134353695
mskcc_processed/ISIC_8177614.jpg,53.19086137646338,128.0899474230515
mskcc_processed/ISIC_8182227.jpg,46.902112774656935,117.9892130405379
mskcc_processed/ISIC_8185184.jpg,48.61188500922299,68.00332521031099
mskcc_processed/ISIC_8191002.jpg,2.1529627891004606,-81.24172061501427
mskcc_processed/ISIC_8194988.jpg,40.84035770628736,168.5276728855971
mskcc_processed/ISIC_8197187.jpg,46.58485439305051,168.09678633580964
mskcc_processed/ISIC_8197301.jpg,34.04593735660166,23.62028198483399
mskcc_processed/ISIC_8204718.jpg,36.68487424320812,36.861234647791306
mskcc_processed/ISIC_8212065.jpg,14.803980156270498,-50.936091892039954
mskcc_processed/ISIC_8212340.jpg,45.836375325422416,118.99157785466008
mskcc_processed/ISIC_8212394.jpg,45.23578376987661,145.19892822081675
mskcc_processed/ISIC_8213072.jpg,54.67970352627785,99.6554021858453
mskcc_processed/ISIC_8214155.jpg,23.720395572304593,-51.74385667604772
mskcc_processed/ISIC_8215414.jpg,12.149091607441349,-48.48015210444697
mskcc_processed/ISIC_8224541.jpg,42.36324157385955,38.14006435399853
mskcc_processed/ISIC_8225371.jpg,42.397437797500196,57.43585813769231
mskcc_processed/ISIC_8232072.jpg,45.0,76.17862074722407
mskcc_processed/ISIC_8232537.jpg,22.361893798353318,9.189022099694656
mskcc_processed/ISIC_8233421.jpg,50.47736872882888,80.04177394008555
mskcc_processed/ISIC_8233651.jpg,36.45721009232429,98.80199763077886
mskcc_processed/ISIC_8241218.jpg,40.5418900219016,36.02284904870765
mskcc_processed/ISIC_8242033.jpg,37.37892869070295,27.39727837246512
mskcc_processed/ISIC_8242644.jpg,46.35930578606862,64.9854789550653
mskcc_processed/ISIC_8243418.jpg,40.91438322002512,167.30072544659347
mskcc_processed/ISIC_8250601.jpg,32.326139994376874,110.86019658583693
mskcc_processed/ISIC_8251498.jpg,8.130102354155978,-76.95189521983212
mskcc_processed/ISIC_8252834.jpg,36.807483967358,36.90273501525428
mskcc_processed/ISIC_8255594.jpg,33.690067525979785,14.415565582019216
mskcc_processed/ISIC_8258104.jpg,43.472474557787066,42.97891361493939
mskcc_processed/ISIC_8260266.jpg,54.940573033113026,108.95186202545729
mskcc_processed/ISIC_8261790.jpg,22.420427435973696,-22.35585842878853
mskcc_processed/ISIC_8262290.jpg,53.412345290426835,111.69620599376569
mskcc_processed/ISIC_8275584.jpg,39.233977231763504,19.302017611597453
mskcc_processed/ISIC_8277911.jpg,42.20729763428672,105.16752021857376
mskcc_processed/ISIC_8278638.jpg,43.79140756797315,164.49748436012402
mskcc_processed/ISIC_8279198.jpg,46.90915243299638,137.44627093865378
mskcc_processed/ISIC_8284692.jpg,37.08583549095235,131.77499528354818
mskcc_processed/ISIC_8284820.jpg,41.36704926051179,78.16848761302514
mskcc_processed/ISIC_8287904.jpg,45.481465805838354,163.96882578335843
mskcc_processed/ISIC_8287916.jpg,40.275548302829115,131.27928153132308
mskcc_processed/ISIC_8287950.jpg,20.646990824970363,-44.31757452190026
mskcc_processed/ISIC_8288467.jpg,46.15967520848358,115.79108923845668
mskcc_processed/ISIC_8288996.jpg,45.80692945510237,65.21920670337637
mskcc_processed/ISIC_8292342.jpg,47.35329686610831,68.97776050191327
mskcc_processed/ISIC_8297966.jpg,55.23977462904013,92.3049886975022
mskcc_processed/ISIC_8299709.jpg,55.79310312022312,104.55909424712776
mskcc_processed/ISIC_8301134.jpg,36.14204123637165,14.175344347064753
mskcc_processed/ISIC_8301746.jpg,45.209873711567546,143.66895648117597
mskcc_processed/ISIC_8301838.jpg,24.537728476577794,-13.633895028612715
mskcc_processed/ISIC_8302291.jpg,42.86308914624275,63.30373851262224
mskcc_processed/ISIC_8306539.jpg,34.094977954765554,100.59916357677969
mskcc_processed/ISIC_8307630.jpg,50.63068275763526,125.10651787792149
mskcc_processed/ISIC_8312664.jpg,39.7729796398571,22.11656653765448
mskcc_processed/ISIC_8312879.jpg,55.94822149962073,104.50909466637543
mskcc_processed/ISIC_8319434.jpg,40.089738778417434,30.3006535415591
mskcc_processed/ISIC_8320653.jpg,49.96974072811031,102.78739121249077
mskcc_processed/ISIC_8321944.jpg,31.84516052865566,70.15094587234192
mskcc_processed/ISIC_8323536.jpg,37.244782892659444,43.7665368926663
mskcc_processed/ISIC_8323956.jpg,30.777530385534483,6.951788132090359
mskcc_processed/ISIC_8324570.jpg,49.64633549119589,98.2454770274461
mskcc_processed/ISIC_8326717.jpg,41.88656125194279,109.56829843225684
mskcc_processed/ISIC_8330552.jpg,23.77634349723379,102.12571835533329
mskcc_processed/ISIC_8331753.jpg,56.236944259344774,104.86735477609113
mskcc_processed/ISIC_8336806.jpg,52.90716270295846,102.52373202148605
mskcc_processed/ISIC_8338492.jpg,39.27104871525513,23.36832013425557
mskcc_processed/ISIC_8344762.jpg,48.54868197390444,144.63647313222074
mskcc_processed/ISIC_8344917.jpg,34.64094751191629,25.805569691360827
mskcc_processed/ISIC_8345417.jpg,52.97327123257036,86.07072354256023
mskcc_processed/ISIC_8348148.jpg,38.42807734568411,51.74556975675947
mskcc_processed/ISIC_8350342.jpg,47.45403167452708,85.25890804895533
mskcc_processed/ISIC_8350449.jpg,45.2114225810393,70.75583240615627
mskcc_processed/ISIC_8351324.jpg,42.17019240711285,71.34666432423353
mskcc_processed/ISIC_8356442.jpg,46.624976357524766,71.80449107676318
mskcc_processed/ISIC_8357322.jpg,44.766140974126735,134.8324180559557
mskcc_processed/ISIC_8357914.jpg,49.49715161466777,109.89768715263136
mskcc_processed/ISIC_8359593.jpg,46.61353893288119,45.86356664487497
mskcc_processed/ISIC_8368057.jpg,22.706370840305922,-27.81843995149458
mskcc_processed/ISIC_8369818.jpg,40.67919504501553,162.34873134878916
mskcc_processed/ISIC_8374334.jpg,31.024774378561823,78.1198893072986
mskcc_processed/ISIC_8378162.jpg,30.777530385534483,21.779549882330755
mskcc_processed/ISIC_8378553.jpg,29.560354464680735,-25.36384799123905
mskcc_processed/ISIC_8378620.jpg,10.901267653030068,-63.43497818696701
mskcc_processed/ISIC_8380111.jpg,55.00797980144134,110.2126755381201
mskcc_processed/ISIC_8387095.jpg,45.23196545129821,162.86182907313727
mskcc_processed/ISIC_8387873.jpg,53.74616226255521,121.44830750437961
mskcc_processed/ISIC_8388829.jpg,21.729789799262367,-45.76236189763461
mskcc_processed/ISIC_8395664.jpg,55.27100372047909,105.7819250392107
mskcc_processed/ISIC_8397733.jpg,40.81508387488159,109.0171775563613
mskcc_processed/ISIC_8397771.jpg,14.881529703140547,-43.48119757483148
mskcc_processed/ISIC_8405894.jpg,40.84871473357831,77.07967604624594
mskcc_processed/ISIC_8406091.jpg,50.355825042855194,173.39595820353006
mskcc_processed/ISIC_8408105.jpg,49.22818270516165,136.52573132294964
mskcc_processed/ISIC_8408872.jpg,40.74616356388081,93.21120462471897
mskcc_processed/ISIC_8410175.jpg,52.17171216538709,87.09319909515034
mskcc_processed/ISIC_8410613.jpg,54.940573033113026,111.7315392761866
mskcc_processed/ISIC_8412182.jpg,35.428404346243354,28.424935818819293
mskcc_processed/ISIC_8412551.jpg,43.97330381994214,109.36429965014614
mskcc_processed/ISIC_8412714.jpg,31.7594800848128,18.555092673200978
mskcc_processed/ISIC_8413868.jpg,30.762719534238915,171.90400984886242
mskcc_processed/ISIC_8415449.jpg,42.990446186978865,155.25815637686455
mskcc_processed/ISIC_8416151.jpg,40.67112493280958,135.93527448450894
mskcc_processed/ISIC_8417027.jpg,41.77895978449951,171.58604037042227
mskcc_processed/ISIC_8427328.jpg,40.56896068708647,49.87742437803305
mskcc_processed/ISIC_8436072.jpg,41.34777721969366,141.8254891224624
mskcc_processed/ISIC_8436283.jpg,38.951493338999384,22.96041019208105
mskcc_processed/ISIC_8440213.jpg,35.202182592148745,43.794402341731036
mskcc_processed/ISIC_8442271.jpg,45.374476886722825,44.70544783959037
mskcc_processed/ISIC_8442471.jpg,32.06739160326048,11.188649661580845
mskcc_processed/ISIC_8445675.jpg,50.233861647216436,163.5758967111869
mskcc_processed/ISIC_8445678.jpg,36.098283967108,28.7875730219955
mskcc_processed/ISIC_8446054.jpg,44.572427493166586,75.98614269722583
mskcc_processed/ISIC_8446334.jpg,32.421064762506944,17.70768391041867
mskcc_processed/ISIC_8447739.jpg,47.0700306530411,162.24185706520677
mskcc_processed/ISIC_8449803.jpg,32.26035320751791,14.148359356621285
mskcc_processed/ISIC_8453350.jpg,42.38665372469076,121.87931547706913
mskcc_processed/ISIC_8454689.jpg,41.987212495816664,27.337543965247132
mskcc_processed/ISIC_8454876.jpg,44.09061955080086,97.51395066619057
mskcc_processed/ISIC_8454943.jpg,35.75388725443675,21.040155513109852
mskcc_processed/ISIC_8455147.jpg,41.27868673525024,96.35681729852499
mskcc_processed/ISIC_8455599.jpg,56.01872390399894,104.80627744122509
mskcc_processed/ISIC_8455875.jpg,42.623049185596514,62.53647058854118
mskcc_processed/ISIC_8455966.jpg,50.27067075164096,138.5158472290206
mskcc_processed/ISIC_8462151.jpg,35.36246188706905,14.443055720118249
mskcc_processed/ISIC_8466728.jpg,55.35509122014803,104.24882314831757
mskcc_processed/ISIC_8467978.jpg,56.02803669442678,93.67380872826672
mskcc_processed/ISIC_8468708.jpg,54.090276920822326,94.73776427110047
mskcc_processed/ISIC_8469021.jpg,37.61395684873273,164.21647508845345
mskcc_processed/ISIC_8469595.jpg,26.406775945663863,-7.116439367523406
mskcc_processed/ISIC_8471114.jpg,40.112990165078486,96.46708612887015
mskcc_processed/ISIC_8472247.jpg,54.37209270857909,105.98872933569562
mskcc_processed/ISIC_8473452.jpg,49.02199017702011,173.5349000431158
mskcc_processed/ISIC_8475785.jpg,47.152962789100464,134.24971277515948
mskcc_processed/ISIC_8478238.jpg,49.52476847283419,89.21090147442122
mskcc_processed/ISIC_8481180.jpg,36.11105752157548,179.0215482542296
mskcc_processed/ISIC_8482643.jpg,42.72955032933491,146.66174879762835
mskcc_processed/ISIC_8484431.jpg,14.63827853837369,-69.03924903745529
mskcc_processed/ISIC_8484663.jpg,37.94574826663529,20.758267076450757
mskcc_processed/ISIC_8484855.jpg,37.504142360270144,18.225903451816126
mskcc_processed/ISIC_8486150.jpg,37.617423647271075,21.839020484389103
mskcc_processed/ISIC_8487536.jpg,32.9052429229879,66.72975980916166
mskcc_processed/ISIC_8487689.jpg,40.40574666873362,164.5399845969207
mskcc_processed/ISIC_8488126.jpg,42.76882539196875,179.7628722118685
mskcc_processed/ISIC_8488734.jpg,30.629998484820693,21.092639256515284
mskcc_processed/ISIC_8497107.jpg,41.77895978449951,147.3380882104163
mskcc_processed/ISIC_8498141.jpg,47.395005516872345,115.00703437917768
mskcc_processed/ISIC_8501753.jpg,35.75388725443675,106.59539343230266
mskcc_processed/ISIC_8501820.jpg,42.8613174223337,141.2829331026815
mskcc_processed/ISIC_8506079.jpg,45.75716886505853,157.6196097611273
mskcc_processed/ISIC_8508994.jpg,25.696999727332447,-21.919312376255537
mskcc_processed/ISIC_8512663.jpg,45.22121812666487,96.69336338258238
mskcc_processed/ISIC_8512727.jpg,28.14160123226172,-49.2139090033881
mskcc_processed/ISIC_8513066.jpg,26.939528063800815,-87.99489996662132
mskcc_processed/ISIC_8518330.jpg,47.891269596220575,67.38066856105382
mskcc_processed/ISIC_8521318.jpg,42.46644111160543,174.12161213400756
mskcc_processed/ISIC_8521670.jpg,54.23712939983676,107.13354075998187
mskcc_processed/ISIC_8522577.jpg,42.749359102962465,162.08792183890574
mskcc_processed/ISIC_8523078.jpg,28.64418289898275,-97.74378905332641
mskcc_processed/ISIC_8523548.jpg,37.81146285726336,152.5183748974704
mskcc_processed/ISIC_8523984.jpg,48.25411614169379,67.28827522941526
mskcc_processed/ISIC_8528226.jpg,48.755340073200536,176.29363566131525
mskcc_processed/ISIC_8532891.jpg,25.734735690819978,-26.09287787192364
mskcc_processed/ISIC_8534815.jpg,51.00900595749453,132.33501846970827
mskcc_processed/ISIC_8536830.jpg,49.97835533930883,82.83844420911944
mskcc_processed/ISIC_8537036.jpg,52.028396238949604,94.8751749608026
mskcc_processed/ISIC_8537040.jpg,39.50310749426445,129.2906088232397
mskcc_processed/ISIC_8541100.jpg,44.76027010391915,140.11413279648556
mskcc_processed/ISIC_8543836.jpg,27.841626069957815,3.9610951126220524
mskcc_processed/ISIC_8544351.jpg,9.884124007522072,-76.60436253651113
mskcc_processed/ISIC_8546634.jpg,27.82409638425326,-1.2648866864595198
mskcc_processed/ISIC_8548738.jpg,55.732664556655784,105.91081591404057
mskcc_processed/ISIC_8552092.jpg,8.471144633014832,-58.352254223578406
mskcc_processed/ISIC_8552160.jpg,40.700137179807925,48.90324709163774
mskcc_processed/ISIC_8555262.jpg,48.57633437499736,131.77714221063636
mskcc_processed/ISIC_8557900.jpg,47.48955292199915,128.95895515085243
mskcc_processed/ISIC_8562534.jpg,44.78379053753763,128.74917030536574
mskcc_processed/ISIC_8564164.jpg,53.32156623466691,87.35131087344539
mskcc_processed/ISIC_8566296.jpg,51.6764800604021,82.90990102957097
mskcc_processed/ISIC_8566313.jpg,45.0,154.09183820695776
mskcc_processed/ISIC_8567146.jpg,29.29136217098426,166.27870818054535
mskcc_processed/ISIC_8567822.jpg,40.60129464500447,126.50072692771568
mskcc_processed/ISIC_8568816.jpg,43.814739181377604,46.32384305167819
mskcc_processed/ISIC_8570229.jpg,50.019853642019555,78.65668933975914
mskcc_processed/ISIC_8570309.jpg,36.744111284783266,37.20279131692077
mskcc_processed/ISIC_8575737.jpg,22.280002718542324,-31.361532515720306
mskcc_processed/ISIC_8577820.jpg,43.02506598911803,74.04782161939987
mskcc_processed/ISIC_8578609.jpg,31.74528742235523,16.866507126362023
mskcc_processed/ISIC_8580808.jpg,43.41514560694948,86.28341511836976
mskcc_processed/ISIC_8581478.jpg,37.680980624409564,170.99531384446942
mskcc_processed/ISIC_8586881.jpg,43.29018595585847,115.08211462686336
mskcc_processed/ISIC_8587870.jpg,22.380135051959574,-45.14170441037196
mskcc_processed/ISIC_8588722.jpg,49.59054318560603,103.10626731418897
mskcc_processed/ISIC_8589093.jpg,8.412345290426837,-58.077712315970906
mskcc_processed/ISIC_8594529.jpg,32.09671540412566,11.88089519938677
mskcc_processed/ISIC_8596439.jpg,56.59676752212808,106.95928353934616
mskcc_processed/ISIC_8597026.jpg,21.66115082034665,-23.825705112183265
mskcc_processed/ISIC_8598881.jpg,14.905758523554994,-48.19118961605391
mskcc_processed/ISIC_8599412.jpg,32.17121712854458,162.55995687372754
mskcc_processed/ISIC_8602668.jpg,53.24071182970788,111.36595798670488
mskcc_processed/ISIC_8604656.jpg,21.587885830697324,-36.94757579345516
mskcc_processed/ISIC_8605634.jpg,37.504142360270144,63.17748972146222
mskcc_processed/ISIC_8608465.jpg,21.291155219726225,-22.177913298960696
mskcc_processed/ISIC_8611729.jpg,45.0,170.46293820823976
mskcc_processed/ISIC_8612788.jpg,41.462580570012484,53.460367223418515
mskcc_processed/ISIC_8613551.jpg,44.60756929065913,47.71906430997928
mskcc_processed/ISIC_8614385.jpg,44.78214637490284,83.35655096635342
mskcc_processed/ISIC_8617037.jpg,55.573523418560924,101.42215881425133
mskcc_processed/ISIC_8618300.jpg,48.21548399174821,130.547543573862
mskcc_processed/ISIC_8620098.jpg,53.64860204144666,87.55325703736851
mskcc_processed/ISIC_8620596.jpg,31.74528742235523,11.22202974676894
mskcc_processed/ISIC_8626187.jpg,51.38156053259344,70.2545716202827
mskcc_processed/ISIC_8627428.jpg,43.70783311375008,70.13242486757078
mskcc_processed/ISIC_8629378.jpg,56.879312781268005,102.77463766979723
mskcc_processed/ISIC_8631510.jpg,48.21548399174821,137.023307596668
mskcc_processed/ISIC_8632570.jpg,36.66862524362428,71.9217291322457
mskcc_processed/ISIC_8633488.jpg,50.919216371305524,73.80478745606854
mskcc_processed/ISIC_8633725.jpg,56.01872390399894,103.22806619104765
mskcc_processed/ISIC_8634117.jpg,40.6645699141598,45.5105741411723
mskcc_processed/ISIC_8636619.jpg,47.85145629073707,150.44306815804654
mskcc_processed/ISIC_8644322.jpg,41.02750405924934,52.175396710887256
mskcc_processed/ISIC_8649925.jpg,38.17884763521565,152.8328472212338
mskcc_processed/ISIC_8652010.jpg,33.231711067979354,20.117735611013845
mskcc_processed/ISIC_8653579.jpg,13.216324063790612,-76.17200357986074
mskcc_processed/ISIC_8655091.jpg,47.05355056351099,143.07600588983848
mskcc_processed/ISIC_8658646.jpg,42.36324157385955,32.478674902107954
mskcc_processed/ISIC_8660527.jpg,54.940573033113026,107.65676990882946
mskcc_processed/ISIC_8664461.jpg,44.762259540707,150.48562027747522
mskcc_processed/ISIC_8666856.jpg,51.42874774882986,102.59674117556848
mskcc_processed/ISIC_8671251.jpg,47.82980759288715,119.73759768976788
mskcc_processed/ISIC_8672836.jpg,34.72899627952093,20.501770134195755
mskcc_processed/ISIC_8673955.jpg,49.20535700170859,137.70667324656173
mskcc_processed/ISIC_8674654.jpg,24.904768808095184,-43.2918711754188
mskcc_processed/ISIC_8675448.jpg,37.16073666819458,75.77850557437864
mskcc_processed/ISIC_8675671.jpg,35.94927832281627,90.81813056546453
mskcc_processed/ISIC_8675959.jpg,25.312883801874136,95.79358799899941
mskcc_processed/ISIC_8679188.jpg,47.8221552998118,92.44562060426328
mskcc_processed/ISIC_8679693.jpg,27.235146699302522,-22.951958828626967
mskcc_processed/ISIC_8683991.jpg,35.020078854255445,78.9800457630134
mskcc_processed/ISIC_8684746.jpg,40.84871473357831,142.08701129459897
mskcc_processed/ISIC_8686408.jpg,43.53119928561417,173.6546026807212
mskcc_processed/ISIC_8686615.jpg,42.72755026721706,89.97063795615027
mskcc_processed/ISIC_8692302.jpg,55.732664556655784,96.30541920493404
mskcc_processed/ISIC_8695718.jpg,22.027278669171338,142.33900053403826
mskcc_processed/ISIC_8697018.jpg,38.89994003967834,41.43572346590617
mskcc_processed/ISIC_8697437.jpg,51.87793497895212,172.34193851472907
mskcc_processed/ISIC_8699504.jpg,18.56312708674555,-66.12223887607725
mskcc_processed/ISIC_8699806.jpg,40.88181029601122,74.85281541182388
mskcc_processed/ISIC_8699962.jpg,12.994616791916506,-84.45088534341153
mskcc_processed/ISIC_8701056.jpg,45.57872556560777,52.2634887673845
mskcc_processed/ISIC_8702201.jpg,27.360774729817265,58.48225540732149
mskcc_processed/ISIC_8703280.jpg,27.62924666946569,150.35844904130735
mskcc_processed/ISIC_8703319.jpg,48.511942651698945,91.19987144619654
mskcc_processed/ISIC_8706142.jpg,46.9901722497549,144.80136602397207
mskcc_processed/ISIC_8711403.jpg,40.322582141118254,157.5486508581256
mskcc_processed/ISIC_8716412.jpg,60.84110810288976,-85.47978105743125
mskcc_processed/ISIC_8720304.jpg,48.81407483429035,113.29767927165074
mskcc_processed/ISIC_8720836.jpg,52.90160594034246,110.94766688946875
mskcc_processed/ISIC_8722627.jpg,54.92165854168568,98.83378187088644
mskcc_processed/ISIC_8723163.jpg,50.430051073011946,143.52484197935075
mskcc_processed/ISIC_8725219.jpg,7.394008642598279,-84.42420724150071
mskcc_processed/ISIC_8726224.jpg,32.21654605857563,125.16676514843637
mskcc_processed/ISIC_8727140.jpg,45.79572355273928,62.85082451697428
mskcc_processed/ISIC_8731708.jpg,47.05355056351099,148.38494887116406
mskcc_processed/ISIC_8732081.jpg,43.49820747764065,60.57496061896585
mskcc_processed/ISIC_8732235.jpg,43.04007274087363,64.533099627014
mskcc_processed/ISIC_8732321.jpg,46.01939028145508,62.443283982923795
mskcc_processed/ISIC_8733226.jpg,55.87145292585483,103.83598286214705
mskcc_processed/ISIC_8736297.jpg,35.083473879092736,26.47956675604494
mskcc_processed/ISIC_8739229.jpg,42.51044707800085,156.18275560222435
mskcc_processed/ISIC_8741886.jpg,45.59065721464667,58.974987349994656
mskcc_processed/ISIC_8742624.jpg,30.1013045655997,12.206223377498734
mskcc_processed/ISIC_8742692.jpg,20.646990824970363,-50.27396635494374
mskcc_processed/ISIC_8745104.jpg,7.394008642598279,-84.27074786983006
mskcc_processed/ISIC_8749355.jpg,29.569531333267772,33.423957806430955
mskcc_processed/ISIC_8749903.jpg,56.66492036979142,99.14222357994221
mskcc_processed/ISIC_8751905.jpg,52.81529354676688,86.72454681838845
mskcc_processed/ISIC_8752435.jpg,49.887009834921514,117.88170420084107
mskcc_processed/ISIC_8753288.jpg,53.81719592255759,94.00306846073613
mskcc_processed/ISIC_8755251.jpg,49.67925916040482,125.13110020311579
mskcc_processed/ISIC_8757077.jpg,19.46256560936368,-69.76246966469769
mskcc_processed/ISIC_8760112.jpg,13.33510634104591,-67.61026860769218
mskcc_processed/ISIC_8764874.jpg,15.610988533679654,-56.33968701620278
mskcc_processed/ISIC_8766774.jpg,51.721029575638205,88.44026861246161
mskcc_processed/ISIC_8769399.jpg,56.090128771583075,103.99982960506003
mskcc_processed/ISIC_8771544.jpg,53.35997385705192,146.25347760031963
mskcc_processed/ISIC_8772411.jpg,50.08410340959445,92.80257057104771
mskcc_processed/ISIC_8774797.jpg,48.69138598645128,174.3113464190135
mskcc_processed/ISIC_8774845.jpg,36.744111284783266,27.758182557929004
mskcc_processed/ISIC_8776090.jpg,53.019812250698195,98.36559728101494
mskcc_processed/ISIC_8776362.jpg,39.758180053020446,177.4934962412056
mskcc_processed/ISIC_8776990.jpg,48.468229258917155,168.4148671512017
mskcc_processed/ISIC_8781060.jpg,33.50343698241422,111.99435823438924
mskcc_processed/ISIC_8782316.jpg,43.64680804622031,99.2447613731388
mskcc_processed/ISIC_8782964.jpg,36.36036363238797,28.389682979595076
mskcc_processed/ISIC_8785235.jpg,46.16913932790743,147.2958453411113
mskcc_processed/ISIC_8786499.jpg,46.24536426676835,74.76451964656164
mskcc_processed/ISIC_8787788.jpg,45.0,62.4774096290667
mskcc_processed/ISIC_8788046.jpg,39.92039213998543,36.05300404218497
mskcc_processed/ISIC_8789507.jpg,57.15765033332446,101.25595911013673
mskcc_processed/ISIC_8790277.jpg,26.56505117707799,-35.189350909099865
mskcc_processed/ISIC_8791653.jpg,31.253419279169655,79.45770942479179
mskcc_processed/ISIC_8793583.jpg,30.96375653207352,24.17717409402155
mskcc_processed/ISIC_8794177.jpg,16.847199436467093,-21.765788797344868
mskcc_processed/ISIC_8795271.jpg,25.54505604400182,-14.969532115471928
mskcc_processed/ISIC_8795476.jpg,52.46519085612143,95.41275856937649
mskcc_processed/ISIC_8796862.jpg,33.05960296458065,8.759323199410883
mskcc_processed/ISIC_8800617.jpg,51.70983680775693,126.00290333560778
mskcc_processed/ISIC_8802609.jpg,47.529494204837754,149.55073790185688
mskcc_processed/ISIC_8805343.jpg,49.458109978098406,87.54015668958803
mskcc_processed/ISIC_8806321.jpg,50.15855178060605,87.11291120423107
mskcc_processed/ISIC_8811317.jpg,51.98105740682979,86.51967960386023
mskcc_processed/ISIC_8813568.jpg,56.381462748359816,158.8154431697224
mskcc_processed/ISIC_8815385.jpg,25.221115193691382,-4.8445629674174535
mskcc_processed/ISIC_8816504.jpg,45.237740459293,157.0925490235628
mskcc_processed/ISIC_8816873.jpg,39.26831897993653,42.545407854307626
mskcc_processed/ISIC_8817467.jpg,41.314853344844224,40.87708356903354
mskcc_processed/ISIC_8817808.jpg,46.93058744116699,101.03413672973885
mskcc_processed/ISIC_8818419.jpg,56.67673783095399,110.52687823303562
mskcc_processed/ISIC_8819283.jpg,50.07473037815753,150.1288084104383
mskcc_processed/ISIC_8819920.jpg,44.012239600360196,161.739220275183
mskcc_processed/ISIC_8825538.jpg,39.093858886229505,51.83527061922691
mskcc_processed/ISIC_8827276.jpg,8.066931729793101,-89.85384783261445
mskcc_processed/ISIC_8829495.jpg,22.097892115688715,-55.283445610901246
mskcc_processed/ISIC_8831321.jpg,27.114634124766937,25.233704103124847
mskcc_processed/ISIC_8831635.jpg,33.593447416027594,126.95014194509166
mskcc_processed/ISIC_8835924.jpg,39.69036525654644,48.82923188109411
mskcc_processed/ISIC_8837947.jpg,39.30764811610661,18.856592466172522
mskcc_processed/ISIC_8842625.jpg,38.99099404250548,102.42674784526666
mskcc_processed/ISIC_8842719.jpg,38.706051811048916,28.52672430987308
mskcc_processed/ISIC_8842872.jpg,46.42026554639905,146.71597894377626
mskcc_processed/ISIC_8843111.jpg,39.9868862449642,127.19883229102415
mskcc_processed/ISIC_8846577.jpg,17.79120310874663,-64.38758312174583
mskcc_processed/ISIC_8851277.jpg,55.942185409009376,102.74958367941657
mskcc_processed/ISIC_8852622.jpg,49.60448715698152,78.87794528086239
mskcc_processed/ISIC_8853387.jpg,44.54528113830686,126.23639069128464
mskcc_processed/ISIC_8859972.jpg,34.7860270149295,67.88101908966992
mskcc_processed/ISIC_8860793.jpg,17.715792706376934,-43.72908278670417
mskcc_processed/ISIC_8865163.jpg,45.0,171.237487819009
mskcc_processed/ISIC_8866510.jpg,40.328621964650445,62.54203279397571
mskcc_processed/ISIC_8871227.jpg,45.47745377730958,167.46708733462293
mskcc_processed/ISIC_8875079.jpg,39.36245711554012,123.60291316795576
mskcc_processed/ISIC_8876577.jpg,47.903818865096284,89.4715070500016
mskcc_processed/ISIC_8877991.jpg,50.90614111377051,160.95842123564987
mskcc_processed/ISIC_8880298.jpg,54.833563964207116,99.76492488361215
mskcc_processed/ISIC_8880557.jpg,35.64450634346991,24.65462398678486
mskcc_processed/ISIC_8880578.jpg,43.95837332399003,61.860608698733266
mskcc_processed/ISIC_8881592.jpg,53.50283915585753,91.06846162536682
mskcc_processed/ISIC_8886489.jpg,42.614055969611194,111.36059839669126
mskcc_processed/ISIC_8886638.jpg,32.005383208083494,37.55440781877493
mskcc_processed/ISIC_8887382.jpg,23.34052857055808,111.42435704458444
mskcc_processed/ISIC_8889511.jpg,42.03513869083978,132.20100578701712
mskcc_processed/ISIC_8890609.jpg,48.25411614169379,80.39779719888539
mskcc_processed/ISIC_8892928.jpg,55.35509122014803,107.44274793886842
mskcc_processed/ISIC_8898249.jpg,41.524767223269905,76.27023647262254
mskcc_processed/ISIC_8898766.jpg,24.111019502550917,-26.82904541330422
mskcc_processed/ISIC_8899084.jpg,48.179830119864235,71.78562549132363
mskcc_processed/ISIC_8900573.jpg,37.05652818940958,38.49342493448642
mskcc_processed/ISIC_8901651.jpg,55.72305641026313,103.44677522661227
mskcc_processed/ISIC_8902172.jpg,37.255289453577085,121.27741532470873
mskcc_processed/ISIC_8902614.jpg,42.749359102962465,155.12367052943694
mskcc_processed/ISIC_8904364.jpg,28.909183651147835,7.955007100633708
mskcc_processed/ISIC_8904673.jpg,56.003540851749506,124.3438639207937
mskcc_processed/ISIC_8905883.jpg,35.86591227603765,22.610682708956734
mskcc_processed/ISIC_8906257.jpg,10.980650010173544,-74.40183965816229
mskcc_processed/ISIC_8907871.jpg,43.308211431735515,169.7320814718082
mskcc_processed/ISIC_8908472.jpg,37.22357080509048,82.41089384838979
mskcc_processed/ISIC_8910333.jpg,44.791652629193806,64.45472571716836
mskcc_processed/ISIC_8910608.jpg,47.563770211465005,131.7353938358614
mskcc_processed/ISIC_8911545.jpg,24.775140568831922,-14.929664217817852
mskcc_processed/ISIC_8912685.jpg,45.99808334340771,66.98098627956489
mskcc_processed/ISIC_8918996.jpg,47.744955893838146,72.54285351475576
mskcc_processed/ISIC_8919053.jpg,46.597476197245626,142.1277440939745
mskcc_processed/ISIC_8919678.jpg,41.248270929474025,87.06451213239966
mskcc_processed/ISIC_8919912.jpg,42.70938995736147,86.94063566585343
mskcc_processed/ISIC_8923034.jpg,45.97764878502985,70.69423231494662
mskcc_processed/ISIC_8924670.jpg,44.76421623012339,132.20815010541642
mskcc_processed/ISIC_8926690.jpg,48.87467320356514,160.577509094886
mskcc_processed/ISIC_8927705.jpg,32.938690542955506,117.16995915261164
mskcc_processed/ISIC_8933785.jpg,36.05461816646104,178.67964574180345
mskcc_processed/ISIC_8933900.jpg,30.96375653207352,3.7327250624389836
mskcc_processed/ISIC_8934825.jpg,47.150026351038605,60.858786663441926
mskcc_processed/ISIC_8936461.jpg,55.72305641026313,100.64654737410788
mskcc_processed/ISIC_8939969.jpg,23.247270008743143,-17.81513303711206
mskcc_processed/ISIC_8941604.jpg,28.072486935852954,144.0092777408351
mskcc_processed/ISIC_8943470.jpg,36.40091128922253,172.44683299467664
mskcc_processed/ISIC_8948632.jpg,33.95905981967627,34.26333076043885
mskcc_processed/ISIC_8949345.jpg,29.148071845713048,106.39468963521108
mskcc_processed/ISIC_8951252.jpg,45.60309119438053,51.74462890875155
mskcc_processed/ISIC_8955920.jpg,30.084156558775213,33.20870980520484
mskcc_processed/ISIC_8961492.jpg,48.84245312791486,112.92239722278909
mskcc_processed/ISIC_8964102.jpg,39.680106082193156,83.96569909263403
mskcc_processed/ISIC_8965677.jpg,27.460224887289062,142.6405904377906
mskcc_processed/ISIC_8966186.jpg,53.660603670829786,92.55991229399024
mskcc_processed/ISIC_8969446.jpg,15.732004785107305,-33.254713322230614
mskcc_processed/ISIC_8974126.jpg,53.13010235415598,100.90294607737926
mskcc_processed/ISIC_8975137.jpg,40.6645699141598,58.035492412720394
mskcc_processed/ISIC_8975514.jpg,23.101807194361005,-15.01323232002217
mskcc_processed/ISIC_8976959.jpg,49.76364169072618,138.63011114928003
mskcc_processed/ISIC_8982860.jpg,51.98105740682979,87.75675884720428
mskcc_processed/ISIC_8983701.jpg,41.15396990995262,99.87929451435419
mskcc_processed/ISIC_8985784.jpg,52.53944513950932,160.19685624264494
mskcc_processed/ISIC_8989729.jpg,33.79656513477067,158.85951563952366
mskcc_processed/ISIC_8990898.jpg,45.64374571417539,77.69528079173749
mskcc_processed/ISIC_8993343.jpg,50.73168102006347,120.41314740298887
mskcc_processed/ISIC_8994279.jpg,34.58214425073332,84.02273012677122
mskcc_processed/ISIC_8997455.jpg,1.3118877825041106,-83.93942176538404
mskcc_processed/ISIC_8999486.jpg,46.0569977767849,106.99343771302935
mskcc_processed/ISIC_9004553.jpg,36.384351815835885,47.84777483094427
mskcc_processed/ISIC_9009233.jpg,49.49715161466777,113.73849991789984
mskcc_processed/ISIC_9013286.jpg,44.298454087654775,108.8131325209139
mskcc_processed/ISIC_9013449.jpg,45.0,177.63189126884794
mskcc_processed/ISIC_9013562.jpg,49.73093862377924,87.0485105394107
mskcc_processed/ISIC_9013866.jpg,44.38394009160078,62.371650560386065
mskcc_processed/ISIC_9014554.jpg,32.855721950433,119.37951023893615
mskcc_processed/ISIC_9023595.jpg,50.50320556848863,74.91707706114823
mskcc_processed/ISIC_9025520.jpg,53.68635458123666,171.95115244454607
mskcc_processed/ISIC_9027896.jpg,51.52576447195111,145.97218873082446
mskcc_processed/ISIC_9027909.jpg,49.856603933943184,71.4450792570504
mskcc_processed/ISIC_9028410.jpg,42.12803751300725,28.98450939849673
mskcc_processed/ISIC_9030448.jpg,3.6522227803063356,-61.642566925300365
mskcc_processed/ISIC_9034280.jpg,49.55741901971401,127.29783068219506
mskcc_processed/ISIC_9038937.jpg,51.92344891481053,101.89207933463265
mskcc_processed/ISIC_9041053.jpg,23.148462985306647,-32.327486256355705
mskcc_processed/ISIC_9041409.jpg,38.659808254090095,160.16005445276195
mskcc_processed/ISIC_9042370.jpg,43.602818972703616,102.57476919127103
mskcc_processed/ISIC_9042731.jpg,48.32060570762332,71.33802608555814
mskcc_processed/ISIC_9047722.jpg,43.40885972880541,41.40049452475463
mskcc_processed/ISIC_9052800.jpg,49.60448715698152,72.43608356306447
mskcc_processed/ISIC_9053749.jpg,16.69924423399362,-70.6411571688426
mskcc_processed/ISIC_9057928.jpg,24.928474135461276,-11.283905758815706
mskcc_processed/ISIC_9058720.jpg,46.15036306132966,129.61614723471172
mskcc_processed/ISIC_9062230.jpg,45.70731936854426,169.00131427946323
mskcc_processed/ISIC_9071212.jpg,40.08620123762527,145.24164458668713
mskcc_processed/ISIC_9072516.jpg,48.31458582064349,126.88530664076875
mskcc_processed/ISIC_9072993.jpg,62.43938777261384,-78.72834504218645
mskcc_processed/ISIC_9073352.jpg,42.83074241027149,80.5714315562041
mskcc_processed/ISIC_9074109.jpg,55.573523418560924,104.11877645129717
mskcc_processed/ISIC_9074124.jpg,40.44623202084137,151.8017892617315
mskcc_processed/ISIC_9081047.jpg,37.79394299861673,32.797227706296674
mskcc_processed/ISIC_9082064.jpg,41.503959958142666,33.75529634905047
mskcc_processed/ISIC_9087322.jpg,44.73837725430521,173.3767132728344
mskcc_processed/ISIC_9089077.jpg,47.12109639666145,76.34327198125229
mskcc_processed/ISIC_9090420.jpg,33.3952376436212,73.52368293612628
mskcc_processed/ISIC_9091138.jpg,53.99124727706601,84.89063110577365
mskcc_processed/ISIC_9091284.jpg,47.64880575945864,82.86594130825698
mskcc_processed/ISIC_9092843.jpg,47.152962789100464,95.92768657330453
mskcc_processed/ISIC_9094369.jpg,49.49715161466777,148.38980870529147
mskcc_processed/ISIC_9099754.jpg,45.64374571417539,90.27349670144243
mskcc_processed/ISIC_9100727.jpg,46.42026554639905,132.24252748018048
mskcc_processed/ISIC_9100752.jpg,45.0,175.8097818506948
mskcc_processed/ISIC_9101636.jpg,46.92518370832316,174.9722047926859
mskcc_processed/ISIC_9105780.jpg,41.48624973939504,157.3796529351655
mskcc_processed/ISIC_9109841.jpg,57.41429264608559,100.94209990650982
mskcc_processed/ISIC_9111293.jpg,38.659808254090095,85.02471816314932
mskcc_processed/ISIC_9111310.jpg,21.2092261342228,-57.20935152989061
mskcc_processed/ISIC_9112351.jpg,41.57612875506932,140.05798219431318
mskcc_processed/ISIC_9113499.jpg,49.747888108634,76.6984844597042
mskcc_processed/ISIC_9113651.jpg,32.64464013491648,161.66163319470598
mskcc_processed/ISIC_9115714.jpg,42.51044707800085,178.0315481487336
mskcc_processed/ISIC_9119361.jpg,46.15036306132966,121.30742487701208
mskcc_processed/ISIC_9120845.jpg,44.52649194126507,151.01477330714232
mskcc_processed/ISIC_9120854.jpg,50.988148375775516,96.69963676313131
mskcc_processed/ISIC_9121129.jpg,35.75388725443675,136.83301695464252
mskcc_processed/ISIC_9123761.jpg,41.47854662307777,73.24218913188093
mskcc_processed/ISIC_9124044.jpg,33.891457837247536,78.53961541368732
mskcc_processed/ISIC_9125508.jpg,44.020680345660516,133.1012671917469
mskcc_processed/ISIC_9128053.jpg,42.075022050843636,58.026607830584574
mskcc_processed/ISIC_9129222.jpg,47.152962789100464,108.01465872640843
mskcc_processed/ISIC_9132905.jpg,44.56594936786059,120.78167183470015
mskcc_processed/ISIC_9134392.jpg,49.91026122158257,86.06121832348259
mskcc_processed/ISIC_9134758.jpg,42.68087750412262,29.461900541589547
mskcc_processed/ISIC_9137382.jpg,36.234871905792886,60.99073725090303
mskcc_processed/ISIC_9141258.jpg,49.39870535499554,104.72877999637204
mskcc_processed/ISIC_9145283.jpg,56.090128771583075,111.849126732875
mskcc_processed/ISIC_9147412.jpg,31.89721005873755,19.589523480037357
mskcc_processed/ISIC_9148461.jpg,47.96823402987171,125.17004546722423
mskcc_processed/ISIC_9148773.jpg,28.225333546060796,85.47899238502616
mskcc_processed/ISIC_9149830.jpg,40.5418900219016,36.039573538536736
mskcc_processed/ISIC_9151319.jpg,39.758180053020446,172.63494748296213
mskcc_processed/ISIC_9152425.jpg,53.97262661489639,110.80126138977914
mskcc_processed/ISIC_9153144.jpg,35.998244877438694,173.5146997195305
mskcc_processed/ISIC_9154442.jpg,41.241444314528,36.56472278357053
mskcc_processed/ISIC_9154538.jpg,5.541204778039854,-76.00733580161977
mskcc_processed/ISIC_9154826.jpg,41.49646835521554,91.96258716663914
mskcc_processed/ISIC_9156950.jpg,52.64501327167073,103.02145510584714
mskcc_processed/ISIC_9164114.jpg,52.07353767496137,125.62791715656515
mskcc_processed/ISIC_9165164.jpg,47.135463442376654,64.42052953744951
mskcc_processed/ISIC_9166231.jpg,39.3907255535542,125.99493520227983
mskcc_processed/ISIC_9167499.jpg,56.60151153201276,106.07601298429249
mskcc_processed/ISIC_9171955.jpg,46.6846843178963,77.07711660654512
mskcc_processed/ISIC_9172599.jpg,53.71745696459967,93.27590408736857
mskcc_processed/ISIC_9172886.jpg,47.88296345253954,87.27805290973546
mskcc_processed/ISIC_9175044.jpg,42.55936207423851,35.806906346618625
mskcc_processed/ISIC_9175400.jpg,49.899092453787766,139.42268743437768
mskcc_processed/ISIC_9176620.jpg,43.05851360908562,171.55603562534228
mskcc_processed/ISIC_9176986.jpg,36.61439976520287,47.32027005108924
mskcc_processed/ISIC_9181785.jpg,50.59933933652058,176.21501298494414
mskcc_processed/ISIC_9184401.jpg,33.9964591482505,20.831509155421802
mskcc_processed/ISIC_9186608.jpg,51.77351290902845,170.98825281825515
mskcc_processed/ISIC_9187116.jpg,56.52372170389733,101.72194816492794
mskcc_processed/ISIC_9187905.jpg,49.1446237411043,96.52320821718642
mskcc_processed/ISIC_9188262.jpg,37.153537801601836,30.62834404571193
mskcc_processed/ISIC_9193446.jpg,18.1780187984185,-64.00892167651324
mskcc_processed/ISIC_9193822.jpg,36.02737338510361,107.62547116977936
mskcc_processed/ISIC_9194446.jpg,61.95189424544694,-85.35945638706022
mskcc_processed/ISIC_9195964.jpg,20.92450174492117,-42.177675267500746
mskcc_processed/ISIC_9196914.jpg,41.462580570012484,111.61194047496224
mskcc_processed/ISIC_9198720.jpg,34.73862528276561,28.09596023885216
mskcc_processed/ISIC_9198977.jpg,43.35165549510387,68.53009087488972
mskcc_processed/ISIC_9201137.jpg,38.05720496157285,38.269084071649054
mskcc_processed/ISIC_9202084.jpg,32.23443421894138,94.67934439163223
mskcc_processed/ISIC_9205540.jpg,47.4133364328499,129.8854351975645
mskcc_processed/ISIC_9211178.jpg,42.76882539196875,161.25937894552382
mskcc_processed/ISIC_9214521.jpg,32.7352262721076,164.20913150208872
mskcc_processed/ISIC_9216996.jpg,56.381462748359816,103.16003080378869
mskcc_processed/ISIC_9219684.jpg,50.22945077349117,74.77676219998804
mskcc_processed/ISIC_9220646.jpg,46.77146974003408,82.50494580089399
mskcc_processed/ISIC_9221901.jpg,35.12440392673358,25.23138152288671
mskcc_processed/ISIC_9223682.jpg,42.27368900609373,34.55127233854006
mskcc_processed/ISIC_9231360.jpg,42.08916217383224,132.86648481508047
mskcc_processed/ISIC_9232085.jpg,37.874983651098205,71.55096330268294
mskcc_processed/ISIC_9236568.jpg,43.12825503471125,35.77519916460534
mskcc_processed/ISIC_9236947.jpg,50.64331828053398,168.9612397322181
mskcc_processed/ISIC_9237168.jpg,44.268604246902456,140.50237097035583
mskcc_processed/ISIC_9246804.jpg,22.999301649459408,-33.53117687042463
mskcc_processed/ISIC_9247421.jpg,3.6782387219933863,-63.625296396492956
mskcc_processed/ISIC_9248204.jpg,0.454718861693143,-87.86856937688101
mskcc_processed/ISIC_9248605.jpg,47.1858008067756,164.3186397886092
mskcc_processed/ISIC_9249796.jpg,40.32074083959518,112.79371424670421
mskcc_processed/ISIC_9255171.jpg,48.87852450284771,175.76763617110666
mskcc_processed/ISIC_9258237.jpg,49.21417852273405,77.99756359889388
mskcc_processed/ISIC_9264432.jpg,40.130058283718895,175.18766595257975
mskcc_processed/ISIC_9265802.jpg,62.53272766139185,-84.15697412159608
mskcc_processed/ISIC_9266271.jpg,38.99099404250548,23.34450238799816
mskcc_processed/ISIC_9268292.jpg,46.37483478056941,148.1162696163352
mskcc_processed/ISIC_9269096.jpg,49.856603933943184,72.35355953092217
mskcc_processed/ISIC_9274903.jpg,43.38646106711882,39.609399293118166
mskcc_processed/ISIC_9275827.jpg,42.51044707800085,87.2442359666589
mskcc_processed/ISIC_9280345.jpg,38.89994003967834,55.54747788157959
mskcc_processed/ISIC_9280744.jpg,48.13966014782027,143.31948622021324
mskcc_processed/ISIC_9281665.jpg,20.7848610139685,-41.15745308270447
mskcc_processed/ISIC_9282363.jpg,40.60129464500447,102.78694493735779
mskcc_processed/ISIC_9284391.jpg,47.68377515946898,128.6813799512342
mskcc_processed/ISIC_9286031.jpg,41.68221883166517,88.65051306226805
mskcc_processed/ISIC_9288679.jpg,54.074758021008684,120.19269425082828
mskcc_processed/ISIC_9291424.jpg,40.88181029601122,82.81347990394033
mskcc_processed/ISIC_9291582.jpg,46.61353893288119,71.28254534954416
mskcc_processed/ISIC_9292227.jpg,25.104568665234346,2.5583898061885733
mskcc_processed/ISIC_9292293.jpg,44.7753118203755,91.50644835325114
mskcc_processed/ISIC_9292630.jpg,44.020680345660516,177.09545165080613
mskcc_processed/ISIC_9295776.jpg,35.83765295427829,34.646443796542044
mskcc_processed/ISIC_9302766.jpg,38.89994003967834,48.89437729631504
mskcc_processed/ISIC_9305576.jpg,43.30979532567864,34.43083833779254
mskcc_processed/ISIC_9307034.jpg,1.3322198538696388,-84.9032252045573
mskcc_processed/ISIC_9307270.jpg,31.3159802477525,18.80150321817377
mskcc_processed/ISIC_9307713.jpg,38.50065372034543,82.58051712980559
mskcc_processed/ISIC_9309139.jpg,13.557192929535644,-56.08538816256575
mskcc_processed/ISIC_9309840.jpg,42.70938995736147,176.91829384758518
mskcc_processed/ISIC_9315533.jpg,54.3446719020997,85.85590271525534
mskcc_processed/ISIC_9316284.jpg,26.56505117707799,-9.98564298487149
mskcc_processed/ISIC_9321804.jpg,49.85111609530156,109.74543417657742
mskcc_processed/ISIC_9322011.jpg,45.45835645800044,123.84493979378573
mskcc_processed/ISIC_9323040.jpg,0.8680514497455425,-80.26589126485776
mskcc_processed/ISIC_9323613.jpg,44.028978068920836,40.36295203878663
mskcc_processed/ISIC_9324272.jpg,35.28674897505972,81.79163166484197
mskcc_processed/ISIC_9327300.jpg,27.928978708680912,62.637315452498704
mskcc_processed/ISIC_9331449.jpg,46.406981878982016,67.83252198119145
mskcc_processed/ISIC_9331910.jpg,42.20729763428672,142.18683657824113
mskcc_processed/ISIC_9332919.jpg,47.50770172706625,87.38476127655159
mskcc_processed/ISIC_9336004.jpg,11.078591418218082,-52.59495471422915
mskcc_processed/ISIC_9337120.jpg,39.60370776010095,18.24387192339836
mskcc_processed/ISIC_9337524.jpg,36.15818543980833,65.2608162351121
mskcc_processed/ISIC_9338832.jpg,36.744111284783266,37.216955472225415
mskcc_processed/ISIC_9342961.jpg,21.501434324047903,-58.214098313812165
mskcc_processed/ISIC_9346984.jpg,14.803980156270498,-48.790074912201916
mskcc_processed/ISIC_9347164.jpg,36.39687822130161,30.868377170612163
mskcc_processed/ISIC_9351856.jpg,52.125016348901795,86.16948136568891
mskcc_processed/ISIC_9362307.jpg,39.70991879462873,162.80523069091268
mskcc_processed/ISIC_9367104.jpg,42.25191181994625,131.05179266134493
mskcc_processed/ISIC_9369316.jpg,46.01218761398245,57.46560212447509
mskcc_processed/ISIC_9370386.jpg,46.79614315249573,66.91917734793357
mskcc_processed/ISIC_9371478.jpg,44.518534194161646,156.54575349743723
mskcc_processed/ISIC_9371522.jpg,19.844627566131656,-62.16368676617223
mskcc_processed/ISIC_9372034.jpg,47.895761973466584,126.87495412678597
mskcc_processed/ISIC_9372184.jpg,46.0569977767849,83.85124108215685
mskcc_processed/ISIC_9372198.jpg,39.312008746737476,130.9698120992689
mskcc_processed/ISIC_9373734.jpg,42.388318622101615,77.69341205846969
mskcc_processed/ISIC_9373903.jpg,48.09963212053132,97.52621411379081
mskcc_processed/ISIC_9379876.jpg,51.34019174590991,84.72403769893937
mskcc_processed/ISIC_9387521.jpg,47.70487598573565,132.69423183522034
mskcc_processed/ISIC_9387602.jpg,42.05853500608889,129.5326670013185
mskcc_processed/ISIC_9390411.jpg,43.21803940967337,171.86090851415145
mskcc_processed/ISIC_9395007.jpg,48.468229258917155,140.97551636333736
mskcc_processed/ISIC_9404323.jpg,46.005086005254185,57.19046617736442
mskcc_processed/ISIC_9406780.jpg,45.0,149.25198797538349
mskcc_processed/ISIC_9408127.jpg,16.242879102697586,-81.91248379591828
mskcc_processed/ISIC_9411678.jpg,44.52254622269043,164.044158415852
mskcc_processed/ISIC_9416946.jpg,9.668668661083634,-74.02275394566888
mskcc_processed/ISIC_9419779.jpg,31.022642204570804,114.50180860327916
mskcc_processed/ISIC_9423729.jpg,46.57243042767335,137.88521930344157
mskcc_processed/ISIC_9423921.jpg,33.46537934635529,154.34909727787735
mskcc_processed/ISIC_9424907.jpg,38.893906152715736,174.95690572392857
mskcc_processed/ISIC_9427135.jpg,47.34687429248729,145.98001846229997
mskcc_processed/ISIC_9428104.jpg,50.34305575857517,110.22982821140299
mskcc_processed/ISIC_9428590.jpg,45.21785362509716,95.3653801326957
mskcc_processed/ISIC_9432217.jpg,46.332219853869645,136.12128083848907
mskcc_processed/ISIC_9435723.jpg,38.21102542556121,123.01561322643533
mskcc_processed/ISIC_9435919.jpg,45.0,166.00359100303768
mskcc_processed/ISIC_9436900.jpg,46.95992725912638,113.3470907473344
mskcc_processed/ISIC_9436934.jpg,50.77432590266328,143.48957521337795
mskcc_processed/ISIC_9437338.jpg,49.65825410967561,165.3614608387262
mskcc_processed/ISIC_9440773.jpg,46.210294168921216,65.45625839026069
mskcc_processed/ISIC_9441129.jpg,52.64501327167073,89.43390838359005
mskcc_processed/ISIC_9446826.jpg,47.544804379813094,88.79419835227326
mskcc_processed/ISIC_9447510.jpg,34.90249561592472,105.13792784970792
mskcc_processed/ISIC_9449327.jpg,42.48863673283692,175.28435411798236
mskcc_processed/ISIC_9449604.jpg,41.378515295882664,137.15313136900792
mskcc_processed/ISIC_9451460.jpg,33.10027886348054,112.74131616927662
mskcc_processed/ISIC_9453631.jpg,28.749661966209608,-5.746712527454459
mskcc_processed/ISIC_9453975.jpg,39.31034065021085,43.88611387324134
mskcc_processed/ISIC_9454067.jpg,36.06673839403377,22.574210431580255
mskcc_processed/ISIC_9461637.jpg,56.09372301155785,105.39550720420391
mskcc_processed/ISIC_9462898.jpg,15.685905920066407,-42.968103368575896
mskcc_processed/ISIC_9467002.jpg,43.77242116786545,59.289880890580065
mskcc_processed/ISIC_9467302.jpg,32.10124889583555,84.56274015110509
mskcc_processed/ISIC_9467758.jpg,47.260501911141276,53.66343881330105
mskcc_processed/ISIC_9467831.jpg,34.362785490709925,140.18286744483757
mskcc_processed/ISIC_9469643.jpg,1.8183029644518331,-91.8859642421111
mskcc_processed/ISIC_9472437.jpg,44.028978068920836,130.1691626721904
mskcc_processed/ISIC_9472449.jpg,46.67239436108927,80.16587434277938
mskcc_processed/ISIC_9474279.jpg,47.60256220249981,112.54024742090111
mskcc_processed/ISIC_9474922.jpg,46.61353893288119,79.69641693645113
mskcc_processed/ISIC_9478940.jpg,36.86989764584402,39.09911754651575
mskcc_processed/ISIC_9480152.jpg,38.46786331214755,42.11659298602303
mskcc_processed/ISIC_9480360.jpg,52.53944513950932,158.13744183988942
mskcc_processed/ISIC_9480533.jpg,51.29812436762973,91.74495029171753
mskcc_processed/ISIC_9482544.jpg,42.95459151111278,73.61010289880556
mskcc_processed/ISIC_9487918.jpg,47.210318924353906,79.20738284651353
mskcc_processed/ISIC_9490204.jpg,43.6765705387452,36.03033963385142
mskcc_processed/ISIC_9494862.jpg,13.727096578549785,-77.77066366314565
mskcc_processed/ISIC_9495312.jpg,34.15969454566944,30.62316461367313
mskcc_processed/ISIC_9496512.jpg,46.862620949306674,162.3313045344092
mskcc_processed/ISIC_9496521.jpg,54.220824040637915,91.82729234495585
mskcc_processed/ISIC_9497382.jpg,39.54844890128727,91.4720539163216
mskcc_processed/ISIC_9498501.jpg,33.874594358241275,26.340407759065606
mskcc_processed/ISIC_9503360.jpg,45.88140399658214,105.8419606594286
mskcc_processed/ISIC_9503824.jpg,26.029592191513455,-60.6539585487214
mskcc_processed/ISIC_9506576.jpg,41.72232404780972,160.61042872409968
mskcc_processed/ISIC_9514900.jpg,17.330884177296145,-43.31157014839225
mskcc_processed/ISIC_9515133.jpg,51.12908076496802,79.5718425365587
mskcc_processed/ISIC_9520103.jpg,53.23810558064158,92.61381175031708
mskcc_processed/ISIC_9523530.jpg,41.964430874944426,76.59931703605588
mskcc_processed/ISIC_9532450.jpg,44.59651526494125,56.16160542394667
mskcc_processed/ISIC_9534429.jpg,54.833563964207116,99.35047908657513
mskcc_processed/ISIC_9536867.jpg,44.28084388345493,130.7848858083559
mskcc_processed/ISIC_9537742.jpg,33.09839376183243,100.39252237058733
mskcc_processed/ISIC_9538154.jpg,42.126561502406474,141.08263026880914
mskcc_processed/ISIC_9543436.jpg,46.005086005254185,66.1009766074479
mskcc_processed/ISIC_9544009.jpg,35.202182592148745,29.17149041880539
mskcc_processed/ISIC_9545994.jpg,35.11201118442221,47.51102967744881
mskcc_processed/ISIC_9546634.jpg,41.383886103845285,50.856895474946455
mskcc_processed/ISIC_9549728.jpg,49.71669077565778,76.42346952063973
mskcc_processed/ISIC_9552164.jpg,49.42955929897764,88.83020548126886
mskcc_processed/ISIC_9553283.jpg,47.092934305288146,55.98447067238907
mskcc_processed/ISIC_9554047.jpg,31.72935612359633,35.57407133658066
mskcc_processed/ISIC_9554516.jpg,40.96507248386905,136.23781793931892
mskcc_processed/ISIC_9557109.jpg,30.211322385834826,17.864146588656755
mskcc_processed/ISIC_9557160.jpg,25.382120591881712,129.8072553437446
mskcc_processed/ISIC_9561423.jpg,47.85145629073707,119.12794631109081
mskcc_processed/ISIC_9568695.jpg,35.900049640216224,85.59277052297308
mskcc_processed/ISIC_9570057.jpg,47.862405226111754,72.52572519219272
mskcc_processed/ISIC_9571347.jpg,50.95879056324116,80.189315596377
mskcc_processed/ISIC_9572230.jpg,11.14288985833932,-74.79611330331045
mskcc_processed/ISIC_9576519.jpg,8.017093073655328,-56.79025267912525
mskcc_processed/ISIC_9581256.jpg,35.73547601486702,9.38587372947354
mskcc_processed/ISIC_9582689.jpg,48.202020583322145,73.84230589289989
mskcc_processed/ISIC_9590247.jpg,53.97262661489639,93.39418821510924
mskcc_processed/ISIC_9591265.jpg,17.241459398939977,-37.53123403983857
mskcc_processed/ISIC_9592049.jpg,48.36646066342981,137.42587904464452
mskcc_processed/ISIC_9592055.jpg,50.77948582515591,143.96132052557493
mskcc_processed/ISIC_9597209.jpg,50.920620714046805,135.24068684866552
mskcc_processed/ISIC_9599479.jpg,52.001267557495346,126.0605468947485
mskcc_processed/ISIC_9602170.jpg,39.48852258397938,109.62375611392473
mskcc_processed/ISIC_9606523.jpg,46.15036306132966,155.6687545685091
mskcc_processed/ISIC_9607948.jpg,45.0,121.46657284588053
mskcc_processed/ISIC_9608460.jpg,45.69586593950879,139.86692759813596
mskcc_processed/ISIC_9608527.jpg,55.22216863363612,97.07131886575583
mskcc_processed/ISIC_9609878.jpg,45.0,98.29808586785477
mskcc_processed/ISIC_9611501.jpg,45.195547976270866,52.91594615869727
mskcc_processed/ISIC_9613667.jpg,53.660603670829786,91.13654086011218
mskcc_processed/ISIC_9614996.jpg,42.82525588538994,173.62083981522437
mskcc_processed/ISIC_9617641.jpg,41.75088843927931,150.56929413704708
mskcc_processed/ISIC_9618778.jpg,49.36525773502793,151.91227176155002
mskcc_processed/ISIC_9622275.jpg,50.556038423125045,142.2916901139206
mskcc_processed/ISIC_9623792.jpg,50.19442890773481,77.73085542503927
mskcc_processed/ISIC_9627033.jpg,37.51496104962667,32.817632370821826
mskcc_processed/ISIC_9627704.jpg,44.7885774189607,60.312349917667554
mskcc_processed/ISIC_9627873.jpg,47.225923895114036,81.08444702584661
mskcc_processed/ISIC_9629099.jpg,28.562931033554666,5.762279853005082
mskcc_processed/ISIC_9630912.jpg,41.72232404780972,163.88895796461992
mskcc_processed/ISIC_9631035.jpg,44.24115987573146,48.29114552718849
mskcc_processed/ISIC_9631621.jpg,39.97092641821455,68.44960675516201
mskcc_processed/ISIC_9632208.jpg,39.472459848343824,156.73316223535284
mskcc_processed/ISIC_9633810.jpg,44.028978068920836,129.31248112811542
mskcc_processed/ISIC_9636637.jpg,41.185925165709655,73.21877921209418
mskcc_processed/ISIC_9637949.jpg,53.5490768204187,85.88264951212058
mskcc_processed/ISIC_9638117.jpg,46.16913932790743,157.1061642152466
mskcc_processed/ISIC_9642014.jpg,31.402609239733536,12.601102046871311
mskcc_processed/ISIC_9643750.jpg,41.524767223269905,96.23378548222642
mskcc_processed/ISIC_9648547.jpg,52.7835595264654,112.09711548611018
mskcc_processed/ISIC_9648630.jpg,35.58171758308085,153.67826879791176
mskcc_processed/ISIC_9649649.jpg,54.62299419154944,110.95622258315143
mskcc_processed/ISIC_9652281.jpg,30.329086041983704,2.7981787761484225
mskcc_processed/ISIC_9653694.jpg,43.22395574664126,79.18246962705189
mskcc_processed/ISIC_9655927.jpg,48.28386228790635,175.20301343982806
mskcc_processed/ISIC_9657948.jpg,39.36245711554012,112.63219605961719
mskcc_processed/ISIC_9658513.jpg,25.240529264786794,-20.690711776275396
mskcc_processed/ISIC_9658843.jpg,45.93919094573558,169.62497170969502
mskcc_processed/ISIC_9659778.jpg,27.989238495323775,106.55964399342355
mskcc_processed/ISIC_9659893.jpg,47.544804379813094,91.66358896133761
mskcc_processed/ISIC_9660351.jpg,40.456242348532854,32.20813355942391
mskcc_processed/ISIC_9661672.jpg,45.403484735058754,58.706200219434315
mskcc_processed/ISIC_9663871.jpg,1.8328395059420592,-92.10358372399216
mskcc_processed/ISIC_9663903.jpg,45.931556598077485,123.34609054559837
mskcc_processed/ISIC_9664679.jpg,39.571902813889274,154.6501434438659
mskcc_processed/ISIC_9667264.jpg,24.9739109058834,80.48985444009371
mskcc_processed/ISIC_9668357.jpg,48.03270261617698,63.97425545501198
mskcc_processed/ISIC_9671878.jpg,42.78034444680211,78.52022349840954
mskcc_processed/ISIC_9672448.jpg,48.65222278030634,99.99671139677298
mskcc_processed/ISIC_9674975.jpg,39.76441033820156,68.39268886092829
mskcc_processed/ISIC_9675377.jpg,45.72522429905925,160.33268111073542
mskcc_processed/ISIC_9682252.jpg,37.763077974032,130.1276879717519
mskcc_processed/ISIC_9683444.jpg,44.7885774189607,126.46576303074694
mskcc_processed/ISIC_9684326.jpg,45.0,169.04566649912036
mskcc_processed/ISIC_9686031.jpg,48.92388932275295,159.73401893785984
mskcc_processed/ISIC_9689821.jpg,49.21909534924846,176.69161388983477
mskcc_processed/ISIC_9692579.jpg,46.35319195377969,121.91324677054992
mskcc_processed/ISIC_9693090.jpg,40.7387767555013,61.38327721354942
mskcc_processed/ISIC_9693189.jpg,46.60226134627098,71.64743476840421
mskcc_processed/ISIC_9694099.jpg,24.69552629003956,-22.863219034711456
mskcc_processed/ISIC_9696238.jpg,40.196514240930924,95.85669371154547
mskcc_processed/ISIC_9696904.jpg,46.81830296445184,156.55235746118427
mskcc_processed/ISIC_9698183.jpg,48.92388932275295,111.1774232713089
mskcc_processed/ISIC_9698847.jpg,54.65183346680425,103.90525781035728
mskcc_processed/ISIC_9700579.jpg,46.49433359126653,167.0640789583822
mskcc_processed/ISIC_9703000.jpg,40.93142032315459,123.43515462077822
mskcc_processed/ISIC_9703425.jpg,46.88818800674093,82.18960925183502
mskcc_processed/ISIC_9707621.jpg,50.563208820743995,73.08656437294434
mskcc_processed/ISIC_9711664.jpg,45.93919094573558,153.67686075808942
mskcc_processed/ISIC_9712544.jpg,45.61605990839924,58.915474280162805
mskcc_processed/ISIC_9713599.jpg,34.69515353123397,70.02639341253271
mskcc_processed/ISIC_9715765.jpg,36.744111284783266,24.57948174788753
mskcc_processed/ISIC_9716117.jpg,55.81783358484102,92.99034097229784
mskcc_processed/ISIC_9719917.jpg,35.96892820355937,17.163871449901293
mskcc_processed/ISIC_9722847.jpg,25.625860231342408,165.5667126104895
mskcc_processed/ISIC_9724898.jpg,46.636577041616725,166.94189712999238
mskcc_processed/ISIC_9731262.jpg,39.92039213998543,43.681069733880406
mskcc_processed/ISIC_9738965.jpg,44.03713637436379,173.39803048102155
mskcc_processed/ISIC_9739277.jpg,42.397437797500196,71.67968543279842
mskcc_processed/ISIC_9739516.jpg,47.63011266335759,77.74605604695164
mskcc_processed/ISIC_9746326.jpg,42.87890360333855,104.04230582784743
mskcc_processed/ISIC_9751340.jpg,43.99491399474582,50.10146970452632
mskcc_processed/ISIC_9752590.jpg,41.987212495816664,32.17601981828778
mskcc_processed/ISIC_9761176.jpg,47.06381972845697,162.89426111359444
mskcc_processed/ISIC_9765368.jpg,38.01151027001653,17.753303046639893
mskcc_processed/ISIC_9769194.jpg,48.34032207969885,120.05560977999707
mskcc_processed/ISIC_9774025.jpg,54.52728338145236,113.09277039440495
mskcc_processed/ISIC_9778452.jpg,44.05304855322654,166.79846608264472
mskcc_processed/ISIC_9779374.jpg,38.44581940960724,100.93475532973966
mskcc_processed/ISIC_9779468.jpg,43.308211431735515,149.1226987605304
mskcc_processed/ISIC_9780352.jpg,43.38646106711882,41.31931035671787
mskcc_processed/ISIC_9780440.jpg,47.563770211465005,93.9458535068074
mskcc_processed/ISIC_9780558.jpg,20.746080275683415,-66.50115158356718
mskcc_processed/ISIC_9784299.jpg,49.55741901971401,150.76812072834375
mskcc_processed/ISIC_9785161.jpg,37.42146452514024,64.82492941627619
mskcc_processed/ISIC_9786273.jpg,47.66300076606714,156.2793536070403
mskcc_processed/ISIC_9786715.jpg,46.921955958931434,60.6294570878361
mskcc_processed/ISIC_9787554.jpg,50.12316553712815,82.84035428158755
mskcc_processed/ISIC_9790499.jpg,36.93876273228983,51.972987277572365
mskcc_processed/ISIC_9793133.jpg,34.15969454566944,25.906661882788924
mskcc_processed/ISIC_9799690.jpg,25.399309570776804,-12.892809715672811
mskcc_processed/ISIC_9803919.jpg,41.69325351975748,178.33342002713954
mskcc_processed/ISIC_9805883.jpg,26.095424157388344,37.688121471271664
mskcc_processed/ISIC_9807593.jpg,24.111019502550917,-17.561333391807388
mskcc_processed/ISIC_9807826.jpg,46.20859243202686,141.94069680949107
mskcc_processed/ISIC_9809395.jpg,36.05054191579112,31.96372297994345
mskcc_processed/ISIC_9813245.jpg,31.218402764346372,11.621611529633261
mskcc_processed/ISIC_9814808.jpg,31.651272886712622,8.423510830106707
mskcc_processed/ISIC_9818060.jpg,35.81387383984648,15.50673333519583
mskcc_processed/ISIC_9829989.jpg,46.59114027119459,63.11272409070942
mskcc_processed/ISIC_9831382.jpg,48.57633437499736,69.58299952797842
mskcc_processed/ISIC_9831569.jpg,43.77066551352211,178.3752982290103
mskcc_processed/ISIC_9831915.jpg,51.91683720218633,83.03906502683144
mskcc_processed/ISIC_9832508.jpg,33.9964591482505,139.71554536093882
mskcc_processed/ISIC_9832672.jpg,41.912348715014936,105.7210135404908
mskcc_processed/ISIC_9839328.jpg,50.68965934978916,123.78873005405475
mskcc_processed/ISIC_9840834.jpg,20.409882833803987,-78.3366680810962
mskcc_processed/ISIC_9841301.jpg,45.59888877547117,51.68014773895749
mskcc_processed/ISIC_9843994.jpg,36.634113875967415,22.267894619894832
mskcc_processed/ISIC_9844585.jpg,53.1878020119045,123.9392605211044
mskcc_processed/ISIC_9846600.jpg,8.017093073655328,-52.52021356425792
mskcc_processed/ISIC_9850723.jpg,47.96823402987171,92.07122936231312
mskcc_processed/ISIC_9853377.jpg,25.159301916031655,-61.56783826023148
mskcc_processed/ISIC_9853390.jpg,46.691788568264485,178.77406688785894
mskcc_processed/ISIC_9856376.jpg,39.76045631457075,144.30752912828942
mskcc_processed/ISIC_9860481.jpg,29.29900874500973,-4.60093428728113
mskcc_processed/ISIC_9861140.jpg,48.54868197390444,125.57825407107758
mskcc_processed/ISIC_9861668.jpg,26.882476070830474,-3.105018061368982
mskcc_processed/ISIC_9862992.jpg,48.511942651698945,93.10967888516632
mskcc_processed/ISIC_9866955.jpg,49.39870535499554,105.35168609489335
mskcc_processed/ISIC_9867911.jpg,46.82151335160111,74.66799119220488
mskcc_processed/ISIC_9869750.jpg,45.0,59.613167854206516
mskcc_processed/ISIC_9870846.jpg,11.463953015692551,-53.7204453754335
mskcc_processed/ISIC_9873314.jpg,48.589496740838186,94.16521779760183
mskcc_processed/ISIC_9878689.jpg,57.15765033332446,100.11944169309339
mskcc_processed/ISIC_9883022.jpg,43.465658500299234,144.85113229686283
mskcc_processed/ISIC_9884178.jpg,45.74892178282383,49.96438412179555
mskcc_processed/ISIC_9887493.jpg,34.21570213243741,162.28139081320384
mskcc_processed/ISIC_9889187.jpg,55.35509122014803,99.44756288267003
mskcc_processed/ISIC_9892306.jpg,54.39823299592602,110.92856977774217
mskcc_processed/ISIC_9893283.jpg,46.832839505942054,131.6053211990351
mskcc_processed/ISIC_9895333.jpg,49.85111609530156,153.522117893586
mskcc_processed/ISIC_9898687.jpg,31.930682103717825,15.928479573952874
mskcc_processed/ISIC_9911989.jpg,42.6888685472386,150.5934657788297
mskcc_processed/ISIC_9914658.jpg,61.939803020954066,-87.4479466123274
mskcc_processed/ISIC_9918618.jpg,47.16925758972851,96.64205134587617
mskcc_processed/ISIC_9920107.jpg,45.99117757501078,57.038705118941905
mskcc_processed/ISIC_9924585.jpg,32.92233083763577,114.52572359900573
mskcc_processed/ISIC_9925530.jpg,28.324982309811237,5.454898802374418
mskcc_processed/ISIC_9926430.jpg,36.81747700217859,15.501385147276945
mskcc_processed/ISIC_9926616.jpg,43.65737597346225,98.73669521227976
mskcc_processed/ISIC_9934514.jpg,42.630491935744715,47.73688881313608
mskcc_processed/ISIC_9934884.jpg,20.18580300946485,-54.45710080087396
mskcc_processed/ISIC_9935162.jpg,8.930590100418996,-51.188944558556635
mskcc_processed/ISIC_9937810.jpg,28.641330233836335,-40.39277241922573
mskcc_processed/ISIC_9938654.jpg,48.731396999160445,108.42220101214701
mskcc_processed/ISIC_9941350.jpg,38.12779130636605,18.913459373719952
mskcc_processed/ISIC_9945075.jpg,56.81314470013717,106.11065497704695
mskcc_processed/ISIC_9948002.jpg,45.70154591234523,123.40385325673174
mskcc_processed/ISIC_9949675.jpg,57.03059609653788,107.08503097033595
mskcc_processed/ISIC_9950464.jpg,39.996080047759655,155.26679322664447
mskcc_processed/ISIC_9952442.jpg,42.09618113490373,43.02472096525216
mskcc_processed/ISIC_9952986.jpg,28.8964162638126,50.11532892554979
mskcc_processed/ISIC_9955936.jpg,30.425783801961266,-90.09022145948687
mskcc_processed/ISIC_9957888.jpg,47.58302066863506,105.6564427367119
mskcc_processed/ISIC_9963913.jpg,38.345574953993406,45.60325573211124
mskcc_processed/ISIC_9964477.jpg,45.395137042507486,44.28189100686687
mskcc_processed/ISIC_9967461.jpg,37.32552048310607,33.22246273439061
mskcc_processed/ISIC_9969828.jpg,42.436229788534995,62.892108671029824
mskcc_processed/ISIC_9970615.jpg,43.42756957232665,90.23913345009719
mskcc_processed/ISIC_9971903.jpg,42.40649355521095,38.22957770037136
mskcc_processed/ISIC_9972930.jpg,53.91110647442278,122.87871029675303
mskcc_processed/ISIC_9973649.jpg,34.26464777191767,26.47716397978707
mskcc_processed/ISIC_9975729.jpg,32.41230661835121,159.08900865314118
mskcc_processed/ISIC_9975827.jpg,62.712012054484504,-86.51846960155417
mskcc_processed/ISIC_9979603.jpg,41.88656125194279,179.92029285892065
mskcc_processed/ISIC_9981140.jpg,50.96448710125313,139.65008457014324
mskcc_processed/ISIC_9981695.jpg,34.31089532814459,46.98621079511108
mskcc_processed/ISIC_9981765.jpg,45.812651594253744,68.95694817206133
mskcc_processed/ISIC_9985927.jpg,55.35509122014803,102.22513115334986
mskcc_processed/ISIC_9986267.jpg,45.0,145.51688100074728
mskcc_processed/ISIC_9986858.jpg,43.06319961377895,171.68211358204854
mskcc_processed/ISIC_9986999.jpg,24.211754310969685,114.09647659412879
mskcc_processed/ISIC_9988803.jpg,31.62555953512886,11.941760262055714
mskcc_processed/ISIC_9990390.jpg,44.599336744207854,60.75450595075727
