file,fold_0,fold_1,fold_2,fold_3,fold_4
inference_data/milk10k/MILK10k_Training_Input/IL_0000652/ISIC_8149219.jpg,2,2,2,3,2
inference_data/milk10k/MILK10k_Training_Input/IL_0000652/ISIC_4671410.jpg,1,1,1,2,2
inference_data/milk10k/MILK10k_Training_Input/IL_0003176/ISIC_3904045.jpg,2,2,2,2,2
inference_data/milk10k/MILK10k_Training_Input/IL_0003176/ISIC_5371928.jpg,1,1,1,2,2
inference_data/milk10k/MILK10k_Training_Input/IL_0004688/ISIC_0791494.jpg,2,2,2,2,2
inference_data/milk10k/MILK10k_Training_Input/IL_0004688/ISIC_3624913.jpg,2,2,1,2,2
inference_data/milk10k/MILK10k_Training_Input/IL_0005081/ISIC_5667730.jpg,3,3,3,3,3
inference_data/milk10k/MILK10k_Training_Input/IL_0005081/ISIC_5186409.jpg,2,2,3,3,2
inference_data/milk10k/MILK10k_Training_Input/IL_0006177/ISIC_8803389.jpg,2,2,2,2,2
inference_data/milk10k/MILK10k_Training_Input/IL_0006177/ISIC_1048297.jpg,1,1,1,2,2
inference_data/milk10k/MILK10k_Training_Input/IL_0006407/ISIC_2729538.jpg,3,2,3,3,3
inference_data/milk10k/MILK10k_Training_Input/IL_0006407/ISIC_5107821.jpg,1,1,1,1,2
inference_data/milk10k/MILK10k_Training_Input/IL_0008891/ISIC_1498519.jpg,1,1,1,1,1
inference_data/milk10k/MILK10k_Training_Input/IL_0008891/ISIC_5916190.jpg,1,1,1,1,1
inference_data/milk10k/MILK10k_Training_Input/IL_0008969/ISIC_3209508.jpg,2,2,2,2,2
inference_data/milk10k/MILK10k_Training_Input/IL_0008969/ISIC_9546309.jpg,1,1,1,1,1
inference_data/milk10k/MILK10k_Training_Input/IL_0009339/ISIC_2978483.jpg,3,3,3,3,3
inference_data/milk10k/MILK10k_Training_Input/IL_0009339/ISIC_8325963.jpg,2,2,1,2,2
inference_data/milk10k/MILK10k_Training_Input/IL_0011263/ISIC_9769821.jpg,2,1,1,2,2
inference_data/milk10k/MILK10k_Training_Input/IL_0011263/ISIC_3780652.jpg,2,2,2,2,2
inference_data/milk10k/MILK10k_Training_Input/IL_0012199/ISIC_8947496.jpg,2,2,2,2,2
inference_data/milk10k/MILK10k_Training_Input/IL_0012199/ISIC_7213515.jpg,2,1,1,2,2
inference_data/milk10k/MILK10k_Training_Input/IL_0014412/ISIC_5881121.jpg,4,3,3,4,3
inference_data/milk10k/MILK10k_Training_Input/IL_0014412/ISIC_9803465.jpg,1,1,1,1,1
inference_data/milk10k/MILK10k_Training_Input/IL_0017483/ISIC_9923124.jpg,1,1,1,1,2
inference_data/milk10k/MILK10k_Training_Input/IL_0017483/ISIC_1225678.jpg,1,2,1,1,1
inference_data/milk10k/MILK10k_Training_Input/IL_0019048/ISIC_8438197.jpg,1,1,1,2,1
inference_data/milk10k/MILK10k_Training_Input/IL_0019048/ISIC_6039074.jpg,2,2,2,2,2
inference_data/milk10k/MILK10k_Training_Input/IL_0019655/ISIC_1660154.jpg,2,2,2,2,3
inference_data/milk10k/MILK10k_Training_Input/IL_0019655/ISIC_2641217.jpg,1,2,1,2,2
inference_data/milk10k/MILK10k_Training_Input/IL_0020208/ISIC_0652620.jpg,3,2,3,3,2
inference_data/milk10k/MILK10k_Training_Input/IL_0020208/ISIC_8615296.jpg,1,1,1,1,1
inference_data/milk10k/MILK10k_Training_Input/IL_0024228/ISIC_8598339.jpg,3,2,3,3,3
inference_data/milk10k/MILK10k_Training_Input/IL_0024228/ISIC_8870441.jpg,2,2,1,2,2
inference_data/milk10k/MILK10k_Training_Input/IL_0026510/ISIC_8431081.jpg,2,2,2,3,2
inference_data/milk10k/MILK10k_Training_Input/IL_0026510/ISIC_2768555.jpg,1,1,1,1,1
inference_data/milk10k/MILK10k_Training_Input/IL_0029019/ISIC_0402893.jpg,2,2,2,2,2
inference_data/milk10k/MILK10k_Training_Input/IL_0029019/ISIC_5203599.jpg,1,1,1,1,1
inference_data/milk10k/MILK10k_Training_Input/IL_0030541/ISIC_2944762.jpg,2,2,2,2,2
inference_data/milk10k/MILK10k_Training_Input/IL_0030541/ISIC_1347581.jpg,2,2,1,2,2
inference_data/milk10k/MILK10k_Training_Input/IL_0032270/ISIC_5462275.jpg,2,2,2,2,2
inference_data/milk10k/MILK10k_Training_Input/IL_0032270/ISIC_6993481.jpg,1,1,1,1,1
inference_data/milk10k/MILK10k_Training_Input/IL_0033882/ISIC_1006010.jpg,2,1,2,2,2
inference_data/milk10k/MILK10k_Training_Input/IL_0033882/ISIC_3881896.jpg,1,1,0,1,1
inference_data/milk10k/MILK10k_Training_Input/IL_0039324/ISIC_8429141.jpg,2,2,2,2,2
inference_data/milk10k/MILK10k_Training_Input/IL_0039324/ISIC_1874410.jpg,2,2,1,2,2
inference_data/milk10k/MILK10k_Training_Input/IL_0041758/ISIC_4499437.jpg,3,2,3,3,2
inference_data/milk10k/MILK10k_Training_Input/IL_0041758/ISIC_3704603.jpg,2,2,2,2,2
inference_data/milk10k/MILK10k_Training_Input/IL_0044468/ISIC_5047383.jpg,2,2,2,2,2
inference_data/milk10k/MILK10k_Training_Input/IL_0044468/ISIC_6046943.jpg,1,2,1,1,1
inference_data/milk10k/MILK10k_Training_Input/IL_0047878/ISIC_2308076.jpg,4,3,4,4,3
inference_data/milk10k/MILK10k_Training_Input/IL_0047878/ISIC_0433706.jpg,2,2,1,2,2
inference_data/milk10k/MILK10k_Training_Input/IL_0053198/ISIC_4030094.jpg,1,1,1,1,1
inference_data/milk10k/MILK10k_Training_Input/IL_0053198/ISIC_8463837.jpg,2,2,1,2,2
inference_data/milk10k/MILK10k_Training_Input/IL_0061620/ISIC_7081965.jpg,1,1,1,1,1
inference_data/milk10k/MILK10k_Training_Input/IL_0061620/ISIC_4345756.jpg,2,2,1,2,2
inference_data/milk10k/MILK10k_Training_Input/IL_0063537/ISIC_9191957.jpg,2,2,2,2,2
inference_data/milk10k/MILK10k_Training_Input/IL_0063537/ISIC_8370666.jpg,1,1,1,1,2
inference_data/milk10k/MILK10k_Training_Input/IL_0064763/ISIC_9047853.jpg,2,2,2,3,2
inference_data/milk10k/MILK10k_Training_Input/IL_0064763/ISIC_1230865.jpg,3,2,3,3,3
inference_data/milk10k/MILK10k_Training_Input/IL_0069690/ISIC_3272276.jpg,2,2,2,2,2
inference_data/milk10k/MILK10k_Training_Input/IL_0069690/ISIC_0323748.jpg,2,1,1,2,2
inference_data/milk10k/MILK10k_Training_Input/IL_0074413/ISIC_0447190.jpg,2,2,2,2,2
inference_data/milk10k/MILK10k_Training_Input/IL_0074413/ISIC_4980158.jpg,1,2,2,1,2
inference_data/milk10k/MILK10k_Training_Input/IL_0075646/ISIC_1644500.jpg,2,2,3,3,2
inference_data/milk10k/MILK10k_Training_Input/IL_0075646/ISIC_4932148.jpg,2,2,1,2,2
inference_data/milk10k/MILK10k_Training_Input/IL_0076321/ISIC_0512596.jpg,2,2,2,2,2
inference_data/milk10k/MILK10k_Training_Input/IL_0076321/ISIC_8015399.jpg,2,2,2,2,2
inference_data/milk10k/MILK10k_Training_Input/IL_0076383/ISIC_1889858.jpg,3,3,3,3,3
inference_data/milk10k/MILK10k_Training_Input/IL_0076383/ISIC_3175755.jpg,2,2,1,2,2
inference_data/milk10k/MILK10k_Training_Input/IL_0076523/ISIC_6171480.jpg,2,2,2,2,2
inference_data/milk10k/MILK10k_Training_Input/IL_0076523/ISIC_3175480.jpg,1,1,1,1,2
inference_data/milk10k/MILK10k_Training_Input/IL_0079116/ISIC_2511643.jpg,2,2,3,3,2
inference_data/milk10k/MILK10k_Training_Input/IL_0079116/ISIC_5344273.jpg,1,1,1,1,1
inference_data/milk10k/MILK10k_Training_Input/IL_0080050/ISIC_2453811.jpg,2,2,2,3,2
inference_data/milk10k/MILK10k_Training_Input/IL_0080050/ISIC_0813000.jpg,1,1,1,1,1
inference_data/milk10k/MILK10k_Training_Input/IL_0080398/ISIC_5100065.jpg,3,2,2,2,2
inference_data/milk10k/MILK10k_Training_Input/IL_0080398/ISIC_9206660.jpg,2,1,2,2,2
inference_data/milk10k/MILK10k_Training_Input/IL_0081442/ISIC_8453550.jpg,2,2,2,3,2
inference_data/milk10k/MILK10k_Training_Input/IL_0081442/ISIC_7606142.jpg,1,1,1,1,1
inference_data/milk10k/MILK10k_Training_Input/IL_0082869/ISIC_4305600.jpg,2,2,3,3,2
inference_data/milk10k/MILK10k_Training_Input/IL_0082869/ISIC_2473856.jpg,1,2,1,1,1
inference_data/milk10k/MILK10k_Training_Input/IL_0083505/ISIC_5016123.jpg,1,1,1,1,1
inference_data/milk10k/MILK10k_Training_Input/IL_0083505/ISIC_8736820.jpg,1,2,1,1,2
inference_data/milk10k/MILK10k_Training_Input/IL_0083796/ISIC_3313109.jpg,2,2,2,3,2
inference_data/milk10k/MILK10k_Training_Input/IL_0083796/ISIC_9131247.jpg,1,1,1,1,2
inference_data/milk10k/MILK10k_Training_Input/IL_0085362/ISIC_5596458.jpg,2,2,2,2,2
inference_data/milk10k/MILK10k_Training_Input/IL_0085362/ISIC_9542991.jpg,1,1,1,1,2
inference_data/milk10k/MILK10k_Training_Input/IL_0087252/ISIC_2084498.jpg,2,2,2,3,2
inference_data/milk10k/MILK10k_Training_Input/IL_0087252/ISIC_3945160.jpg,1,1,1,1,1
inference_data/milk10k/MILK10k_Training_Input/IL_0087637/ISIC_6479651.jpg,3,3,3,3,3
inference_data/milk10k/MILK10k_Training_Input/IL_0087637/ISIC_0856370.jpg,2,2,2,2,2
inference_data/milk10k/MILK10k_Training_Input/IL_0091633/ISIC_7184100.jpg,2,2,2,2,2
inference_data/milk10k/MILK10k_Training_Input/IL_0091633/ISIC_7507858.jpg,2,1,1,2,2
inference_data/milk10k/MILK10k_Training_Input/IL_0092031/ISIC_5364143.jpg,3,2,2,3,2
inference_data/milk10k/MILK10k_Training_Input/IL_0092031/ISIC_5597650.jpg,2,2,2,2,2
inference_data/milk10k/MILK10k_Training_Input/IL_0092622/ISIC_4065657.jpg,2,2,2,2,2
inference_data/milk10k/MILK10k_Training_Input/IL_0092622/ISIC_5144687.jpg,1,1,1,1,1
inference_data/milk10k/MILK10k_Training_Input/IL_0097046/ISIC_0603409.jpg,2,2,1,2,2
inference_data/milk10k/MILK10k_Training_Input/IL_0097046/ISIC_3480084.jpg,2,1,2,2,2
inference_data/milk10k/MILK10k_Training_Input/IL_0097757/ISIC_1140407.jpg,2,2,2,3,2
inference_data/milk10k/MILK10k_Training_Input/IL_0097757/ISIC_5350161.jpg,2,2,2,2,2
inference_data/milk10k/MILK10k_Training_Input/IL_0097908/ISIC_6364449.jpg,2,2,2,2,2
inference_data/milk10k/MILK10k_Training_Input/IL_0097908/ISIC_0107067.jpg,2,2,2,2,2
inference_data/milk10k/MILK10k_Training_Input/IL_0098895/ISIC_4357109.jpg,1,1,2,2,2
inference_data/milk10k/MILK10k_Training_Input/IL_0098895/ISIC_7778161.jpg,1,1,1,1,1
inference_data/milk10k/MILK10k_Training_Input/IL_0100733/ISIC_9379796.jpg,4,4,4,4,4
inference_data/milk10k/MILK10k_Training_Input/IL_0100733/ISIC_3874242.jpg,2,3,1,2,2
inference_data/milk10k/MILK10k_Training_Input/IL_0101784/ISIC_9963933.jpg,2,2,2,2,2
inference_data/milk10k/MILK10k_Training_Input/IL_0101784/ISIC_3627294.jpg,1,1,1,1,1
inference_data/milk10k/MILK10k_Training_Input/IL_0102463/ISIC_8537605.jpg,1,1,1,1,1
inference_data/milk10k/MILK10k_Training_Input/IL_0102463/ISIC_9954496.jpg,1,1,1,1,1
inference_data/milk10k/MILK10k_Training_Input/IL_0105755/ISIC_3234625.jpg,3,3,3,3,3
inference_data/milk10k/MILK10k_Training_Input/IL_0105755/ISIC_3783885.jpg,1,1,1,1,1
inference_data/milk10k/MILK10k_Training_Input/IL_0106085/ISIC_3483575.jpg,2,2,2,3,2
inference_data/milk10k/MILK10k_Training_Input/IL_0106085/ISIC_0933237.jpg,2,1,1,2,2
inference_data/milk10k/MILK10k_Training_Input/IL_0106759/ISIC_2076601.jpg,2,1,1,1,1
inference_data/milk10k/MILK10k_Training_Input/IL_0106759/ISIC_6558326.jpg,1,1,1,1,1
inference_data/milk10k/MILK10k_Training_Input/IL_0107208/ISIC_9257390.jpg,4,4,4,4,4
inference_data/milk10k/MILK10k_Training_Input/IL_0107208/ISIC_3818927.jpg,1,1,1,1,2
inference_data/milk10k/MILK10k_Training_Input/IL_0108201/ISIC_4879615.jpg,2,2,2,2,2
inference_data/milk10k/MILK10k_Training_Input/IL_0108201/ISIC_8804250.jpg,1,1,0,1,1
inference_data/milk10k/MILK10k_Training_Input/IL_0108315/ISIC_8176738.jpg,3,3,3,3,3
inference_data/milk10k/MILK10k_Training_Input/IL_0108315/ISIC_0454029.jpg,2,1,1,2,2
inference_data/milk10k/MILK10k_Training_Input/IL_0110620/ISIC_7405877.jpg,2,2,2,3,2
inference_data/milk10k/MILK10k_Training_Input/IL_0110620/ISIC_6391693.jpg,1,1,1,1,1
inference_data/milk10k/MILK10k_Training_Input/IL_0111269/ISIC_5554902.jpg,2,2,1,2,2
inference_data/milk10k/MILK10k_Training_Input/IL_0111269/ISIC_9742404.jpg,1,1,1,1,1
inference_data/milk10k/MILK10k_Training_Input/IL_0113118/ISIC_5683123.jpg,1,1,1,1,2
inference_data/milk10k/MILK10k_Training_Input/IL_0113118/ISIC_8483047.jpg,2,2,2,2,2
inference_data/milk10k/MILK10k_Training_Input/IL_0115590/ISIC_1660394.jpg,1,1,1,1,1
inference_data/milk10k/MILK10k_Training_Input/IL_0115590/ISIC_0124081.jpg,2,1,1,1,1
inference_data/milk10k/MILK10k_Training_Input/IL_0121394/ISIC_8019995.jpg,1,1,1,1,1
inference_data/milk10k/MILK10k_Training_Input/IL_0121394/ISIC_6946678.jpg,1,1,1,1,1
inference_data/milk10k/MILK10k_Training_Input/IL_0121735/ISIC_9627993.jpg,2,2,2,2,2
inference_data/milk10k/MILK10k_Training_Input/IL_0121735/ISIC_8494727.jpg,2,2,1,2,2
inference_data/milk10k/MILK10k_Training_Input/IL_0123995/ISIC_0729799.jpg,3,3,3,3,3
inference_data/milk10k/MILK10k_Training_Input/IL_0123995/ISIC_8954124.jpg,2,2,2,2,2
inference_data/milk10k/MILK10k_Training_Input/IL_0125182/ISIC_3845463.jpg,3,2,3,3,2
inference_data/milk10k/MILK10k_Training_Input/IL_0125182/ISIC_2556147.jpg,1,1,1,1,1
inference_data/milk10k/MILK10k_Training_Input/IL_0125566/ISIC_1090102.jpg,3,3,3,3,2
inference_data/milk10k/MILK10k_Training_Input/IL_0125566/ISIC_0490468.jpg,2,2,2,2,2
inference_data/milk10k/MILK10k_Training_Input/IL_0126015/ISIC_5817638.jpg,2,2,2,2,2
inference_data/milk10k/MILK10k_Training_Input/IL_0126015/ISIC_4742339.jpg,1,1,1,2,2
inference_data/milk10k/MILK10k_Training_Input/IL_0127859/ISIC_1223850.jpg,3,3,3,3,3
inference_data/milk10k/MILK10k_Training_Input/IL_0127859/ISIC_5412550.jpg,2,2,1,1,2
inference_data/milk10k/MILK10k_Training_Input/IL_0134295/ISIC_5696217.jpg,2,2,2,2,2
inference_data/milk10k/MILK10k_Training_Input/IL_0134295/ISIC_7733305.jpg,2,2,1,2,2
inference_data/milk10k/MILK10k_Training_Input/IL_0134998/ISIC_8788500.jpg,4,3,4,4,3
inference_data/milk10k/MILK10k_Training_Input/IL_0134998/ISIC_5951892.jpg,1,1,1,1,1
inference_data/milk10k/MILK10k_Training_Input/IL_0136746/ISIC_5232497.jpg,2,2,2,3,2
inference_data/milk10k/MILK10k_Training_Input/IL_0136746/ISIC_4749092.jpg,1,1,1,1,2
inference_data/milk10k/MILK10k_Training_Input/IL_0137229/ISIC_5667513.jpg,3,3,3,3,3
inference_data/milk10k/MILK10k_Training_Input/IL_0137229/ISIC_0866079.jpg,3,2,3,3,3
inference_data/milk10k/MILK10k_Training_Input/IL_0137493/ISIC_7335701.jpg,2,2,2,2,2
inference_data/milk10k/MILK10k_Training_Input/IL_0137493/ISIC_4135497.jpg,1,1,0,1,1
inference_data/milk10k/MILK10k_Training_Input/IL_0138483/ISIC_8365952.jpg,3,3,4,3,3
inference_data/milk10k/MILK10k_Training_Input/IL_0138483/ISIC_9508636.jpg,2,2,1,2,2
inference_data/milk10k/MILK10k_Training_Input/IL_0142779/ISIC_4783176.jpg,3,3,3,3,3
inference_data/milk10k/MILK10k_Training_Input/IL_0142779/ISIC_0881081.jpg,3,3,3,3,3
inference_data/milk10k/MILK10k_Training_Input/IL_0143212/ISIC_6163759.jpg,2,2,2,2,2
inference_data/milk10k/MILK10k_Training_Input/IL_0143212/ISIC_9704524.jpg,1,1,1,1,1
inference_data/milk10k/MILK10k_Training_Input/IL_0143868/ISIC_3015060.jpg,2,2,2,2,2
inference_data/milk10k/MILK10k_Training_Input/IL_0143868/ISIC_5381727.jpg,1,1,1,1,1
inference_data/milk10k/MILK10k_Training_Input/IL_0145900/ISIC_4140673.jpg,2,2,2,2,2
inference_data/milk10k/MILK10k_Training_Input/IL_0145900/ISIC_0215803.jpg,2,2,3,2,2
inference_data/milk10k/MILK10k_Training_Input/IL_0147242/ISIC_4222996.jpg,2,2,2,2,2
inference_data/milk10k/MILK10k_Training_Input/IL_0147242/ISIC_7085591.jpg,1,1,1,1,1
inference_data/milk10k/MILK10k_Training_Input/IL_0149726/ISIC_3701587.jpg,2,2,2,2,2
inference_data/milk10k/MILK10k_Training_Input/IL_0149726/ISIC_8667960.jpg,1,1,1,1,1
inference_data/milk10k/MILK10k_Training_Input/IL_0152415/ISIC_9584532.jpg,2,2,3,3,2
inference_data/milk10k/MILK10k_Training_Input/IL_0152415/ISIC_5006235.jpg,3,2,3,3,3
inference_data/milk10k/MILK10k_Training_Input/IL_0155141/ISIC_2877846.jpg,2,2,2,3,2
inference_data/milk10k/MILK10k_Training_Input/IL_0155141/ISIC_3993701.jpg,2,2,1,2,2
inference_data/milk10k/MILK10k_Training_Input/IL_0158496/ISIC_6748961.jpg,1,1,1,1,1
inference_data/milk10k/MILK10k_Training_Input/IL_0158496/ISIC_8918247.jpg,1,1,0,1,1
inference_data/milk10k/MILK10k_Training_Input/IL_0159004/ISIC_0226793.jpg,2,1,1,2,2
inference_data/milk10k/MILK10k_Training_Input/IL_0159004/ISIC_0872036.jpg,1,1,0,1,1
inference_data/milk10k/MILK10k_Training_Input/IL_0159486/ISIC_4961582.jpg,3,3,3,3,3
inference_data/milk10k/MILK10k_Training_Input/IL_0159486/ISIC_9055556.jpg,1,1,1,1,2
inference_data/milk10k/MILK10k_Training_Input/IL_0168605/ISIC_6465036.jpg,2,2,2,2,2
inference_data/milk10k/MILK10k_Training_Input/IL_0168605/ISIC_4829038.jpg,2,2,2,3,3
inference_data/milk10k/MILK10k_Training_Input/IL_0169358/ISIC_0560217.jpg,2,2,2,2,2
inference_data/milk10k/MILK10k_Training_Input/IL_0169358/ISIC_2799124.jpg,1,1,0,1,1
inference_data/milk10k/MILK10k_Training_Input/IL_0172774/ISIC_1432476.jpg,2,2,1,2,2
inference_data/milk10k/MILK10k_Training_Input/IL_0172774/ISIC_4761686.jpg,1,1,1,1,1
inference_data/milk10k/MILK10k_Training_Input/IL_0177781/ISIC_2019971.jpg,3,2,2,3,2
inference_data/milk10k/MILK10k_Training_Input/IL_0177781/ISIC_3408779.jpg,3,3,3,3,3
inference_data/milk10k/MILK10k_Training_Input/IL_0179071/ISIC_5748990.jpg,2,2,2,3,2
inference_data/milk10k/MILK10k_Training_Input/IL_0179071/ISIC_6900958.jpg,1,1,1,1,2
inference_data/milk10k/MILK10k_Training_Input/IL_0180498/ISIC_1320739.jpg,2,2,2,2,2
inference_data/milk10k/MILK10k_Training_Input/IL_0180498/ISIC_1176025.jpg,2,2,2,2,2
inference_data/milk10k/MILK10k_Training_Input/IL_0181682/ISIC_0594231.jpg,2,2,2,2,2
inference_data/milk10k/MILK10k_Training_Input/IL_0181682/ISIC_5436595.jpg,1,1,1,1,1
inference_data/milk10k/MILK10k_Training_Input/IL_0183140/ISIC_2085484.jpg,3,2,3,3,2
inference_data/milk10k/MILK10k_Training_Input/IL_0183140/ISIC_1552060.jpg,1,1,1,2,1
inference_data/milk10k/MILK10k_Training_Input/IL_0183428/ISIC_4138716.jpg,2,2,2,2,2
inference_data/milk10k/MILK10k_Training_Input/IL_0183428/ISIC_6121019.jpg,1,1,1,1,1
inference_data/milk10k/MILK10k_Training_Input/IL_0184125/ISIC_9833026.jpg,2,2,2,2,2
inference_data/milk10k/MILK10k_Training_Input/IL_0184125/ISIC_0981335.jpg,0,1,0,1,1
inference_data/milk10k/MILK10k_Training_Input/IL_0185151/ISIC_2453582.jpg,2,2,2,2,2
inference_data/milk10k/MILK10k_Training_Input/IL_0185151/ISIC_2525369.jpg,2,2,2,2,2
inference_data/milk10k/MILK10k_Training_Input/IL_0185291/ISIC_2284535.jpg,2,2,2,2,2
inference_data/milk10k/MILK10k_Training_Input/IL_0185291/ISIC_8322623.jpg,2,1,1,1,2
inference_data/milk10k/MILK10k_Training_Input/IL_0185297/ISIC_3908138.jpg,3,2,2,3,3
inference_data/milk10k/MILK10k_Training_Input/IL_0185297/ISIC_8850071.jpg,2,2,1,2,2
inference_data/milk10k/MILK10k_Training_Input/IL_0192026/ISIC_1666674.jpg,1,1,1,1,1
inference_data/milk10k/MILK10k_Training_Input/IL_0192026/ISIC_6581571.jpg,1,1,1,1,1
inference_data/milk10k/MILK10k_Training_Input/IL_0199161/ISIC_4964410.jpg,3,2,3,3,3
inference_data/milk10k/MILK10k_Training_Input/IL_0199161/ISIC_9486866.jpg,2,2,2,2,2
inference_data/milk10k/MILK10k_Training_Input/IL_0199225/ISIC_5065727.jpg,2,2,3,3,2
inference_data/milk10k/MILK10k_Training_Input/IL_0199225/ISIC_1675235.jpg,1,1,1,1,1
inference_data/milk10k/MILK10k_Training_Input/IL_0199785/ISIC_3734574.jpg,2,2,2,2,2
inference_data/milk10k/MILK10k_Training_Input/IL_0199785/ISIC_8977908.jpg,3,2,2,3,2
inference_data/milk10k/MILK10k_Training_Input/IL_0200790/ISIC_9718735.jpg,2,2,2,2,2
inference_data/milk10k/MILK10k_Training_Input/IL_0200790/ISIC_6250586.jpg,2,1,1,2,2
inference_data/milk10k/MILK10k_Training_Input/IL_0201884/ISIC_7381334.jpg,3,2,3,3,3
inference_data/milk10k/MILK10k_Training_Input/IL_0201884/ISIC_1718630.jpg,1,1,1,1,1
inference_data/milk10k/MILK10k_Training_Input/IL_0203121/ISIC_3266019.jpg,3,2,3,3,2
inference_data/milk10k/MILK10k_Training_Input/IL_0203121/ISIC_7153501.jpg,2,1,1,2,2
inference_data/milk10k/MILK10k_Training_Input/IL_0203872/ISIC_4597624.jpg,3,2,3,3,2
inference_data/milk10k/MILK10k_Training_Input/IL_0203872/ISIC_1923354.jpg,2,2,2,1,2
inference_data/milk10k/MILK10k_Training_Input/IL_0205551/ISIC_7005663.jpg,2,2,2,2,2
inference_data/milk10k/MILK10k_Training_Input/IL_0205551/ISIC_2080755.jpg,2,2,1,2,2
inference_data/milk10k/MILK10k_Training_Input/IL_0208925/ISIC_3057675.jpg,2,2,2,2,2
inference_data/milk10k/MILK10k_Training_Input/IL_0208925/ISIC_8293828.jpg,3,3,3,3,3
inference_data/milk10k/MILK10k_Training_Input/IL_0210304/ISIC_4145656.jpg,2,2,2,2,2
inference_data/milk10k/MILK10k_Training_Input/IL_0210304/ISIC_3585425.jpg,1,1,1,1,1
inference_data/milk10k/MILK10k_Training_Input/IL_0210528/ISIC_0936650.jpg,2,2,3,3,2
inference_data/milk10k/MILK10k_Training_Input/IL_0210528/ISIC_5562336.jpg,2,2,1,2,2
inference_data/milk10k/MILK10k_Training_Input/IL_0210628/ISIC_9619047.jpg,2,2,2,2,2
inference_data/milk10k/MILK10k_Training_Input/IL_0210628/ISIC_3789455.jpg,1,1,1,1,1
inference_data/milk10k/MILK10k_Training_Input/IL_0211480/ISIC_3845941.jpg,3,2,3,3,3
inference_data/milk10k/MILK10k_Training_Input/IL_0211480/ISIC_1734487.jpg,1,1,1,1,1
inference_data/milk10k/MILK10k_Training_Input/IL_0215570/ISIC_5308373.jpg,3,3,3,3,3
inference_data/milk10k/MILK10k_Training_Input/IL_0215570/ISIC_5693691.jpg,1,1,1,1,1
inference_data/milk10k/MILK10k_Training_Input/IL_0216946/ISIC_2500263.jpg,2,2,2,3,2
inference_data/milk10k/MILK10k_Training_Input/IL_0216946/ISIC_6976701.jpg,1,1,1,2,2
inference_data/milk10k/MILK10k_Training_Input/IL_0217482/ISIC_2267815.jpg,3,3,3,3,3
inference_data/milk10k/MILK10k_Training_Input/IL_0217482/ISIC_7149626.jpg,2,2,2,2,2
inference_data/milk10k/MILK10k_Training_Input/IL_0218048/ISIC_3843458.jpg,3,2,3,3,3
inference_data/milk10k/MILK10k_Training_Input/IL_0218048/ISIC_8521879.jpg,1,2,1,1,2
inference_data/milk10k/MILK10k_Training_Input/IL_0218965/ISIC_5149059.jpg,2,2,2,2,2
inference_data/milk10k/MILK10k_Training_Input/IL_0218965/ISIC_9183794.jpg,2,1,1,2,2
inference_data/milk10k/MILK10k_Training_Input/IL_0225053/ISIC_8613107.jpg,1,1,1,1,1
inference_data/milk10k/MILK10k_Training_Input/IL_0225053/ISIC_8068358.jpg,1,2,1,2,2
inference_data/milk10k/MILK10k_Training_Input/IL_0225213/ISIC_7385775.jpg,2,2,2,3,2
inference_data/milk10k/MILK10k_Training_Input/IL_0225213/ISIC_9195108.jpg,2,1,1,2,2
inference_data/milk10k/MILK10k_Training_Input/IL_0226639/ISIC_4703455.jpg,2,2,2,2,2
inference_data/milk10k/MILK10k_Training_Input/IL_0226639/ISIC_2755460.jpg,1,1,1,1,1
inference_data/milk10k/MILK10k_Training_Input/IL_0228777/ISIC_2214696.jpg,3,2,3,3,3
inference_data/milk10k/MILK10k_Training_Input/IL_0228777/ISIC_9666538.jpg,2,2,2,2,2
inference_data/milk10k/MILK10k_Training_Input/IL_0233778/ISIC_1828288.jpg,3,3,3,3,3
inference_data/milk10k/MILK10k_Training_Input/IL_0233778/ISIC_1151008.jpg,2,2,2,2,2
inference_data/milk10k/MILK10k_Training_Input/IL_0240650/ISIC_1128113.jpg,3,3,3,3,3
inference_data/milk10k/MILK10k_Training_Input/IL_0240650/ISIC_2513521.jpg,1,2,1,1,2
inference_data/milk10k/MILK10k_Training_Input/IL_0241510/ISIC_7139633.jpg,2,2,2,2,2
inference_data/milk10k/MILK10k_Training_Input/IL_0241510/ISIC_9802157.jpg,1,1,1,1,1
inference_data/milk10k/MILK10k_Training_Input/IL_0244045/ISIC_6402697.jpg,2,2,2,2,2
inference_data/milk10k/MILK10k_Training_Input/IL_0244045/ISIC_4307786.jpg,1,1,1,1,1
inference_data/milk10k/MILK10k_Training_Input/IL_0245024/ISIC_5838991.jpg,2,2,2,2,2
inference_data/milk10k/MILK10k_Training_Input/IL_0245024/ISIC_6141356.jpg,1,1,1,1,1
inference_data/milk10k/MILK10k_Training_Input/IL_0246803/ISIC_1812439.jpg,2,2,2,2,2
inference_data/milk10k/MILK10k_Training_Input/IL_0246803/ISIC_7289001.jpg,2,2,1,2,2
inference_data/milk10k/MILK10k_Training_Input/IL_0246907/ISIC_1455195.jpg,2,2,1,2,1
inference_data/milk10k/MILK10k_Training_Input/IL_0246907/ISIC_2741027.jpg,1,1,1,1,1
inference_data/milk10k/MILK10k_Training_Input/IL_0247404/ISIC_6728668.jpg,3,2,3,3,2
inference_data/milk10k/MILK10k_Training_Input/IL_0247404/ISIC_1954450.jpg,3,2,2,2,3
inference_data/milk10k/MILK10k_Training_Input/IL_0249447/ISIC_5101364.jpg,2,2,2,2,2
inference_data/milk10k/MILK10k_Training_Input/IL_0249447/ISIC_6653595.jpg,2,2,1,2,2
inference_data/milk10k/MILK10k_Training_Input/IL_0252336/ISIC_1058258.jpg,2,2,2,2,2
inference_data/milk10k/MILK10k_Training_Input/IL_0252336/ISIC_6543284.jpg,1,1,1,1,2
inference_data/milk10k/MILK10k_Training_Input/IL_0256138/ISIC_4514529.jpg,3,2,3,3,3
inference_data/milk10k/MILK10k_Training_Input/IL_0256138/ISIC_1291833.jpg,2,2,2,2,2
inference_data/milk10k/MILK10k_Training_Input/IL_0256992/ISIC_8882028.jpg,2,2,2,2,2
inference_data/milk10k/MILK10k_Training_Input/IL_0256992/ISIC_6458495.jpg,1,1,1,1,1
inference_data/milk10k/MILK10k_Training_Input/IL_0257486/ISIC_3368269.jpg,1,1,1,1,2
inference_data/milk10k/MILK10k_Training_Input/IL_0257486/ISIC_6563965.jpg,1,1,1,1,2
inference_data/milk10k/MILK10k_Training_Input/IL_0261809/ISIC_8351733.jpg,3,3,3,3,3
inference_data/milk10k/MILK10k_Training_Input/IL_0261809/ISIC_9677476.jpg,2,1,2,2,2
inference_data/milk10k/MILK10k_Training_Input/IL_0262433/ISIC_6600474.jpg,4,4,4,4,4
inference_data/milk10k/MILK10k_Training_Input/IL_0262433/ISIC_2913187.jpg,2,2,2,2,2
inference_data/milk10k/MILK10k_Training_Input/IL_0262742/ISIC_1130153.jpg,2,2,2,3,2
inference_data/milk10k/MILK10k_Training_Input/IL_0262742/ISIC_7474570.jpg,1,1,1,1,1
inference_data/milk10k/MILK10k_Training_Input/IL_0264320/ISIC_6831182.jpg,3,3,3,3,3
inference_data/milk10k/MILK10k_Training_Input/IL_0264320/ISIC_3555396.jpg,1,1,1,1,1
inference_data/milk10k/MILK10k_Training_Input/IL_0266076/ISIC_4138482.jpg,3,3,3,4,3
inference_data/milk10k/MILK10k_Training_Input/IL_0266076/ISIC_0181316.jpg,2,2,2,2,2
inference_data/milk10k/MILK10k_Training_Input/IL_0266844/ISIC_6315101.jpg,2,2,2,2,2
inference_data/milk10k/MILK10k_Training_Input/IL_0266844/ISIC_6342177.jpg,2,2,2,2,2
inference_data/milk10k/MILK10k_Training_Input/IL_0267094/ISIC_0217198.jpg,3,3,3,3,3
inference_data/milk10k/MILK10k_Training_Input/IL_0267094/ISIC_1033249.jpg,1,1,1,1,1
inference_data/milk10k/MILK10k_Training_Input/IL_0269822/ISIC_0948347.jpg,2,2,1,2,2
inference_data/milk10k/MILK10k_Training_Input/IL_0269822/ISIC_9090562.jpg,2,2,2,2,2
inference_data/milk10k/MILK10k_Training_Input/IL_0271647/ISIC_4225100.jpg,2,2,2,2,2
inference_data/milk10k/MILK10k_Training_Input/IL_0271647/ISIC_9250721.jpg,2,1,1,1,2
inference_data/milk10k/MILK10k_Training_Input/IL_0273938/ISIC_3528840.jpg,1,1,1,1,1
inference_data/milk10k/MILK10k_Training_Input/IL_0273938/ISIC_7382332.jpg,1,1,1,1,1
inference_data/milk10k/MILK10k_Training_Input/IL_0275953/ISIC_7106496.jpg,3,3,2,3,2
inference_data/milk10k/MILK10k_Training_Input/IL_0275953/ISIC_7886221.jpg,2,2,1,2,2
inference_data/milk10k/MILK10k_Training_Input/IL_0281880/ISIC_6900639.jpg,3,3,3,3,3
inference_data/milk10k/MILK10k_Training_Input/IL_0281880/ISIC_1799338.jpg,1,1,1,1,1
inference_data/milk10k/MILK10k_Training_Input/IL_0285359/ISIC_1175016.jpg,2,1,1,2,2
inference_data/milk10k/MILK10k_Training_Input/IL_0285359/ISIC_3199091.jpg,2,2,2,2,2
inference_data/milk10k/MILK10k_Training_Input/IL_0286652/ISIC_5845284.jpg,3,3,3,3,3
inference_data/milk10k/MILK10k_Training_Input/IL_0286652/ISIC_5761944.jpg,2,1,2,2,2
inference_data/milk10k/MILK10k_Training_Input/IL_0286681/ISIC_6765907.jpg,3,3,3,3,3
inference_data/milk10k/MILK10k_Training_Input/IL_0286681/ISIC_0919412.jpg,1,1,1,1,1
inference_data/milk10k/MILK10k_Training_Input/IL_0291723/ISIC_5921357.jpg,4,3,4,4,3
inference_data/milk10k/MILK10k_Training_Input/IL_0291723/ISIC_1171368.jpg,2,1,1,2,2
inference_data/milk10k/MILK10k_Training_Input/IL_0295689/ISIC_8899742.jpg,3,3,3,3,3
inference_data/milk10k/MILK10k_Training_Input/IL_0295689/ISIC_8366863.jpg,1,1,1,1,1
inference_data/milk10k/MILK10k_Training_Input/IL_0298578/ISIC_4337041.jpg,2,2,2,2,2
inference_data/milk10k/MILK10k_Training_Input/IL_0298578/ISIC_3885747.jpg,1,1,1,1,1
inference_data/milk10k/MILK10k_Training_Input/IL_0298761/ISIC_8623171.jpg,2,2,2,2,2
inference_data/milk10k/MILK10k_Training_Input/IL_0298761/ISIC_4538438.jpg,1,1,1,1,1
inference_data/milk10k/MILK10k_Training_Input/IL_0303192/ISIC_2840695.jpg,3,3,3,3,3
inference_data/milk10k/MILK10k_Training_Input/IL_0303192/ISIC_3560179.jpg,2,2,1,2,1
inference_data/milk10k/MILK10k_Training_Input/IL_0303279/ISIC_5249128.jpg,2,2,2,2,2
inference_data/milk10k/MILK10k_Training_Input/IL_0303279/ISIC_7387499.jpg,2,1,2,2,2
inference_data/milk10k/MILK10k_Training_Input/IL_0303759/ISIC_9936601.jpg,2,2,2,3,2
inference_data/milk10k/MILK10k_Training_Input/IL_0303759/ISIC_9185835.jpg,2,2,2,2,2
inference_data/milk10k/MILK10k_Training_Input/IL_0304897/ISIC_1412567.jpg,1,1,1,1,1
inference_data/milk10k/MILK10k_Training_Input/IL_0304897/ISIC_0138914.jpg,1,1,1,1,2
inference_data/milk10k/MILK10k_Training_Input/IL_0306057/ISIC_5721106.jpg,4,3,4,4,3
inference_data/milk10k/MILK10k_Training_Input/IL_0306057/ISIC_9340414.jpg,2,2,3,3,2
inference_data/milk10k/MILK10k_Training_Input/IL_0306410/ISIC_8373898.jpg,2,2,2,3,2
inference_data/milk10k/MILK10k_Training_Input/IL_0306410/ISIC_8668865.jpg,2,2,2,2,2
inference_data/milk10k/MILK10k_Training_Input/IL_0306770/ISIC_7748940.jpg,2,2,2,3,2
inference_data/milk10k/MILK10k_Training_Input/IL_0306770/ISIC_6704813.jpg,1,1,1,1,1
inference_data/milk10k/MILK10k_Training_Input/IL_0307289/ISIC_0713331.jpg,2,2,2,3,2
inference_data/milk10k/MILK10k_Training_Input/IL_0307289/ISIC_7119882.jpg,2,2,2,2,2
inference_data/milk10k/MILK10k_Training_Input/IL_0308354/ISIC_3331939.jpg,2,2,2,3,2
inference_data/milk10k/MILK10k_Training_Input/IL_0308354/ISIC_8191013.jpg,1,1,0,1,1
inference_data/milk10k/MILK10k_Training_Input/IL_0310988/ISIC_5319529.jpg,3,2,3,3,3
inference_data/milk10k/MILK10k_Training_Input/IL_0310988/ISIC_0898369.jpg,2,2,1,2,2
inference_data/milk10k/MILK10k_Training_Input/IL_0311447/ISIC_0127217.jpg,2,2,2,3,2
inference_data/milk10k/MILK10k_Training_Input/IL_0311447/ISIC_9916112.jpg,2,2,3,2,2
inference_data/milk10k/MILK10k_Training_Input/IL_0313389/ISIC_3237026.jpg,3,3,3,3,3
inference_data/milk10k/MILK10k_Training_Input/IL_0313389/ISIC_1405571.jpg,2,2,2,2,2
inference_data/milk10k/MILK10k_Training_Input/IL_0313731/ISIC_4468146.jpg,4,3,3,4,3
inference_data/milk10k/MILK10k_Training_Input/IL_0313731/ISIC_4966803.jpg,1,1,1,1,1
inference_data/milk10k/MILK10k_Training_Input/IL_0314873/ISIC_4885518.jpg,2,2,2,2,2
inference_data/milk10k/MILK10k_Training_Input/IL_0314873/ISIC_3451684.jpg,2,2,2,2,2
inference_data/milk10k/MILK10k_Training_Input/IL_0317976/ISIC_3061267.jpg,1,1,1,1,1
inference_data/milk10k/MILK10k_Training_Input/IL_0317976/ISIC_1064441.jpg,1,1,1,1,1
inference_data/milk10k/MILK10k_Training_Input/IL_0317980/ISIC_3337707.jpg,2,2,2,2,2
inference_data/milk10k/MILK10k_Training_Input/IL_0317980/ISIC_4465960.jpg,2,1,1,1,2
inference_data/milk10k/MILK10k_Training_Input/IL_0318296/ISIC_8473068.jpg,2,2,2,3,2
inference_data/milk10k/MILK10k_Training_Input/IL_0318296/ISIC_9338482.jpg,2,2,2,2,2
inference_data/milk10k/MILK10k_Training_Input/IL_0320467/ISIC_0233929.jpg,3,2,3,3,2
inference_data/milk10k/MILK10k_Training_Input/IL_0320467/ISIC_1149850.jpg,2,2,3,2,2
inference_data/milk10k/MILK10k_Training_Input/IL_0321321/ISIC_7485318.jpg,3,3,3,3,3
inference_data/milk10k/MILK10k_Training_Input/IL_0321321/ISIC_9490906.jpg,2,1,1,2,2
inference_data/milk10k/MILK10k_Training_Input/IL_0321969/ISIC_9055453.jpg,4,3,4,4,3
inference_data/milk10k/MILK10k_Training_Input/IL_0321969/ISIC_9579888.jpg,1,2,1,1,2
inference_data/milk10k/MILK10k_Training_Input/IL_0322820/ISIC_5210175.jpg,2,2,2,2,2
inference_data/milk10k/MILK10k_Training_Input/IL_0322820/ISIC_7828331.jpg,2,1,1,1,1
inference_data/milk10k/MILK10k_Training_Input/IL_0322831/ISIC_1843036.jpg,2,2,2,2,2
inference_data/milk10k/MILK10k_Training_Input/IL_0322831/ISIC_5880013.jpg,1,2,1,1,2
inference_data/milk10k/MILK10k_Training_Input/IL_0327292/ISIC_9860654.jpg,1,1,1,1,1
inference_data/milk10k/MILK10k_Training_Input/IL_0327292/ISIC_3259414.jpg,2,1,2,2,2
inference_data/milk10k/MILK10k_Training_Input/IL_0328020/ISIC_0473678.jpg,3,2,3,3,3
inference_data/milk10k/MILK10k_Training_Input/IL_0328020/ISIC_3636953.jpg,1,1,1,1,1
inference_data/milk10k/MILK10k_Training_Input/IL_0328112/ISIC_5653892.jpg,2,2,2,2,2
inference_data/milk10k/MILK10k_Training_Input/IL_0328112/ISIC_2977980.jpg,1,1,1,2,2
inference_data/milk10k/MILK10k_Training_Input/IL_0330449/ISIC_4122655.jpg,2,2,2,2,2
inference_data/milk10k/MILK10k_Training_Input/IL_0330449/ISIC_7931618.jpg,1,1,1,1,1
inference_data/milk10k/MILK10k_Training_Input/IL_0330771/ISIC_8842467.jpg,2,2,2,2,2
inference_data/milk10k/MILK10k_Training_Input/IL_0330771/ISIC_5920610.jpg,1,1,1,1,2
inference_data/milk10k/MILK10k_Training_Input/IL_0331680/ISIC_1850255.jpg,4,4,4,4,4
inference_data/milk10k/MILK10k_Training_Input/IL_0331680/ISIC_2604430.jpg,1,1,1,1,1
inference_data/milk10k/MILK10k_Training_Input/IL_0332363/ISIC_4737794.jpg,3,3,3,3,3
inference_data/milk10k/MILK10k_Training_Input/IL_0332363/ISIC_5273681.jpg,1,1,1,1,1
inference_data/milk10k/MILK10k_Training_Input/IL_0333209/ISIC_1607939.jpg,3,3,3,4,3
inference_data/milk10k/MILK10k_Training_Input/IL_0333209/ISIC_1403739.jpg,2,2,2,2,2
inference_data/milk10k/MILK10k_Training_Input/IL_0335647/ISIC_1058937.jpg,2,2,2,2,2
inference_data/milk10k/MILK10k_Training_Input/IL_0335647/ISIC_0642767.jpg,2,1,1,2,2
inference_data/milk10k/MILK10k_Training_Input/IL_0335720/ISIC_4523213.jpg,3,3,3,3,3
inference_data/milk10k/MILK10k_Training_Input/IL_0335720/ISIC_4324758.jpg,1,1,1,1,2
inference_data/milk10k/MILK10k_Training_Input/IL_0336381/ISIC_2105399.jpg,1,1,1,1,1
inference_data/milk10k/MILK10k_Training_Input/IL_0336381/ISIC_1472958.jpg,1,2,1,1,2
inference_data/milk10k/MILK10k_Training_Input/IL_0340330/ISIC_5392764.jpg,2,2,2,2,2
inference_data/milk10k/MILK10k_Training_Input/IL_0340330/ISIC_8462138.jpg,1,1,1,1,2
inference_data/milk10k/MILK10k_Training_Input/IL_0343240/ISIC_4738084.jpg,3,3,3,3,3
inference_data/milk10k/MILK10k_Training_Input/IL_0343240/ISIC_5728294.jpg,2,2,2,2,2
inference_data/milk10k/MILK10k_Training_Input/IL_0345043/ISIC_0460690.jpg,3,2,3,3,3
inference_data/milk10k/MILK10k_Training_Input/IL_0345043/ISIC_3088358.jpg,2,1,1,2,2
inference_data/milk10k/MILK10k_Training_Input/IL_0345607/ISIC_4558719.jpg,2,2,2,3,2
inference_data/milk10k/MILK10k_Training_Input/IL_0345607/ISIC_5979125.jpg,2,2,1,1,2
inference_data/milk10k/MILK10k_Training_Input/IL_0347019/ISIC_4469500.jpg,2,2,3,2,2
inference_data/milk10k/MILK10k_Training_Input/IL_0347019/ISIC_4218589.jpg,1,1,1,1,1
inference_data/milk10k/MILK10k_Training_Input/IL_0347219/ISIC_4071486.jpg,3,3,3,3,3
inference_data/milk10k/MILK10k_Training_Input/IL_0347219/ISIC_1942928.jpg,1,2,1,2,2
inference_data/milk10k/MILK10k_Training_Input/IL_0349058/ISIC_0608960.jpg,2,2,3,3,2
inference_data/milk10k/MILK10k_Training_Input/IL_0349058/ISIC_6339347.jpg,1,2,1,1,1
inference_data/milk10k/MILK10k_Training_Input/IL_0350485/ISIC_8785987.jpg,1,1,1,1,1
inference_data/milk10k/MILK10k_Training_Input/IL_0350485/ISIC_5218005.jpg,1,1,0,1,1
inference_data/milk10k/MILK10k_Training_Input/IL_0353074/ISIC_4784047.jpg,2,1,2,2,2
inference_data/milk10k/MILK10k_Training_Input/IL_0353074/ISIC_2228341.jpg,1,1,1,1,1
inference_data/milk10k/MILK10k_Training_Input/IL_0355319/ISIC_7665860.jpg,2,2,1,2,2
inference_data/milk10k/MILK10k_Training_Input/IL_0355319/ISIC_5378716.jpg,2,1,1,2,2
inference_data/milk10k/MILK10k_Training_Input/IL_0363698/ISIC_5933605.jpg,4,4,4,4,4
inference_data/milk10k/MILK10k_Training_Input/IL_0363698/ISIC_7282695.jpg,1,1,1,1,1
inference_data/milk10k/MILK10k_Training_Input/IL_0364539/ISIC_4655906.jpg,3,3,3,3,3
inference_data/milk10k/MILK10k_Training_Input/IL_0364539/ISIC_3782771.jpg,1,1,1,1,1
inference_data/milk10k/MILK10k_Training_Input/IL_0367894/ISIC_7393664.jpg,2,2,2,3,2
inference_data/milk10k/MILK10k_Training_Input/IL_0367894/ISIC_3160675.jpg,1,1,1,1,1
inference_data/milk10k/MILK10k_Training_Input/IL_0368835/ISIC_1747657.jpg,2,1,1,2,2
inference_data/milk10k/MILK10k_Training_Input/IL_0368835/ISIC_3284879.jpg,1,1,1,1,1
inference_data/milk10k/MILK10k_Training_Input/IL_0371298/ISIC_3092576.jpg,2,2,2,2,2
inference_data/milk10k/MILK10k_Training_Input/IL_0371298/ISIC_8195612.jpg,2,2,2,2,2
inference_data/milk10k/MILK10k_Training_Input/IL_0375356/ISIC_0490117.jpg,3,3,3,3,3
inference_data/milk10k/MILK10k_Training_Input/IL_0375356/ISIC_4117748.jpg,1,1,1,1,1
inference_data/milk10k/MILK10k_Training_Input/IL_0382638/ISIC_6467926.jpg,3,3,3,3,3
inference_data/milk10k/MILK10k_Training_Input/IL_0382638/ISIC_3204703.jpg,2,2,2,2,2
inference_data/milk10k/MILK10k_Training_Input/IL_0386446/ISIC_9401613.jpg,2,2,2,2,2
inference_data/milk10k/MILK10k_Training_Input/IL_0386446/ISIC_4020367.jpg,1,1,1,1,1
inference_data/milk10k/MILK10k_Training_Input/IL_0387029/ISIC_3966507.jpg,1,1,1,1,1
inference_data/milk10k/MILK10k_Training_Input/IL_0387029/ISIC_5850719.jpg,1,1,1,1,1
inference_data/milk10k/MILK10k_Training_Input/IL_0387507/ISIC_8367579.jpg,2,2,2,2,2
inference_data/milk10k/MILK10k_Training_Input/IL_0387507/ISIC_7271787.jpg,2,2,2,2,2
inference_data/milk10k/MILK10k_Training_Input/IL_0387576/ISIC_7758887.jpg,2,2,2,2,2
inference_data/milk10k/MILK10k_Training_Input/IL_0387576/ISIC_7311876.jpg,1,1,1,1,1
inference_data/milk10k/MILK10k_Training_Input/IL_0391966/ISIC_8358187.jpg,2,2,2,2,2
inference_data/milk10k/MILK10k_Training_Input/IL_0391966/ISIC_6278944.jpg,2,2,1,1,1
inference_data/milk10k/MILK10k_Training_Input/IL_0393808/ISIC_5760018.jpg,1,1,1,1,2
inference_data/milk10k/MILK10k_Training_Input/IL_0393808/ISIC_9627594.jpg,2,1,2,2,2
inference_data/milk10k/MILK10k_Training_Input/IL_0395409/ISIC_8198645.jpg,1,1,1,1,1
inference_data/milk10k/MILK10k_Training_Input/IL_0395409/ISIC_2779297.jpg,1,1,0,1,1
inference_data/milk10k/MILK10k_Training_Input/IL_0395791/ISIC_9382791.jpg,2,2,2,2,2
inference_data/milk10k/MILK10k_Training_Input/IL_0395791/ISIC_7343168.jpg,2,2,2,2,2
inference_data/milk10k/MILK10k_Training_Input/IL_0399009/ISIC_3774739.jpg,2,2,3,3,2
inference_data/milk10k/MILK10k_Training_Input/IL_0399009/ISIC_4588701.jpg,1,1,1,1,1
inference_data/milk10k/MILK10k_Training_Input/IL_0401155/ISIC_7960741.jpg,2,2,2,2,2
inference_data/milk10k/MILK10k_Training_Input/IL_0401155/ISIC_7941055.jpg,1,1,1,1,1
inference_data/milk10k/MILK10k_Training_Input/IL_0402026/ISIC_7343249.jpg,3,3,3,3,3
inference_data/milk10k/MILK10k_Training_Input/IL_0402026/ISIC_8243525.jpg,2,2,2,3,2
inference_data/milk10k/MILK10k_Training_Input/IL_0402480/ISIC_3184644.jpg,1,2,1,1,2
inference_data/milk10k/MILK10k_Training_Input/IL_0402480/ISIC_3952412.jpg,1,1,1,1,1
inference_data/milk10k/MILK10k_Training_Input/IL_0404248/ISIC_9879446.jpg,2,2,2,2,2
inference_data/milk10k/MILK10k_Training_Input/IL_0404248/ISIC_2695360.jpg,1,1,1,1,1
inference_data/milk10k/MILK10k_Training_Input/IL_0404523/ISIC_7757000.jpg,3,2,3,3,3
inference_data/milk10k/MILK10k_Training_Input/IL_0404523/ISIC_4968641.jpg,1,1,1,1,1
inference_data/milk10k/MILK10k_Training_Input/IL_0405680/ISIC_9850628.jpg,2,2,2,2,2
inference_data/milk10k/MILK10k_Training_Input/IL_0405680/ISIC_8197317.jpg,1,1,1,1,1
inference_data/milk10k/MILK10k_Training_Input/IL_0406808/ISIC_1154207.jpg,4,3,4,4,3
inference_data/milk10k/MILK10k_Training_Input/IL_0406808/ISIC_1201025.jpg,2,2,2,2,2
inference_data/milk10k/MILK10k_Training_Input/IL_0409175/ISIC_5657135.jpg,3,3,3,3,3
inference_data/milk10k/MILK10k_Training_Input/IL_0409175/ISIC_3589220.jpg,1,2,1,1,1
inference_data/milk10k/MILK10k_Training_Input/IL_0410887/ISIC_7697023.jpg,3,3,3,3,3
inference_data/milk10k/MILK10k_Training_Input/IL_0410887/ISIC_0197900.jpg,2,2,2,2,2
inference_data/milk10k/MILK10k_Training_Input/IL_0416544/ISIC_4265404.jpg,2,2,2,2,2
inference_data/milk10k/MILK10k_Training_Input/IL_0416544/ISIC_1895471.jpg,1,1,1,1,1
inference_data/milk10k/MILK10k_Training_Input/IL_0419273/ISIC_5612751.jpg,2,2,2,2,2
inference_data/milk10k/MILK10k_Training_Input/IL_0419273/ISIC_6144096.jpg,2,2,1,2,2
inference_data/milk10k/MILK10k_Training_Input/IL_0419410/ISIC_0538851.jpg,2,2,2,2,2
inference_data/milk10k/MILK10k_Training_Input/IL_0419410/ISIC_9126529.jpg,1,1,1,2,2
inference_data/milk10k/MILK10k_Training_Input/IL_0419934/ISIC_4331231.jpg,2,1,1,2,1
inference_data/milk10k/MILK10k_Training_Input/IL_0419934/ISIC_1069165.jpg,2,2,1,2,2
inference_data/milk10k/MILK10k_Training_Input/IL_0424747/ISIC_5318502.jpg,3,2,3,3,3
inference_data/milk10k/MILK10k_Training_Input/IL_0424747/ISIC_3642704.jpg,2,2,2,2,2
inference_data/milk10k/MILK10k_Training_Input/IL_0427467/ISIC_2475585.jpg,2,2,2,3,2
inference_data/milk10k/MILK10k_Training_Input/IL_0427467/ISIC_2393561.jpg,1,1,1,1,1
inference_data/milk10k/MILK10k_Training_Input/IL_0428010/ISIC_2340822.jpg,3,2,3,3,2
inference_data/milk10k/MILK10k_Training_Input/IL_0428010/ISIC_5216960.jpg,2,2,2,2,2
inference_data/milk10k/MILK10k_Training_Input/IL_0428893/ISIC_6076241.jpg,3,2,3,3,2
inference_data/milk10k/MILK10k_Training_Input/IL_0428893/ISIC_3562485.jpg,2,2,2,2,2
inference_data/milk10k/MILK10k_Training_Input/IL_0432288/ISIC_9940509.jpg,3,2,2,3,2
inference_data/milk10k/MILK10k_Training_Input/IL_0432288/ISIC_9757709.jpg,1,1,1,1,1
inference_data/milk10k/MILK10k_Training_Input/IL_0432586/ISIC_8828944.jpg,3,3,3,4,3
inference_data/milk10k/MILK10k_Training_Input/IL_0432586/ISIC_4442378.jpg,2,2,2,2,2
inference_data/milk10k/MILK10k_Training_Input/IL_0432633/ISIC_4208233.jpg,2,2,2,2,2
inference_data/milk10k/MILK10k_Training_Input/IL_0432633/ISIC_3861977.jpg,1,1,1,1,1
inference_data/milk10k/MILK10k_Training_Input/IL_0433737/ISIC_0873387.jpg,2,2,2,2,2
inference_data/milk10k/MILK10k_Training_Input/IL_0433737/ISIC_2432981.jpg,1,1,1,1,1
inference_data/milk10k/MILK10k_Training_Input/IL_0433789/ISIC_6343807.jpg,2,2,2,3,2
inference_data/milk10k/MILK10k_Training_Input/IL_0433789/ISIC_3642584.jpg,1,2,1,2,2
inference_data/milk10k/MILK10k_Training_Input/IL_0434993/ISIC_6699904.jpg,2,2,2,2,2
inference_data/milk10k/MILK10k_Training_Input/IL_0434993/ISIC_9207099.jpg,1,1,1,1,1
inference_data/milk10k/MILK10k_Training_Input/IL_0436411/ISIC_8463692.jpg,2,2,2,2,2
inference_data/milk10k/MILK10k_Training_Input/IL_0436411/ISIC_4981008.jpg,1,1,1,1,1
inference_data/milk10k/MILK10k_Training_Input/IL_0436732/ISIC_0402070.jpg,2,2,2,2,2
inference_data/milk10k/MILK10k_Training_Input/IL_0436732/ISIC_3620839.jpg,1,1,1,1,1
inference_data/milk10k/MILK10k_Training_Input/IL_0441589/ISIC_0478016.jpg,3,2,2,3,2
inference_data/milk10k/MILK10k_Training_Input/IL_0441589/ISIC_1281398.jpg,2,2,1,2,2
inference_data/milk10k/MILK10k_Training_Input/IL_0443396/ISIC_6063928.jpg,3,2,3,3,3
inference_data/milk10k/MILK10k_Training_Input/IL_0443396/ISIC_1963610.jpg,1,1,1,1,1
inference_data/milk10k/MILK10k_Training_Input/IL_0443862/ISIC_4868603.jpg,3,3,3,3,3
inference_data/milk10k/MILK10k_Training_Input/IL_0443862/ISIC_8872336.jpg,2,1,1,2,2
inference_data/milk10k/MILK10k_Training_Input/IL_0444889/ISIC_3885798.jpg,2,2,2,2,2
inference_data/milk10k/MILK10k_Training_Input/IL_0444889/ISIC_3157648.jpg,1,1,1,1,1
inference_data/milk10k/MILK10k_Training_Input/IL_0446787/ISIC_3034620.jpg,4,3,4,4,4
inference_data/milk10k/MILK10k_Training_Input/IL_0446787/ISIC_1121888.jpg,1,1,1,1,1
inference_data/milk10k/MILK10k_Training_Input/IL_0449677/ISIC_8000351.jpg,2,2,2,2,2
inference_data/milk10k/MILK10k_Training_Input/IL_0449677/ISIC_6394582.jpg,1,1,0,1,1
inference_data/milk10k/MILK10k_Training_Input/IL_0451875/ISIC_1571056.jpg,2,2,2,2,2
inference_data/milk10k/MILK10k_Training_Input/IL_0451875/ISIC_3480499.jpg,1,2,1,1,2
inference_data/milk10k/MILK10k_Training_Input/IL_0455273/ISIC_7557765.jpg,4,3,4,4,3
inference_data/milk10k/MILK10k_Training_Input/IL_0455273/ISIC_4872496.jpg,1,1,1,1,1
inference_data/milk10k/MILK10k_Training_Input/IL_0461573/ISIC_4540189.jpg,1,1,1,2,1
inference_data/milk10k/MILK10k_Training_Input/IL_0461573/ISIC_8953643.jpg,1,1,1,1,1
inference_data/milk10k/MILK10k_Training_Input/IL_0462841/ISIC_1390589.jpg,2,2,1,2,2
inference_data/milk10k/MILK10k_Training_Input/IL_0462841/ISIC_7030953.jpg,2,2,1,2,2
inference_data/milk10k/MILK10k_Training_Input/IL_0465605/ISIC_1362488.jpg,2,1,2,2,2
inference_data/milk10k/MILK10k_Training_Input/IL_0465605/ISIC_3045480.jpg,1,1,1,1,1
inference_data/milk10k/MILK10k_Training_Input/IL_0466383/ISIC_4970657.jpg,3,3,3,3,3
inference_data/milk10k/MILK10k_Training_Input/IL_0466383/ISIC_9410235.jpg,1,2,1,1,1
inference_data/milk10k/MILK10k_Training_Input/IL_0466626/ISIC_9203716.jpg,2,1,2,2,2
inference_data/milk10k/MILK10k_Training_Input/IL_0466626/ISIC_1699010.jpg,1,1,1,1,1
inference_data/milk10k/MILK10k_Training_Input/IL_0468810/ISIC_1537920.jpg,2,2,2,2,2
inference_data/milk10k/MILK10k_Training_Input/IL_0468810/ISIC_0863389.jpg,2,2,1,2,2
inference_data/milk10k/MILK10k_Training_Input/IL_0469044/ISIC_5605406.jpg,2,2,2,2,2
inference_data/milk10k/MILK10k_Training_Input/IL_0469044/ISIC_6416950.jpg,1,1,1,2,2
inference_data/milk10k/MILK10k_Training_Input/IL_0469511/ISIC_2756327.jpg,3,2,3,3,3
inference_data/milk10k/MILK10k_Training_Input/IL_0469511/ISIC_5475721.jpg,2,2,2,2,2
inference_data/milk10k/MILK10k_Training_Input/IL_0469581/ISIC_6274759.jpg,3,2,2,3,2
inference_data/milk10k/MILK10k_Training_Input/IL_0469581/ISIC_7876083.jpg,1,1,1,1,1
inference_data/milk10k/MILK10k_Training_Input/IL_0469589/ISIC_0517354.jpg,3,2,2,3,2
inference_data/milk10k/MILK10k_Training_Input/IL_0469589/ISIC_4602130.jpg,3,3,3,3,3
inference_data/milk10k/MILK10k_Training_Input/IL_0474347/ISIC_7197327.jpg,1,1,1,1,1
inference_data/milk10k/MILK10k_Training_Input/IL_0474347/ISIC_4933905.jpg,1,1,1,1,1
inference_data/milk10k/MILK10k_Training_Input/IL_0477847/ISIC_6393409.jpg,3,3,3,3,3
inference_data/milk10k/MILK10k_Training_Input/IL_0477847/ISIC_6115342.jpg,0,1,0,1,1
inference_data/milk10k/MILK10k_Training_Input/IL_0478120/ISIC_2075270.jpg,2,2,2,2,2
inference_data/milk10k/MILK10k_Training_Input/IL_0478120/ISIC_7415373.jpg,1,1,1,1,1
inference_data/milk10k/MILK10k_Training_Input/IL_0478451/ISIC_8376145.jpg,3,2,3,3,2
inference_data/milk10k/MILK10k_Training_Input/IL_0478451/ISIC_1569850.jpg,2,2,2,2,2
inference_data/milk10k/MILK10k_Training_Input/IL_0479430/ISIC_1105520.jpg,1,2,1,2,1
inference_data/milk10k/MILK10k_Training_Input/IL_0479430/ISIC_5938313.jpg,2,2,2,2,2
inference_data/milk10k/MILK10k_Training_Input/IL_0480697/ISIC_2809795.jpg,1,1,1,1,1
inference_data/milk10k/MILK10k_Training_Input/IL_0480697/ISIC_6305309.jpg,1,1,1,1,1
inference_data/milk10k/MILK10k_Training_Input/IL_0482521/ISIC_0408941.jpg,2,2,2,2,2
inference_data/milk10k/MILK10k_Training_Input/IL_0482521/ISIC_2526104.jpg,2,2,2,2,2
inference_data/milk10k/MILK10k_Training_Input/IL_0484240/ISIC_8811262.jpg,2,2,2,2,2
inference_data/milk10k/MILK10k_Training_Input/IL_0484240/ISIC_8609184.jpg,2,2,1,1,2
inference_data/milk10k/MILK10k_Training_Input/IL_0485034/ISIC_1831940.jpg,2,2,2,2,2
inference_data/milk10k/MILK10k_Training_Input/IL_0485034/ISIC_1673396.jpg,1,1,1,1,1
inference_data/milk10k/MILK10k_Training_Input/IL_0486701/ISIC_6725643.jpg,4,3,4,4,3
inference_data/milk10k/MILK10k_Training_Input/IL_0486701/ISIC_2765997.jpg,2,1,1,2,2
inference_data/milk10k/MILK10k_Training_Input/IL_0486973/ISIC_5656373.jpg,2,2,2,2,2
inference_data/milk10k/MILK10k_Training_Input/IL_0486973/ISIC_3027737.jpg,2,2,2,2,2
inference_data/milk10k/MILK10k_Training_Input/IL_0487689/ISIC_5456124.jpg,1,1,1,2,1
inference_data/milk10k/MILK10k_Training_Input/IL_0487689/ISIC_4640009.jpg,1,1,1,1,1
inference_data/milk10k/MILK10k_Training_Input/IL_0489772/ISIC_9178156.jpg,2,2,2,2,2
inference_data/milk10k/MILK10k_Training_Input/IL_0489772/ISIC_9471648.jpg,1,1,1,1,1
inference_data/milk10k/MILK10k_Training_Input/IL_0490724/ISIC_8793818.jpg,2,2,2,2,2
inference_data/milk10k/MILK10k_Training_Input/IL_0490724/ISIC_5030934.jpg,2,2,2,2,2
inference_data/milk10k/MILK10k_Training_Input/IL_0491604/ISIC_0581803.jpg,2,2,2,2,2
inference_data/milk10k/MILK10k_Training_Input/IL_0491604/ISIC_1512530.jpg,1,1,1,1,1
inference_data/milk10k/MILK10k_Training_Input/IL_0496664/ISIC_2543052.jpg,3,3,3,3,3
inference_data/milk10k/MILK10k_Training_Input/IL_0496664/ISIC_0780544.jpg,1,1,1,1,1
inference_data/milk10k/MILK10k_Training_Input/IL_0499462/ISIC_8273914.jpg,3,3,3,3,3
inference_data/milk10k/MILK10k_Training_Input/IL_0499462/ISIC_6780849.jpg,1,1,1,1,1
inference_data/milk10k/MILK10k_Training_Input/IL_0500533/ISIC_5614863.jpg,2,2,2,2,2
inference_data/milk10k/MILK10k_Training_Input/IL_0500533/ISIC_5372884.jpg,2,2,2,2,2
inference_data/milk10k/MILK10k_Training_Input/IL_0503827/ISIC_4268989.jpg,2,2,2,2,2
inference_data/milk10k/MILK10k_Training_Input/IL_0503827/ISIC_9502415.jpg,1,1,1,1,1
inference_data/milk10k/MILK10k_Training_Input/IL_0507774/ISIC_5313507.jpg,1,1,1,1,1
inference_data/milk10k/MILK10k_Training_Input/IL_0507774/ISIC_2601363.jpg,2,2,2,2,2
inference_data/milk10k/MILK10k_Training_Input/IL_0508901/ISIC_1684388.jpg,2,2,2,2,2
inference_data/milk10k/MILK10k_Training_Input/IL_0508901/ISIC_8558850.jpg,2,2,2,2,2
inference_data/milk10k/MILK10k_Training_Input/IL_0513622/ISIC_9039481.jpg,2,2,2,2,2
inference_data/milk10k/MILK10k_Training_Input/IL_0513622/ISIC_0979678.jpg,3,2,3,3,3
inference_data/milk10k/MILK10k_Training_Input/IL_0514561/ISIC_4901003.jpg,3,2,3,3,3
inference_data/milk10k/MILK10k_Training_Input/IL_0514561/ISIC_5481679.jpg,2,2,2,2,2
inference_data/milk10k/MILK10k_Training_Input/IL_0515398/ISIC_7207962.jpg,3,3,3,3,3
inference_data/milk10k/MILK10k_Training_Input/IL_0515398/ISIC_8509874.jpg,1,1,0,1,1
inference_data/milk10k/MILK10k_Training_Input/IL_0515477/ISIC_8492315.jpg,2,2,2,2,2
inference_data/milk10k/MILK10k_Training_Input/IL_0515477/ISIC_4216162.jpg,1,1,1,1,1
inference_data/milk10k/MILK10k_Training_Input/IL_0519349/ISIC_6566236.jpg,2,2,3,3,2
inference_data/milk10k/MILK10k_Training_Input/IL_0519349/ISIC_8994952.jpg,1,1,1,1,1
inference_data/milk10k/MILK10k_Training_Input/IL_0519375/ISIC_7450315.jpg,2,2,2,2,2
inference_data/milk10k/MILK10k_Training_Input/IL_0519375/ISIC_2577644.jpg,1,1,1,1,1
inference_data/milk10k/MILK10k_Training_Input/IL_0520171/ISIC_0949430.jpg,2,2,2,2,2
inference_data/milk10k/MILK10k_Training_Input/IL_0520171/ISIC_7469563.jpg,1,1,1,1,1
inference_data/milk10k/MILK10k_Training_Input/IL_0521402/ISIC_0872284.jpg,3,3,3,3,2
inference_data/milk10k/MILK10k_Training_Input/IL_0521402/ISIC_8979849.jpg,2,2,2,2,2
inference_data/milk10k/MILK10k_Training_Input/IL_0521541/ISIC_3491804.jpg,1,2,1,1,1
inference_data/milk10k/MILK10k_Training_Input/IL_0521541/ISIC_0926891.jpg,1,1,1,1,1
inference_data/milk10k/MILK10k_Training_Input/IL_0521926/ISIC_6777374.jpg,3,3,3,4,3
inference_data/milk10k/MILK10k_Training_Input/IL_0521926/ISIC_1319737.jpg,2,2,2,2,2
inference_data/milk10k/MILK10k_Training_Input/IL_0525024/ISIC_8832798.jpg,3,3,3,3,3
inference_data/milk10k/MILK10k_Training_Input/IL_0525024/ISIC_1591432.jpg,2,2,2,2,2
inference_data/milk10k/MILK10k_Training_Input/IL_0528768/ISIC_4620865.jpg,2,2,2,2,2
inference_data/milk10k/MILK10k_Training_Input/IL_0528768/ISIC_0507021.jpg,1,1,1,1,1
inference_data/milk10k/MILK10k_Training_Input/IL_0532409/ISIC_3841279.jpg,3,2,3,3,2
inference_data/milk10k/MILK10k_Training_Input/IL_0532409/ISIC_5893482.jpg,1,1,1,1,1
inference_data/milk10k/MILK10k_Training_Input/IL_0533923/ISIC_0195347.jpg,2,2,2,3,2
inference_data/milk10k/MILK10k_Training_Input/IL_0533923/ISIC_1761597.jpg,1,1,1,1,2
inference_data/milk10k/MILK10k_Training_Input/IL_0534902/ISIC_1272082.jpg,3,2,3,3,3
inference_data/milk10k/MILK10k_Training_Input/IL_0534902/ISIC_6177577.jpg,1,1,0,1,1
inference_data/milk10k/MILK10k_Training_Input/IL_0538845/ISIC_3739337.jpg,3,3,3,3,3
inference_data/milk10k/MILK10k_Training_Input/IL_0538845/ISIC_0195795.jpg,1,1,0,1,1
inference_data/milk10k/MILK10k_Training_Input/IL_0540027/ISIC_7905907.jpg,2,2,2,2,2
inference_data/milk10k/MILK10k_Training_Input/IL_0540027/ISIC_5032675.jpg,1,1,0,1,1
inference_data/milk10k/MILK10k_Training_Input/IL_0541036/ISIC_2384908.jpg,2,2,3,3,2
inference_data/milk10k/MILK10k_Training_Input/IL_0541036/ISIC_8274863.jpg,2,2,2,2,2
inference_data/milk10k/MILK10k_Training_Input/IL_0541600/ISIC_9785301.jpg,3,3,3,3,3
inference_data/milk10k/MILK10k_Training_Input/IL_0541600/ISIC_1749481.jpg,1,1,1,1,1
inference_data/milk10k/MILK10k_Training_Input/IL_0541987/ISIC_1301371.jpg,2,2,2,2,2
inference_data/milk10k/MILK10k_Training_Input/IL_0541987/ISIC_4169509.jpg,2,2,1,2,2
inference_data/milk10k/MILK10k_Training_Input/IL_0542551/ISIC_2271068.jpg,3,2,3,3,3
inference_data/milk10k/MILK10k_Training_Input/IL_0542551/ISIC_5933489.jpg,3,4,3,3,4
inference_data/milk10k/MILK10k_Training_Input/IL_0548137/ISIC_6239096.jpg,3,2,3,3,2
inference_data/milk10k/MILK10k_Training_Input/IL_0548137/ISIC_2501939.jpg,1,1,1,1,1
inference_data/milk10k/MILK10k_Training_Input/IL_0549669/ISIC_5366005.jpg,2,2,2,2,2
inference_data/milk10k/MILK10k_Training_Input/IL_0549669/ISIC_0958977.jpg,2,2,2,2,2
inference_data/milk10k/MILK10k_Training_Input/IL_0549977/ISIC_7273851.jpg,5,4,5,5,4
inference_data/milk10k/MILK10k_Training_Input/IL_0549977/ISIC_4506914.jpg,1,2,1,1,1
inference_data/milk10k/MILK10k_Training_Input/IL_0550268/ISIC_8793103.jpg,3,2,3,3,3
inference_data/milk10k/MILK10k_Training_Input/IL_0550268/ISIC_8815245.jpg,1,1,0,1,1
inference_data/milk10k/MILK10k_Training_Input/IL_0550618/ISIC_9336915.jpg,3,2,3,3,3
inference_data/milk10k/MILK10k_Training_Input/IL_0550618/ISIC_2118620.jpg,2,2,1,2,2
inference_data/milk10k/MILK10k_Training_Input/IL_0552883/ISIC_5218432.jpg,2,1,2,2,2
inference_data/milk10k/MILK10k_Training_Input/IL_0552883/ISIC_1421371.jpg,1,1,1,1,2
inference_data/milk10k/MILK10k_Training_Input/IL_0559300/ISIC_9443349.jpg,3,3,3,4,3
inference_data/milk10k/MILK10k_Training_Input/IL_0559300/ISIC_5534471.jpg,3,3,3,4,3
inference_data/milk10k/MILK10k_Training_Input/IL_0564162/ISIC_4896772.jpg,2,2,2,2,2
inference_data/milk10k/MILK10k_Training_Input/IL_0564162/ISIC_5492973.jpg,1,1,1,1,2
inference_data/milk10k/MILK10k_Training_Input/IL_0572339/ISIC_4685270.jpg,3,2,3,3,3
inference_data/milk10k/MILK10k_Training_Input/IL_0572339/ISIC_8180766.jpg,1,1,1,1,1
inference_data/milk10k/MILK10k_Training_Input/IL_0576358/ISIC_5110123.jpg,2,3,2,3,2
inference_data/milk10k/MILK10k_Training_Input/IL_0576358/ISIC_4842466.jpg,2,2,2,2,2
inference_data/milk10k/MILK10k_Training_Input/IL_0583192/ISIC_0302768.jpg,2,2,2,2,2
inference_data/milk10k/MILK10k_Training_Input/IL_0583192/ISIC_1472142.jpg,2,1,1,2,2
inference_data/milk10k/MILK10k_Training_Input/IL_0583979/ISIC_1221863.jpg,3,2,3,3,3
inference_data/milk10k/MILK10k_Training_Input/IL_0583979/ISIC_6420151.jpg,1,1,1,1,1
inference_data/milk10k/MILK10k_Training_Input/IL_0584464/ISIC_9258794.jpg,2,2,1,2,2
inference_data/milk10k/MILK10k_Training_Input/IL_0584464/ISIC_4380028.jpg,1,1,1,1,2
inference_data/milk10k/MILK10k_Training_Input/IL_0586975/ISIC_4984580.jpg,2,2,2,2,2
inference_data/milk10k/MILK10k_Training_Input/IL_0586975/ISIC_3004699.jpg,1,1,1,1,1
inference_data/milk10k/MILK10k_Training_Input/IL_0588181/ISIC_2016658.jpg,3,2,2,3,2
inference_data/milk10k/MILK10k_Training_Input/IL_0588181/ISIC_0598387.jpg,2,2,2,2,2
inference_data/milk10k/MILK10k_Training_Input/IL_0588245/ISIC_5168853.jpg,2,2,2,2,2
inference_data/milk10k/MILK10k_Training_Input/IL_0588245/ISIC_2485182.jpg,1,1,1,2,2
inference_data/milk10k/MILK10k_Training_Input/IL_0588456/ISIC_7661066.jpg,3,3,3,3,3
inference_data/milk10k/MILK10k_Training_Input/IL_0588456/ISIC_3957660.jpg,2,2,2,2,2
inference_data/milk10k/MILK10k_Training_Input/IL_0588498/ISIC_4154321.jpg,3,2,3,3,3
inference_data/milk10k/MILK10k_Training_Input/IL_0588498/ISIC_5766997.jpg,1,1,1,1,1
inference_data/milk10k/MILK10k_Training_Input/IL_0592358/ISIC_0210906.jpg,4,3,3,4,3
inference_data/milk10k/MILK10k_Training_Input/IL_0592358/ISIC_5352383.jpg,2,2,1,2,2
inference_data/milk10k/MILK10k_Training_Input/IL_0592984/ISIC_0384010.jpg,3,2,3,3,2
inference_data/milk10k/MILK10k_Training_Input/IL_0592984/ISIC_5711226.jpg,1,1,1,1,1
inference_data/milk10k/MILK10k_Training_Input/IL_0596418/ISIC_0812659.jpg,3,3,3,3,3
inference_data/milk10k/MILK10k_Training_Input/IL_0596418/ISIC_9712861.jpg,1,1,1,1,1
inference_data/milk10k/MILK10k_Training_Input/IL_0596741/ISIC_8485230.jpg,2,2,3,3,2
inference_data/milk10k/MILK10k_Training_Input/IL_0596741/ISIC_2895427.jpg,2,2,2,2,2
inference_data/milk10k/MILK10k_Training_Input/IL_0604713/ISIC_2445691.jpg,2,2,2,2,2
inference_data/milk10k/MILK10k_Training_Input/IL_0604713/ISIC_0305865.jpg,1,1,1,1,1
inference_data/milk10k/MILK10k_Training_Input/IL_0605964/ISIC_9144551.jpg,3,2,3,3,2
inference_data/milk10k/MILK10k_Training_Input/IL_0605964/ISIC_8294897.jpg,2,1,1,2,2
inference_data/milk10k/MILK10k_Training_Input/IL_0607268/ISIC_8895973.jpg,3,3,3,3,3
inference_data/milk10k/MILK10k_Training_Input/IL_0607268/ISIC_1080345.jpg,2,1,1,2,2
inference_data/milk10k/MILK10k_Training_Input/IL_0607398/ISIC_7411878.jpg,2,2,2,2,2
inference_data/milk10k/MILK10k_Training_Input/IL_0607398/ISIC_8717771.jpg,3,3,3,3,3
inference_data/milk10k/MILK10k_Training_Input/IL_0607639/ISIC_8150619.jpg,2,2,2,3,2
inference_data/milk10k/MILK10k_Training_Input/IL_0607639/ISIC_5425962.jpg,2,2,1,1,1
inference_data/milk10k/MILK10k_Training_Input/IL_0609142/ISIC_6438673.jpg,2,2,2,2,2
inference_data/milk10k/MILK10k_Training_Input/IL_0609142/ISIC_9896977.jpg,2,2,2,2,2
inference_data/milk10k/MILK10k_Training_Input/IL_0610224/ISIC_4989932.jpg,2,2,2,2,2
inference_data/milk10k/MILK10k_Training_Input/IL_0610224/ISIC_2204119.jpg,1,1,1,1,1
inference_data/milk10k/MILK10k_Training_Input/IL_0610322/ISIC_5602590.jpg,1,1,0,1,1
inference_data/milk10k/MILK10k_Training_Input/IL_0610322/ISIC_7200132.jpg,2,2,1,2,2
inference_data/milk10k/MILK10k_Training_Input/IL_0610557/ISIC_6971136.jpg,2,2,2,2,2
inference_data/milk10k/MILK10k_Training_Input/IL_0610557/ISIC_9011764.jpg,1,1,1,1,1
inference_data/milk10k/MILK10k_Training_Input/IL_0614048/ISIC_6083072.jpg,3,2,3,3,3
inference_data/milk10k/MILK10k_Training_Input/IL_0614048/ISIC_4083158.jpg,2,2,2,2,2
inference_data/milk10k/MILK10k_Training_Input/IL_0617635/ISIC_9250445.jpg,2,2,2,2,2
inference_data/milk10k/MILK10k_Training_Input/IL_0617635/ISIC_2471655.jpg,2,1,1,2,2
inference_data/milk10k/MILK10k_Training_Input/IL_0618534/ISIC_2926621.jpg,3,2,3,3,2
inference_data/milk10k/MILK10k_Training_Input/IL_0618534/ISIC_5017355.jpg,1,2,1,1,1
inference_data/milk10k/MILK10k_Training_Input/IL_0620338/ISIC_1618649.jpg,3,2,3,3,2
inference_data/milk10k/MILK10k_Training_Input/IL_0620338/ISIC_4898917.jpg,2,2,2,2,2
inference_data/milk10k/MILK10k_Training_Input/IL_0621333/ISIC_0125513.jpg,1,1,1,1,1
inference_data/milk10k/MILK10k_Training_Input/IL_0621333/ISIC_3558339.jpg,3,3,2,2,2
inference_data/milk10k/MILK10k_Training_Input/IL_0624945/ISIC_4194491.jpg,2,2,2,2,2
inference_data/milk10k/MILK10k_Training_Input/IL_0624945/ISIC_5937588.jpg,2,2,2,2,2
inference_data/milk10k/MILK10k_Training_Input/IL_0625469/ISIC_7033406.jpg,2,1,1,2,2
inference_data/milk10k/MILK10k_Training_Input/IL_0625469/ISIC_1970988.jpg,1,2,1,1,1
inference_data/milk10k/MILK10k_Training_Input/IL_0627610/ISIC_8793131.jpg,3,3,3,3,3
inference_data/milk10k/MILK10k_Training_Input/IL_0627610/ISIC_2972596.jpg,2,2,1,1,2
inference_data/milk10k/MILK10k_Training_Input/IL_0628495/ISIC_2407507.jpg,2,2,2,2,2
inference_data/milk10k/MILK10k_Training_Input/IL_0628495/ISIC_3374597.jpg,1,1,1,1,2
inference_data/milk10k/MILK10k_Training_Input/IL_0630515/ISIC_7520189.jpg,2,1,1,1,2
inference_data/milk10k/MILK10k_Training_Input/IL_0630515/ISIC_6972742.jpg,2,2,1,1,2
inference_data/milk10k/MILK10k_Training_Input/IL_0630567/ISIC_0381085.jpg,2,3,2,3,2
inference_data/milk10k/MILK10k_Training_Input/IL_0630567/ISIC_2391545.jpg,2,2,2,3,3
inference_data/milk10k/MILK10k_Training_Input/IL_0632998/ISIC_8744831.jpg,2,1,2,2,2
inference_data/milk10k/MILK10k_Training_Input/IL_0632998/ISIC_0210672.jpg,1,1,1,1,1
inference_data/milk10k/MILK10k_Training_Input/IL_0633979/ISIC_1433868.jpg,3,3,2,3,2
inference_data/milk10k/MILK10k_Training_Input/IL_0633979/ISIC_6915298.jpg,1,1,1,1,1
inference_data/milk10k/MILK10k_Training_Input/IL_0636154/ISIC_3369700.jpg,2,2,2,2,2
inference_data/milk10k/MILK10k_Training_Input/IL_0636154/ISIC_7910863.jpg,1,1,1,2,2
inference_data/milk10k/MILK10k_Training_Input/IL_0636666/ISIC_6583732.jpg,3,3,4,4,3
inference_data/milk10k/MILK10k_Training_Input/IL_0636666/ISIC_8564627.jpg,1,2,1,2,2
inference_data/milk10k/MILK10k_Training_Input/IL_0640013/ISIC_2704661.jpg,2,2,2,2,2
inference_data/milk10k/MILK10k_Training_Input/IL_0640013/ISIC_2168892.jpg,2,2,2,2,2
inference_data/milk10k/MILK10k_Training_Input/IL_0643729/ISIC_5435068.jpg,4,3,4,4,3
inference_data/milk10k/MILK10k_Training_Input/IL_0643729/ISIC_3328177.jpg,2,2,1,2,2
inference_data/milk10k/MILK10k_Training_Input/IL_0651741/ISIC_2248270.jpg,2,2,2,2,2
inference_data/milk10k/MILK10k_Training_Input/IL_0651741/ISIC_3050487.jpg,2,2,2,2,2
inference_data/milk10k/MILK10k_Training_Input/IL_0653434/ISIC_3369429.jpg,4,4,4,4,4
inference_data/milk10k/MILK10k_Training_Input/IL_0653434/ISIC_3073821.jpg,2,3,2,3,3
inference_data/milk10k/MILK10k_Training_Input/IL_0662515/ISIC_8748477.jpg,2,2,3,3,3
inference_data/milk10k/MILK10k_Training_Input/IL_0662515/ISIC_7278376.jpg,2,2,2,2,2
inference_data/milk10k/MILK10k_Training_Input/IL_0663202/ISIC_0849646.jpg,2,2,2,2,2
inference_data/milk10k/MILK10k_Training_Input/IL_0663202/ISIC_9521441.jpg,1,1,1,1,1
inference_data/milk10k/MILK10k_Training_Input/IL_0664842/ISIC_5173419.jpg,3,3,3,3,3
inference_data/milk10k/MILK10k_Training_Input/IL_0664842/ISIC_8943527.jpg,2,2,2,2,2
inference_data/milk10k/MILK10k_Training_Input/IL_0665267/ISIC_6610991.jpg,3,3,3,3,3
inference_data/milk10k/MILK10k_Training_Input/IL_0665267/ISIC_5744902.jpg,2,2,2,2,2
inference_data/milk10k/MILK10k_Training_Input/IL_0668310/ISIC_7506601.jpg,2,2,1,2,2
inference_data/milk10k/MILK10k_Training_Input/IL_0668310/ISIC_8699233.jpg,2,2,1,2,2
inference_data/milk10k/MILK10k_Training_Input/IL_0679783/ISIC_8565468.jpg,3,2,3,3,3
inference_data/milk10k/MILK10k_Training_Input/IL_0679783/ISIC_9561756.jpg,2,2,1,2,2
inference_data/milk10k/MILK10k_Training_Input/IL_0681349/ISIC_3590185.jpg,3,3,3,3,3
inference_data/milk10k/MILK10k_Training_Input/IL_0681349/ISIC_7647712.jpg,4,4,4,4,4
inference_data/milk10k/MILK10k_Training_Input/IL_0682550/ISIC_7469260.jpg,2,2,2,2,2
inference_data/milk10k/MILK10k_Training_Input/IL_0682550/ISIC_1532506.jpg,2,2,2,1,2
inference_data/milk10k/MILK10k_Training_Input/IL_0683634/ISIC_9546201.jpg,2,2,2,2,2
inference_data/milk10k/MILK10k_Training_Input/IL_0683634/ISIC_8642522.jpg,1,1,0,1,1
inference_data/milk10k/MILK10k_Training_Input/IL_0684409/ISIC_8969336.jpg,1,1,1,2,1
inference_data/milk10k/MILK10k_Training_Input/IL_0684409/ISIC_8650326.jpg,2,2,2,2,2
inference_data/milk10k/MILK10k_Training_Input/IL_0685418/ISIC_8943266.jpg,3,3,3,3,3
inference_data/milk10k/MILK10k_Training_Input/IL_0685418/ISIC_6614498.jpg,2,1,2,2,2
inference_data/milk10k/MILK10k_Training_Input/IL_0686767/ISIC_0349437.jpg,2,2,3,2,2
inference_data/milk10k/MILK10k_Training_Input/IL_0686767/ISIC_6170751.jpg,2,2,2,2,2
inference_data/milk10k/MILK10k_Training_Input/IL_0688391/ISIC_6964854.jpg,2,2,2,2,2
inference_data/milk10k/MILK10k_Training_Input/IL_0688391/ISIC_1969306.jpg,1,1,0,1,1
inference_data/milk10k/MILK10k_Training_Input/IL_0691529/ISIC_5529151.jpg,2,2,2,2,2
inference_data/milk10k/MILK10k_Training_Input/IL_0691529/ISIC_4348115.jpg,2,1,1,2,2
inference_data/milk10k/MILK10k_Training_Input/IL_0692999/ISIC_7377969.jpg,1,1,1,1,1
inference_data/milk10k/MILK10k_Training_Input/IL_0692999/ISIC_7954970.jpg,2,1,1,2,2
inference_data/milk10k/MILK10k_Training_Input/IL_0693769/ISIC_6771167.jpg,3,3,3,3,3
inference_data/milk10k/MILK10k_Training_Input/IL_0693769/ISIC_0403826.jpg,2,1,1,2,2
inference_data/milk10k/MILK10k_Training_Input/IL_0694902/ISIC_2710214.jpg,3,2,3,3,3
inference_data/milk10k/MILK10k_Training_Input/IL_0694902/ISIC_8000982.jpg,2,2,2,2,2
inference_data/milk10k/MILK10k_Training_Input/IL_0697059/ISIC_0826708.jpg,2,2,2,2,2
inference_data/milk10k/MILK10k_Training_Input/IL_0697059/ISIC_0817051.jpg,1,1,1,1,1
inference_data/milk10k/MILK10k_Training_Input/IL_0697844/ISIC_0934261.jpg,2,2,2,2,2
inference_data/milk10k/MILK10k_Training_Input/IL_0697844/ISIC_1804844.jpg,2,2,1,2,2
inference_data/milk10k/MILK10k_Training_Input/IL_0699958/ISIC_3746960.jpg,2,1,1,2,2
inference_data/milk10k/MILK10k_Training_Input/IL_0699958/ISIC_0815023.jpg,1,2,1,2,2
inference_data/milk10k/MILK10k_Training_Input/IL_0700053/ISIC_9320577.jpg,2,2,2,2,2
inference_data/milk10k/MILK10k_Training_Input/IL_0700053/ISIC_2522593.jpg,2,2,2,2,2
inference_data/milk10k/MILK10k_Training_Input/IL_0700399/ISIC_4566511.jpg,3,3,3,4,3
inference_data/milk10k/MILK10k_Training_Input/IL_0700399/ISIC_2531111.jpg,2,2,2,2,2
inference_data/milk10k/MILK10k_Training_Input/IL_0701362/ISIC_6705033.jpg,3,3,3,3,3
inference_data/milk10k/MILK10k_Training_Input/IL_0701362/ISIC_3500691.jpg,1,1,1,1,1
inference_data/milk10k/MILK10k_Training_Input/IL_0702204/ISIC_1989317.jpg,2,2,2,2,2
inference_data/milk10k/MILK10k_Training_Input/IL_0702204/ISIC_4310588.jpg,2,2,1,2,2
inference_data/milk10k/MILK10k_Training_Input/IL_0702834/ISIC_3055420.jpg,2,1,1,1,2
inference_data/milk10k/MILK10k_Training_Input/IL_0702834/ISIC_9987719.jpg,2,1,1,1,2
inference_data/milk10k/MILK10k_Training_Input/IL_0705528/ISIC_5503156.jpg,3,3,3,3,3
inference_data/milk10k/MILK10k_Training_Input/IL_0705528/ISIC_4138489.jpg,2,2,1,2,2
inference_data/milk10k/MILK10k_Training_Input/IL_0705529/ISIC_2415100.jpg,3,2,3,3,3
inference_data/milk10k/MILK10k_Training_Input/IL_0705529/ISIC_0598709.jpg,2,1,1,1,2
inference_data/milk10k/MILK10k_Training_Input/IL_0705548/ISIC_0266897.jpg,3,2,3,3,2
inference_data/milk10k/MILK10k_Training_Input/IL_0705548/ISIC_9663937.jpg,2,2,2,2,2
inference_data/milk10k/MILK10k_Training_Input/IL_0706157/ISIC_6361233.jpg,1,1,1,1,1
inference_data/milk10k/MILK10k_Training_Input/IL_0706157/ISIC_6679588.jpg,1,1,1,1,1
inference_data/milk10k/MILK10k_Training_Input/IL_0710738/ISIC_2473287.jpg,2,2,2,2,2
inference_data/milk10k/MILK10k_Training_Input/IL_0710738/ISIC_1890330.jpg,2,2,2,2,2
inference_data/milk10k/MILK10k_Training_Input/IL_0710877/ISIC_1546433.jpg,4,4,4,4,4
inference_data/milk10k/MILK10k_Training_Input/IL_0710877/ISIC_2553729.jpg,2,2,1,2,2
inference_data/milk10k/MILK10k_Training_Input/IL_0712386/ISIC_0385678.jpg,2,2,2,2,2
inference_data/milk10k/MILK10k_Training_Input/IL_0712386/ISIC_9390963.jpg,1,1,1,1,1
inference_data/milk10k/MILK10k_Training_Input/IL_0713847/ISIC_2361193.jpg,2,2,2,3,2
inference_data/milk10k/MILK10k_Training_Input/IL_0713847/ISIC_6347753.jpg,0,1,0,0,1
inference_data/milk10k/MILK10k_Training_Input/IL_0717553/ISIC_4794988.jpg,1,1,2,2,2
inference_data/milk10k/MILK10k_Training_Input/IL_0717553/ISIC_1536397.jpg,1,1,1,1,1
inference_data/milk10k/MILK10k_Training_Input/IL_0718275/ISIC_5341584.jpg,2,2,2,2,2
inference_data/milk10k/MILK10k_Training_Input/IL_0718275/ISIC_5892763.jpg,1,2,1,1,1
inference_data/milk10k/MILK10k_Training_Input/IL_0719888/ISIC_9878811.jpg,3,2,2,3,3
inference_data/milk10k/MILK10k_Training_Input/IL_0719888/ISIC_2975261.jpg,2,1,1,2,2
inference_data/milk10k/MILK10k_Training_Input/IL_0720160/ISIC_7846682.jpg,3,2,3,3,3
inference_data/milk10k/MILK10k_Training_Input/IL_0720160/ISIC_9521675.jpg,2,2,2,2,2
inference_data/milk10k/MILK10k_Training_Input/IL_0720862/ISIC_6576845.jpg,2,2,2,2,2
inference_data/milk10k/MILK10k_Training_Input/IL_0720862/ISIC_4576379.jpg,1,1,1,1,1
inference_data/milk10k/MILK10k_Training_Input/IL_0721541/ISIC_4793381.jpg,2,2,2,3,2
inference_data/milk10k/MILK10k_Training_Input/IL_0721541/ISIC_2472012.jpg,2,2,1,1,2
inference_data/milk10k/MILK10k_Training_Input/IL_0721578/ISIC_8324607.jpg,1,1,0,1,1
inference_data/milk10k/MILK10k_Training_Input/IL_0721578/ISIC_5830124.jpg,1,1,1,1,1
inference_data/milk10k/MILK10k_Training_Input/IL_0727699/ISIC_2588935.jpg,3,3,3,3,3
inference_data/milk10k/MILK10k_Training_Input/IL_0727699/ISIC_6890536.jpg,1,1,0,1,1
inference_data/milk10k/MILK10k_Training_Input/IL_0732764/ISIC_5708137.jpg,3,2,3,3,3
inference_data/milk10k/MILK10k_Training_Input/IL_0732764/ISIC_2777762.jpg,1,1,0,1,1
inference_data/milk10k/MILK10k_Training_Input/IL_0736879/ISIC_9167637.jpg,3,2,3,3,3
inference_data/milk10k/MILK10k_Training_Input/IL_0736879/ISIC_5441520.jpg,1,1,1,1,1
inference_data/milk10k/MILK10k_Training_Input/IL_0739664/ISIC_2439944.jpg,3,2,3,3,3
inference_data/milk10k/MILK10k_Training_Input/IL_0739664/ISIC_5714368.jpg,2,2,1,2,2
inference_data/milk10k/MILK10k_Training_Input/IL_0739777/ISIC_5716450.jpg,2,2,2,2,2
inference_data/milk10k/MILK10k_Training_Input/IL_0739777/ISIC_1756915.jpg,1,1,1,1,1
inference_data/milk10k/MILK10k_Training_Input/IL_0740796/ISIC_4420449.jpg,2,2,2,2,2
inference_data/milk10k/MILK10k_Training_Input/IL_0740796/ISIC_0497911.jpg,1,1,1,1,1
inference_data/milk10k/MILK10k_Training_Input/IL_0741650/ISIC_0891621.jpg,3,2,3,3,3
inference_data/milk10k/MILK10k_Training_Input/IL_0741650/ISIC_5925251.jpg,2,1,1,1,2
inference_data/milk10k/MILK10k_Training_Input/IL_0743381/ISIC_1376355.jpg,3,3,3,3,2
inference_data/milk10k/MILK10k_Training_Input/IL_0743381/ISIC_6989617.jpg,2,1,1,2,2
inference_data/milk10k/MILK10k_Training_Input/IL_0744189/ISIC_9155060.jpg,3,3,3,3,3
inference_data/milk10k/MILK10k_Training_Input/IL_0744189/ISIC_9973379.jpg,4,4,4,3,4
inference_data/milk10k/MILK10k_Training_Input/IL_0751731/ISIC_7324772.jpg,3,3,3,3,3
inference_data/milk10k/MILK10k_Training_Input/IL_0751731/ISIC_1859150.jpg,2,2,1,2,2
inference_data/milk10k/MILK10k_Training_Input/IL_0751879/ISIC_0727105.jpg,2,2,2,2,2
inference_data/milk10k/MILK10k_Training_Input/IL_0751879/ISIC_9152345.jpg,1,1,1,2,1
inference_data/milk10k/MILK10k_Training_Input/IL_0752294/ISIC_5975949.jpg,1,1,1,2,1
inference_data/milk10k/MILK10k_Training_Input/IL_0752294/ISIC_2565230.jpg,1,1,1,1,1
inference_data/milk10k/MILK10k_Training_Input/IL_0752303/ISIC_2508558.jpg,1,1,1,1,1
inference_data/milk10k/MILK10k_Training_Input/IL_0752303/ISIC_1729396.jpg,1,1,1,1,1
inference_data/milk10k/MILK10k_Training_Input/IL_0753013/ISIC_2595169.jpg,1,1,1,1,1
inference_data/milk10k/MILK10k_Training_Input/IL_0753013/ISIC_7563649.jpg,1,1,1,1,1
inference_data/milk10k/MILK10k_Training_Input/IL_0753658/ISIC_0263121.jpg,3,3,3,3,3
inference_data/milk10k/MILK10k_Training_Input/IL_0753658/ISIC_8356711.jpg,1,1,1,1,1
inference_data/milk10k/MILK10k_Training_Input/IL_0758142/ISIC_1357348.jpg,2,2,3,3,2
inference_data/milk10k/MILK10k_Training_Input/IL_0758142/ISIC_9896561.jpg,2,1,1,2,2
inference_data/milk10k/MILK10k_Training_Input/IL_0758206/ISIC_5120336.jpg,1,1,1,1,1
inference_data/milk10k/MILK10k_Training_Input/IL_0758206/ISIC_4601154.jpg,2,3,2,3,3
inference_data/milk10k/MILK10k_Training_Input/IL_0758314/ISIC_4452788.jpg,1,1,1,2,2
inference_data/milk10k/MILK10k_Training_Input/IL_0758314/ISIC_7235047.jpg,1,0,0,1,1
inference_data/milk10k/MILK10k_Training_Input/IL_0758607/ISIC_7382599.jpg,3,2,3,3,3
inference_data/milk10k/MILK10k_Training_Input/IL_0758607/ISIC_7645103.jpg,1,1,1,1,1
inference_data/milk10k/MILK10k_Training_Input/IL_0761074/ISIC_1210101.jpg,3,2,3,3,3
inference_data/milk10k/MILK10k_Training_Input/IL_0761074/ISIC_2905836.jpg,2,2,2,2,2
inference_data/milk10k/MILK10k_Training_Input/IL_0761140/ISIC_8818884.jpg,1,1,1,1,1
inference_data/milk10k/MILK10k_Training_Input/IL_0761140/ISIC_4186883.jpg,1,1,1,1,1
inference_data/milk10k/MILK10k_Training_Input/IL_0762658/ISIC_4637590.jpg,3,2,2,3,2
inference_data/milk10k/MILK10k_Training_Input/IL_0762658/ISIC_3859478.jpg,4,4,3,3,3
inference_data/milk10k/MILK10k_Training_Input/IL_0765772/ISIC_3959224.jpg,3,3,3,3,3
inference_data/milk10k/MILK10k_Training_Input/IL_0765772/ISIC_3942613.jpg,2,2,2,2,2
inference_data/milk10k/MILK10k_Training_Input/IL_0768157/ISIC_6321631.jpg,2,2,2,2,2
inference_data/milk10k/MILK10k_Training_Input/IL_0768157/ISIC_0758242.jpg,1,1,1,1,2
inference_data/milk10k/MILK10k_Training_Input/IL_0768577/ISIC_6625178.jpg,3,3,3,3,3
inference_data/milk10k/MILK10k_Training_Input/IL_0768577/ISIC_7065051.jpg,1,1,1,1,2
inference_data/milk10k/MILK10k_Training_Input/IL_0769866/ISIC_3672849.jpg,3,2,3,3,2
inference_data/milk10k/MILK10k_Training_Input/IL_0769866/ISIC_4386519.jpg,2,2,2,2,2
inference_data/milk10k/MILK10k_Training_Input/IL_0770460/ISIC_7627574.jpg,2,2,2,2,2
inference_data/milk10k/MILK10k_Training_Input/IL_0770460/ISIC_6173661.jpg,2,2,2,2,2
inference_data/milk10k/MILK10k_Training_Input/IL_0770948/ISIC_3905379.jpg,2,2,2,2,2
inference_data/milk10k/MILK10k_Training_Input/IL_0770948/ISIC_5225765.jpg,2,2,2,2,2
inference_data/milk10k/MILK10k_Training_Input/IL_0772122/ISIC_2091010.jpg,2,2,2,2,2
inference_data/milk10k/MILK10k_Training_Input/IL_0772122/ISIC_9887877.jpg,1,1,1,1,1
inference_data/milk10k/MILK10k_Training_Input/IL_0772514/ISIC_4034196.jpg,1,1,1,1,1
inference_data/milk10k/MILK10k_Training_Input/IL_0772514/ISIC_0510537.jpg,2,1,1,2,2
inference_data/milk10k/MILK10k_Training_Input/IL_0772858/ISIC_5720812.jpg,2,2,2,2,2
inference_data/milk10k/MILK10k_Training_Input/IL_0772858/ISIC_3288032.jpg,1,1,1,1,1
inference_data/milk10k/MILK10k_Training_Input/IL_0773095/ISIC_1243982.jpg,2,1,1,1,1
inference_data/milk10k/MILK10k_Training_Input/IL_0773095/ISIC_0835682.jpg,2,2,2,2,2
inference_data/milk10k/MILK10k_Training_Input/IL_0773379/ISIC_0805815.jpg,1,2,1,2,1
inference_data/milk10k/MILK10k_Training_Input/IL_0773379/ISIC_7510898.jpg,1,1,1,1,1
inference_data/milk10k/MILK10k_Training_Input/IL_0773953/ISIC_7176018.jpg,1,1,1,1,1
inference_data/milk10k/MILK10k_Training_Input/IL_0773953/ISIC_0811123.jpg,2,2,1,2,2
inference_data/milk10k/MILK10k_Training_Input/IL_0778720/ISIC_9116920.jpg,3,3,3,3,3
inference_data/milk10k/MILK10k_Training_Input/IL_0778720/ISIC_3807348.jpg,2,2,2,2,2
inference_data/milk10k/MILK10k_Training_Input/IL_0780596/ISIC_4146599.jpg,3,3,3,3,3
inference_data/milk10k/MILK10k_Training_Input/IL_0780596/ISIC_1430231.jpg,2,2,2,2,2
inference_data/milk10k/MILK10k_Training_Input/IL_0783886/ISIC_8178616.jpg,2,2,2,2,2
inference_data/milk10k/MILK10k_Training_Input/IL_0783886/ISIC_8379235.jpg,1,1,1,1,1
inference_data/milk10k/MILK10k_Training_Input/IL_0784156/ISIC_8237625.jpg,3,3,3,3,3
inference_data/milk10k/MILK10k_Training_Input/IL_0784156/ISIC_3457455.jpg,2,2,2,2,2
inference_data/milk10k/MILK10k_Training_Input/IL_0784446/ISIC_2104270.jpg,2,2,2,2,2
inference_data/milk10k/MILK10k_Training_Input/IL_0784446/ISIC_2769033.jpg,2,2,2,2,2
inference_data/milk10k/MILK10k_Training_Input/IL_0784671/ISIC_7326413.jpg,3,2,3,3,2
inference_data/milk10k/MILK10k_Training_Input/IL_0784671/ISIC_8234371.jpg,1,1,1,1,1
inference_data/milk10k/MILK10k_Training_Input/IL_0786469/ISIC_1816990.jpg,1,1,1,1,1
inference_data/milk10k/MILK10k_Training_Input/IL_0786469/ISIC_5052804.jpg,2,2,2,2,2
inference_data/milk10k/MILK10k_Training_Input/IL_0787420/ISIC_7308766.jpg,2,2,2,2,2
inference_data/milk10k/MILK10k_Training_Input/IL_0787420/ISIC_4311112.jpg,2,2,2,2,2
inference_data/milk10k/MILK10k_Training_Input/IL_0788438/ISIC_9376271.jpg,4,3,4,4,3
inference_data/milk10k/MILK10k_Training_Input/IL_0788438/ISIC_6987320.jpg,2,2,2,2,2
inference_data/milk10k/MILK10k_Training_Input/IL_0788459/ISIC_9001724.jpg,1,1,1,1,1
inference_data/milk10k/MILK10k_Training_Input/IL_0788459/ISIC_6428254.jpg,1,1,1,1,1
inference_data/milk10k/MILK10k_Training_Input/IL_0792033/ISIC_8734969.jpg,2,2,2,3,2
inference_data/milk10k/MILK10k_Training_Input/IL_0792033/ISIC_0440550.jpg,1,1,1,1,2
inference_data/milk10k/MILK10k_Training_Input/IL_0793440/ISIC_6609894.jpg,3,2,2,3,2
inference_data/milk10k/MILK10k_Training_Input/IL_0793440/ISIC_1815891.jpg,2,2,2,2,2
inference_data/milk10k/MILK10k_Training_Input/IL_0793725/ISIC_3496143.jpg,2,2,2,2,2
inference_data/milk10k/MILK10k_Training_Input/IL_0793725/ISIC_3538568.jpg,1,1,1,1,1
inference_data/milk10k/MILK10k_Training_Input/IL_0797165/ISIC_7813552.jpg,3,3,3,3,3
inference_data/milk10k/MILK10k_Training_Input/IL_0797165/ISIC_0597607.jpg,3,3,3,2,3
inference_data/milk10k/MILK10k_Training_Input/IL_0807184/ISIC_4229574.jpg,1,1,1,1,1
inference_data/milk10k/MILK10k_Training_Input/IL_0807184/ISIC_7509328.jpg,1,1,1,1,1
inference_data/milk10k/MILK10k_Training_Input/IL_0807223/ISIC_1926637.jpg,3,2,3,3,2
inference_data/milk10k/MILK10k_Training_Input/IL_0807223/ISIC_1126401.jpg,2,2,2,1,2
inference_data/milk10k/MILK10k_Training_Input/IL_0807390/ISIC_2089740.jpg,1,1,1,2,1
inference_data/milk10k/MILK10k_Training_Input/IL_0807390/ISIC_4412646.jpg,5,5,5,5,5
inference_data/milk10k/MILK10k_Training_Input/IL_0808533/ISIC_5835836.jpg,2,2,2,2,2
inference_data/milk10k/MILK10k_Training_Input/IL_0808533/ISIC_3507614.jpg,1,1,1,1,1
inference_data/milk10k/MILK10k_Training_Input/IL_0808722/ISIC_0646278.jpg,3,2,3,3,3
inference_data/milk10k/MILK10k_Training_Input/IL_0808722/ISIC_3127974.jpg,2,2,2,2,2
inference_data/milk10k/MILK10k_Training_Input/IL_0809191/ISIC_1740662.jpg,2,2,2,2,2
inference_data/milk10k/MILK10k_Training_Input/IL_0809191/ISIC_8199024.jpg,1,2,1,1,1
inference_data/milk10k/MILK10k_Training_Input/IL_0809761/ISIC_2028614.jpg,2,2,3,3,2
inference_data/milk10k/MILK10k_Training_Input/IL_0809761/ISIC_4973062.jpg,1,1,1,1,1
inference_data/milk10k/MILK10k_Training_Input/IL_0810155/ISIC_4040199.jpg,2,2,1,2,2
inference_data/milk10k/MILK10k_Training_Input/IL_0810155/ISIC_5230761.jpg,4,4,4,4,4
inference_data/milk10k/MILK10k_Training_Input/IL_0811004/ISIC_3708140.jpg,2,2,2,3,2
inference_data/milk10k/MILK10k_Training_Input/IL_0811004/ISIC_0828276.jpg,2,2,2,2,2
inference_data/milk10k/MILK10k_Training_Input/IL_0814216/ISIC_8754137.jpg,3,2,2,3,2
inference_data/milk10k/MILK10k_Training_Input/IL_0814216/ISIC_8344818.jpg,2,2,2,2,2
inference_data/milk10k/MILK10k_Training_Input/IL_0815342/ISIC_0826007.jpg,2,2,2,2,2
inference_data/milk10k/MILK10k_Training_Input/IL_0815342/ISIC_9821910.jpg,2,2,2,2,2
inference_data/milk10k/MILK10k_Training_Input/IL_0816967/ISIC_5985397.jpg,3,3,3,3,3
inference_data/milk10k/MILK10k_Training_Input/IL_0816967/ISIC_8079864.jpg,2,2,2,2,3
inference_data/milk10k/MILK10k_Training_Input/IL_0817869/ISIC_3644112.jpg,1,1,1,1,1
inference_data/milk10k/MILK10k_Training_Input/IL_0817869/ISIC_5587236.jpg,2,2,1,2,2
inference_data/milk10k/MILK10k_Training_Input/IL_0819034/ISIC_1858790.jpg,3,2,3,3,3
inference_data/milk10k/MILK10k_Training_Input/IL_0819034/ISIC_7851081.jpg,1,1,1,1,1
inference_data/milk10k/MILK10k_Training_Input/IL_0820798/ISIC_9223565.jpg,2,2,2,2,2
inference_data/milk10k/MILK10k_Training_Input/IL_0820798/ISIC_1982635.jpg,1,1,1,1,2
inference_data/milk10k/MILK10k_Training_Input/IL_0820879/ISIC_7465284.jpg,3,3,3,3,3
inference_data/milk10k/MILK10k_Training_Input/IL_0820879/ISIC_0680993.jpg,2,2,1,2,2
inference_data/milk10k/MILK10k_Training_Input/IL_0823685/ISIC_9344767.jpg,4,3,3,3,3
inference_data/milk10k/MILK10k_Training_Input/IL_0823685/ISIC_6562442.jpg,2,2,1,1,1
inference_data/milk10k/MILK10k_Training_Input/IL_0825949/ISIC_7566402.jpg,3,2,2,3,2
inference_data/milk10k/MILK10k_Training_Input/IL_0825949/ISIC_4092604.jpg,2,2,2,2,2
inference_data/milk10k/MILK10k_Training_Input/IL_0826473/ISIC_0733275.jpg,2,2,2,3,2
inference_data/milk10k/MILK10k_Training_Input/IL_0826473/ISIC_5194644.jpg,1,1,1,1,1
inference_data/milk10k/MILK10k_Training_Input/IL_0828910/ISIC_7641847.jpg,3,2,2,3,2
inference_data/milk10k/MILK10k_Training_Input/IL_0828910/ISIC_1350051.jpg,1,1,1,1,1
inference_data/milk10k/MILK10k_Training_Input/IL_0834716/ISIC_8645743.jpg,2,2,2,2,2
inference_data/milk10k/MILK10k_Training_Input/IL_0834716/ISIC_8810920.jpg,2,2,1,2,2
inference_data/milk10k/MILK10k_Training_Input/IL_0835315/ISIC_9552131.jpg,2,2,2,2,2
inference_data/milk10k/MILK10k_Training_Input/IL_0835315/ISIC_0802648.jpg,2,2,2,2,2
inference_data/milk10k/MILK10k_Training_Input/IL_0835355/ISIC_7803895.jpg,3,3,3,3,3
inference_data/milk10k/MILK10k_Training_Input/IL_0835355/ISIC_4192230.jpg,1,1,1,1,1
inference_data/milk10k/MILK10k_Training_Input/IL_0836583/ISIC_6037847.jpg,1,1,1,1,1
inference_data/milk10k/MILK10k_Training_Input/IL_0836583/ISIC_2088803.jpg,2,2,1,2,2
inference_data/milk10k/MILK10k_Training_Input/IL_0836761/ISIC_3323980.jpg,2,2,2,3,2
inference_data/milk10k/MILK10k_Training_Input/IL_0836761/ISIC_0763962.jpg,2,2,1,2,2
inference_data/milk10k/MILK10k_Training_Input/IL_0837149/ISIC_4806633.jpg,2,2,2,2,2
inference_data/milk10k/MILK10k_Training_Input/IL_0837149/ISIC_2564687.jpg,1,1,1,1,1
inference_data/milk10k/MILK10k_Training_Input/IL_0837507/ISIC_0867059.jpg,2,2,1,2,2
inference_data/milk10k/MILK10k_Training_Input/IL_0837507/ISIC_9749130.jpg,1,1,1,1,1
inference_data/milk10k/MILK10k_Training_Input/IL_0838598/ISIC_4303207.jpg,2,2,2,2,2
inference_data/milk10k/MILK10k_Training_Input/IL_0838598/ISIC_2352288.jpg,4,4,4,4,4
inference_data/milk10k/MILK10k_Training_Input/IL_0843327/ISIC_7095135.jpg,3,2,3,3,2
inference_data/milk10k/MILK10k_Training_Input/IL_0843327/ISIC_1457973.jpg,2,2,2,2,2
inference_data/milk10k/MILK10k_Training_Input/IL_0844801/ISIC_4509723.jpg,2,2,2,2,2
inference_data/milk10k/MILK10k_Training_Input/IL_0844801/ISIC_4112456.jpg,1,1,0,1,1
inference_data/milk10k/MILK10k_Training_Input/IL_0848676/ISIC_2395293.jpg,3,2,3,3,3
inference_data/milk10k/MILK10k_Training_Input/IL_0848676/ISIC_7695263.jpg,1,1,0,1,1
inference_data/milk10k/MILK10k_Training_Input/IL_0848948/ISIC_7926021.jpg,2,2,2,2,2
inference_data/milk10k/MILK10k_Training_Input/IL_0848948/ISIC_7876616.jpg,1,2,1,1,1
inference_data/milk10k/MILK10k_Training_Input/IL_0850065/ISIC_9285479.jpg,3,2,3,3,3
inference_data/milk10k/MILK10k_Training_Input/IL_0850065/ISIC_0467628.jpg,2,1,2,2,2
inference_data/milk10k/MILK10k_Training_Input/IL_0850769/ISIC_3778059.jpg,3,3,3,3,3
inference_data/milk10k/MILK10k_Training_Input/IL_0850769/ISIC_6782031.jpg,1,2,2,1,2
inference_data/milk10k/MILK10k_Training_Input/IL_0853673/ISIC_1677408.jpg,2,2,2,3,2
inference_data/milk10k/MILK10k_Training_Input/IL_0853673/ISIC_1033453.jpg,1,2,1,1,2
inference_data/milk10k/MILK10k_Training_Input/IL_0855898/ISIC_2397388.jpg,2,2,2,2,2
inference_data/milk10k/MILK10k_Training_Input/IL_0855898/ISIC_6596926.jpg,1,1,1,1,1
inference_data/milk10k/MILK10k_Training_Input/IL_0858380/ISIC_3651770.jpg,2,2,3,3,3
inference_data/milk10k/MILK10k_Training_Input/IL_0858380/ISIC_7303630.jpg,2,2,1,2,2
inference_data/milk10k/MILK10k_Training_Input/IL_0860042/ISIC_5364113.jpg,1,1,1,1,1
inference_data/milk10k/MILK10k_Training_Input/IL_0860042/ISIC_8660210.jpg,2,2,1,2,2
inference_data/milk10k/MILK10k_Training_Input/IL_0861940/ISIC_6843004.jpg,3,3,3,4,3
inference_data/milk10k/MILK10k_Training_Input/IL_0861940/ISIC_9336765.jpg,1,1,1,1,1
inference_data/milk10k/MILK10k_Training_Input/IL_0864051/ISIC_5318655.jpg,3,3,3,3,3
inference_data/milk10k/MILK10k_Training_Input/IL_0864051/ISIC_3820500.jpg,2,2,2,2,2
inference_data/milk10k/MILK10k_Training_Input/IL_0867132/ISIC_1533241.jpg,2,2,2,2,2
inference_data/milk10k/MILK10k_Training_Input/IL_0867132/ISIC_8829523.jpg,1,1,1,1,1
inference_data/milk10k/MILK10k_Training_Input/IL_0867895/ISIC_7201806.jpg,2,2,2,2,2
inference_data/milk10k/MILK10k_Training_Input/IL_0867895/ISIC_4176108.jpg,1,1,1,1,1
inference_data/milk10k/MILK10k_Training_Input/IL_0868364/ISIC_4587766.jpg,4,3,4,4,4
inference_data/milk10k/MILK10k_Training_Input/IL_0868364/ISIC_0811703.jpg,1,2,1,1,1
inference_data/milk10k/MILK10k_Training_Input/IL_0869160/ISIC_6480550.jpg,2,2,2,2,2
inference_data/milk10k/MILK10k_Training_Input/IL_0869160/ISIC_5266605.jpg,2,2,2,2,2
inference_data/milk10k/MILK10k_Training_Input/IL_0872477/ISIC_6166836.jpg,4,3,4,4,4
inference_data/milk10k/MILK10k_Training_Input/IL_0872477/ISIC_8771453.jpg,1,1,1,1,1
inference_data/milk10k/MILK10k_Training_Input/IL_0872966/ISIC_3595673.jpg,2,2,2,3,2
inference_data/milk10k/MILK10k_Training_Input/IL_0872966/ISIC_8837131.jpg,1,2,1,2,2
inference_data/milk10k/MILK10k_Training_Input/IL_0873874/ISIC_7339834.jpg,3,3,3,3,3
inference_data/milk10k/MILK10k_Training_Input/IL_0873874/ISIC_3717176.jpg,1,1,1,1,1
inference_data/milk10k/MILK10k_Training_Input/IL_0877533/ISIC_7982662.jpg,2,2,2,2,2
inference_data/milk10k/MILK10k_Training_Input/IL_0877533/ISIC_4375866.jpg,3,3,3,3,3
inference_data/milk10k/MILK10k_Training_Input/IL_0882013/ISIC_2565120.jpg,3,2,3,3,2
inference_data/milk10k/MILK10k_Training_Input/IL_0882013/ISIC_8843104.jpg,1,1,1,1,1
inference_data/milk10k/MILK10k_Training_Input/IL_0882854/ISIC_9629139.jpg,3,3,3,3,3
inference_data/milk10k/MILK10k_Training_Input/IL_0882854/ISIC_3887050.jpg,1,1,1,2,2
inference_data/milk10k/MILK10k_Training_Input/IL_0883387/ISIC_9043368.jpg,3,3,4,3,3
inference_data/milk10k/MILK10k_Training_Input/IL_0883387/ISIC_4246393.jpg,0,0,0,1,1
inference_data/milk10k/MILK10k_Training_Input/IL_0883893/ISIC_5756614.jpg,3,2,3,3,3
inference_data/milk10k/MILK10k_Training_Input/IL_0883893/ISIC_6860942.jpg,1,1,1,1,1
inference_data/milk10k/MILK10k_Training_Input/IL_0887241/ISIC_8768858.jpg,1,2,1,1,1
inference_data/milk10k/MILK10k_Training_Input/IL_0887241/ISIC_9696099.jpg,1,1,1,1,1
inference_data/milk10k/MILK10k_Training_Input/IL_0890305/ISIC_5259848.jpg,3,3,3,3,3
inference_data/milk10k/MILK10k_Training_Input/IL_0890305/ISIC_3468757.jpg,1,1,1,1,1
inference_data/milk10k/MILK10k_Training_Input/IL_0891260/ISIC_4344365.jpg,2,2,2,2,2
inference_data/milk10k/MILK10k_Training_Input/IL_0891260/ISIC_5184106.jpg,2,1,1,1,1
inference_data/milk10k/MILK10k_Training_Input/IL_0894322/ISIC_4484543.jpg,3,3,3,3,3
inference_data/milk10k/MILK10k_Training_Input/IL_0894322/ISIC_3307579.jpg,2,2,2,2,2
inference_data/milk10k/MILK10k_Training_Input/IL_0895262/ISIC_1474193.jpg,3,2,3,3,2
inference_data/milk10k/MILK10k_Training_Input/IL_0895262/ISIC_2190119.jpg,3,2,3,3,3
inference_data/milk10k/MILK10k_Training_Input/IL_0898594/ISIC_1181087.jpg,2,2,2,2,2
inference_data/milk10k/MILK10k_Training_Input/IL_0898594/ISIC_1741197.jpg,1,1,1,1,1
inference_data/milk10k/MILK10k_Training_Input/IL_0901496/ISIC_8344038.jpg,2,2,2,2,2
inference_data/milk10k/MILK10k_Training_Input/IL_0901496/ISIC_0805951.jpg,2,1,1,1,1
inference_data/milk10k/MILK10k_Training_Input/IL_0903975/ISIC_9592877.jpg,3,2,3,3,3
inference_data/milk10k/MILK10k_Training_Input/IL_0903975/ISIC_3352589.jpg,1,1,1,2,2
inference_data/milk10k/MILK10k_Training_Input/IL_0909624/ISIC_2405387.jpg,3,2,2,3,2
inference_data/milk10k/MILK10k_Training_Input/IL_0909624/ISIC_4310927.jpg,1,1,1,2,2
inference_data/milk10k/MILK10k_Training_Input/IL_0909755/ISIC_4120065.jpg,3,3,3,3,3
inference_data/milk10k/MILK10k_Training_Input/IL_0909755/ISIC_9890254.jpg,1,1,1,1,1
inference_data/milk10k/MILK10k_Training_Input/IL_0911506/ISIC_7904583.jpg,2,2,2,2,2
inference_data/milk10k/MILK10k_Training_Input/IL_0911506/ISIC_5628874.jpg,2,2,1,2,2
inference_data/milk10k/MILK10k_Training_Input/IL_0913190/ISIC_6491752.jpg,3,2,2,3,2
inference_data/milk10k/MILK10k_Training_Input/IL_0913190/ISIC_9415992.jpg,1,1,1,1,1
inference_data/milk10k/MILK10k_Training_Input/IL_0913483/ISIC_0526168.jpg,3,3,3,4,3
inference_data/milk10k/MILK10k_Training_Input/IL_0913483/ISIC_4622192.jpg,1,1,1,1,1
inference_data/milk10k/MILK10k_Training_Input/IL_0915251/ISIC_4175612.jpg,2,1,1,2,1
inference_data/milk10k/MILK10k_Training_Input/IL_0915251/ISIC_1609351.jpg,2,2,2,2,2
inference_data/milk10k/MILK10k_Training_Input/IL_0919212/ISIC_4275620.jpg,3,3,3,3,3
inference_data/milk10k/MILK10k_Training_Input/IL_0919212/ISIC_6417205.jpg,2,2,2,2,2
inference_data/milk10k/MILK10k_Training_Input/IL_0921105/ISIC_0275196.jpg,2,3,2,3,2
inference_data/milk10k/MILK10k_Training_Input/IL_0921105/ISIC_8614302.jpg,1,1,1,1,1
inference_data/milk10k/MILK10k_Training_Input/IL_0926236/ISIC_1079378.jpg,2,2,2,2,2
inference_data/milk10k/MILK10k_Training_Input/IL_0926236/ISIC_2745537.jpg,1,1,1,1,1
inference_data/milk10k/MILK10k_Training_Input/IL_0927709/ISIC_5367270.jpg,3,2,3,3,2
inference_data/milk10k/MILK10k_Training_Input/IL_0927709/ISIC_3535882.jpg,2,2,2,2,2
inference_data/milk10k/MILK10k_Training_Input/IL_0928846/ISIC_9513437.jpg,3,3,3,3,3
inference_data/milk10k/MILK10k_Training_Input/IL_0928846/ISIC_2288200.jpg,2,2,2,2,2
inference_data/milk10k/MILK10k_Training_Input/IL_0930071/ISIC_9442170.jpg,4,3,4,4,3
inference_data/milk10k/MILK10k_Training_Input/IL_0930071/ISIC_5766792.jpg,1,1,1,1,1
inference_data/milk10k/MILK10k_Training_Input/IL_0931113/ISIC_2365922.jpg,2,2,2,2,2
inference_data/milk10k/MILK10k_Training_Input/IL_0931113/ISIC_5630379.jpg,1,1,0,1,1
inference_data/milk10k/MILK10k_Training_Input/IL_0932905/ISIC_5083538.jpg,2,2,3,3,2
inference_data/milk10k/MILK10k_Training_Input/IL_0932905/ISIC_1317686.jpg,1,1,1,1,1
inference_data/milk10k/MILK10k_Training_Input/IL_0933213/ISIC_3312614.jpg,3,2,3,3,3
inference_data/milk10k/MILK10k_Training_Input/IL_0933213/ISIC_5925562.jpg,2,2,2,2,2
inference_data/milk10k/MILK10k_Training_Input/IL_0937448/ISIC_4873477.jpg,3,2,3,3,2
inference_data/milk10k/MILK10k_Training_Input/IL_0937448/ISIC_5842460.jpg,2,1,1,2,2
inference_data/milk10k/MILK10k_Training_Input/IL_0941988/ISIC_4806887.jpg,3,2,3,3,2
inference_data/milk10k/MILK10k_Training_Input/IL_0941988/ISIC_3897686.jpg,2,2,2,2,2
inference_data/milk10k/MILK10k_Training_Input/IL_0945198/ISIC_0154688.jpg,2,2,2,2,2
inference_data/milk10k/MILK10k_Training_Input/IL_0945198/ISIC_6685424.jpg,2,2,2,2,2
inference_data/milk10k/MILK10k_Training_Input/IL_0948841/ISIC_1262809.jpg,2,2,1,2,2
inference_data/milk10k/MILK10k_Training_Input/IL_0948841/ISIC_0849075.jpg,1,1,1,1,1
inference_data/milk10k/MILK10k_Training_Input/IL_0949755/ISIC_7993187.jpg,3,2,3,3,3
inference_data/milk10k/MILK10k_Training_Input/IL_0949755/ISIC_3981430.jpg,2,2,2,2,2
inference_data/milk10k/MILK10k_Training_Input/IL_0952894/ISIC_7512401.jpg,2,2,2,3,2
inference_data/milk10k/MILK10k_Training_Input/IL_0952894/ISIC_5063002.jpg,1,1,1,1,1
inference_data/milk10k/MILK10k_Training_Input/IL_0956761/ISIC_7676731.jpg,2,2,2,2,2
inference_data/milk10k/MILK10k_Training_Input/IL_0956761/ISIC_3568310.jpg,2,2,2,2,2
inference_data/milk10k/MILK10k_Training_Input/IL_0957907/ISIC_3039673.jpg,2,2,2,2,2
inference_data/milk10k/MILK10k_Training_Input/IL_0957907/ISIC_5856068.jpg,2,2,1,2,2
inference_data/milk10k/MILK10k_Training_Input/IL_0960314/ISIC_0606651.jpg,2,2,2,2,2
inference_data/milk10k/MILK10k_Training_Input/IL_0960314/ISIC_6739483.jpg,1,1,1,1,1
inference_data/milk10k/MILK10k_Training_Input/IL_0960760/ISIC_1038282.jpg,3,2,3,3,3
inference_data/milk10k/MILK10k_Training_Input/IL_0960760/ISIC_7452466.jpg,1,1,1,1,1
inference_data/milk10k/MILK10k_Training_Input/IL_0960913/ISIC_9873401.jpg,2,2,2,2,2
inference_data/milk10k/MILK10k_Training_Input/IL_0960913/ISIC_6725841.jpg,2,2,2,2,2
inference_data/milk10k/MILK10k_Training_Input/IL_0962219/ISIC_3574989.jpg,3,3,3,3,3
inference_data/milk10k/MILK10k_Training_Input/IL_0962219/ISIC_9479710.jpg,1,1,1,2,2
inference_data/milk10k/MILK10k_Training_Input/IL_0963446/ISIC_2878962.jpg,2,3,2,3,2
inference_data/milk10k/MILK10k_Training_Input/IL_0963446/ISIC_3918888.jpg,2,2,2,2,2
inference_data/milk10k/MILK10k_Training_Input/IL_0963909/ISIC_6460339.jpg,3,2,3,3,3
inference_data/milk10k/MILK10k_Training_Input/IL_0963909/ISIC_7298204.jpg,2,2,1,2,2
inference_data/milk10k/MILK10k_Training_Input/IL_0965686/ISIC_8193858.jpg,4,3,4,4,4
inference_data/milk10k/MILK10k_Training_Input/IL_0965686/ISIC_8216653.jpg,2,2,2,2,2
inference_data/milk10k/MILK10k_Training_Input/IL_0965927/ISIC_9148166.jpg,2,1,2,2,2
inference_data/milk10k/MILK10k_Training_Input/IL_0965927/ISIC_5713218.jpg,2,2,2,2,2
inference_data/milk10k/MILK10k_Training_Input/IL_0966706/ISIC_9008854.jpg,2,2,1,2,2
inference_data/milk10k/MILK10k_Training_Input/IL_0966706/ISIC_7727795.jpg,1,1,1,1,2
inference_data/milk10k/MILK10k_Training_Input/IL_0966806/ISIC_7382876.jpg,3,2,3,3,2
inference_data/milk10k/MILK10k_Training_Input/IL_0966806/ISIC_7116014.jpg,2,2,2,2,2
inference_data/milk10k/MILK10k_Training_Input/IL_0967038/ISIC_8740093.jpg,3,2,2,3,2
inference_data/milk10k/MILK10k_Training_Input/IL_0967038/ISIC_5310379.jpg,2,2,1,1,2
inference_data/milk10k/MILK10k_Training_Input/IL_0967073/ISIC_1727938.jpg,1,1,1,1,1
inference_data/milk10k/MILK10k_Training_Input/IL_0967073/ISIC_3252559.jpg,1,1,1,1,2
inference_data/milk10k/MILK10k_Training_Input/IL_0970556/ISIC_7756269.jpg,3,3,3,3,3
inference_data/milk10k/MILK10k_Training_Input/IL_0970556/ISIC_0147255.jpg,1,1,1,1,1
inference_data/milk10k/MILK10k_Training_Input/IL_0971210/ISIC_1146500.jpg,4,4,4,4,3
inference_data/milk10k/MILK10k_Training_Input/IL_0971210/ISIC_8042886.jpg,1,1,1,1,1
inference_data/milk10k/MILK10k_Training_Input/IL_0972770/ISIC_7383105.jpg,2,2,2,3,2
inference_data/milk10k/MILK10k_Training_Input/IL_0972770/ISIC_5214703.jpg,1,1,0,1,1
inference_data/milk10k/MILK10k_Training_Input/IL_0974592/ISIC_6617227.jpg,2,2,2,2,2
inference_data/milk10k/MILK10k_Training_Input/IL_0974592/ISIC_7231732.jpg,2,2,1,2,2
inference_data/milk10k/MILK10k_Training_Input/IL_0976725/ISIC_3111434.jpg,3,3,3,3,3
inference_data/milk10k/MILK10k_Training_Input/IL_0976725/ISIC_1681382.jpg,1,1,1,1,1
inference_data/milk10k/MILK10k_Training_Input/IL_0977537/ISIC_0616115.jpg,2,2,2,2,2
inference_data/milk10k/MILK10k_Training_Input/IL_0977537/ISIC_0187220.jpg,2,2,1,2,2
inference_data/milk10k/MILK10k_Training_Input/IL_0978342/ISIC_0794160.jpg,2,2,2,2,2
inference_data/milk10k/MILK10k_Training_Input/IL_0978342/ISIC_0767613.jpg,1,2,2,1,2
inference_data/milk10k/MILK10k_Training_Input/IL_0980631/ISIC_4557470.jpg,2,2,1,2,2
inference_data/milk10k/MILK10k_Training_Input/IL_0980631/ISIC_6124320.jpg,1,1,1,1,1
inference_data/milk10k/MILK10k_Training_Input/IL_0982091/ISIC_0368075.jpg,3,3,3,3,3
inference_data/milk10k/MILK10k_Training_Input/IL_0982091/ISIC_2654339.jpg,1,1,0,1,1
inference_data/milk10k/MILK10k_Training_Input/IL_0987624/ISIC_2548075.jpg,2,1,1,2,1
inference_data/milk10k/MILK10k_Training_Input/IL_0987624/ISIC_2090799.jpg,2,2,2,2,2
inference_data/milk10k/MILK10k_Training_Input/IL_0993436/ISIC_4640979.jpg,2,2,2,3,2
inference_data/milk10k/MILK10k_Training_Input/IL_0993436/ISIC_8176795.jpg,2,2,1,2,2
inference_data/milk10k/MILK10k_Training_Input/IL_0994070/ISIC_5058087.jpg,3,3,4,4,3
inference_data/milk10k/MILK10k_Training_Input/IL_0994070/ISIC_4421697.jpg,1,1,1,1,1
inference_data/milk10k/MILK10k_Training_Input/IL_0996879/ISIC_5409281.jpg,2,2,2,2,2
inference_data/milk10k/MILK10k_Training_Input/IL_0996879/ISIC_3477325.jpg,1,1,1,1,1
inference_data/milk10k/MILK10k_Training_Input/IL_1001591/ISIC_1823276.jpg,2,3,2,2,3
inference_data/milk10k/MILK10k_Training_Input/IL_1001591/ISIC_3709727.jpg,1,2,1,1,2
inference_data/milk10k/MILK10k_Training_Input/IL_1002499/ISIC_8186312.jpg,3,2,3,3,3
inference_data/milk10k/MILK10k_Training_Input/IL_1002499/ISIC_1987185.jpg,2,2,1,1,2
inference_data/milk10k/MILK10k_Training_Input/IL_1003728/ISIC_3308945.jpg,2,2,2,2,2
inference_data/milk10k/MILK10k_Training_Input/IL_1003728/ISIC_8601570.jpg,1,1,1,1,1
inference_data/milk10k/MILK10k_Training_Input/IL_1006446/ISIC_0919015.jpg,2,2,1,2,2
inference_data/milk10k/MILK10k_Training_Input/IL_1006446/ISIC_0091092.jpg,2,1,1,2,2
inference_data/milk10k/MILK10k_Training_Input/IL_1013534/ISIC_1374683.jpg,3,2,3,3,3
inference_data/milk10k/MILK10k_Training_Input/IL_1013534/ISIC_0552734.jpg,2,1,1,1,2
inference_data/milk10k/MILK10k_Training_Input/IL_1016151/ISIC_8635734.jpg,3,2,3,3,2
inference_data/milk10k/MILK10k_Training_Input/IL_1016151/ISIC_2415589.jpg,3,3,3,3,3
inference_data/milk10k/MILK10k_Training_Input/IL_1020269/ISIC_1963504.jpg,2,2,2,2,2
inference_data/milk10k/MILK10k_Training_Input/IL_1020269/ISIC_3103756.jpg,2,1,2,2,2
inference_data/milk10k/MILK10k_Training_Input/IL_1021886/ISIC_7497769.jpg,3,3,3,3,3
inference_data/milk10k/MILK10k_Training_Input/IL_1021886/ISIC_2320914.jpg,3,2,3,3,3
inference_data/milk10k/MILK10k_Training_Input/IL_1022575/ISIC_0887242.jpg,3,3,3,3,3
inference_data/milk10k/MILK10k_Training_Input/IL_1022575/ISIC_9084534.jpg,1,2,1,1,1
inference_data/milk10k/MILK10k_Training_Input/IL_1024518/ISIC_7853714.jpg,2,2,2,3,2
inference_data/milk10k/MILK10k_Training_Input/IL_1024518/ISIC_6195604.jpg,3,3,3,2,3
inference_data/milk10k/MILK10k_Training_Input/IL_1024813/ISIC_1347520.jpg,3,3,3,3,3
inference_data/milk10k/MILK10k_Training_Input/IL_1024813/ISIC_6078508.jpg,2,2,2,2,2
inference_data/milk10k/MILK10k_Training_Input/IL_1025341/ISIC_0282478.jpg,2,2,2,2,2
inference_data/milk10k/MILK10k_Training_Input/IL_1025341/ISIC_5033470.jpg,1,1,1,1,2
inference_data/milk10k/MILK10k_Training_Input/IL_1026804/ISIC_1037712.jpg,3,2,3,3,3
inference_data/milk10k/MILK10k_Training_Input/IL_1026804/ISIC_8687675.jpg,1,1,1,1,1
inference_data/milk10k/MILK10k_Training_Input/IL_1027638/ISIC_3225587.jpg,3,2,3,3,2
inference_data/milk10k/MILK10k_Training_Input/IL_1027638/ISIC_5093839.jpg,2,2,2,2,2
inference_data/milk10k/MILK10k_Training_Input/IL_1030040/ISIC_5314319.jpg,2,2,2,3,2
inference_data/milk10k/MILK10k_Training_Input/IL_1030040/ISIC_1408695.jpg,2,2,1,1,2
inference_data/milk10k/MILK10k_Training_Input/IL_1030535/ISIC_3906432.jpg,3,3,3,3,3
inference_data/milk10k/MILK10k_Training_Input/IL_1030535/ISIC_1740962.jpg,2,2,2,2,2
inference_data/milk10k/MILK10k_Training_Input/IL_1030671/ISIC_0782621.jpg,4,4,4,3,3
inference_data/milk10k/MILK10k_Training_Input/IL_1030671/ISIC_6691676.jpg,1,1,1,1,1
inference_data/milk10k/MILK10k_Training_Input/IL_1032364/ISIC_9005222.jpg,2,2,2,2,2
inference_data/milk10k/MILK10k_Training_Input/IL_1032364/ISIC_4178690.jpg,1,1,0,1,1
inference_data/milk10k/MILK10k_Training_Input/IL_1036024/ISIC_1610798.jpg,2,2,2,3,2
inference_data/milk10k/MILK10k_Training_Input/IL_1036024/ISIC_9317670.jpg,2,1,2,2,2
inference_data/milk10k/MILK10k_Training_Input/IL_1036573/ISIC_8815763.jpg,3,2,2,3,2
inference_data/milk10k/MILK10k_Training_Input/IL_1036573/ISIC_9436084.jpg,1,1,1,1,1
inference_data/milk10k/MILK10k_Training_Input/IL_1037405/ISIC_3290988.jpg,2,2,2,2,2
inference_data/milk10k/MILK10k_Training_Input/IL_1037405/ISIC_6323263.jpg,2,2,1,2,2
inference_data/milk10k/MILK10k_Training_Input/IL_1037790/ISIC_8159044.jpg,2,2,1,1,2
inference_data/milk10k/MILK10k_Training_Input/IL_1037790/ISIC_4700918.jpg,0,1,0,0,1
inference_data/milk10k/MILK10k_Training_Input/IL_1038225/ISIC_2949444.jpg,2,2,2,2,2
inference_data/milk10k/MILK10k_Training_Input/IL_1038225/ISIC_7272469.jpg,2,2,2,2,2
inference_data/milk10k/MILK10k_Training_Input/IL_1039753/ISIC_1509602.jpg,2,2,2,2,2
inference_data/milk10k/MILK10k_Training_Input/IL_1039753/ISIC_9512371.jpg,1,1,0,1,1
inference_data/milk10k/MILK10k_Training_Input/IL_1042146/ISIC_9310886.jpg,3,3,4,4,3
inference_data/milk10k/MILK10k_Training_Input/IL_1042146/ISIC_3158315.jpg,2,2,2,2,2
inference_data/milk10k/MILK10k_Training_Input/IL_1046735/ISIC_3273746.jpg,1,1,1,2,1
inference_data/milk10k/MILK10k_Training_Input/IL_1046735/ISIC_4277959.jpg,1,2,1,2,1
inference_data/milk10k/MILK10k_Training_Input/IL_1049569/ISIC_1895014.jpg,2,1,1,1,2
inference_data/milk10k/MILK10k_Training_Input/IL_1049569/ISIC_6288293.jpg,1,1,0,1,1
inference_data/milk10k/MILK10k_Training_Input/IL_1050335/ISIC_8209412.jpg,2,2,2,2,2
inference_data/milk10k/MILK10k_Training_Input/IL_1050335/ISIC_9853363.jpg,2,2,2,2,2
inference_data/milk10k/MILK10k_Training_Input/IL_1050579/ISIC_0427475.jpg,2,2,2,3,2
inference_data/milk10k/MILK10k_Training_Input/IL_1050579/ISIC_6461356.jpg,1,1,1,1,1
inference_data/milk10k/MILK10k_Training_Input/IL_1051456/ISIC_6483899.jpg,3,2,2,3,2
inference_data/milk10k/MILK10k_Training_Input/IL_1051456/ISIC_1567381.jpg,1,1,1,1,2
inference_data/milk10k/MILK10k_Training_Input/IL_1057278/ISIC_6846246.jpg,4,3,4,4,3
inference_data/milk10k/MILK10k_Training_Input/IL_1057278/ISIC_1485174.jpg,2,2,2,3,2
inference_data/milk10k/MILK10k_Training_Input/IL_1057711/ISIC_3994760.jpg,3,2,3,3,3
inference_data/milk10k/MILK10k_Training_Input/IL_1057711/ISIC_8012264.jpg,1,1,0,1,1
inference_data/milk10k/MILK10k_Training_Input/IL_1058871/ISIC_5423101.jpg,3,3,3,3,3
inference_data/milk10k/MILK10k_Training_Input/IL_1058871/ISIC_0777452.jpg,2,2,2,2,2
inference_data/milk10k/MILK10k_Training_Input/IL_1059300/ISIC_0363002.jpg,3,2,3,3,3
inference_data/milk10k/MILK10k_Training_Input/IL_1059300/ISIC_5854998.jpg,1,1,1,1,1
inference_data/milk10k/MILK10k_Training_Input/IL_1060778/ISIC_0240393.jpg,2,2,2,2,2
inference_data/milk10k/MILK10k_Training_Input/IL_1060778/ISIC_7567589.jpg,2,2,2,2,2
inference_data/milk10k/MILK10k_Training_Input/IL_1062117/ISIC_5494808.jpg,4,4,4,4,4
inference_data/milk10k/MILK10k_Training_Input/IL_1062117/ISIC_7922830.jpg,1,1,1,1,1
inference_data/milk10k/MILK10k_Training_Input/IL_1062224/ISIC_0572831.jpg,3,2,3,3,2
inference_data/milk10k/MILK10k_Training_Input/IL_1062224/ISIC_5744011.jpg,3,3,3,3,3
inference_data/milk10k/MILK10k_Training_Input/IL_1065158/ISIC_9776410.jpg,2,2,3,3,2
inference_data/milk10k/MILK10k_Training_Input/IL_1065158/ISIC_9875364.jpg,1,1,1,1,1
inference_data/milk10k/MILK10k_Training_Input/IL_1065532/ISIC_7789919.jpg,3,2,3,3,2
inference_data/milk10k/MILK10k_Training_Input/IL_1065532/ISIC_3003010.jpg,1,1,1,1,1
inference_data/milk10k/MILK10k_Training_Input/IL_1066260/ISIC_8830776.jpg,1,1,1,1,1
inference_data/milk10k/MILK10k_Training_Input/IL_1066260/ISIC_4228893.jpg,2,2,1,1,2
inference_data/milk10k/MILK10k_Training_Input/IL_1066401/ISIC_3836605.jpg,2,2,2,2,2
inference_data/milk10k/MILK10k_Training_Input/IL_1066401/ISIC_3040289.jpg,1,1,0,1,1
inference_data/milk10k/MILK10k_Training_Input/IL_1066586/ISIC_2952159.jpg,2,2,2,2,2
inference_data/milk10k/MILK10k_Training_Input/IL_1066586/ISIC_2945370.jpg,1,1,1,2,2
inference_data/milk10k/MILK10k_Training_Input/IL_1072966/ISIC_5137393.jpg,3,3,3,3,3
inference_data/milk10k/MILK10k_Training_Input/IL_1072966/ISIC_8870190.jpg,2,2,2,2,2
inference_data/milk10k/MILK10k_Training_Input/IL_1075637/ISIC_3428379.jpg,2,2,2,2,2
inference_data/milk10k/MILK10k_Training_Input/IL_1075637/ISIC_3303065.jpg,1,1,1,2,2
inference_data/milk10k/MILK10k_Training_Input/IL_1075649/ISIC_8949240.jpg,2,2,2,2,1
inference_data/milk10k/MILK10k_Training_Input/IL_1075649/ISIC_2337998.jpg,1,1,1,1,1
inference_data/milk10k/MILK10k_Training_Input/IL_1075740/ISIC_9260804.jpg,2,2,2,2,2
inference_data/milk10k/MILK10k_Training_Input/IL_1075740/ISIC_1264034.jpg,1,2,1,1,2
inference_data/milk10k/MILK10k_Training_Input/IL_1077035/ISIC_8487958.jpg,2,2,2,2,2
inference_data/milk10k/MILK10k_Training_Input/IL_1077035/ISIC_1364390.jpg,1,1,1,1,1
inference_data/milk10k/MILK10k_Training_Input/IL_1077349/ISIC_6977117.jpg,2,2,3,3,2
inference_data/milk10k/MILK10k_Training_Input/IL_1077349/ISIC_1859626.jpg,2,3,2,2,2
inference_data/milk10k/MILK10k_Training_Input/IL_1077791/ISIC_3861067.jpg,2,2,2,3,2
inference_data/milk10k/MILK10k_Training_Input/IL_1077791/ISIC_3445145.jpg,2,2,1,2,2
inference_data/milk10k/MILK10k_Training_Input/IL_1081068/ISIC_4529704.jpg,1,1,1,1,1
inference_data/milk10k/MILK10k_Training_Input/IL_1081068/ISIC_3983224.jpg,1,1,1,1,1
inference_data/milk10k/MILK10k_Training_Input/IL_1082732/ISIC_4759275.jpg,2,2,2,2,2
inference_data/milk10k/MILK10k_Training_Input/IL_1082732/ISIC_7516346.jpg,2,3,3,3,3
inference_data/milk10k/MILK10k_Training_Input/IL_1085478/ISIC_0754291.jpg,2,1,2,2,2
inference_data/milk10k/MILK10k_Training_Input/IL_1085478/ISIC_1338697.jpg,1,1,1,1,2
inference_data/milk10k/MILK10k_Training_Input/IL_1087504/ISIC_6187812.jpg,3,3,4,4,3
inference_data/milk10k/MILK10k_Training_Input/IL_1087504/ISIC_1763947.jpg,2,2,2,2,2
inference_data/milk10k/MILK10k_Training_Input/IL_1088813/ISIC_7500706.jpg,2,2,1,2,2
inference_data/milk10k/MILK10k_Training_Input/IL_1088813/ISIC_5780488.jpg,2,2,2,2,2
inference_data/milk10k/MILK10k_Training_Input/IL_1089053/ISIC_8861411.jpg,1,2,1,1,1
inference_data/milk10k/MILK10k_Training_Input/IL_1089053/ISIC_9578110.jpg,1,1,1,1,1
inference_data/milk10k/MILK10k_Training_Input/IL_1090086/ISIC_9643087.jpg,2,2,2,3,2
inference_data/milk10k/MILK10k_Training_Input/IL_1090086/ISIC_4674125.jpg,2,2,2,2,2
inference_data/milk10k/MILK10k_Training_Input/IL_1093822/ISIC_5662432.jpg,2,2,1,2,2
inference_data/milk10k/MILK10k_Training_Input/IL_1093822/ISIC_6860247.jpg,2,2,2,2,2
inference_data/milk10k/MILK10k_Training_Input/IL_1094162/ISIC_5881643.jpg,2,2,2,2,2
inference_data/milk10k/MILK10k_Training_Input/IL_1094162/ISIC_6457111.jpg,2,2,2,2,2
inference_data/milk10k/MILK10k_Training_Input/IL_1097416/ISIC_3195835.jpg,4,4,4,4,4
inference_data/milk10k/MILK10k_Training_Input/IL_1097416/ISIC_4969277.jpg,2,2,1,2,2
inference_data/milk10k/MILK10k_Training_Input/IL_1098569/ISIC_2495960.jpg,2,2,2,3,2
inference_data/milk10k/MILK10k_Training_Input/IL_1098569/ISIC_2324691.jpg,2,1,1,2,2
inference_data/milk10k/MILK10k_Training_Input/IL_1099248/ISIC_4900087.jpg,2,1,1,2,2
inference_data/milk10k/MILK10k_Training_Input/IL_1099248/ISIC_4494886.jpg,1,1,1,1,1
inference_data/milk10k/MILK10k_Training_Input/IL_1101904/ISIC_6041310.jpg,3,3,3,3,3
inference_data/milk10k/MILK10k_Training_Input/IL_1101904/ISIC_0426131.jpg,2,2,1,2,2
inference_data/milk10k/MILK10k_Training_Input/IL_1102266/ISIC_3408726.jpg,2,2,2,2,2
inference_data/milk10k/MILK10k_Training_Input/IL_1102266/ISIC_0450792.jpg,1,2,1,1,1
inference_data/milk10k/MILK10k_Training_Input/IL_1104611/ISIC_4488663.jpg,2,2,2,2,2
inference_data/milk10k/MILK10k_Training_Input/IL_1104611/ISIC_9536837.jpg,2,1,1,2,2
inference_data/milk10k/MILK10k_Training_Input/IL_1104647/ISIC_8648920.jpg,2,2,2,2,2
inference_data/milk10k/MILK10k_Training_Input/IL_1104647/ISIC_5616230.jpg,1,1,1,1,2
inference_data/milk10k/MILK10k_Training_Input/IL_1105307/ISIC_2585061.jpg,2,1,2,2,2
inference_data/milk10k/MILK10k_Training_Input/IL_1105307/ISIC_8121619.jpg,1,1,1,1,1
inference_data/milk10k/MILK10k_Training_Input/IL_1110847/ISIC_0441214.jpg,2,2,2,3,2
inference_data/milk10k/MILK10k_Training_Input/IL_1110847/ISIC_3410251.jpg,2,2,1,2,2
inference_data/milk10k/MILK10k_Training_Input/IL_1114001/ISIC_9790247.jpg,4,3,4,4,3
inference_data/milk10k/MILK10k_Training_Input/IL_1114001/ISIC_0855384.jpg,1,1,1,1,1
inference_data/milk10k/MILK10k_Training_Input/IL_1116868/ISIC_9107874.jpg,3,2,3,3,2
inference_data/milk10k/MILK10k_Training_Input/IL_1116868/ISIC_2183795.jpg,1,2,1,1,1
inference_data/milk10k/MILK10k_Training_Input/IL_1118259/ISIC_8097656.jpg,3,2,3,3,3
inference_data/milk10k/MILK10k_Training_Input/IL_1118259/ISIC_2671356.jpg,2,1,2,2,2
inference_data/milk10k/MILK10k_Training_Input/IL_1118490/ISIC_6556418.jpg,2,2,2,2,2
inference_data/milk10k/MILK10k_Training_Input/IL_1118490/ISIC_9268464.jpg,2,2,2,2,2
inference_data/milk10k/MILK10k_Training_Input/IL_1120917/ISIC_8443887.jpg,3,2,3,3,3
inference_data/milk10k/MILK10k_Training_Input/IL_1120917/ISIC_3869104.jpg,1,1,1,1,1
inference_data/milk10k/MILK10k_Training_Input/IL_1122341/ISIC_0719228.jpg,3,2,2,3,2
inference_data/milk10k/MILK10k_Training_Input/IL_1122341/ISIC_0666405.jpg,2,2,2,2,2
inference_data/milk10k/MILK10k_Training_Input/IL_1122729/ISIC_4480429.jpg,2,2,2,2,2
inference_data/milk10k/MILK10k_Training_Input/IL_1122729/ISIC_6938390.jpg,1,1,1,1,1
inference_data/milk10k/MILK10k_Training_Input/IL_1127308/ISIC_3496072.jpg,2,2,2,2,2
inference_data/milk10k/MILK10k_Training_Input/IL_1127308/ISIC_5064865.jpg,2,2,2,2,2
inference_data/milk10k/MILK10k_Training_Input/IL_1128310/ISIC_2579863.jpg,3,3,3,3,3
inference_data/milk10k/MILK10k_Training_Input/IL_1128310/ISIC_7504308.jpg,2,1,1,2,2
inference_data/milk10k/MILK10k_Training_Input/IL_1129675/ISIC_9488771.jpg,2,2,2,2,2
inference_data/milk10k/MILK10k_Training_Input/IL_1129675/ISIC_4955572.jpg,2,1,2,2,2
inference_data/milk10k/MILK10k_Training_Input/IL_1131415/ISIC_5349344.jpg,1,1,1,1,1
inference_data/milk10k/MILK10k_Training_Input/IL_1131415/ISIC_4708288.jpg,2,2,2,2,2
inference_data/milk10k/MILK10k_Training_Input/IL_1131642/ISIC_8597788.jpg,2,2,2,2,2
inference_data/milk10k/MILK10k_Training_Input/IL_1131642/ISIC_2567925.jpg,2,1,1,2,2
inference_data/milk10k/MILK10k_Training_Input/IL_1133754/ISIC_1990181.jpg,3,3,3,3,3
inference_data/milk10k/MILK10k_Training_Input/IL_1133754/ISIC_1379351.jpg,1,1,1,1,1
inference_data/milk10k/MILK10k_Training_Input/IL_1139231/ISIC_2188105.jpg,1,1,1,1,2
inference_data/milk10k/MILK10k_Training_Input/IL_1139231/ISIC_3866655.jpg,1,1,1,1,1
inference_data/milk10k/MILK10k_Training_Input/IL_1140654/ISIC_2903873.jpg,2,2,2,3,2
inference_data/milk10k/MILK10k_Training_Input/IL_1140654/ISIC_6638547.jpg,2,1,2,2,2
inference_data/milk10k/MILK10k_Training_Input/IL_1141738/ISIC_1154405.jpg,1,1,1,1,1
inference_data/milk10k/MILK10k_Training_Input/IL_1141738/ISIC_1102101.jpg,1,1,1,2,2
inference_data/milk10k/MILK10k_Training_Input/IL_1141889/ISIC_5018607.jpg,2,2,2,2,2
inference_data/milk10k/MILK10k_Training_Input/IL_1141889/ISIC_3265817.jpg,2,2,2,2,2
inference_data/milk10k/MILK10k_Training_Input/IL_1150013/ISIC_9609356.jpg,2,2,2,2,2
inference_data/milk10k/MILK10k_Training_Input/IL_1150013/ISIC_5103206.jpg,1,1,1,1,1
inference_data/milk10k/MILK10k_Training_Input/IL_1151731/ISIC_1282117.jpg,2,2,2,3,2
inference_data/milk10k/MILK10k_Training_Input/IL_1151731/ISIC_3468250.jpg,1,1,1,1,1
inference_data/milk10k/MILK10k_Training_Input/IL_1152647/ISIC_7761513.jpg,3,2,3,3,2
inference_data/milk10k/MILK10k_Training_Input/IL_1152647/ISIC_0314216.jpg,1,2,1,2,1
inference_data/milk10k/MILK10k_Training_Input/IL_1154245/ISIC_1525827.jpg,2,2,2,2,2
inference_data/milk10k/MILK10k_Training_Input/IL_1154245/ISIC_5610942.jpg,1,1,1,1,2
inference_data/milk10k/MILK10k_Training_Input/IL_1159424/ISIC_9486029.jpg,3,2,3,3,2
inference_data/milk10k/MILK10k_Training_Input/IL_1159424/ISIC_4312494.jpg,1,1,0,1,1
inference_data/milk10k/MILK10k_Training_Input/IL_1162183/ISIC_0603125.jpg,3,2,3,3,3
inference_data/milk10k/MILK10k_Training_Input/IL_1162183/ISIC_8438291.jpg,2,2,2,2,2
inference_data/milk10k/MILK10k_Training_Input/IL_1166072/ISIC_3491198.jpg,2,1,1,1,1
inference_data/milk10k/MILK10k_Training_Input/IL_1166072/ISIC_7110025.jpg,2,2,2,2,2
inference_data/milk10k/MILK10k_Training_Input/IL_1167409/ISIC_0229794.jpg,2,2,2,2,2
inference_data/milk10k/MILK10k_Training_Input/IL_1167409/ISIC_6982597.jpg,2,1,1,2,2
inference_data/milk10k/MILK10k_Training_Input/IL_1169182/ISIC_2088161.jpg,2,2,2,3,2
inference_data/milk10k/MILK10k_Training_Input/IL_1169182/ISIC_3824162.jpg,1,1,1,1,1
inference_data/milk10k/MILK10k_Training_Input/IL_1170242/ISIC_0695415.jpg,2,2,2,2,2
inference_data/milk10k/MILK10k_Training_Input/IL_1170242/ISIC_8880596.jpg,1,1,1,1,1
inference_data/milk10k/MILK10k_Training_Input/IL_1173774/ISIC_3295711.jpg,3,2,2,3,3
inference_data/milk10k/MILK10k_Training_Input/IL_1173774/ISIC_8389918.jpg,1,1,1,1,2
inference_data/milk10k/MILK10k_Training_Input/IL_1174594/ISIC_0809957.jpg,1,1,1,1,1
inference_data/milk10k/MILK10k_Training_Input/IL_1174594/ISIC_4497112.jpg,1,1,1,1,1
inference_data/milk10k/MILK10k_Training_Input/IL_1175004/ISIC_1212172.jpg,2,2,3,3,2
inference_data/milk10k/MILK10k_Training_Input/IL_1175004/ISIC_5132630.jpg,2,2,2,2,2
inference_data/milk10k/MILK10k_Training_Input/IL_1175883/ISIC_3653173.jpg,2,2,2,2,2
inference_data/milk10k/MILK10k_Training_Input/IL_1175883/ISIC_0245594.jpg,1,1,1,1,1
inference_data/milk10k/MILK10k_Training_Input/IL_1176036/ISIC_0114709.jpg,3,3,3,3,3
inference_data/milk10k/MILK10k_Training_Input/IL_1176036/ISIC_4911521.jpg,2,2,3,3,3
inference_data/milk10k/MILK10k_Training_Input/IL_1178215/ISIC_1347975.jpg,2,2,2,2,2
inference_data/milk10k/MILK10k_Training_Input/IL_1178215/ISIC_6503533.jpg,1,1,1,1,1
inference_data/milk10k/MILK10k_Training_Input/IL_1178770/ISIC_9083944.jpg,2,2,2,2,2
inference_data/milk10k/MILK10k_Training_Input/IL_1178770/ISIC_9447454.jpg,1,1,1,1,1
inference_data/milk10k/MILK10k_Training_Input/IL_1181749/ISIC_3433968.jpg,2,2,2,2,2
inference_data/milk10k/MILK10k_Training_Input/IL_1181749/ISIC_7832392.jpg,1,1,1,1,1
inference_data/milk10k/MILK10k_Training_Input/IL_1184743/ISIC_7928247.jpg,2,2,2,3,2
inference_data/milk10k/MILK10k_Training_Input/IL_1184743/ISIC_7821150.jpg,1,1,1,1,1
inference_data/milk10k/MILK10k_Training_Input/IL_1185786/ISIC_9642154.jpg,2,1,2,2,2
inference_data/milk10k/MILK10k_Training_Input/IL_1185786/ISIC_9700218.jpg,1,2,1,1,1
inference_data/milk10k/MILK10k_Training_Input/IL_1187197/ISIC_3707347.jpg,1,1,1,1,1
inference_data/milk10k/MILK10k_Training_Input/IL_1187197/ISIC_7713646.jpg,1,1,1,1,1
inference_data/milk10k/MILK10k_Training_Input/IL_1188935/ISIC_9004284.jpg,2,1,1,2,2
inference_data/milk10k/MILK10k_Training_Input/IL_1188935/ISIC_5836698.jpg,1,1,1,1,1
inference_data/milk10k/MILK10k_Training_Input/IL_1192220/ISIC_6566937.jpg,3,2,3,3,3
inference_data/milk10k/MILK10k_Training_Input/IL_1192220/ISIC_2321009.jpg,2,1,2,2,2
inference_data/milk10k/MILK10k_Training_Input/IL_1203056/ISIC_5329894.jpg,2,2,2,2,2
inference_data/milk10k/MILK10k_Training_Input/IL_1203056/ISIC_4679707.jpg,3,3,3,3,3
inference_data/milk10k/MILK10k_Training_Input/IL_1207845/ISIC_1487636.jpg,3,3,3,3,3
inference_data/milk10k/MILK10k_Training_Input/IL_1207845/ISIC_0686612.jpg,1,1,0,1,1
inference_data/milk10k/MILK10k_Training_Input/IL_1209024/ISIC_1949396.jpg,2,2,2,2,2
inference_data/milk10k/MILK10k_Training_Input/IL_1209024/ISIC_8976041.jpg,2,2,2,2,2
inference_data/milk10k/MILK10k_Training_Input/IL_1211911/ISIC_6866490.jpg,3,3,3,3,3
inference_data/milk10k/MILK10k_Training_Input/IL_1211911/ISIC_9003113.jpg,2,2,2,2,2
inference_data/milk10k/MILK10k_Training_Input/IL_1212389/ISIC_2784330.jpg,3,3,3,3,3
inference_data/milk10k/MILK10k_Training_Input/IL_1212389/ISIC_7656591.jpg,1,2,1,1,1
inference_data/milk10k/MILK10k_Training_Input/IL_1214545/ISIC_0622255.jpg,2,2,2,2,2
inference_data/milk10k/MILK10k_Training_Input/IL_1214545/ISIC_7320276.jpg,3,3,3,3,3
inference_data/milk10k/MILK10k_Training_Input/IL_1218660/ISIC_2733086.jpg,1,1,1,1,1
inference_data/milk10k/MILK10k_Training_Input/IL_1218660/ISIC_3185277.jpg,2,2,2,2,2
inference_data/milk10k/MILK10k_Training_Input/IL_1222046/ISIC_1916171.jpg,2,2,1,2,2
inference_data/milk10k/MILK10k_Training_Input/IL_1222046/ISIC_4385584.jpg,1,1,1,1,1
inference_data/milk10k/MILK10k_Training_Input/IL_1222860/ISIC_2704222.jpg,3,3,3,3,3
inference_data/milk10k/MILK10k_Training_Input/IL_1222860/ISIC_4885574.jpg,1,1,1,1,1
inference_data/milk10k/MILK10k_Training_Input/IL_1223574/ISIC_9956546.jpg,3,2,3,3,3
inference_data/milk10k/MILK10k_Training_Input/IL_1223574/ISIC_8365405.jpg,2,1,1,2,2
inference_data/milk10k/MILK10k_Training_Input/IL_1225900/ISIC_9121967.jpg,2,2,2,3,2
inference_data/milk10k/MILK10k_Training_Input/IL_1225900/ISIC_2847750.jpg,2,2,2,2,2
inference_data/milk10k/MILK10k_Training_Input/IL_1230964/ISIC_8358325.jpg,3,2,3,3,2
inference_data/milk10k/MILK10k_Training_Input/IL_1230964/ISIC_6582004.jpg,2,2,2,2,2
inference_data/milk10k/MILK10k_Training_Input/IL_1238733/ISIC_8660310.jpg,3,3,3,3,3
inference_data/milk10k/MILK10k_Training_Input/IL_1238733/ISIC_0780574.jpg,2,2,2,2,2
inference_data/milk10k/MILK10k_Training_Input/IL_1239256/ISIC_4923148.jpg,1,1,1,1,1
inference_data/milk10k/MILK10k_Training_Input/IL_1239256/ISIC_7604705.jpg,3,2,3,3,3
inference_data/milk10k/MILK10k_Training_Input/IL_1240049/ISIC_0755062.jpg,2,2,2,2,2
inference_data/milk10k/MILK10k_Training_Input/IL_1240049/ISIC_8307786.jpg,2,2,2,2,2
inference_data/milk10k/MILK10k_Training_Input/IL_1242369/ISIC_1624532.jpg,2,2,2,2,2
inference_data/milk10k/MILK10k_Training_Input/IL_1242369/ISIC_2851725.jpg,1,1,1,1,1
inference_data/milk10k/MILK10k_Training_Input/IL_1243946/ISIC_0552716.jpg,2,2,2,2,2
inference_data/milk10k/MILK10k_Training_Input/IL_1243946/ISIC_7965372.jpg,2,2,2,2,2
inference_data/milk10k/MILK10k_Training_Input/IL_1249286/ISIC_2211437.jpg,3,3,3,3,3
inference_data/milk10k/MILK10k_Training_Input/IL_1249286/ISIC_8436767.jpg,2,2,2,2,2
inference_data/milk10k/MILK10k_Training_Input/IL_1251030/ISIC_6005822.jpg,2,2,2,3,2
inference_data/milk10k/MILK10k_Training_Input/IL_1251030/ISIC_4381662.jpg,2,2,3,3,2
inference_data/milk10k/MILK10k_Training_Input/IL_1252231/ISIC_4509507.jpg,2,2,1,2,1
inference_data/milk10k/MILK10k_Training_Input/IL_1252231/ISIC_5373218.jpg,1,1,1,1,1
inference_data/milk10k/MILK10k_Training_Input/IL_1253074/ISIC_4283540.jpg,2,2,2,2,2
inference_data/milk10k/MILK10k_Training_Input/IL_1253074/ISIC_1090781.jpg,2,2,2,2,2
inference_data/milk10k/MILK10k_Training_Input/IL_1254806/ISIC_5416823.jpg,4,3,4,4,3
inference_data/milk10k/MILK10k_Training_Input/IL_1254806/ISIC_8260850.jpg,2,1,2,2,2
inference_data/milk10k/MILK10k_Training_Input/IL_1259120/ISIC_8236818.jpg,2,2,2,2,2
inference_data/milk10k/MILK10k_Training_Input/IL_1259120/ISIC_7362585.jpg,2,1,1,1,1
inference_data/milk10k/MILK10k_Training_Input/IL_1263439/ISIC_9747544.jpg,2,2,2,2,2
inference_data/milk10k/MILK10k_Training_Input/IL_1263439/ISIC_2100757.jpg,2,2,2,2,2
inference_data/milk10k/MILK10k_Training_Input/IL_1263840/ISIC_7728329.jpg,3,3,3,3,3
inference_data/milk10k/MILK10k_Training_Input/IL_1263840/ISIC_8839329.jpg,2,2,2,2,2
inference_data/milk10k/MILK10k_Training_Input/IL_1264405/ISIC_3289736.jpg,3,3,4,3,3
inference_data/milk10k/MILK10k_Training_Input/IL_1264405/ISIC_2235918.jpg,3,3,3,3,2
inference_data/milk10k/MILK10k_Training_Input/IL_1267317/ISIC_4343032.jpg,2,2,2,2,2
inference_data/milk10k/MILK10k_Training_Input/IL_1267317/ISIC_9560618.jpg,2,1,1,2,2
inference_data/milk10k/MILK10k_Training_Input/IL_1272138/ISIC_5315022.jpg,3,2,2,2,2
inference_data/milk10k/MILK10k_Training_Input/IL_1272138/ISIC_4429544.jpg,2,1,1,2,2
inference_data/milk10k/MILK10k_Training_Input/IL_1272170/ISIC_1947250.jpg,2,2,2,2,2
inference_data/milk10k/MILK10k_Training_Input/IL_1272170/ISIC_6771998.jpg,2,2,3,2,2
inference_data/milk10k/MILK10k_Training_Input/IL_1273535/ISIC_5373976.jpg,1,1,1,2,1
inference_data/milk10k/MILK10k_Training_Input/IL_1273535/ISIC_7630309.jpg,1,1,1,1,1
inference_data/milk10k/MILK10k_Training_Input/IL_1274050/ISIC_5918971.jpg,2,2,2,2,2
inference_data/milk10k/MILK10k_Training_Input/IL_1274050/ISIC_6470630.jpg,1,1,0,1,1
inference_data/milk10k/MILK10k_Training_Input/IL_1274055/ISIC_2427847.jpg,3,2,3,3,3
inference_data/milk10k/MILK10k_Training_Input/IL_1274055/ISIC_1724838.jpg,1,2,1,1,2
inference_data/milk10k/MILK10k_Training_Input/IL_1275816/ISIC_9250861.jpg,3,3,3,3,3
inference_data/milk10k/MILK10k_Training_Input/IL_1275816/ISIC_5047162.jpg,1,1,1,1,2
inference_data/milk10k/MILK10k_Training_Input/IL_1277363/ISIC_5803437.jpg,3,3,3,3,3
inference_data/milk10k/MILK10k_Training_Input/IL_1277363/ISIC_1373637.jpg,3,2,3,2,3
inference_data/milk10k/MILK10k_Training_Input/IL_1280440/ISIC_0210682.jpg,2,2,2,3,2
inference_data/milk10k/MILK10k_Training_Input/IL_1280440/ISIC_0640031.jpg,1,1,1,1,1
inference_data/milk10k/MILK10k_Training_Input/IL_1281940/ISIC_6144246.jpg,3,3,3,3,3
inference_data/milk10k/MILK10k_Training_Input/IL_1281940/ISIC_7482467.jpg,1,1,1,1,1
inference_data/milk10k/MILK10k_Training_Input/IL_1283249/ISIC_0612793.jpg,3,3,3,3,3
inference_data/milk10k/MILK10k_Training_Input/IL_1283249/ISIC_6970909.jpg,3,2,3,3,3
inference_data/milk10k/MILK10k_Training_Input/IL_1286984/ISIC_8685078.jpg,3,2,3,3,3
inference_data/milk10k/MILK10k_Training_Input/IL_1286984/ISIC_3094215.jpg,2,1,2,2,2
inference_data/milk10k/MILK10k_Training_Input/IL_1287592/ISIC_6002458.jpg,1,1,1,1,1
inference_data/milk10k/MILK10k_Training_Input/IL_1287592/ISIC_2093906.jpg,1,1,1,1,1
inference_data/milk10k/MILK10k_Training_Input/IL_1288672/ISIC_6359039.jpg,2,2,2,2,2
inference_data/milk10k/MILK10k_Training_Input/IL_1288672/ISIC_4729676.jpg,2,2,2,2,2
inference_data/milk10k/MILK10k_Training_Input/IL_1289201/ISIC_6277936.jpg,1,1,1,1,1
inference_data/milk10k/MILK10k_Training_Input/IL_1289201/ISIC_9989889.jpg,1,1,1,1,2
inference_data/milk10k/MILK10k_Training_Input/IL_1293344/ISIC_5352485.jpg,2,2,2,2,2
inference_data/milk10k/MILK10k_Training_Input/IL_1293344/ISIC_3028893.jpg,1,2,1,1,2
inference_data/milk10k/MILK10k_Training_Input/IL_1293524/ISIC_1826997.jpg,2,2,2,2,2
inference_data/milk10k/MILK10k_Training_Input/IL_1293524/ISIC_8031107.jpg,2,2,2,2,2
inference_data/milk10k/MILK10k_Training_Input/IL_1300499/ISIC_9544557.jpg,3,2,3,3,3
inference_data/milk10k/MILK10k_Training_Input/IL_1300499/ISIC_4282506.jpg,1,1,0,1,1
inference_data/milk10k/MILK10k_Training_Input/IL_1300657/ISIC_7057641.jpg,4,4,3,4,3
inference_data/milk10k/MILK10k_Training_Input/IL_1300657/ISIC_1237960.jpg,1,1,1,1,1
inference_data/milk10k/MILK10k_Training_Input/IL_1303481/ISIC_3460349.jpg,2,2,2,2,2
inference_data/milk10k/MILK10k_Training_Input/IL_1303481/ISIC_7388680.jpg,1,2,1,2,1
inference_data/milk10k/MILK10k_Training_Input/IL_1303773/ISIC_6893384.jpg,3,2,2,3,2
inference_data/milk10k/MILK10k_Training_Input/IL_1303773/ISIC_7668131.jpg,1,1,1,1,1
inference_data/milk10k/MILK10k_Training_Input/IL_1304235/ISIC_3785448.jpg,3,4,3,3,3
inference_data/milk10k/MILK10k_Training_Input/IL_1304235/ISIC_3730545.jpg,2,2,2,2,2
inference_data/milk10k/MILK10k_Training_Input/IL_1305031/ISIC_2714655.jpg,1,1,1,1,1
inference_data/milk10k/MILK10k_Training_Input/IL_1305031/ISIC_4857268.jpg,1,2,1,2,2
inference_data/milk10k/MILK10k_Training_Input/IL_1311157/ISIC_7390604.jpg,2,2,1,2,2
inference_data/milk10k/MILK10k_Training_Input/IL_1311157/ISIC_3504270.jpg,1,1,1,1,1
inference_data/milk10k/MILK10k_Training_Input/IL_1313145/ISIC_3877894.jpg,2,2,1,2,2
inference_data/milk10k/MILK10k_Training_Input/IL_1313145/ISIC_2846167.jpg,2,2,1,2,2
inference_data/milk10k/MILK10k_Training_Input/IL_1313650/ISIC_3442516.jpg,2,2,2,2,2
inference_data/milk10k/MILK10k_Training_Input/IL_1313650/ISIC_0958356.jpg,2,2,2,2,2
inference_data/milk10k/MILK10k_Training_Input/IL_1314107/ISIC_0149062.jpg,1,2,1,1,1
inference_data/milk10k/MILK10k_Training_Input/IL_1314107/ISIC_6028688.jpg,2,2,1,2,2
inference_data/milk10k/MILK10k_Training_Input/IL_1314812/ISIC_0490330.jpg,2,1,1,2,2
inference_data/milk10k/MILK10k_Training_Input/IL_1314812/ISIC_8944107.jpg,2,1,1,2,2
inference_data/milk10k/MILK10k_Training_Input/IL_1314832/ISIC_0463510.jpg,1,2,1,1,1
inference_data/milk10k/MILK10k_Training_Input/IL_1314832/ISIC_9945392.jpg,1,1,1,1,1
inference_data/milk10k/MILK10k_Training_Input/IL_1319352/ISIC_0284963.jpg,2,2,1,2,1
inference_data/milk10k/MILK10k_Training_Input/IL_1319352/ISIC_8812260.jpg,2,2,2,2,2
inference_data/milk10k/MILK10k_Training_Input/IL_1320390/ISIC_6862130.jpg,3,2,3,3,3
inference_data/milk10k/MILK10k_Training_Input/IL_1320390/ISIC_2930366.jpg,1,1,1,1,1
inference_data/milk10k/MILK10k_Training_Input/IL_1320717/ISIC_6595434.jpg,2,2,2,2,2
inference_data/milk10k/MILK10k_Training_Input/IL_1320717/ISIC_7359025.jpg,2,2,1,2,2
inference_data/milk10k/MILK10k_Training_Input/IL_1322770/ISIC_9204575.jpg,3,3,3,4,3
inference_data/milk10k/MILK10k_Training_Input/IL_1322770/ISIC_9744084.jpg,1,1,1,1,1
inference_data/milk10k/MILK10k_Training_Input/IL_1326669/ISIC_4811323.jpg,2,2,2,2,2
inference_data/milk10k/MILK10k_Training_Input/IL_1326669/ISIC_9092057.jpg,3,3,3,3,3
inference_data/milk10k/MILK10k_Training_Input/IL_1327367/ISIC_5542563.jpg,2,2,2,3,2
inference_data/milk10k/MILK10k_Training_Input/IL_1327367/ISIC_9411450.jpg,2,2,2,2,2
inference_data/milk10k/MILK10k_Training_Input/IL_1328121/ISIC_7079437.jpg,3,3,3,3,3
inference_data/milk10k/MILK10k_Training_Input/IL_1328121/ISIC_0812574.jpg,2,2,2,2,2
inference_data/milk10k/MILK10k_Training_Input/IL_1330840/ISIC_3303900.jpg,1,3,1,2,1
inference_data/milk10k/MILK10k_Training_Input/IL_1330840/ISIC_8516115.jpg,0,0,0,0,0
inference_data/milk10k/MILK10k_Training_Input/IL_1332909/ISIC_0911271.jpg,3,3,3,3,3
inference_data/milk10k/MILK10k_Training_Input/IL_1332909/ISIC_1795097.jpg,2,2,3,2,2
inference_data/milk10k/MILK10k_Training_Input/IL_1334935/ISIC_4439069.jpg,3,3,4,3,3
inference_data/milk10k/MILK10k_Training_Input/IL_1334935/ISIC_3597945.jpg,2,2,2,2,2
inference_data/milk10k/MILK10k_Training_Input/IL_1337093/ISIC_3590619.jpg,2,1,1,2,1
inference_data/milk10k/MILK10k_Training_Input/IL_1337093/ISIC_0822220.jpg,1,1,1,1,1
inference_data/milk10k/MILK10k_Training_Input/IL_1337756/ISIC_2959823.jpg,3,3,3,3,3
inference_data/milk10k/MILK10k_Training_Input/IL_1337756/ISIC_0174755.jpg,1,1,1,1,1
inference_data/milk10k/MILK10k_Training_Input/IL_1339596/ISIC_0271489.jpg,3,2,3,4,3
inference_data/milk10k/MILK10k_Training_Input/IL_1339596/ISIC_1150454.jpg,1,1,1,1,1
inference_data/milk10k/MILK10k_Training_Input/IL_1345766/ISIC_0658837.jpg,2,2,2,2,2
inference_data/milk10k/MILK10k_Training_Input/IL_1345766/ISIC_0423217.jpg,2,2,2,2,2
inference_data/milk10k/MILK10k_Training_Input/IL_1346442/ISIC_4713478.jpg,3,3,3,3,3
inference_data/milk10k/MILK10k_Training_Input/IL_1346442/ISIC_8430655.jpg,1,1,1,1,1
inference_data/milk10k/MILK10k_Training_Input/IL_1348391/ISIC_9640973.jpg,3,3,3,3,3
inference_data/milk10k/MILK10k_Training_Input/IL_1348391/ISIC_9586937.jpg,2,2,1,2,2
inference_data/milk10k/MILK10k_Training_Input/IL_1350763/ISIC_0746532.jpg,3,2,3,3,3
inference_data/milk10k/MILK10k_Training_Input/IL_1350763/ISIC_5092515.jpg,2,2,2,2,2
inference_data/milk10k/MILK10k_Training_Input/IL_1351587/ISIC_2187542.jpg,2,2,2,2,2
inference_data/milk10k/MILK10k_Training_Input/IL_1351587/ISIC_1326309.jpg,1,1,1,1,1
inference_data/milk10k/MILK10k_Training_Input/IL_1353481/ISIC_5674733.jpg,3,2,3,3,3
inference_data/milk10k/MILK10k_Training_Input/IL_1353481/ISIC_4442146.jpg,2,2,2,2,2
inference_data/milk10k/MILK10k_Training_Input/IL_1353803/ISIC_5403927.jpg,3,2,3,3,2
inference_data/milk10k/MILK10k_Training_Input/IL_1353803/ISIC_5995935.jpg,2,2,1,2,2
inference_data/milk10k/MILK10k_Training_Input/IL_1355090/ISIC_2330723.jpg,1,1,1,2,2
inference_data/milk10k/MILK10k_Training_Input/IL_1355090/ISIC_6023245.jpg,1,1,1,1,1
inference_data/milk10k/MILK10k_Training_Input/IL_1356310/ISIC_7497017.jpg,3,3,3,3,3
inference_data/milk10k/MILK10k_Training_Input/IL_1356310/ISIC_4471113.jpg,2,1,1,2,2
inference_data/milk10k/MILK10k_Training_Input/IL_1361358/ISIC_3211369.jpg,2,2,2,2,2
inference_data/milk10k/MILK10k_Training_Input/IL_1361358/ISIC_2832853.jpg,2,1,1,2,2
inference_data/milk10k/MILK10k_Training_Input/IL_1364035/ISIC_1166255.jpg,2,2,2,3,2
inference_data/milk10k/MILK10k_Training_Input/IL_1364035/ISIC_4875335.jpg,2,2,1,1,1
inference_data/milk10k/MILK10k_Training_Input/IL_1366322/ISIC_2455305.jpg,2,2,2,3,2
inference_data/milk10k/MILK10k_Training_Input/IL_1366322/ISIC_1209022.jpg,3,3,3,3,3
inference_data/milk10k/MILK10k_Training_Input/IL_1367516/ISIC_7342682.jpg,2,2,1,2,2
inference_data/milk10k/MILK10k_Training_Input/IL_1367516/ISIC_0442866.jpg,2,2,2,2,2
inference_data/milk10k/MILK10k_Training_Input/IL_1370183/ISIC_4862456.jpg,2,2,2,2,2
inference_data/milk10k/MILK10k_Training_Input/IL_1370183/ISIC_1014424.jpg,3,3,3,3,3
inference_data/milk10k/MILK10k_Training_Input/IL_1378003/ISIC_9060326.jpg,2,1,2,2,2
inference_data/milk10k/MILK10k_Training_Input/IL_1378003/ISIC_8312363.jpg,1,1,0,1,1
inference_data/milk10k/MILK10k_Training_Input/IL_1379461/ISIC_2148940.jpg,2,2,3,3,2
inference_data/milk10k/MILK10k_Training_Input/IL_1379461/ISIC_3304699.jpg,2,2,2,2,2
inference_data/milk10k/MILK10k_Training_Input/IL_1381975/ISIC_0381913.jpg,2,2,2,2,2
inference_data/milk10k/MILK10k_Training_Input/IL_1381975/ISIC_6325623.jpg,1,1,1,1,1
inference_data/milk10k/MILK10k_Training_Input/IL_1387239/ISIC_7971759.jpg,1,1,1,1,1
inference_data/milk10k/MILK10k_Training_Input/IL_1387239/ISIC_9468437.jpg,1,2,1,1,1
inference_data/milk10k/MILK10k_Training_Input/IL_1391368/ISIC_5594942.jpg,2,2,2,2,2
inference_data/milk10k/MILK10k_Training_Input/IL_1391368/ISIC_2418437.jpg,3,3,3,3,3
inference_data/milk10k/MILK10k_Training_Input/IL_1391471/ISIC_2344703.jpg,2,2,2,2,2
inference_data/milk10k/MILK10k_Training_Input/IL_1391471/ISIC_4984469.jpg,1,1,0,1,1
inference_data/milk10k/MILK10k_Training_Input/IL_1392309/ISIC_3657842.jpg,2,2,3,3,2
inference_data/milk10k/MILK10k_Training_Input/IL_1392309/ISIC_4204828.jpg,2,2,3,3,3
inference_data/milk10k/MILK10k_Training_Input/IL_1393183/ISIC_4683384.jpg,2,2,2,3,2
inference_data/milk10k/MILK10k_Training_Input/IL_1393183/ISIC_7464071.jpg,2,2,3,3,2
inference_data/milk10k/MILK10k_Training_Input/IL_1393586/ISIC_6642568.jpg,2,2,2,2,2
inference_data/milk10k/MILK10k_Training_Input/IL_1393586/ISIC_3178945.jpg,2,2,2,2,2
inference_data/milk10k/MILK10k_Training_Input/IL_1393794/ISIC_4066448.jpg,2,2,2,2,2
inference_data/milk10k/MILK10k_Training_Input/IL_1393794/ISIC_1409004.jpg,1,2,1,1,2
inference_data/milk10k/MILK10k_Training_Input/IL_1394947/ISIC_2330431.jpg,3,2,2,3,2
inference_data/milk10k/MILK10k_Training_Input/IL_1394947/ISIC_2824759.jpg,2,2,2,2,2
inference_data/milk10k/MILK10k_Training_Input/IL_1396679/ISIC_6023822.jpg,3,3,3,4,3
inference_data/milk10k/MILK10k_Training_Input/IL_1396679/ISIC_9275120.jpg,2,1,1,1,2
inference_data/milk10k/MILK10k_Training_Input/IL_1397250/ISIC_1539068.jpg,1,1,1,1,1
inference_data/milk10k/MILK10k_Training_Input/IL_1397250/ISIC_2322494.jpg,2,2,1,2,2
inference_data/milk10k/MILK10k_Training_Input/IL_1397522/ISIC_6336649.jpg,2,2,2,2,2
inference_data/milk10k/MILK10k_Training_Input/IL_1397522/ISIC_2590426.jpg,1,1,1,1,1
inference_data/milk10k/MILK10k_Training_Input/IL_1399100/ISIC_2987655.jpg,3,3,3,3,3
inference_data/milk10k/MILK10k_Training_Input/IL_1399100/ISIC_2827093.jpg,1,1,1,1,1
inference_data/milk10k/MILK10k_Training_Input/IL_1403088/ISIC_1757520.jpg,3,2,3,3,3
inference_data/milk10k/MILK10k_Training_Input/IL_1403088/ISIC_6367931.jpg,2,2,2,2,2
inference_data/milk10k/MILK10k_Training_Input/IL_1404122/ISIC_2684838.jpg,3,2,3,3,3
inference_data/milk10k/MILK10k_Training_Input/IL_1404122/ISIC_0101767.jpg,1,1,0,1,1
inference_data/milk10k/MILK10k_Training_Input/IL_1404405/ISIC_1961429.jpg,3,2,3,3,3
inference_data/milk10k/MILK10k_Training_Input/IL_1404405/ISIC_7811672.jpg,1,1,1,1,1
inference_data/milk10k/MILK10k_Training_Input/IL_1405632/ISIC_0338353.jpg,3,3,3,3,3
inference_data/milk10k/MILK10k_Training_Input/IL_1405632/ISIC_5089274.jpg,2,2,1,2,2
inference_data/milk10k/MILK10k_Training_Input/IL_1405890/ISIC_3903505.jpg,2,2,3,3,2
inference_data/milk10k/MILK10k_Training_Input/IL_1405890/ISIC_1653953.jpg,3,3,2,2,2
inference_data/milk10k/MILK10k_Training_Input/IL_1406578/ISIC_3389976.jpg,2,2,2,2,2
inference_data/milk10k/MILK10k_Training_Input/IL_1406578/ISIC_6672065.jpg,2,2,2,2,2
inference_data/milk10k/MILK10k_Training_Input/IL_1407853/ISIC_1902287.jpg,3,2,3,3,3
inference_data/milk10k/MILK10k_Training_Input/IL_1407853/ISIC_9030826.jpg,1,1,1,1,1
inference_data/milk10k/MILK10k_Training_Input/IL_1409066/ISIC_2546414.jpg,2,2,2,2,2
inference_data/milk10k/MILK10k_Training_Input/IL_1409066/ISIC_8549775.jpg,2,2,2,2,2
inference_data/milk10k/MILK10k_Training_Input/IL_1413445/ISIC_4456941.jpg,3,2,3,3,3
inference_data/milk10k/MILK10k_Training_Input/IL_1413445/ISIC_7523542.jpg,2,2,2,2,2
inference_data/milk10k/MILK10k_Training_Input/IL_1416084/ISIC_6534601.jpg,3,2,3,3,2
inference_data/milk10k/MILK10k_Training_Input/IL_1416084/ISIC_2440983.jpg,1,2,1,1,2
inference_data/milk10k/MILK10k_Training_Input/IL_1418098/ISIC_8846852.jpg,4,3,4,3,3
inference_data/milk10k/MILK10k_Training_Input/IL_1418098/ISIC_0735025.jpg,1,1,1,1,1
inference_data/milk10k/MILK10k_Training_Input/IL_1418511/ISIC_4597915.jpg,1,1,1,1,1
inference_data/milk10k/MILK10k_Training_Input/IL_1418511/ISIC_1817453.jpg,1,2,1,1,1
inference_data/milk10k/MILK10k_Training_Input/IL_1418667/ISIC_1622952.jpg,3,3,3,3,3
inference_data/milk10k/MILK10k_Training_Input/IL_1418667/ISIC_2987179.jpg,2,2,2,2,2
inference_data/milk10k/MILK10k_Training_Input/IL_1418796/ISIC_3265828.jpg,2,2,2,2,2
inference_data/milk10k/MILK10k_Training_Input/IL_1418796/ISIC_2645530.jpg,2,2,1,2,2
inference_data/milk10k/MILK10k_Training_Input/IL_1422027/ISIC_6484434.jpg,2,2,2,2,2
inference_data/milk10k/MILK10k_Training_Input/IL_1422027/ISIC_6730946.jpg,2,2,2,2,2
inference_data/milk10k/MILK10k_Training_Input/IL_1423650/ISIC_2052135.jpg,1,1,1,1,1
inference_data/milk10k/MILK10k_Training_Input/IL_1423650/ISIC_7945457.jpg,1,1,1,1,1
inference_data/milk10k/MILK10k_Training_Input/IL_1427039/ISIC_0765311.jpg,2,2,2,2,2
inference_data/milk10k/MILK10k_Training_Input/IL_1427039/ISIC_2220505.jpg,1,1,0,1,1
inference_data/milk10k/MILK10k_Training_Input/IL_1427561/ISIC_4375630.jpg,2,2,2,2,2
inference_data/milk10k/MILK10k_Training_Input/IL_1427561/ISIC_0700335.jpg,3,3,3,3,3
inference_data/milk10k/MILK10k_Training_Input/IL_1434019/ISIC_5607974.jpg,3,3,3,3,3
inference_data/milk10k/MILK10k_Training_Input/IL_1434019/ISIC_3687721.jpg,1,1,1,1,1
inference_data/milk10k/MILK10k_Training_Input/IL_1436809/ISIC_8207675.jpg,2,2,2,3,2
inference_data/milk10k/MILK10k_Training_Input/IL_1436809/ISIC_3469837.jpg,1,1,1,1,1
inference_data/milk10k/MILK10k_Training_Input/IL_1437147/ISIC_6072439.jpg,2,2,2,3,3
inference_data/milk10k/MILK10k_Training_Input/IL_1437147/ISIC_8783624.jpg,2,2,1,2,2
inference_data/milk10k/MILK10k_Training_Input/IL_1438127/ISIC_5306039.jpg,2,2,1,2,2
inference_data/milk10k/MILK10k_Training_Input/IL_1438127/ISIC_4934707.jpg,1,1,1,1,1
inference_data/milk10k/MILK10k_Training_Input/IL_1438394/ISIC_8695319.jpg,3,3,3,3,2
inference_data/milk10k/MILK10k_Training_Input/IL_1438394/ISIC_1595455.jpg,1,1,1,1,1
inference_data/milk10k/MILK10k_Training_Input/IL_1438397/ISIC_0442192.jpg,4,3,4,4,3
inference_data/milk10k/MILK10k_Training_Input/IL_1438397/ISIC_0935658.jpg,2,1,2,2,2
inference_data/milk10k/MILK10k_Training_Input/IL_1439879/ISIC_0823916.jpg,2,2,2,2,2
inference_data/milk10k/MILK10k_Training_Input/IL_1439879/ISIC_8288141.jpg,2,1,1,2,2
inference_data/milk10k/MILK10k_Training_Input/IL_1441711/ISIC_1181197.jpg,2,2,2,2,2
inference_data/milk10k/MILK10k_Training_Input/IL_1441711/ISIC_5054841.jpg,2,2,1,2,2
inference_data/milk10k/MILK10k_Training_Input/IL_1442151/ISIC_7996471.jpg,3,3,3,3,3
inference_data/milk10k/MILK10k_Training_Input/IL_1442151/ISIC_9697273.jpg,2,2,2,2,2
inference_data/milk10k/MILK10k_Training_Input/IL_1443713/ISIC_4123715.jpg,2,2,2,2,2
inference_data/milk10k/MILK10k_Training_Input/IL_1443713/ISIC_7083773.jpg,2,1,1,1,2
inference_data/milk10k/MILK10k_Training_Input/IL_1445099/ISIC_2396618.jpg,1,1,1,1,2
inference_data/milk10k/MILK10k_Training_Input/IL_1445099/ISIC_5509679.jpg,1,1,0,1,1
inference_data/milk10k/MILK10k_Training_Input/IL_1446570/ISIC_5953696.jpg,2,2,2,2,2
inference_data/milk10k/MILK10k_Training_Input/IL_1446570/ISIC_5240279.jpg,1,1,1,1,1
inference_data/milk10k/MILK10k_Training_Input/IL_1448486/ISIC_0659229.jpg,2,2,2,2,2
inference_data/milk10k/MILK10k_Training_Input/IL_1448486/ISIC_7297776.jpg,2,2,2,3,2
inference_data/milk10k/MILK10k_Training_Input/IL_1452313/ISIC_8325885.jpg,1,1,1,2,1
inference_data/milk10k/MILK10k_Training_Input/IL_1452313/ISIC_6783253.jpg,1,1,0,1,1
inference_data/milk10k/MILK10k_Training_Input/IL_1453755/ISIC_4194507.jpg,2,2,2,2,2
inference_data/milk10k/MILK10k_Training_Input/IL_1453755/ISIC_0100523.jpg,1,1,1,1,1
inference_data/milk10k/MILK10k_Training_Input/IL_1456101/ISIC_2695703.jpg,2,2,2,2,2
inference_data/milk10k/MILK10k_Training_Input/IL_1456101/ISIC_5703250.jpg,1,1,0,1,1
inference_data/milk10k/MILK10k_Training_Input/IL_1461373/ISIC_1575643.jpg,3,3,3,3,3
inference_data/milk10k/MILK10k_Training_Input/IL_1461373/ISIC_2492745.jpg,1,1,1,1,1
inference_data/milk10k/MILK10k_Training_Input/IL_1468442/ISIC_8732830.jpg,3,3,3,3,3
inference_data/milk10k/MILK10k_Training_Input/IL_1468442/ISIC_1001492.jpg,3,3,3,3,3
inference_data/milk10k/MILK10k_Training_Input/IL_1469055/ISIC_8357175.jpg,2,2,2,2,2
inference_data/milk10k/MILK10k_Training_Input/IL_1469055/ISIC_5968779.jpg,1,1,1,1,1
inference_data/milk10k/MILK10k_Training_Input/IL_1470267/ISIC_6967255.jpg,2,2,2,3,2
inference_data/milk10k/MILK10k_Training_Input/IL_1470267/ISIC_7665103.jpg,1,1,1,1,1
inference_data/milk10k/MILK10k_Training_Input/IL_1470689/ISIC_6660770.jpg,2,2,3,2,2
inference_data/milk10k/MILK10k_Training_Input/IL_1470689/ISIC_9992299.jpg,2,2,2,2,2
inference_data/milk10k/MILK10k_Training_Input/IL_1477835/ISIC_1172471.jpg,3,2,2,3,2
inference_data/milk10k/MILK10k_Training_Input/IL_1477835/ISIC_7077229.jpg,2,2,1,2,2
inference_data/milk10k/MILK10k_Training_Input/IL_1478833/ISIC_6857013.jpg,3,3,3,3,3
inference_data/milk10k/MILK10k_Training_Input/IL_1478833/ISIC_7200761.jpg,2,3,2,2,2
inference_data/milk10k/MILK10k_Training_Input/IL_1479283/ISIC_1334612.jpg,1,1,1,1,1
inference_data/milk10k/MILK10k_Training_Input/IL_1479283/ISIC_5831158.jpg,1,1,1,1,1
inference_data/milk10k/MILK10k_Training_Input/IL_1480174/ISIC_3845812.jpg,3,2,3,3,3
inference_data/milk10k/MILK10k_Training_Input/IL_1480174/ISIC_2247564.jpg,3,2,3,3,3
inference_data/milk10k/MILK10k_Training_Input/IL_1482319/ISIC_1432273.jpg,1,1,1,1,1
inference_data/milk10k/MILK10k_Training_Input/IL_1482319/ISIC_6155449.jpg,2,2,2,2,2
inference_data/milk10k/MILK10k_Training_Input/IL_1484044/ISIC_5675115.jpg,3,3,3,3,3
inference_data/milk10k/MILK10k_Training_Input/IL_1484044/ISIC_7374556.jpg,2,2,1,2,2
inference_data/milk10k/MILK10k_Training_Input/IL_1485026/ISIC_4350109.jpg,3,2,2,3,2
inference_data/milk10k/MILK10k_Training_Input/IL_1485026/ISIC_0745953.jpg,2,2,1,2,2
inference_data/milk10k/MILK10k_Training_Input/IL_1486691/ISIC_2425477.jpg,2,2,2,2,2
inference_data/milk10k/MILK10k_Training_Input/IL_1486691/ISIC_0141634.jpg,2,2,2,2,2
inference_data/milk10k/MILK10k_Training_Input/IL_1492358/ISIC_0522356.jpg,3,3,3,3,3
inference_data/milk10k/MILK10k_Training_Input/IL_1492358/ISIC_0694740.jpg,1,1,1,1,1
inference_data/milk10k/MILK10k_Training_Input/IL_1495229/ISIC_4291408.jpg,3,2,3,3,3
inference_data/milk10k/MILK10k_Training_Input/IL_1495229/ISIC_3347493.jpg,1,1,1,1,2
inference_data/milk10k/MILK10k_Training_Input/IL_1496554/ISIC_5536536.jpg,3,3,3,3,3
inference_data/milk10k/MILK10k_Training_Input/IL_1496554/ISIC_2716900.jpg,2,2,2,2,2
inference_data/milk10k/MILK10k_Training_Input/IL_1500549/ISIC_9233649.jpg,2,2,2,2,2
inference_data/milk10k/MILK10k_Training_Input/IL_1500549/ISIC_9706117.jpg,1,1,1,1,1
inference_data/milk10k/MILK10k_Training_Input/IL_1501227/ISIC_1529815.jpg,2,2,2,2,2
inference_data/milk10k/MILK10k_Training_Input/IL_1501227/ISIC_7261525.jpg,2,2,2,2,2
inference_data/milk10k/MILK10k_Training_Input/IL_1501614/ISIC_8953004.jpg,2,2,2,2,2
inference_data/milk10k/MILK10k_Training_Input/IL_1501614/ISIC_6561654.jpg,2,2,1,2,2
inference_data/milk10k/MILK10k_Training_Input/IL_1504585/ISIC_4484804.jpg,1,1,1,1,1
inference_data/milk10k/MILK10k_Training_Input/IL_1504585/ISIC_5512440.jpg,2,2,2,2,2
inference_data/milk10k/MILK10k_Training_Input/IL_1504921/ISIC_0813563.jpg,2,2,2,2,2
inference_data/milk10k/MILK10k_Training_Input/IL_1504921/ISIC_7063713.jpg,1,1,1,1,1
inference_data/milk10k/MILK10k_Training_Input/IL_1509738/ISIC_6914473.jpg,2,2,2,2,2
inference_data/milk10k/MILK10k_Training_Input/IL_1509738/ISIC_9038494.jpg,2,2,2,2,3
inference_data/milk10k/MILK10k_Training_Input/IL_1509760/ISIC_3833952.jpg,3,3,3,3,3
inference_data/milk10k/MILK10k_Training_Input/IL_1509760/ISIC_5901436.jpg,1,1,1,1,1
inference_data/milk10k/MILK10k_Training_Input/IL_1510895/ISIC_1135277.jpg,2,2,2,2,2
inference_data/milk10k/MILK10k_Training_Input/IL_1510895/ISIC_4919090.jpg,2,2,2,2,2
inference_data/milk10k/MILK10k_Training_Input/IL_1510919/ISIC_2706513.jpg,3,3,3,3,3
inference_data/milk10k/MILK10k_Training_Input/IL_1510919/ISIC_5399025.jpg,1,1,1,1,1
inference_data/milk10k/MILK10k_Training_Input/IL_1511744/ISIC_7744368.jpg,1,2,1,1,2
inference_data/milk10k/MILK10k_Training_Input/IL_1511744/ISIC_4306480.jpg,2,2,1,2,2
inference_data/milk10k/MILK10k_Training_Input/IL_1512724/ISIC_1386630.jpg,2,2,3,3,2
inference_data/milk10k/MILK10k_Training_Input/IL_1512724/ISIC_7335595.jpg,2,2,2,3,2
inference_data/milk10k/MILK10k_Training_Input/IL_1515252/ISIC_2343149.jpg,2,2,2,2,2
inference_data/milk10k/MILK10k_Training_Input/IL_1515252/ISIC_3167917.jpg,1,1,1,1,1
inference_data/milk10k/MILK10k_Training_Input/IL_1517338/ISIC_2380836.jpg,1,1,1,1,1
inference_data/milk10k/MILK10k_Training_Input/IL_1517338/ISIC_2302262.jpg,1,1,1,1,1
inference_data/milk10k/MILK10k_Training_Input/IL_1524130/ISIC_8879305.jpg,3,2,2,3,3
inference_data/milk10k/MILK10k_Training_Input/IL_1524130/ISIC_8723221.jpg,1,1,1,1,1
inference_data/milk10k/MILK10k_Training_Input/IL_1528983/ISIC_4621745.jpg,3,2,3,3,2
inference_data/milk10k/MILK10k_Training_Input/IL_1528983/ISIC_7061593.jpg,1,2,1,1,2
inference_data/milk10k/MILK10k_Training_Input/IL_1529488/ISIC_4640643.jpg,2,2,2,2,2
inference_data/milk10k/MILK10k_Training_Input/IL_1529488/ISIC_3002045.jpg,1,1,1,1,1
inference_data/milk10k/MILK10k_Training_Input/IL_1530235/ISIC_1059467.jpg,3,3,3,3,3
inference_data/milk10k/MILK10k_Training_Input/IL_1530235/ISIC_2355114.jpg,2,1,1,2,1
inference_data/milk10k/MILK10k_Training_Input/IL_1535763/ISIC_5902397.jpg,2,2,2,2,2
inference_data/milk10k/MILK10k_Training_Input/IL_1535763/ISIC_7311133.jpg,1,1,1,1,1
inference_data/milk10k/MILK10k_Training_Input/IL_1537266/ISIC_7051147.jpg,2,2,2,2,2
inference_data/milk10k/MILK10k_Training_Input/IL_1537266/ISIC_6508139.jpg,1,1,1,1,1
inference_data/milk10k/MILK10k_Training_Input/IL_1538395/ISIC_1711494.jpg,2,2,1,2,2
inference_data/milk10k/MILK10k_Training_Input/IL_1538395/ISIC_8619763.jpg,2,2,1,2,2
inference_data/milk10k/MILK10k_Training_Input/IL_1538944/ISIC_4474327.jpg,3,2,3,3,2
inference_data/milk10k/MILK10k_Training_Input/IL_1538944/ISIC_0684627.jpg,2,2,1,2,2
inference_data/milk10k/MILK10k_Training_Input/IL_1539562/ISIC_0907716.jpg,3,3,3,4,3
inference_data/milk10k/MILK10k_Training_Input/IL_1539562/ISIC_0950495.jpg,1,1,1,1,1
inference_data/milk10k/MILK10k_Training_Input/IL_1539688/ISIC_2706078.jpg,2,2,3,3,2
inference_data/milk10k/MILK10k_Training_Input/IL_1539688/ISIC_8604474.jpg,2,2,1,1,1
inference_data/milk10k/MILK10k_Training_Input/IL_1543931/ISIC_5965144.jpg,1,1,1,1,1
inference_data/milk10k/MILK10k_Training_Input/IL_1543931/ISIC_8695455.jpg,1,1,1,1,2
inference_data/milk10k/MILK10k_Training_Input/IL_1544139/ISIC_5135848.jpg,2,2,2,2,2
inference_data/milk10k/MILK10k_Training_Input/IL_1544139/ISIC_2919752.jpg,1,1,1,1,1
inference_data/milk10k/MILK10k_Training_Input/IL_1546321/ISIC_2616510.jpg,3,2,3,3,2
inference_data/milk10k/MILK10k_Training_Input/IL_1546321/ISIC_5461210.jpg,1,1,1,1,1
inference_data/milk10k/MILK10k_Training_Input/IL_1549960/ISIC_6115571.jpg,3,3,3,3,3
inference_data/milk10k/MILK10k_Training_Input/IL_1549960/ISIC_7322599.jpg,2,2,2,2,2
inference_data/milk10k/MILK10k_Training_Input/IL_1555108/ISIC_0377418.jpg,3,3,3,3,3
inference_data/milk10k/MILK10k_Training_Input/IL_1555108/ISIC_4216061.jpg,2,2,2,2,2
inference_data/milk10k/MILK10k_Training_Input/IL_1556034/ISIC_6318075.jpg,2,2,2,3,2
inference_data/milk10k/MILK10k_Training_Input/IL_1556034/ISIC_7134919.jpg,1,1,0,1,1
inference_data/milk10k/MILK10k_Training_Input/IL_1557433/ISIC_8390299.jpg,1,1,1,1,1
inference_data/milk10k/MILK10k_Training_Input/IL_1557433/ISIC_1826564.jpg,2,2,2,2,2
inference_data/milk10k/MILK10k_Training_Input/IL_1558479/ISIC_1908460.jpg,2,2,2,2,2
inference_data/milk10k/MILK10k_Training_Input/IL_1558479/ISIC_2214376.jpg,1,1,0,1,1
inference_data/milk10k/MILK10k_Training_Input/IL_1558791/ISIC_3459198.jpg,3,2,3,3,3
inference_data/milk10k/MILK10k_Training_Input/IL_1558791/ISIC_0519768.jpg,2,2,2,2,2
inference_data/milk10k/MILK10k_Training_Input/IL_1559121/ISIC_2281577.jpg,4,4,4,4,4
inference_data/milk10k/MILK10k_Training_Input/IL_1559121/ISIC_6365088.jpg,2,2,1,2,2
inference_data/milk10k/MILK10k_Training_Input/IL_1561326/ISIC_0914299.jpg,3,2,3,3,2
inference_data/milk10k/MILK10k_Training_Input/IL_1561326/ISIC_3965502.jpg,2,2,2,2,2
inference_data/milk10k/MILK10k_Training_Input/IL_1562251/ISIC_0185358.jpg,1,1,1,1,2
inference_data/milk10k/MILK10k_Training_Input/IL_1562251/ISIC_4391227.jpg,1,1,1,2,2
inference_data/milk10k/MILK10k_Training_Input/IL_1564314/ISIC_1557842.jpg,2,2,3,3,2
inference_data/milk10k/MILK10k_Training_Input/IL_1564314/ISIC_9570770.jpg,1,2,1,1,1
inference_data/milk10k/MILK10k_Training_Input/IL_1565112/ISIC_1492266.jpg,3,3,3,3,3
inference_data/milk10k/MILK10k_Training_Input/IL_1565112/ISIC_1646339.jpg,2,2,2,2,2
inference_data/milk10k/MILK10k_Training_Input/IL_1565255/ISIC_9489767.jpg,2,1,1,2,2
inference_data/milk10k/MILK10k_Training_Input/IL_1565255/ISIC_0881507.jpg,1,2,0,1,2
inference_data/milk10k/MILK10k_Training_Input/IL_1565429/ISIC_4313961.jpg,3,2,3,3,2
inference_data/milk10k/MILK10k_Training_Input/IL_1565429/ISIC_9424882.jpg,1,1,1,1,1
inference_data/milk10k/MILK10k_Training_Input/IL_1567374/ISIC_9011999.jpg,2,2,2,3,2
inference_data/milk10k/MILK10k_Training_Input/IL_1567374/ISIC_5124607.jpg,2,2,1,2,2
inference_data/milk10k/MILK10k_Training_Input/IL_1567666/ISIC_9465394.jpg,3,2,3,3,2
inference_data/milk10k/MILK10k_Training_Input/IL_1567666/ISIC_8313343.jpg,1,1,1,1,1
inference_data/milk10k/MILK10k_Training_Input/IL_1569334/ISIC_5588711.jpg,3,2,3,3,2
inference_data/milk10k/MILK10k_Training_Input/IL_1569334/ISIC_1821539.jpg,1,1,1,1,1
inference_data/milk10k/MILK10k_Training_Input/IL_1569644/ISIC_0255886.jpg,3,3,3,4,3
inference_data/milk10k/MILK10k_Training_Input/IL_1569644/ISIC_1462492.jpg,1,1,1,1,1
inference_data/milk10k/MILK10k_Training_Input/IL_1571488/ISIC_3328629.jpg,2,2,1,2,2
inference_data/milk10k/MILK10k_Training_Input/IL_1571488/ISIC_4795806.jpg,1,1,0,1,1
inference_data/milk10k/MILK10k_Training_Input/IL_1571556/ISIC_2762745.jpg,2,2,2,2,2
inference_data/milk10k/MILK10k_Training_Input/IL_1571556/ISIC_8832843.jpg,1,1,1,1,1
inference_data/milk10k/MILK10k_Training_Input/IL_1572038/ISIC_1496714.jpg,3,3,3,3,3
inference_data/milk10k/MILK10k_Training_Input/IL_1572038/ISIC_0497851.jpg,2,2,2,2,2
inference_data/milk10k/MILK10k_Training_Input/IL_1572653/ISIC_9794743.jpg,3,2,3,3,2
inference_data/milk10k/MILK10k_Training_Input/IL_1572653/ISIC_4929586.jpg,2,2,2,2,2
inference_data/milk10k/MILK10k_Training_Input/IL_1575881/ISIC_4288009.jpg,3,3,3,3,3
inference_data/milk10k/MILK10k_Training_Input/IL_1575881/ISIC_7805699.jpg,1,1,1,1,1
inference_data/milk10k/MILK10k_Training_Input/IL_1575936/ISIC_2667471.jpg,1,1,0,0,0
inference_data/milk10k/MILK10k_Training_Input/IL_1575936/ISIC_5947248.jpg,1,1,1,1,1
inference_data/milk10k/MILK10k_Training_Input/IL_1576423/ISIC_6421198.jpg,3,2,2,3,2
inference_data/milk10k/MILK10k_Training_Input/IL_1576423/ISIC_6250232.jpg,1,1,1,1,1
inference_data/milk10k/MILK10k_Training_Input/IL_1577299/ISIC_8064864.jpg,1,1,1,1,1
inference_data/milk10k/MILK10k_Training_Input/IL_1577299/ISIC_9254710.jpg,1,1,1,1,1
inference_data/milk10k/MILK10k_Training_Input/IL_1577473/ISIC_3873657.jpg,2,2,2,2,2
inference_data/milk10k/MILK10k_Training_Input/IL_1577473/ISIC_9073665.jpg,3,2,3,3,2
inference_data/milk10k/MILK10k_Training_Input/IL_1587748/ISIC_8318215.jpg,4,4,4,4,4
inference_data/milk10k/MILK10k_Training_Input/IL_1587748/ISIC_2868713.jpg,2,2,2,2,2
inference_data/milk10k/MILK10k_Training_Input/IL_1592850/ISIC_9269238.jpg,2,2,2,2,2
inference_data/milk10k/MILK10k_Training_Input/IL_1592850/ISIC_9139090.jpg,1,1,1,1,1
inference_data/milk10k/MILK10k_Training_Input/IL_1595494/ISIC_6044984.jpg,2,2,2,2,2
inference_data/milk10k/MILK10k_Training_Input/IL_1595494/ISIC_2796878.jpg,2,2,2,2,2
inference_data/milk10k/MILK10k_Training_Input/IL_1595828/ISIC_3902457.jpg,3,3,3,3,3
inference_data/milk10k/MILK10k_Training_Input/IL_1595828/ISIC_4801832.jpg,2,1,1,1,2
inference_data/milk10k/MILK10k_Training_Input/IL_1601873/ISIC_9545117.jpg,3,3,3,4,3
inference_data/milk10k/MILK10k_Training_Input/IL_1601873/ISIC_8921695.jpg,2,2,2,2,2
inference_data/milk10k/MILK10k_Training_Input/IL_1606035/ISIC_2462068.jpg,1,1,1,1,1
inference_data/milk10k/MILK10k_Training_Input/IL_1606035/ISIC_7614845.jpg,2,1,1,2,1
inference_data/milk10k/MILK10k_Training_Input/IL_1606661/ISIC_4171479.jpg,2,2,2,2,2
inference_data/milk10k/MILK10k_Training_Input/IL_1606661/ISIC_2174727.jpg,1,1,1,1,1
inference_data/milk10k/MILK10k_Training_Input/IL_1608004/ISIC_6908565.jpg,3,3,3,3,3
inference_data/milk10k/MILK10k_Training_Input/IL_1608004/ISIC_8254063.jpg,2,1,1,2,2
inference_data/milk10k/MILK10k_Training_Input/IL_1608050/ISIC_4285661.jpg,3,2,2,2,2
inference_data/milk10k/MILK10k_Training_Input/IL_1608050/ISIC_2116783.jpg,2,2,1,2,2
inference_data/milk10k/MILK10k_Training_Input/IL_1608100/ISIC_4071634.jpg,3,3,3,3,3
inference_data/milk10k/MILK10k_Training_Input/IL_1608100/ISIC_2970971.jpg,1,1,1,1,1
inference_data/milk10k/MILK10k_Training_Input/IL_1609531/ISIC_7778485.jpg,3,2,3,3,3
inference_data/milk10k/MILK10k_Training_Input/IL_1609531/ISIC_5224246.jpg,2,1,1,2,2
inference_data/milk10k/MILK10k_Training_Input/IL_1609893/ISIC_9069540.jpg,3,2,2,3,3
inference_data/milk10k/MILK10k_Training_Input/IL_1609893/ISIC_0913438.jpg,2,2,2,2,2
inference_data/milk10k/MILK10k_Training_Input/IL_1610839/ISIC_3021033.jpg,2,2,2,2,2
inference_data/milk10k/MILK10k_Training_Input/IL_1610839/ISIC_9518414.jpg,1,1,1,1,1
inference_data/milk10k/MILK10k_Training_Input/IL_1611761/ISIC_8079388.jpg,3,3,3,4,3
inference_data/milk10k/MILK10k_Training_Input/IL_1611761/ISIC_7184709.jpg,2,2,2,2,2
inference_data/milk10k/MILK10k_Training_Input/IL_1612768/ISIC_0586691.jpg,1,1,1,1,2
inference_data/milk10k/MILK10k_Training_Input/IL_1612768/ISIC_0051817.jpg,1,2,1,2,2
inference_data/milk10k/MILK10k_Training_Input/IL_1615908/ISIC_0647017.jpg,2,2,2,2,2
inference_data/milk10k/MILK10k_Training_Input/IL_1615908/ISIC_7692464.jpg,2,1,1,1,2
inference_data/milk10k/MILK10k_Training_Input/IL_1617304/ISIC_0259020.jpg,3,2,3,3,3
inference_data/milk10k/MILK10k_Training_Input/IL_1617304/ISIC_1806373.jpg,1,1,1,1,2
inference_data/milk10k/MILK10k_Training_Input/IL_1618054/ISIC_8693433.jpg,4,4,4,4,4
inference_data/milk10k/MILK10k_Training_Input/IL_1618054/ISIC_3460141.jpg,1,1,1,1,1
inference_data/milk10k/MILK10k_Training_Input/IL_1618148/ISIC_6705726.jpg,3,3,3,3,2
inference_data/milk10k/MILK10k_Training_Input/IL_1618148/ISIC_7949818.jpg,2,1,1,1,2
inference_data/milk10k/MILK10k_Training_Input/IL_1618777/ISIC_7559808.jpg,2,1,1,2,1
inference_data/milk10k/MILK10k_Training_Input/IL_1618777/ISIC_5255131.jpg,2,3,2,3,3
inference_data/milk10k/MILK10k_Training_Input/IL_1621058/ISIC_1129242.jpg,3,2,3,3,2
inference_data/milk10k/MILK10k_Training_Input/IL_1621058/ISIC_9658944.jpg,1,2,2,1,2
inference_data/milk10k/MILK10k_Training_Input/IL_1622119/ISIC_9308029.jpg,1,1,1,2,2
inference_data/milk10k/MILK10k_Training_Input/IL_1622119/ISIC_4168419.jpg,2,2,2,2,2
inference_data/milk10k/MILK10k_Training_Input/IL_1623050/ISIC_9617606.jpg,3,3,3,3,3
inference_data/milk10k/MILK10k_Training_Input/IL_1623050/ISIC_7943939.jpg,2,2,1,2,2
inference_data/milk10k/MILK10k_Training_Input/IL_1623260/ISIC_7076572.jpg,2,2,2,2,2
inference_data/milk10k/MILK10k_Training_Input/IL_1623260/ISIC_7903287.jpg,2,2,2,2,2
inference_data/milk10k/MILK10k_Training_Input/IL_1623659/ISIC_9673021.jpg,3,2,3,3,3
inference_data/milk10k/MILK10k_Training_Input/IL_1623659/ISIC_1966383.jpg,2,1,1,2,2
inference_data/milk10k/MILK10k_Training_Input/IL_1625931/ISIC_1482756.jpg,3,3,4,4,3
inference_data/milk10k/MILK10k_Training_Input/IL_1625931/ISIC_2094021.jpg,2,2,2,2,2
inference_data/milk10k/MILK10k_Training_Input/IL_1627026/ISIC_5205572.jpg,2,2,2,2,2
inference_data/milk10k/MILK10k_Training_Input/IL_1627026/ISIC_9807754.jpg,2,2,2,2,2
inference_data/milk10k/MILK10k_Training_Input/IL_1629455/ISIC_9513919.jpg,3,3,3,3,3
inference_data/milk10k/MILK10k_Training_Input/IL_1629455/ISIC_7424370.jpg,2,2,2,2,2
inference_data/milk10k/MILK10k_Training_Input/IL_1633502/ISIC_8424294.jpg,1,1,1,1,1
inference_data/milk10k/MILK10k_Training_Input/IL_1633502/ISIC_0727761.jpg,2,2,1,2,2
inference_data/milk10k/MILK10k_Training_Input/IL_1641012/ISIC_2293783.jpg,2,1,1,2,2
inference_data/milk10k/MILK10k_Training_Input/IL_1641012/ISIC_1733416.jpg,1,1,1,1,1
inference_data/milk10k/MILK10k_Training_Input/IL_1641261/ISIC_3725108.jpg,2,2,2,2,2
inference_data/milk10k/MILK10k_Training_Input/IL_1641261/ISIC_5072182.jpg,1,1,1,1,1
inference_data/milk10k/MILK10k_Training_Input/IL_1641908/ISIC_4722161.jpg,3,2,3,3,3
inference_data/milk10k/MILK10k_Training_Input/IL_1641908/ISIC_2320348.jpg,2,2,2,2,2
inference_data/milk10k/MILK10k_Training_Input/IL_1644397/ISIC_6933511.jpg,2,2,2,2,2
inference_data/milk10k/MILK10k_Training_Input/IL_1644397/ISIC_7592017.jpg,1,1,1,1,1
inference_data/milk10k/MILK10k_Training_Input/IL_1645941/ISIC_4362069.jpg,3,2,3,3,2
inference_data/milk10k/MILK10k_Training_Input/IL_1645941/ISIC_2252587.jpg,2,2,1,2,2
inference_data/milk10k/MILK10k_Training_Input/IL_1647212/ISIC_2033309.jpg,2,2,2,2,2
inference_data/milk10k/MILK10k_Training_Input/IL_1647212/ISIC_7878714.jpg,2,2,1,2,2
inference_data/milk10k/MILK10k_Training_Input/IL_1647541/ISIC_5386998.jpg,2,2,2,2,2
inference_data/milk10k/MILK10k_Training_Input/IL_1647541/ISIC_4680765.jpg,2,2,2,2,2
inference_data/milk10k/MILK10k_Training_Input/IL_1651344/ISIC_4246217.jpg,3,2,3,3,3
inference_data/milk10k/MILK10k_Training_Input/IL_1651344/ISIC_7009788.jpg,2,2,2,2,2
inference_data/milk10k/MILK10k_Training_Input/IL_1653926/ISIC_0387025.jpg,2,2,2,2,2
inference_data/milk10k/MILK10k_Training_Input/IL_1653926/ISIC_3034439.jpg,2,2,2,2,2
inference_data/milk10k/MILK10k_Training_Input/IL_1655178/ISIC_2036187.jpg,4,4,4,4,4
inference_data/milk10k/MILK10k_Training_Input/IL_1655178/ISIC_0298744.jpg,2,2,2,2,2
inference_data/milk10k/MILK10k_Training_Input/IL_1655830/ISIC_1237876.jpg,3,2,2,3,3
inference_data/milk10k/MILK10k_Training_Input/IL_1655830/ISIC_3708334.jpg,2,2,2,2,2
inference_data/milk10k/MILK10k_Training_Input/IL_1657109/ISIC_9136213.jpg,3,2,3,3,2
inference_data/milk10k/MILK10k_Training_Input/IL_1657109/ISIC_4196278.jpg,1,1,0,1,1
inference_data/milk10k/MILK10k_Training_Input/IL_1658282/ISIC_7522903.jpg,3,2,3,3,3
inference_data/milk10k/MILK10k_Training_Input/IL_1658282/ISIC_1455660.jpg,2,1,2,2,2
inference_data/milk10k/MILK10k_Training_Input/IL_1659172/ISIC_2449826.jpg,3,2,3,3,2
inference_data/milk10k/MILK10k_Training_Input/IL_1659172/ISIC_9791119.jpg,1,1,1,1,1
inference_data/milk10k/MILK10k_Training_Input/IL_1659933/ISIC_2123542.jpg,2,2,2,3,2
inference_data/milk10k/MILK10k_Training_Input/IL_1659933/ISIC_2259826.jpg,3,3,3,3,3
inference_data/milk10k/MILK10k_Training_Input/IL_1660797/ISIC_8715920.jpg,3,3,3,3,3
inference_data/milk10k/MILK10k_Training_Input/IL_1660797/ISIC_0570697.jpg,1,1,1,1,2
inference_data/milk10k/MILK10k_Training_Input/IL_1662116/ISIC_1481015.jpg,2,2,2,2,2
inference_data/milk10k/MILK10k_Training_Input/IL_1662116/ISIC_7308563.jpg,2,2,3,3,3
inference_data/milk10k/MILK10k_Training_Input/IL_1664257/ISIC_5227758.jpg,1,2,1,2,1
inference_data/milk10k/MILK10k_Training_Input/IL_1664257/ISIC_9427744.jpg,1,2,1,1,1
inference_data/milk10k/MILK10k_Training_Input/IL_1667522/ISIC_6977564.jpg,2,2,2,3,2
inference_data/milk10k/MILK10k_Training_Input/IL_1667522/ISIC_8133623.jpg,2,1,2,2,2
inference_data/milk10k/MILK10k_Training_Input/IL_1669635/ISIC_6875484.jpg,3,2,3,3,3
inference_data/milk10k/MILK10k_Training_Input/IL_1669635/ISIC_9280729.jpg,2,2,2,2,2
inference_data/milk10k/MILK10k_Training_Input/IL_1670186/ISIC_5891979.jpg,2,2,2,2,2
inference_data/milk10k/MILK10k_Training_Input/IL_1670186/ISIC_3577478.jpg,1,1,1,1,1
inference_data/milk10k/MILK10k_Training_Input/IL_1671184/ISIC_0693344.jpg,3,3,3,3,3
inference_data/milk10k/MILK10k_Training_Input/IL_1671184/ISIC_6475622.jpg,2,2,2,2,2
inference_data/milk10k/MILK10k_Training_Input/IL_1671392/ISIC_3676848.jpg,2,2,2,2,2
inference_data/milk10k/MILK10k_Training_Input/IL_1671392/ISIC_0768895.jpg,1,1,1,1,1
inference_data/milk10k/MILK10k_Training_Input/IL_1672894/ISIC_6291927.jpg,3,3,3,3,3
inference_data/milk10k/MILK10k_Training_Input/IL_1672894/ISIC_9569749.jpg,1,1,1,1,1
inference_data/milk10k/MILK10k_Training_Input/IL_1673815/ISIC_4719265.jpg,2,2,2,2,2
inference_data/milk10k/MILK10k_Training_Input/IL_1673815/ISIC_9927174.jpg,1,1,0,1,1
inference_data/milk10k/MILK10k_Training_Input/IL_1675253/ISIC_5159606.jpg,2,2,2,2,2
inference_data/milk10k/MILK10k_Training_Input/IL_1675253/ISIC_6901642.jpg,2,2,2,2,2
inference_data/milk10k/MILK10k_Training_Input/IL_1678341/ISIC_6958939.jpg,2,2,2,3,2
inference_data/milk10k/MILK10k_Training_Input/IL_1678341/ISIC_4148971.jpg,2,1,1,2,2
inference_data/milk10k/MILK10k_Training_Input/IL_1680101/ISIC_5007629.jpg,2,2,2,2,2
inference_data/milk10k/MILK10k_Training_Input/IL_1680101/ISIC_1190372.jpg,1,1,1,1,1
inference_data/milk10k/MILK10k_Training_Input/IL_1682958/ISIC_0786863.jpg,4,4,4,4,4
inference_data/milk10k/MILK10k_Training_Input/IL_1682958/ISIC_6221556.jpg,2,2,3,2,2
inference_data/milk10k/MILK10k_Training_Input/IL_1684898/ISIC_7733845.jpg,2,2,2,2,2
inference_data/milk10k/MILK10k_Training_Input/IL_1684898/ISIC_8975655.jpg,2,1,1,2,2
inference_data/milk10k/MILK10k_Training_Input/IL_1693296/ISIC_2194211.jpg,3,2,3,3,2
inference_data/milk10k/MILK10k_Training_Input/IL_1693296/ISIC_4517185.jpg,1,1,1,1,1
inference_data/milk10k/MILK10k_Training_Input/IL_1693887/ISIC_5019273.jpg,3,3,2,3,2
inference_data/milk10k/MILK10k_Training_Input/IL_1693887/ISIC_9080829.jpg,1,1,1,2,1
inference_data/milk10k/MILK10k_Training_Input/IL_1694504/ISIC_9968131.jpg,1,1,1,1,1
inference_data/milk10k/MILK10k_Training_Input/IL_1694504/ISIC_2328520.jpg,1,1,1,1,1
inference_data/milk10k/MILK10k_Training_Input/IL_1696405/ISIC_1021842.jpg,1,1,1,1,1
inference_data/milk10k/MILK10k_Training_Input/IL_1696405/ISIC_9809557.jpg,2,2,1,2,2
inference_data/milk10k/MILK10k_Training_Input/IL_1701401/ISIC_2469277.jpg,2,2,2,3,2
inference_data/milk10k/MILK10k_Training_Input/IL_1701401/ISIC_1160288.jpg,2,1,1,2,2
inference_data/milk10k/MILK10k_Training_Input/IL_1703552/ISIC_9140869.jpg,1,1,1,1,1
inference_data/milk10k/MILK10k_Training_Input/IL_1703552/ISIC_0977792.jpg,1,1,1,1,1
inference_data/milk10k/MILK10k_Training_Input/IL_1711238/ISIC_7115215.jpg,1,1,1,1,1
inference_data/milk10k/MILK10k_Training_Input/IL_1711238/ISIC_5080331.jpg,1,1,1,1,1
inference_data/milk10k/MILK10k_Training_Input/IL_1711365/ISIC_5696393.jpg,3,2,2,3,3
inference_data/milk10k/MILK10k_Training_Input/IL_1711365/ISIC_6846051.jpg,1,1,1,1,1
inference_data/milk10k/MILK10k_Training_Input/IL_1712969/ISIC_4871864.jpg,2,2,3,3,2
inference_data/milk10k/MILK10k_Training_Input/IL_1712969/ISIC_4407417.jpg,2,2,2,2,2
inference_data/milk10k/MILK10k_Training_Input/IL_1713775/ISIC_6583340.jpg,3,3,3,3,3
inference_data/milk10k/MILK10k_Training_Input/IL_1713775/ISIC_1557986.jpg,1,1,1,1,1
inference_data/milk10k/MILK10k_Training_Input/IL_1717004/ISIC_1225707.jpg,3,3,3,3,3
inference_data/milk10k/MILK10k_Training_Input/IL_1717004/ISIC_1222720.jpg,2,2,2,2,2
inference_data/milk10k/MILK10k_Training_Input/IL_1717276/ISIC_4349051.jpg,3,3,3,3,3
inference_data/milk10k/MILK10k_Training_Input/IL_1717276/ISIC_9571862.jpg,1,2,1,1,2
inference_data/milk10k/MILK10k_Training_Input/IL_1718320/ISIC_3467950.jpg,1,1,1,1,1
inference_data/milk10k/MILK10k_Training_Input/IL_1718320/ISIC_9925307.jpg,2,2,1,1,2
inference_data/milk10k/MILK10k_Training_Input/IL_1720611/ISIC_6957886.jpg,3,3,3,3,3
inference_data/milk10k/MILK10k_Training_Input/IL_1720611/ISIC_8145823.jpg,2,2,2,2,2
inference_data/milk10k/MILK10k_Training_Input/IL_1724111/ISIC_3304492.jpg,2,2,2,2,2
inference_data/milk10k/MILK10k_Training_Input/IL_1724111/ISIC_7266198.jpg,1,1,1,1,1
inference_data/milk10k/MILK10k_Training_Input/IL_1724228/ISIC_5655170.jpg,2,2,2,2,2
inference_data/milk10k/MILK10k_Training_Input/IL_1724228/ISIC_9864702.jpg,1,1,1,1,2
inference_data/milk10k/MILK10k_Training_Input/IL_1726538/ISIC_4668728.jpg,3,2,3,3,2
inference_data/milk10k/MILK10k_Training_Input/IL_1726538/ISIC_4490295.jpg,2,2,1,2,2
inference_data/milk10k/MILK10k_Training_Input/IL_1732835/ISIC_2026823.jpg,2,2,2,3,2
inference_data/milk10k/MILK10k_Training_Input/IL_1732835/ISIC_8925555.jpg,1,1,1,2,2
inference_data/milk10k/MILK10k_Training_Input/IL_1733952/ISIC_4594517.jpg,2,2,2,2,2
inference_data/milk10k/MILK10k_Training_Input/IL_1733952/ISIC_8762355.jpg,1,1,1,1,1
inference_data/milk10k/MILK10k_Training_Input/IL_1734179/ISIC_8054114.jpg,3,3,3,3,3
inference_data/milk10k/MILK10k_Training_Input/IL_1734179/ISIC_3103579.jpg,2,2,2,2,2
inference_data/milk10k/MILK10k_Training_Input/IL_1735251/ISIC_8979429.jpg,2,2,2,2,2
inference_data/milk10k/MILK10k_Training_Input/IL_1735251/ISIC_2456679.jpg,2,2,1,2,2
inference_data/milk10k/MILK10k_Training_Input/IL_1735486/ISIC_3483843.jpg,2,2,1,2,2
inference_data/milk10k/MILK10k_Training_Input/IL_1735486/ISIC_1694966.jpg,1,1,1,1,1
inference_data/milk10k/MILK10k_Training_Input/IL_1735552/ISIC_0949145.jpg,3,3,3,3,3
inference_data/milk10k/MILK10k_Training_Input/IL_1735552/ISIC_6186797.jpg,1,1,1,1,1
inference_data/milk10k/MILK10k_Training_Input/IL_1739101/ISIC_0294743.jpg,2,2,2,3,2
inference_data/milk10k/MILK10k_Training_Input/IL_1739101/ISIC_2352071.jpg,1,1,1,1,1
inference_data/milk10k/MILK10k_Training_Input/IL_1739769/ISIC_2077819.jpg,2,2,2,3,2
inference_data/milk10k/MILK10k_Training_Input/IL_1739769/ISIC_6330968.jpg,1,1,1,1,1
inference_data/milk10k/MILK10k_Training_Input/IL_1740059/ISIC_7670059.jpg,3,2,3,3,2
inference_data/milk10k/MILK10k_Training_Input/IL_1740059/ISIC_4659670.jpg,2,2,1,2,2
inference_data/milk10k/MILK10k_Training_Input/IL_1740748/ISIC_3258327.jpg,2,1,2,2,2
inference_data/milk10k/MILK10k_Training_Input/IL_1740748/ISIC_2778083.jpg,1,2,1,1,1
inference_data/milk10k/MILK10k_Training_Input/IL_1741364/ISIC_3462970.jpg,1,1,1,1,1
inference_data/milk10k/MILK10k_Training_Input/IL_1741364/ISIC_7059546.jpg,1,1,1,1,1
inference_data/milk10k/MILK10k_Training_Input/IL_1741464/ISIC_5474962.jpg,3,3,3,3,3
inference_data/milk10k/MILK10k_Training_Input/IL_1741464/ISIC_9886654.jpg,2,1,1,2,2
inference_data/milk10k/MILK10k_Training_Input/IL_1741530/ISIC_0290702.jpg,3,2,3,3,3
inference_data/milk10k/MILK10k_Training_Input/IL_1741530/ISIC_0909697.jpg,2,2,2,2,2
inference_data/milk10k/MILK10k_Training_Input/IL_1743491/ISIC_7100479.jpg,3,2,3,3,3
inference_data/milk10k/MILK10k_Training_Input/IL_1743491/ISIC_6639957.jpg,2,2,2,2,2
inference_data/milk10k/MILK10k_Training_Input/IL_1744023/ISIC_2114789.jpg,3,2,3,3,2
inference_data/milk10k/MILK10k_Training_Input/IL_1744023/ISIC_0129379.jpg,2,2,2,2,2
inference_data/milk10k/MILK10k_Training_Input/IL_1744975/ISIC_5703946.jpg,3,3,4,4,3
inference_data/milk10k/MILK10k_Training_Input/IL_1744975/ISIC_2764511.jpg,3,2,3,3,3
inference_data/milk10k/MILK10k_Training_Input/IL_1746833/ISIC_5443280.jpg,2,1,1,2,2
inference_data/milk10k/MILK10k_Training_Input/IL_1746833/ISIC_1398132.jpg,2,2,1,2,2
inference_data/milk10k/MILK10k_Training_Input/IL_1748759/ISIC_9927143.jpg,3,3,3,3,3
inference_data/milk10k/MILK10k_Training_Input/IL_1748759/ISIC_9142036.jpg,2,2,1,2,2
inference_data/milk10k/MILK10k_Training_Input/IL_1749163/ISIC_1353980.jpg,3,3,3,3,3
inference_data/milk10k/MILK10k_Training_Input/IL_1749163/ISIC_0289550.jpg,2,2,2,2,2
inference_data/milk10k/MILK10k_Training_Input/IL_1749756/ISIC_2419780.jpg,2,1,1,2,2
inference_data/milk10k/MILK10k_Training_Input/IL_1749756/ISIC_3518193.jpg,1,2,1,1,1
inference_data/milk10k/MILK10k_Training_Input/IL_1752331/ISIC_2906597.jpg,1,1,1,2,1
inference_data/milk10k/MILK10k_Training_Input/IL_1752331/ISIC_7754022.jpg,2,2,2,2,2
inference_data/milk10k/MILK10k_Training_Input/IL_1752453/ISIC_2591806.jpg,2,1,1,2,1
inference_data/milk10k/MILK10k_Training_Input/IL_1752453/ISIC_3265547.jpg,1,1,1,1,1
inference_data/milk10k/MILK10k_Training_Input/IL_1752573/ISIC_8339862.jpg,2,1,1,2,2
inference_data/milk10k/MILK10k_Training_Input/IL_1752573/ISIC_0805994.jpg,1,1,0,1,1
inference_data/milk10k/MILK10k_Training_Input/IL_1753473/ISIC_2571592.jpg,1,1,1,1,1
inference_data/milk10k/MILK10k_Training_Input/IL_1753473/ISIC_7278433.jpg,1,2,1,1,1
inference_data/milk10k/MILK10k_Training_Input/IL_1756405/ISIC_0332749.jpg,3,2,3,3,2
inference_data/milk10k/MILK10k_Training_Input/IL_1756405/ISIC_1029056.jpg,1,1,1,1,1
inference_data/milk10k/MILK10k_Training_Input/IL_1758628/ISIC_1649393.jpg,3,3,3,3,3
inference_data/milk10k/MILK10k_Training_Input/IL_1758628/ISIC_2527161.jpg,2,1,1,2,2
inference_data/milk10k/MILK10k_Training_Input/IL_1758673/ISIC_6573433.jpg,1,1,1,1,1
inference_data/milk10k/MILK10k_Training_Input/IL_1758673/ISIC_1255149.jpg,1,1,1,1,1
inference_data/milk10k/MILK10k_Training_Input/IL_1763474/ISIC_8060774.jpg,2,1,1,2,2
inference_data/milk10k/MILK10k_Training_Input/IL_1763474/ISIC_4971008.jpg,1,1,1,1,1
inference_data/milk10k/MILK10k_Training_Input/IL_1765810/ISIC_7004185.jpg,2,2,1,2,2
inference_data/milk10k/MILK10k_Training_Input/IL_1765810/ISIC_3064112.jpg,2,1,2,2,2
inference_data/milk10k/MILK10k_Training_Input/IL_1766125/ISIC_9076757.jpg,3,3,3,3,3
inference_data/milk10k/MILK10k_Training_Input/IL_1766125/ISIC_0866932.jpg,1,1,1,1,1
inference_data/milk10k/MILK10k_Training_Input/IL_1770771/ISIC_2446716.jpg,2,2,2,2,2
inference_data/milk10k/MILK10k_Training_Input/IL_1770771/ISIC_0811514.jpg,2,2,2,2,2
inference_data/milk10k/MILK10k_Training_Input/IL_1773483/ISIC_6196224.jpg,4,4,4,4,4
inference_data/milk10k/MILK10k_Training_Input/IL_1773483/ISIC_9733625.jpg,2,2,2,3,2
inference_data/milk10k/MILK10k_Training_Input/IL_1778367/ISIC_4046643.jpg,1,1,1,1,1
inference_data/milk10k/MILK10k_Training_Input/IL_1778367/ISIC_2102002.jpg,1,1,1,1,1
inference_data/milk10k/MILK10k_Training_Input/IL_1779253/ISIC_5787657.jpg,3,3,3,3,3
inference_data/milk10k/MILK10k_Training_Input/IL_1779253/ISIC_8808076.jpg,2,2,3,3,2
inference_data/milk10k/MILK10k_Training_Input/IL_1779696/ISIC_4613132.jpg,3,2,3,3,2
inference_data/milk10k/MILK10k_Training_Input/IL_1779696/ISIC_8830839.jpg,2,2,2,2,2
inference_data/milk10k/MILK10k_Training_Input/IL_1779871/ISIC_4978173.jpg,2,2,2,2,2
inference_data/milk10k/MILK10k_Training_Input/IL_1779871/ISIC_5825703.jpg,2,2,1,2,2
inference_data/milk10k/MILK10k_Training_Input/IL_1782345/ISIC_7729398.jpg,4,3,4,4,4
inference_data/milk10k/MILK10k_Training_Input/IL_1782345/ISIC_4740515.jpg,2,2,2,2,2
inference_data/milk10k/MILK10k_Training_Input/IL_1794572/ISIC_7627853.jpg,3,3,3,3,3
inference_data/milk10k/MILK10k_Training_Input/IL_1794572/ISIC_4346905.jpg,2,2,2,2,2
inference_data/milk10k/MILK10k_Training_Input/IL_1794752/ISIC_4923499.jpg,3,2,3,3,3
inference_data/milk10k/MILK10k_Training_Input/IL_1794752/ISIC_5306085.jpg,2,2,2,2,2
inference_data/milk10k/MILK10k_Training_Input/IL_1796652/ISIC_5441652.jpg,3,2,3,3,2
inference_data/milk10k/MILK10k_Training_Input/IL_1796652/ISIC_3961718.jpg,1,1,1,1,1
inference_data/milk10k/MILK10k_Training_Input/IL_1797280/ISIC_5150525.jpg,3,3,3,3,3
inference_data/milk10k/MILK10k_Training_Input/IL_1797280/ISIC_0082674.jpg,2,1,1,2,2
inference_data/milk10k/MILK10k_Training_Input/IL_1799297/ISIC_1325809.jpg,3,2,2,3,2
inference_data/milk10k/MILK10k_Training_Input/IL_1799297/ISIC_2879057.jpg,1,1,1,1,1
inference_data/milk10k/MILK10k_Training_Input/IL_1801069/ISIC_3521430.jpg,1,2,1,2,2
inference_data/milk10k/MILK10k_Training_Input/IL_1801069/ISIC_8603109.jpg,1,1,1,1,1
inference_data/milk10k/MILK10k_Training_Input/IL_1801204/ISIC_8778268.jpg,4,4,4,4,4
inference_data/milk10k/MILK10k_Training_Input/IL_1801204/ISIC_1101076.jpg,2,2,1,2,2
inference_data/milk10k/MILK10k_Training_Input/IL_1801280/ISIC_5084322.jpg,2,2,2,2,2
inference_data/milk10k/MILK10k_Training_Input/IL_1801280/ISIC_7090951.jpg,1,1,1,1,1
inference_data/milk10k/MILK10k_Training_Input/IL_1804750/ISIC_1441997.jpg,3,3,3,3,3
inference_data/milk10k/MILK10k_Training_Input/IL_1804750/ISIC_8870317.jpg,1,1,1,1,1
inference_data/milk10k/MILK10k_Training_Input/IL_1804830/ISIC_8821083.jpg,3,2,2,3,2
inference_data/milk10k/MILK10k_Training_Input/IL_1804830/ISIC_8254014.jpg,2,2,2,2,2
inference_data/milk10k/MILK10k_Training_Input/IL_1808002/ISIC_4701849.jpg,3,2,3,3,3
inference_data/milk10k/MILK10k_Training_Input/IL_1808002/ISIC_6221334.jpg,1,1,1,1,1
inference_data/milk10k/MILK10k_Training_Input/IL_1812353/ISIC_8402952.jpg,2,2,2,2,2
inference_data/milk10k/MILK10k_Training_Input/IL_1812353/ISIC_2515747.jpg,1,1,1,2,2
inference_data/milk10k/MILK10k_Training_Input/IL_1813183/ISIC_8402218.jpg,2,2,2,2,2
inference_data/milk10k/MILK10k_Training_Input/IL_1813183/ISIC_4763505.jpg,1,1,1,1,2
inference_data/milk10k/MILK10k_Training_Input/IL_1815141/ISIC_7047367.jpg,3,3,3,3,3
inference_data/milk10k/MILK10k_Training_Input/IL_1815141/ISIC_2036689.jpg,2,2,2,2,2
inference_data/milk10k/MILK10k_Training_Input/IL_1817922/ISIC_9467067.jpg,3,3,4,3,3
inference_data/milk10k/MILK10k_Training_Input/IL_1817922/ISIC_7585813.jpg,1,1,1,1,1
inference_data/milk10k/MILK10k_Training_Input/IL_1818431/ISIC_7384185.jpg,2,2,1,2,2
inference_data/milk10k/MILK10k_Training_Input/IL_1818431/ISIC_8362273.jpg,1,1,1,1,1
inference_data/milk10k/MILK10k_Training_Input/IL_1821378/ISIC_7891302.jpg,1,1,1,1,1
inference_data/milk10k/MILK10k_Training_Input/IL_1821378/ISIC_7520217.jpg,1,1,1,1,1
inference_data/milk10k/MILK10k_Training_Input/IL_1824943/ISIC_7387118.jpg,3,2,2,3,2
inference_data/milk10k/MILK10k_Training_Input/IL_1824943/ISIC_3905888.jpg,1,1,1,1,1
inference_data/milk10k/MILK10k_Training_Input/IL_1827145/ISIC_2244475.jpg,2,2,2,2,2
inference_data/milk10k/MILK10k_Training_Input/IL_1827145/ISIC_3129795.jpg,2,2,1,2,2
inference_data/milk10k/MILK10k_Training_Input/IL_1831903/ISIC_3329063.jpg,2,2,2,2,2
inference_data/milk10k/MILK10k_Training_Input/IL_1831903/ISIC_9099090.jpg,1,1,1,1,1
inference_data/milk10k/MILK10k_Training_Input/IL_1833955/ISIC_6997256.jpg,3,3,3,3,3
inference_data/milk10k/MILK10k_Training_Input/IL_1833955/ISIC_1343499.jpg,1,2,1,1,1
inference_data/milk10k/MILK10k_Training_Input/IL_1836211/ISIC_2225323.jpg,1,2,1,1,1
inference_data/milk10k/MILK10k_Training_Input/IL_1836211/ISIC_8511040.jpg,1,1,1,1,1
inference_data/milk10k/MILK10k_Training_Input/IL_1839563/ISIC_0605402.jpg,1,1,0,1,1
inference_data/milk10k/MILK10k_Training_Input/IL_1839563/ISIC_7461810.jpg,2,2,2,2,2
inference_data/milk10k/MILK10k_Training_Input/IL_1840884/ISIC_8052679.jpg,2,2,1,1,1
inference_data/milk10k/MILK10k_Training_Input/IL_1840884/ISIC_7216810.jpg,2,1,1,2,2
inference_data/milk10k/MILK10k_Training_Input/IL_1843719/ISIC_9832783.jpg,2,2,3,3,2
inference_data/milk10k/MILK10k_Training_Input/IL_1843719/ISIC_8060479.jpg,2,2,2,2,2
inference_data/milk10k/MILK10k_Training_Input/IL_1843945/ISIC_7563753.jpg,2,2,2,2,2
inference_data/milk10k/MILK10k_Training_Input/IL_1843945/ISIC_0154826.jpg,1,1,1,1,1
inference_data/milk10k/MILK10k_Training_Input/IL_1844435/ISIC_5475497.jpg,4,4,4,4,4
inference_data/milk10k/MILK10k_Training_Input/IL_1844435/ISIC_3627672.jpg,1,1,1,1,1
inference_data/milk10k/MILK10k_Training_Input/IL_1845648/ISIC_7002238.jpg,3,2,3,3,3
inference_data/milk10k/MILK10k_Training_Input/IL_1845648/ISIC_3482891.jpg,1,1,1,1,2
inference_data/milk10k/MILK10k_Training_Input/IL_1846045/ISIC_4156101.jpg,2,2,2,2,2
inference_data/milk10k/MILK10k_Training_Input/IL_1846045/ISIC_3986538.jpg,2,2,1,2,2
inference_data/milk10k/MILK10k_Training_Input/IL_1846294/ISIC_2802992.jpg,3,3,3,3,3
inference_data/milk10k/MILK10k_Training_Input/IL_1846294/ISIC_0283929.jpg,2,2,2,2,2
inference_data/milk10k/MILK10k_Training_Input/IL_1848591/ISIC_3416227.jpg,2,2,1,2,2
inference_data/milk10k/MILK10k_Training_Input/IL_1848591/ISIC_0151603.jpg,2,1,1,1,2
inference_data/milk10k/MILK10k_Training_Input/IL_1848853/ISIC_1331527.jpg,3,3,4,4,3
inference_data/milk10k/MILK10k_Training_Input/IL_1848853/ISIC_0529633.jpg,3,3,3,3,3
inference_data/milk10k/MILK10k_Training_Input/IL_1849535/ISIC_4960789.jpg,2,2,2,2,2
inference_data/milk10k/MILK10k_Training_Input/IL_1849535/ISIC_8143135.jpg,1,1,1,1,1
inference_data/milk10k/MILK10k_Training_Input/IL_1857472/ISIC_5478943.jpg,2,2,2,3,2
inference_data/milk10k/MILK10k_Training_Input/IL_1857472/ISIC_3344295.jpg,3,3,2,2,2
inference_data/milk10k/MILK10k_Training_Input/IL_1858376/ISIC_0368483.jpg,2,2,1,2,2
inference_data/milk10k/MILK10k_Training_Input/IL_1858376/ISIC_7624779.jpg,1,1,1,1,1
inference_data/milk10k/MILK10k_Training_Input/IL_1858396/ISIC_0587530.jpg,2,2,2,2,2
inference_data/milk10k/MILK10k_Training_Input/IL_1858396/ISIC_1689523.jpg,1,1,0,1,1
inference_data/milk10k/MILK10k_Training_Input/IL_1858834/ISIC_6914066.jpg,3,2,3,3,2
inference_data/milk10k/MILK10k_Training_Input/IL_1858834/ISIC_7677176.jpg,2,2,1,2,2
inference_data/milk10k/MILK10k_Training_Input/IL_1858842/ISIC_0091477.jpg,1,2,1,1,1
inference_data/milk10k/MILK10k_Training_Input/IL_1858842/ISIC_1708907.jpg,1,1,1,1,1
inference_data/milk10k/MILK10k_Training_Input/IL_1860378/ISIC_5975267.jpg,2,2,1,2,2
inference_data/milk10k/MILK10k_Training_Input/IL_1860378/ISIC_1018753.jpg,1,1,1,1,1
inference_data/milk10k/MILK10k_Training_Input/IL_1861078/ISIC_5642029.jpg,3,3,3,3,3
inference_data/milk10k/MILK10k_Training_Input/IL_1861078/ISIC_5249321.jpg,2,2,2,2,2
inference_data/milk10k/MILK10k_Training_Input/IL_1861400/ISIC_6241776.jpg,2,2,2,3,2
inference_data/milk10k/MILK10k_Training_Input/IL_1861400/ISIC_3365437.jpg,1,1,1,2,2
inference_data/milk10k/MILK10k_Training_Input/IL_1861760/ISIC_7550834.jpg,3,2,3,3,3
inference_data/milk10k/MILK10k_Training_Input/IL_1861760/ISIC_3540017.jpg,1,1,1,1,1
inference_data/milk10k/MILK10k_Training_Input/IL_1866416/ISIC_0993471.jpg,2,2,2,2,2
inference_data/milk10k/MILK10k_Training_Input/IL_1866416/ISIC_7047621.jpg,2,2,2,2,2
inference_data/milk10k/MILK10k_Training_Input/IL_1866823/ISIC_5645178.jpg,3,3,3,3,3
inference_data/milk10k/MILK10k_Training_Input/IL_1866823/ISIC_9060041.jpg,2,2,2,2,2
inference_data/milk10k/MILK10k_Training_Input/IL_1871141/ISIC_3885903.jpg,2,2,2,2,2
inference_data/milk10k/MILK10k_Training_Input/IL_1871141/ISIC_8545164.jpg,1,1,1,1,1
inference_data/milk10k/MILK10k_Training_Input/IL_1873116/ISIC_5527895.jpg,2,2,2,2,2
inference_data/milk10k/MILK10k_Training_Input/IL_1873116/ISIC_1063001.jpg,2,2,1,2,2
inference_data/milk10k/MILK10k_Training_Input/IL_1873727/ISIC_2640875.jpg,2,2,2,3,2
inference_data/milk10k/MILK10k_Training_Input/IL_1873727/ISIC_5728121.jpg,1,1,1,1,1
inference_data/milk10k/MILK10k_Training_Input/IL_1873832/ISIC_6790299.jpg,2,2,2,2,2
inference_data/milk10k/MILK10k_Training_Input/IL_1873832/ISIC_7531562.jpg,1,1,0,1,1
inference_data/milk10k/MILK10k_Training_Input/IL_1874719/ISIC_3261040.jpg,1,1,1,1,1
inference_data/milk10k/MILK10k_Training_Input/IL_1874719/ISIC_4445549.jpg,1,1,1,1,1
inference_data/milk10k/MILK10k_Training_Input/IL_1874896/ISIC_0755454.jpg,2,2,2,2,2
inference_data/milk10k/MILK10k_Training_Input/IL_1874896/ISIC_0773145.jpg,1,1,1,1,2
inference_data/milk10k/MILK10k_Training_Input/IL_1877456/ISIC_8180126.jpg,2,2,2,2,2
inference_data/milk10k/MILK10k_Training_Input/IL_1877456/ISIC_6161217.jpg,2,2,2,2,2
inference_data/milk10k/MILK10k_Training_Input/IL_1879101/ISIC_4043337.jpg,2,2,2,2,2
inference_data/milk10k/MILK10k_Training_Input/IL_1879101/ISIC_1887239.jpg,2,1,1,2,2
inference_data/milk10k/MILK10k_Training_Input/IL_1880052/ISIC_3897642.jpg,3,3,3,4,3
inference_data/milk10k/MILK10k_Training_Input/IL_1880052/ISIC_2944495.jpg,1,1,1,1,1
inference_data/milk10k/MILK10k_Training_Input/IL_1882056/ISIC_4071700.jpg,3,2,3,3,3
inference_data/milk10k/MILK10k_Training_Input/IL_1882056/ISIC_2195775.jpg,2,2,2,2,2
inference_data/milk10k/MILK10k_Training_Input/IL_1882623/ISIC_7784358.jpg,2,2,2,2,2
inference_data/milk10k/MILK10k_Training_Input/IL_1882623/ISIC_6294166.jpg,1,1,1,1,2
inference_data/milk10k/MILK10k_Training_Input/IL_1886112/ISIC_3890513.jpg,4,3,4,4,4
inference_data/milk10k/MILK10k_Training_Input/IL_1886112/ISIC_2374466.jpg,2,2,2,2,2
inference_data/milk10k/MILK10k_Training_Input/IL_1888715/ISIC_1826131.jpg,2,2,2,2,2
inference_data/milk10k/MILK10k_Training_Input/IL_1888715/ISIC_8324594.jpg,2,2,1,2,2
inference_data/milk10k/MILK10k_Training_Input/IL_1891015/ISIC_6221926.jpg,3,2,3,3,2
inference_data/milk10k/MILK10k_Training_Input/IL_1891015/ISIC_1143783.jpg,1,2,1,1,1
inference_data/milk10k/MILK10k_Training_Input/IL_1891845/ISIC_5923764.jpg,2,2,2,2,2
inference_data/milk10k/MILK10k_Training_Input/IL_1891845/ISIC_8400472.jpg,1,1,1,1,1
inference_data/milk10k/MILK10k_Training_Input/IL_1894858/ISIC_3366370.jpg,3,3,3,3,3
inference_data/milk10k/MILK10k_Training_Input/IL_1894858/ISIC_9641063.jpg,2,2,1,2,2
inference_data/milk10k/MILK10k_Training_Input/IL_1898208/ISIC_7700739.jpg,2,2,2,2,2
inference_data/milk10k/MILK10k_Training_Input/IL_1898208/ISIC_6886169.jpg,3,4,3,3,4
inference_data/milk10k/MILK10k_Training_Input/IL_1900541/ISIC_1593041.jpg,2,2,1,2,2
inference_data/milk10k/MILK10k_Training_Input/IL_1900541/ISIC_1998166.jpg,2,2,3,3,3
inference_data/milk10k/MILK10k_Training_Input/IL_1902090/ISIC_4895877.jpg,4,3,4,4,3
inference_data/milk10k/MILK10k_Training_Input/IL_1902090/ISIC_5171624.jpg,2,2,2,2,2
inference_data/milk10k/MILK10k_Training_Input/IL_1904975/ISIC_5038305.jpg,2,1,2,2,2
inference_data/milk10k/MILK10k_Training_Input/IL_1904975/ISIC_0983974.jpg,2,2,1,2,2
inference_data/milk10k/MILK10k_Training_Input/IL_1906171/ISIC_6336489.jpg,3,2,2,2,3
inference_data/milk10k/MILK10k_Training_Input/IL_1906171/ISIC_7176466.jpg,1,2,1,1,1
inference_data/milk10k/MILK10k_Training_Input/IL_1907886/ISIC_9777242.jpg,3,2,3,3,2
inference_data/milk10k/MILK10k_Training_Input/IL_1907886/ISIC_4490935.jpg,1,1,0,1,1
inference_data/milk10k/MILK10k_Training_Input/IL_1911635/ISIC_5977035.jpg,3,3,3,3,3
inference_data/milk10k/MILK10k_Training_Input/IL_1911635/ISIC_7374719.jpg,2,2,1,2,2
inference_data/milk10k/MILK10k_Training_Input/IL_1916880/ISIC_5863020.jpg,2,2,2,2,2
inference_data/milk10k/MILK10k_Training_Input/IL_1916880/ISIC_5233519.jpg,2,2,2,2,2
inference_data/milk10k/MILK10k_Training_Input/IL_1918190/ISIC_8922391.jpg,3,2,3,3,3
inference_data/milk10k/MILK10k_Training_Input/IL_1918190/ISIC_3862963.jpg,2,1,1,1,2
inference_data/milk10k/MILK10k_Training_Input/IL_1918702/ISIC_1176222.jpg,3,2,3,3,2
inference_data/milk10k/MILK10k_Training_Input/IL_1918702/ISIC_6101727.jpg,2,2,1,2,2
inference_data/milk10k/MILK10k_Training_Input/IL_1921779/ISIC_9859487.jpg,2,2,2,2,2
inference_data/milk10k/MILK10k_Training_Input/IL_1921779/ISIC_5191763.jpg,2,1,1,2,2
inference_data/milk10k/MILK10k_Training_Input/IL_1925186/ISIC_4452365.jpg,1,1,1,1,1
inference_data/milk10k/MILK10k_Training_Input/IL_1925186/ISIC_5792555.jpg,1,1,1,1,1
inference_data/milk10k/MILK10k_Training_Input/IL_1927976/ISIC_1161990.jpg,2,2,2,2,2
inference_data/milk10k/MILK10k_Training_Input/IL_1927976/ISIC_1692214.jpg,2,1,1,2,2
inference_data/milk10k/MILK10k_Training_Input/IL_1928434/ISIC_1932617.jpg,3,3,3,3,3
inference_data/milk10k/MILK10k_Training_Input/IL_1928434/ISIC_3235167.jpg,1,1,1,2,2
inference_data/milk10k/MILK10k_Training_Input/IL_1930653/ISIC_8147299.jpg,2,2,1,2,2
inference_data/milk10k/MILK10k_Training_Input/IL_1930653/ISIC_0772947.jpg,2,2,2,2,2
inference_data/milk10k/MILK10k_Training_Input/IL_1930968/ISIC_6376058.jpg,1,1,1,1,1
inference_data/milk10k/MILK10k_Training_Input/IL_1930968/ISIC_1206880.jpg,2,2,2,2,2
inference_data/milk10k/MILK10k_Training_Input/IL_1933864/ISIC_4045666.jpg,3,2,3,3,3
inference_data/milk10k/MILK10k_Training_Input/IL_1933864/ISIC_2149064.jpg,1,1,1,1,2
inference_data/milk10k/MILK10k_Training_Input/IL_1936294/ISIC_7227276.jpg,2,2,2,3,2
inference_data/milk10k/MILK10k_Training_Input/IL_1936294/ISIC_5044856.jpg,2,1,1,1,2
inference_data/milk10k/MILK10k_Training_Input/IL_1938646/ISIC_2563101.jpg,2,2,2,2,2
inference_data/milk10k/MILK10k_Training_Input/IL_1938646/ISIC_0869141.jpg,2,2,2,2,2
inference_data/milk10k/MILK10k_Training_Input/IL_1943405/ISIC_4179757.jpg,2,1,1,2,2
inference_data/milk10k/MILK10k_Training_Input/IL_1943405/ISIC_5188025.jpg,1,1,1,1,1
inference_data/milk10k/MILK10k_Training_Input/IL_1943704/ISIC_8417980.jpg,3,3,3,3,3
inference_data/milk10k/MILK10k_Training_Input/IL_1943704/ISIC_6924218.jpg,1,1,1,1,1
inference_data/milk10k/MILK10k_Training_Input/IL_1948146/ISIC_2711142.jpg,2,1,1,2,1
inference_data/milk10k/MILK10k_Training_Input/IL_1948146/ISIC_6305500.jpg,2,2,2,2,2
inference_data/milk10k/MILK10k_Training_Input/IL_1950813/ISIC_2346201.jpg,2,2,2,2,2
inference_data/milk10k/MILK10k_Training_Input/IL_1950813/ISIC_4213914.jpg,2,2,2,2,2
inference_data/milk10k/MILK10k_Training_Input/IL_1958887/ISIC_8903447.jpg,2,2,2,2,2
inference_data/milk10k/MILK10k_Training_Input/IL_1958887/ISIC_6747915.jpg,2,2,2,2,2
inference_data/milk10k/MILK10k_Training_Input/IL_1962759/ISIC_8966831.jpg,2,2,2,2,2
inference_data/milk10k/MILK10k_Training_Input/IL_1962759/ISIC_5020961.jpg,1,2,1,1,1
inference_data/milk10k/MILK10k_Training_Input/IL_1962885/ISIC_1494360.jpg,3,3,3,3,3
inference_data/milk10k/MILK10k_Training_Input/IL_1962885/ISIC_8056158.jpg,3,3,3,3,3
inference_data/milk10k/MILK10k_Training_Input/IL_1963304/ISIC_2712947.jpg,2,2,2,3,2
inference_data/milk10k/MILK10k_Training_Input/IL_1963304/ISIC_6860570.jpg,2,2,3,3,3
inference_data/milk10k/MILK10k_Training_Input/IL_1965425/ISIC_3489797.jpg,3,3,3,3,3
inference_data/milk10k/MILK10k_Training_Input/IL_1965425/ISIC_4272095.jpg,2,2,2,2,2
inference_data/milk10k/MILK10k_Training_Input/IL_1966288/ISIC_0699287.jpg,1,1,1,1,1
inference_data/milk10k/MILK10k_Training_Input/IL_1966288/ISIC_9982272.jpg,2,2,2,2,2
inference_data/milk10k/MILK10k_Training_Input/IL_1967474/ISIC_2454008.jpg,3,2,2,3,2
inference_data/milk10k/MILK10k_Training_Input/IL_1967474/ISIC_5099169.jpg,1,1,1,1,1
inference_data/milk10k/MILK10k_Training_Input/IL_1969159/ISIC_6603218.jpg,3,3,3,3,3
inference_data/milk10k/MILK10k_Training_Input/IL_1969159/ISIC_3835932.jpg,1,1,1,1,1
inference_data/milk10k/MILK10k_Training_Input/IL_1970176/ISIC_6834207.jpg,3,3,3,3,3
inference_data/milk10k/MILK10k_Training_Input/IL_1970176/ISIC_1978418.jpg,1,2,1,1,1
inference_data/milk10k/MILK10k_Training_Input/IL_1975374/ISIC_4871000.jpg,2,2,2,2,2
inference_data/milk10k/MILK10k_Training_Input/IL_1975374/ISIC_0699088.jpg,2,2,1,2,2
inference_data/milk10k/MILK10k_Training_Input/IL_1981700/ISIC_6733219.jpg,4,3,4,4,3
inference_data/milk10k/MILK10k_Training_Input/IL_1981700/ISIC_2601487.jpg,2,2,2,2,2
inference_data/milk10k/MILK10k_Training_Input/IL_1987842/ISIC_8120806.jpg,2,1,2,2,2
inference_data/milk10k/MILK10k_Training_Input/IL_1987842/ISIC_9496310.jpg,2,2,2,2,2
inference_data/milk10k/MILK10k_Training_Input/IL_1989864/ISIC_2410425.jpg,3,3,3,3,3
inference_data/milk10k/MILK10k_Training_Input/IL_1989864/ISIC_0096543.jpg,2,1,1,1,2
inference_data/milk10k/MILK10k_Training_Input/IL_1993303/ISIC_2712633.jpg,1,1,1,1,1
inference_data/milk10k/MILK10k_Training_Input/IL_1993303/ISIC_1341677.jpg,2,2,3,3,2
inference_data/milk10k/MILK10k_Training_Input/IL_1994258/ISIC_1255617.jpg,2,2,2,2,2
inference_data/milk10k/MILK10k_Training_Input/IL_1994258/ISIC_1465204.jpg,1,1,1,1,1
inference_data/milk10k/MILK10k_Training_Input/IL_1994469/ISIC_9812075.jpg,2,2,2,2,2
inference_data/milk10k/MILK10k_Training_Input/IL_1994469/ISIC_8565474.jpg,2,2,2,2,2
inference_data/milk10k/MILK10k_Training_Input/IL_1997703/ISIC_4408708.jpg,2,2,1,2,2
inference_data/milk10k/MILK10k_Training_Input/IL_1997703/ISIC_2642475.jpg,2,2,1,2,2
inference_data/milk10k/MILK10k_Training_Input/IL_2004753/ISIC_9780121.jpg,3,3,3,3,3
inference_data/milk10k/MILK10k_Training_Input/IL_2004753/ISIC_1502467.jpg,1,1,1,1,1
inference_data/milk10k/MILK10k_Training_Input/IL_2006449/ISIC_2199778.jpg,2,2,2,3,2
inference_data/milk10k/MILK10k_Training_Input/IL_2006449/ISIC_1428490.jpg,1,1,1,1,1
inference_data/milk10k/MILK10k_Training_Input/IL_2012452/ISIC_1360383.jpg,4,3,4,4,3
inference_data/milk10k/MILK10k_Training_Input/IL_2012452/ISIC_1741107.jpg,2,2,2,2,2
inference_data/milk10k/MILK10k_Training_Input/IL_2014821/ISIC_5782959.jpg,2,2,2,2,2
inference_data/milk10k/MILK10k_Training_Input/IL_2014821/ISIC_4607649.jpg,2,2,1,2,2
inference_data/milk10k/MILK10k_Training_Input/IL_2015219/ISIC_8052182.jpg,3,2,3,3,3
inference_data/milk10k/MILK10k_Training_Input/IL_2015219/ISIC_2554103.jpg,2,2,2,2,2
inference_data/milk10k/MILK10k_Training_Input/IL_2027967/ISIC_7364575.jpg,2,2,2,2,2
inference_data/milk10k/MILK10k_Training_Input/IL_2027967/ISIC_8260534.jpg,2,1,1,1,2
inference_data/milk10k/MILK10k_Training_Input/IL_2031934/ISIC_6183477.jpg,1,1,1,1,1
inference_data/milk10k/MILK10k_Training_Input/IL_2031934/ISIC_9350105.jpg,1,1,1,1,1
inference_data/milk10k/MILK10k_Training_Input/IL_2032936/ISIC_9276683.jpg,2,2,2,2,2
inference_data/milk10k/MILK10k_Training_Input/IL_2032936/ISIC_6116093.jpg,1,1,1,1,2
inference_data/milk10k/MILK10k_Training_Input/IL_2033265/ISIC_9965584.jpg,2,2,2,2,2
inference_data/milk10k/MILK10k_Training_Input/IL_2033265/ISIC_4056904.jpg,2,1,1,2,2
inference_data/milk10k/MILK10k_Training_Input/IL_2040419/ISIC_8669887.jpg,2,2,2,2,2
inference_data/milk10k/MILK10k_Training_Input/IL_2040419/ISIC_7869069.jpg,2,1,1,2,2
inference_data/milk10k/MILK10k_Training_Input/IL_2040993/ISIC_2368759.jpg,3,3,3,3,3
inference_data/milk10k/MILK10k_Training_Input/IL_2040993/ISIC_6261700.jpg,2,2,2,2,2
inference_data/milk10k/MILK10k_Training_Input/IL_2041854/ISIC_8674473.jpg,3,2,2,3,2
inference_data/milk10k/MILK10k_Training_Input/IL_2041854/ISIC_3023607.jpg,2,1,2,2,2
inference_data/milk10k/MILK10k_Training_Input/IL_2045312/ISIC_9130589.jpg,2,2,1,2,2
inference_data/milk10k/MILK10k_Training_Input/IL_2045312/ISIC_7176434.jpg,2,2,2,2,2
inference_data/milk10k/MILK10k_Training_Input/IL_2048295/ISIC_3563806.jpg,3,2,3,3,3
inference_data/milk10k/MILK10k_Training_Input/IL_2048295/ISIC_1526527.jpg,1,2,1,1,1
inference_data/milk10k/MILK10k_Training_Input/IL_2048695/ISIC_4900201.jpg,2,2,2,2,2
inference_data/milk10k/MILK10k_Training_Input/IL_2048695/ISIC_6618250.jpg,1,1,1,1,1
inference_data/milk10k/MILK10k_Training_Input/IL_2048772/ISIC_9444018.jpg,3,3,3,4,3
inference_data/milk10k/MILK10k_Training_Input/IL_2048772/ISIC_1424974.jpg,2,2,1,2,2
inference_data/milk10k/MILK10k_Training_Input/IL_2049093/ISIC_8509933.jpg,3,3,2,3,3
inference_data/milk10k/MILK10k_Training_Input/IL_2049093/ISIC_4399830.jpg,1,1,1,1,1
inference_data/milk10k/MILK10k_Training_Input/IL_2053741/ISIC_3171197.jpg,2,2,1,2,2
inference_data/milk10k/MILK10k_Training_Input/IL_2053741/ISIC_1295245.jpg,2,2,2,2,2
inference_data/milk10k/MILK10k_Training_Input/IL_2055704/ISIC_8198425.jpg,4,3,4,4,3
inference_data/milk10k/MILK10k_Training_Input/IL_2055704/ISIC_4584962.jpg,1,1,1,1,2
inference_data/milk10k/MILK10k_Training_Input/IL_2055749/ISIC_6677597.jpg,2,2,2,2,2
inference_data/milk10k/MILK10k_Training_Input/IL_2055749/ISIC_8261347.jpg,1,1,1,1,1
inference_data/milk10k/MILK10k_Training_Input/IL_2057238/ISIC_1355713.jpg,2,2,2,3,2
inference_data/milk10k/MILK10k_Training_Input/IL_2057238/ISIC_6991585.jpg,3,3,3,3,3
inference_data/milk10k/MILK10k_Training_Input/IL_2058691/ISIC_3220827.jpg,2,1,1,2,2
inference_data/milk10k/MILK10k_Training_Input/IL_2058691/ISIC_6881977.jpg,1,2,1,1,2
inference_data/milk10k/MILK10k_Training_Input/IL_2066626/ISIC_3233781.jpg,3,2,3,3,3
inference_data/milk10k/MILK10k_Training_Input/IL_2066626/ISIC_1146954.jpg,3,2,3,3,3
inference_data/milk10k/MILK10k_Training_Input/IL_2067413/ISIC_4464668.jpg,2,2,2,2,2
inference_data/milk10k/MILK10k_Training_Input/IL_2067413/ISIC_3389727.jpg,2,2,3,2,2
inference_data/milk10k/MILK10k_Training_Input/IL_2072035/ISIC_7563945.jpg,2,1,1,2,2
inference_data/milk10k/MILK10k_Training_Input/IL_2072035/ISIC_2730868.jpg,2,1,2,2,2
inference_data/milk10k/MILK10k_Training_Input/IL_2080493/ISIC_3011830.jpg,2,2,2,2,2
inference_data/milk10k/MILK10k_Training_Input/IL_2080493/ISIC_0289289.jpg,1,1,1,1,1
inference_data/milk10k/MILK10k_Training_Input/IL_2082500/ISIC_9812459.jpg,2,2,2,3,3
inference_data/milk10k/MILK10k_Training_Input/IL_2082500/ISIC_1906798.jpg,1,1,1,1,2
inference_data/milk10k/MILK10k_Training_Input/IL_2086126/ISIC_1808755.jpg,2,2,2,2,2
inference_data/milk10k/MILK10k_Training_Input/IL_2086126/ISIC_5268767.jpg,2,2,2,2,2
inference_data/milk10k/MILK10k_Training_Input/IL_2087483/ISIC_2495535.jpg,1,1,1,1,1
inference_data/milk10k/MILK10k_Training_Input/IL_2087483/ISIC_9157592.jpg,1,1,1,2,2
inference_data/milk10k/MILK10k_Training_Input/IL_2088373/ISIC_8160587.jpg,2,2,2,2,2
inference_data/milk10k/MILK10k_Training_Input/IL_2088373/ISIC_9313746.jpg,1,1,0,1,1
inference_data/milk10k/MILK10k_Training_Input/IL_2088463/ISIC_1504731.jpg,2,2,1,2,2
inference_data/milk10k/MILK10k_Training_Input/IL_2088463/ISIC_2873988.jpg,2,1,1,2,2
inference_data/milk10k/MILK10k_Training_Input/IL_2090783/ISIC_4426174.jpg,3,3,3,3,3
inference_data/milk10k/MILK10k_Training_Input/IL_2090783/ISIC_6196546.jpg,0,0,0,0,1
inference_data/milk10k/MILK10k_Training_Input/IL_2093270/ISIC_5400013.jpg,1,1,1,1,2
inference_data/milk10k/MILK10k_Training_Input/IL_2093270/ISIC_9156154.jpg,0,1,0,0,0
inference_data/milk10k/MILK10k_Training_Input/IL_2094234/ISIC_7162704.jpg,3,3,3,3,3
inference_data/milk10k/MILK10k_Training_Input/IL_2094234/ISIC_5566320.jpg,1,1,1,1,1
inference_data/milk10k/MILK10k_Training_Input/IL_2095785/ISIC_1124387.jpg,2,1,2,2,2
inference_data/milk10k/MILK10k_Training_Input/IL_2095785/ISIC_1570827.jpg,1,1,0,1,1
inference_data/milk10k/MILK10k_Training_Input/IL_2096357/ISIC_2915605.jpg,2,2,2,3,2
inference_data/milk10k/MILK10k_Training_Input/IL_2096357/ISIC_8462208.jpg,2,2,2,2,2
inference_data/milk10k/MILK10k_Training_Input/IL_2096474/ISIC_7285238.jpg,2,2,2,2,2
inference_data/milk10k/MILK10k_Training_Input/IL_2096474/ISIC_2872052.jpg,2,2,2,2,2
inference_data/milk10k/MILK10k_Training_Input/IL_2101385/ISIC_8461400.jpg,2,2,2,2,2
inference_data/milk10k/MILK10k_Training_Input/IL_2101385/ISIC_5643547.jpg,2,2,2,2,2
inference_data/milk10k/MILK10k_Training_Input/IL_2103836/ISIC_2846740.jpg,3,2,3,3,2
inference_data/milk10k/MILK10k_Training_Input/IL_2103836/ISIC_1972798.jpg,1,2,1,2,2
inference_data/milk10k/MILK10k_Training_Input/IL_2104146/ISIC_7711097.jpg,2,2,2,2,2
inference_data/milk10k/MILK10k_Training_Input/IL_2104146/ISIC_0533507.jpg,1,1,0,1,1
inference_data/milk10k/MILK10k_Training_Input/IL_2104820/ISIC_8827860.jpg,3,2,3,3,2
inference_data/milk10k/MILK10k_Training_Input/IL_2104820/ISIC_2594634.jpg,1,1,1,1,1
inference_data/milk10k/MILK10k_Training_Input/IL_2107598/ISIC_7989237.jpg,1,1,1,2,2
inference_data/milk10k/MILK10k_Training_Input/IL_2107598/ISIC_1517003.jpg,2,2,2,2,2
inference_data/milk10k/MILK10k_Training_Input/IL_2109163/ISIC_6904480.jpg,4,3,3,3,3
inference_data/milk10k/MILK10k_Training_Input/IL_2109163/ISIC_2459161.jpg,2,2,1,2,2
inference_data/milk10k/MILK10k_Training_Input/IL_2110181/ISIC_4373192.jpg,3,3,3,3,3
inference_data/milk10k/MILK10k_Training_Input/IL_2110181/ISIC_6614371.jpg,1,1,1,1,1
inference_data/milk10k/MILK10k_Training_Input/IL_2111173/ISIC_9850356.jpg,2,2,1,2,1
inference_data/milk10k/MILK10k_Training_Input/IL_2111173/ISIC_8995161.jpg,1,1,1,1,1
inference_data/milk10k/MILK10k_Training_Input/IL_2113413/ISIC_4150948.jpg,2,2,2,2,2
inference_data/milk10k/MILK10k_Training_Input/IL_2113413/ISIC_4886441.jpg,1,1,1,1,2
inference_data/milk10k/MILK10k_Training_Input/IL_2124181/ISIC_2869457.jpg,3,2,3,3,3
inference_data/milk10k/MILK10k_Training_Input/IL_2124181/ISIC_9132006.jpg,2,2,2,2,2
inference_data/milk10k/MILK10k_Training_Input/IL_2128198/ISIC_3744853.jpg,3,3,3,3,3
inference_data/milk10k/MILK10k_Training_Input/IL_2128198/ISIC_9612446.jpg,1,1,1,1,1
inference_data/milk10k/MILK10k_Training_Input/IL_2131051/ISIC_5814633.jpg,3,3,3,4,3
inference_data/milk10k/MILK10k_Training_Input/IL_2131051/ISIC_3902522.jpg,1,1,1,1,1
inference_data/milk10k/MILK10k_Training_Input/IL_2134316/ISIC_1338973.jpg,2,2,2,2,2
inference_data/milk10k/MILK10k_Training_Input/IL_2134316/ISIC_2237025.jpg,2,1,1,2,2
inference_data/milk10k/MILK10k_Training_Input/IL_2135126/ISIC_3430375.jpg,2,2,2,2,2
inference_data/milk10k/MILK10k_Training_Input/IL_2135126/ISIC_8195917.jpg,1,1,1,1,2
inference_data/milk10k/MILK10k_Training_Input/IL_2139485/ISIC_5342997.jpg,3,3,3,3,3
inference_data/milk10k/MILK10k_Training_Input/IL_2139485/ISIC_4360620.jpg,2,2,1,2,2
inference_data/milk10k/MILK10k_Training_Input/IL_2141966/ISIC_9024518.jpg,2,2,2,2,2
inference_data/milk10k/MILK10k_Training_Input/IL_2141966/ISIC_3183046.jpg,2,1,1,2,2
inference_data/milk10k/MILK10k_Training_Input/IL_2150976/ISIC_5570534.jpg,1,1,1,1,1
inference_data/milk10k/MILK10k_Training_Input/IL_2150976/ISIC_1683950.jpg,1,2,1,1,1
inference_data/milk10k/MILK10k_Training_Input/IL_2152679/ISIC_6642775.jpg,2,2,2,2,2
inference_data/milk10k/MILK10k_Training_Input/IL_2152679/ISIC_5090480.jpg,2,1,1,1,2
inference_data/milk10k/MILK10k_Training_Input/IL_2154531/ISIC_4714408.jpg,3,2,3,3,3
inference_data/milk10k/MILK10k_Training_Input/IL_2154531/ISIC_5182952.jpg,2,2,2,2,2
inference_data/milk10k/MILK10k_Training_Input/IL_2156585/ISIC_6457838.jpg,2,1,1,2,2
inference_data/milk10k/MILK10k_Training_Input/IL_2156585/ISIC_3722054.jpg,2,2,1,2,2
inference_data/milk10k/MILK10k_Training_Input/IL_2160413/ISIC_9446110.jpg,4,4,4,4,4
inference_data/milk10k/MILK10k_Training_Input/IL_2160413/ISIC_0417486.jpg,2,2,2,2,2
inference_data/milk10k/MILK10k_Training_Input/IL_2163482/ISIC_1316170.jpg,3,3,3,3,3
inference_data/milk10k/MILK10k_Training_Input/IL_2163482/ISIC_3281875.jpg,2,2,2,2,2
inference_data/milk10k/MILK10k_Training_Input/IL_2166765/ISIC_3338902.jpg,1,1,1,2,1
inference_data/milk10k/MILK10k_Training_Input/IL_2166765/ISIC_6020001.jpg,1,1,0,1,1
inference_data/milk10k/MILK10k_Training_Input/IL_2167276/ISIC_2496144.jpg,1,1,1,1,1
inference_data/milk10k/MILK10k_Training_Input/IL_2167276/ISIC_8495426.jpg,1,1,0,1,1
inference_data/milk10k/MILK10k_Training_Input/IL_2167719/ISIC_2994885.jpg,2,2,2,2,2
inference_data/milk10k/MILK10k_Training_Input/IL_2167719/ISIC_1103956.jpg,2,2,2,2,2
inference_data/milk10k/MILK10k_Training_Input/IL_2170674/ISIC_2271317.jpg,2,2,2,2,2
inference_data/milk10k/MILK10k_Training_Input/IL_2170674/ISIC_9573010.jpg,1,1,0,1,1
inference_data/milk10k/MILK10k_Training_Input/IL_2171810/ISIC_2320067.jpg,2,2,1,2,2
inference_data/milk10k/MILK10k_Training_Input/IL_2171810/ISIC_3429549.jpg,2,2,1,1,2
inference_data/milk10k/MILK10k_Training_Input/IL_2172033/ISIC_7453335.jpg,2,2,2,3,3
inference_data/milk10k/MILK10k_Training_Input/IL_2172033/ISIC_3327943.jpg,1,1,1,1,1
inference_data/milk10k/MILK10k_Training_Input/IL_2175729/ISIC_8533186.jpg,2,2,2,2,2
inference_data/milk10k/MILK10k_Training_Input/IL_2175729/ISIC_7040859.jpg,1,1,1,1,1
inference_data/milk10k/MILK10k_Training_Input/IL_2176807/ISIC_2260950.jpg,2,2,2,2,2
inference_data/milk10k/MILK10k_Training_Input/IL_2176807/ISIC_3472228.jpg,1,1,1,1,1
inference_data/milk10k/MILK10k_Training_Input/IL_2177210/ISIC_9756715.jpg,2,2,2,2,2
inference_data/milk10k/MILK10k_Training_Input/IL_2177210/ISIC_8691098.jpg,2,2,2,3,2
inference_data/milk10k/MILK10k_Training_Input/IL_2178122/ISIC_7731176.jpg,1,1,1,1,1
inference_data/milk10k/MILK10k_Training_Input/IL_2178122/ISIC_7529554.jpg,1,1,1,1,1
inference_data/milk10k/MILK10k_Training_Input/IL_2185095/ISIC_2533587.jpg,3,3,3,3,3
inference_data/milk10k/MILK10k_Training_Input/IL_2185095/ISIC_9404484.jpg,1,1,1,1,1
inference_data/milk10k/MILK10k_Training_Input/IL_2185825/ISIC_3610158.jpg,3,3,3,3,3
inference_data/milk10k/MILK10k_Training_Input/IL_2185825/ISIC_8179634.jpg,2,2,1,1,2
inference_data/milk10k/MILK10k_Training_Input/IL_2187730/ISIC_4879730.jpg,3,3,3,3,3
inference_data/milk10k/MILK10k_Training_Input/IL_2187730/ISIC_8862307.jpg,2,3,2,3,2
inference_data/milk10k/MILK10k_Training_Input/IL_2190163/ISIC_5647684.jpg,2,2,1,2,2
inference_data/milk10k/MILK10k_Training_Input/IL_2190163/ISIC_0965546.jpg,1,1,1,1,1
inference_data/milk10k/MILK10k_Training_Input/IL_2190354/ISIC_7725581.jpg,2,2,1,2,2
inference_data/milk10k/MILK10k_Training_Input/IL_2190354/ISIC_6162714.jpg,1,1,1,1,2
inference_data/milk10k/MILK10k_Training_Input/IL_2191352/ISIC_1103609.jpg,1,1,2,2,1
inference_data/milk10k/MILK10k_Training_Input/IL_2191352/ISIC_1970706.jpg,2,1,1,2,2
inference_data/milk10k/MILK10k_Training_Input/IL_2194640/ISIC_3786263.jpg,2,2,2,2,2
inference_data/milk10k/MILK10k_Training_Input/IL_2194640/ISIC_4964428.jpg,1,1,1,1,1
inference_data/milk10k/MILK10k_Training_Input/IL_2196510/ISIC_6511262.jpg,3,3,3,3,3
inference_data/milk10k/MILK10k_Training_Input/IL_2196510/ISIC_7074302.jpg,2,2,2,2,2
inference_data/milk10k/MILK10k_Training_Input/IL_2197335/ISIC_8893011.jpg,2,2,2,2,2
inference_data/milk10k/MILK10k_Training_Input/IL_2197335/ISIC_9005347.jpg,1,1,1,1,1
inference_data/milk10k/MILK10k_Training_Input/IL_2198915/ISIC_0444685.jpg,2,2,2,3,2
inference_data/milk10k/MILK10k_Training_Input/IL_2198915/ISIC_7442526.jpg,1,1,1,1,1
inference_data/milk10k/MILK10k_Training_Input/IL_2200466/ISIC_2278278.jpg,2,2,1,1,2
inference_data/milk10k/MILK10k_Training_Input/IL_2200466/ISIC_2620132.jpg,1,1,0,1,1
inference_data/milk10k/MILK10k_Training_Input/IL_2201077/ISIC_3262933.jpg,3,2,3,3,3
inference_data/milk10k/MILK10k_Training_Input/IL_2201077/ISIC_1280046.jpg,1,2,1,1,1
inference_data/milk10k/MILK10k_Training_Input/IL_2201458/ISIC_8942421.jpg,3,3,3,3,3
inference_data/milk10k/MILK10k_Training_Input/IL_2201458/ISIC_8701478.jpg,1,1,1,1,1
inference_data/milk10k/MILK10k_Training_Input/IL_2201530/ISIC_7035620.jpg,2,2,2,3,2
inference_data/milk10k/MILK10k_Training_Input/IL_2201530/ISIC_2586728.jpg,1,1,1,2,2
inference_data/milk10k/MILK10k_Training_Input/IL_2205080/ISIC_0813313.jpg,3,3,3,3,3
inference_data/milk10k/MILK10k_Training_Input/IL_2205080/ISIC_6355154.jpg,1,1,2,1,2
inference_data/milk10k/MILK10k_Training_Input/IL_2206044/ISIC_4345873.jpg,2,2,2,2,2
inference_data/milk10k/MILK10k_Training_Input/IL_2206044/ISIC_0356038.jpg,2,2,1,2,2
inference_data/milk10k/MILK10k_Training_Input/IL_2208727/ISIC_9650776.jpg,2,2,2,3,2
inference_data/milk10k/MILK10k_Training_Input/IL_2208727/ISIC_5548095.jpg,2,2,2,2,2
inference_data/milk10k/MILK10k_Training_Input/IL_2211333/ISIC_6977201.jpg,3,2,3,3,2
inference_data/milk10k/MILK10k_Training_Input/IL_2211333/ISIC_8251123.jpg,2,2,2,2,2
inference_data/milk10k/MILK10k_Training_Input/IL_2211543/ISIC_9829558.jpg,2,2,2,2,2
inference_data/milk10k/MILK10k_Training_Input/IL_2211543/ISIC_3118860.jpg,2,2,1,1,2
inference_data/milk10k/MILK10k_Training_Input/IL_2211559/ISIC_1200835.jpg,2,2,2,2,2
inference_data/milk10k/MILK10k_Training_Input/IL_2211559/ISIC_4598485.jpg,1,1,1,1,2
inference_data/milk10k/MILK10k_Training_Input/IL_2211999/ISIC_5688654.jpg,2,2,2,1,2
inference_data/milk10k/MILK10k_Training_Input/IL_2211999/ISIC_0115985.jpg,2,2,2,2,2
inference_data/milk10k/MILK10k_Training_Input/IL_2215317/ISIC_0257338.jpg,3,2,3,3,3
inference_data/milk10k/MILK10k_Training_Input/IL_2215317/ISIC_8234709.jpg,2,1,1,2,2
inference_data/milk10k/MILK10k_Training_Input/IL_2216444/ISIC_2443446.jpg,2,2,2,3,2
inference_data/milk10k/MILK10k_Training_Input/IL_2216444/ISIC_1436009.jpg,2,2,2,2,2
inference_data/milk10k/MILK10k_Training_Input/IL_2218203/ISIC_0922807.jpg,1,1,1,2,1
inference_data/milk10k/MILK10k_Training_Input/IL_2218203/ISIC_2160854.jpg,2,2,2,2,2
inference_data/milk10k/MILK10k_Training_Input/IL_2218381/ISIC_1714056.jpg,2,2,2,2,2
inference_data/milk10k/MILK10k_Training_Input/IL_2218381/ISIC_6707935.jpg,1,2,1,1,1
inference_data/milk10k/MILK10k_Training_Input/IL_2218575/ISIC_6921970.jpg,3,3,3,4,3
inference_data/milk10k/MILK10k_Training_Input/IL_2218575/ISIC_5992562.jpg,1,1,1,1,1
inference_data/milk10k/MILK10k_Training_Input/IL_2221229/ISIC_5395949.jpg,2,2,2,2,2
inference_data/milk10k/MILK10k_Training_Input/IL_2221229/ISIC_6790517.jpg,1,1,1,1,1
inference_data/milk10k/MILK10k_Training_Input/IL_2222251/ISIC_2620875.jpg,1,1,1,1,1
inference_data/milk10k/MILK10k_Training_Input/IL_2222251/ISIC_0825152.jpg,1,1,1,1,1
inference_data/milk10k/MILK10k_Training_Input/IL_2227380/ISIC_1107390.jpg,2,2,2,2,2
inference_data/milk10k/MILK10k_Training_Input/IL_2227380/ISIC_0497921.jpg,2,3,1,1,2
inference_data/milk10k/MILK10k_Training_Input/IL_2227490/ISIC_2482765.jpg,2,2,3,3,3
inference_data/milk10k/MILK10k_Training_Input/IL_2227490/ISIC_0518723.jpg,2,1,1,2,2
inference_data/milk10k/MILK10k_Training_Input/IL_2228009/ISIC_2490336.jpg,2,2,3,3,2
inference_data/milk10k/MILK10k_Training_Input/IL_2228009/ISIC_1231719.jpg,1,1,1,1,1
inference_data/milk10k/MILK10k_Training_Input/IL_2228452/ISIC_3102873.jpg,2,2,2,2,2
inference_data/milk10k/MILK10k_Training_Input/IL_2228452/ISIC_0383910.jpg,1,1,1,1,1
inference_data/milk10k/MILK10k_Training_Input/IL_2229268/ISIC_4429526.jpg,3,2,3,3,3
inference_data/milk10k/MILK10k_Training_Input/IL_2229268/ISIC_7784876.jpg,3,3,2,2,3
inference_data/milk10k/MILK10k_Training_Input/IL_2233251/ISIC_9094964.jpg,3,3,3,3,3
inference_data/milk10k/MILK10k_Training_Input/IL_2233251/ISIC_2100961.jpg,1,1,0,1,1
inference_data/milk10k/MILK10k_Training_Input/IL_2234007/ISIC_0688926.jpg,3,3,3,4,3
inference_data/milk10k/MILK10k_Training_Input/IL_2234007/ISIC_0799155.jpg,1,1,1,1,1
inference_data/milk10k/MILK10k_Training_Input/IL_2234057/ISIC_2378355.jpg,2,2,2,2,2
inference_data/milk10k/MILK10k_Training_Input/IL_2234057/ISIC_4647126.jpg,2,2,1,2,2
inference_data/milk10k/MILK10k_Training_Input/IL_2236716/ISIC_5894257.jpg,2,1,2,2,2
inference_data/milk10k/MILK10k_Training_Input/IL_2236716/ISIC_6550491.jpg,1,1,1,1,1
inference_data/milk10k/MILK10k_Training_Input/IL_2237412/ISIC_2749853.jpg,3,3,3,3,3
inference_data/milk10k/MILK10k_Training_Input/IL_2237412/ISIC_9938958.jpg,4,3,4,3,3
inference_data/milk10k/MILK10k_Training_Input/IL_2237445/ISIC_5074726.jpg,3,2,3,3,3
inference_data/milk10k/MILK10k_Training_Input/IL_2237445/ISIC_2713587.jpg,2,2,1,2,2
inference_data/milk10k/MILK10k_Training_Input/IL_2239570/ISIC_7188142.jpg,2,2,2,3,2
inference_data/milk10k/MILK10k_Training_Input/IL_2239570/ISIC_4796147.jpg,2,2,2,2,2
inference_data/milk10k/MILK10k_Training_Input/IL_2241538/ISIC_4128998.jpg,1,1,1,1,1
inference_data/milk10k/MILK10k_Training_Input/IL_2241538/ISIC_3665449.jpg,1,1,1,1,1
inference_data/milk10k/MILK10k_Training_Input/IL_2242136/ISIC_1364491.jpg,3,2,2,2,2
inference_data/milk10k/MILK10k_Training_Input/IL_2242136/ISIC_5541499.jpg,1,1,1,1,1
inference_data/milk10k/MILK10k_Training_Input/IL_2243565/ISIC_1028434.jpg,2,2,2,2,2
inference_data/milk10k/MILK10k_Training_Input/IL_2243565/ISIC_5607257.jpg,1,1,1,1,1
inference_data/milk10k/MILK10k_Training_Input/IL_2247062/ISIC_1365903.jpg,3,3,3,4,3
inference_data/milk10k/MILK10k_Training_Input/IL_2247062/ISIC_5173718.jpg,1,1,1,1,1
inference_data/milk10k/MILK10k_Training_Input/IL_2248531/ISIC_7339771.jpg,2,2,3,3,2
inference_data/milk10k/MILK10k_Training_Input/IL_2248531/ISIC_0411803.jpg,2,2,2,2,2
inference_data/milk10k/MILK10k_Training_Input/IL_2248965/ISIC_1112216.jpg,2,2,2,3,2
inference_data/milk10k/MILK10k_Training_Input/IL_2248965/ISIC_0361189.jpg,1,1,1,1,1
inference_data/milk10k/MILK10k_Training_Input/IL_2251187/ISIC_1253452.jpg,3,2,3,3,3
inference_data/milk10k/MILK10k_Training_Input/IL_2251187/ISIC_7045012.jpg,1,1,1,1,1
inference_data/milk10k/MILK10k_Training_Input/IL_2251531/ISIC_1938725.jpg,2,2,1,1,2
inference_data/milk10k/MILK10k_Training_Input/IL_2251531/ISIC_9138708.jpg,2,1,0,1,2
inference_data/milk10k/MILK10k_Training_Input/IL_2251689/ISIC_7475784.jpg,4,3,4,4,4
inference_data/milk10k/MILK10k_Training_Input/IL_2251689/ISIC_4737695.jpg,1,1,1,1,1
inference_data/milk10k/MILK10k_Training_Input/IL_2255727/ISIC_1118925.jpg,2,2,2,2,2
inference_data/milk10k/MILK10k_Training_Input/IL_2255727/ISIC_8403829.jpg,5,5,4,3,4
inference_data/milk10k/MILK10k_Training_Input/IL_2257224/ISIC_6810466.jpg,3,3,3,3,3
inference_data/milk10k/MILK10k_Training_Input/IL_2257224/ISIC_2129613.jpg,1,1,1,1,2
inference_data/milk10k/MILK10k_Training_Input/IL_2263451/ISIC_9995901.jpg,2,2,2,2,2
inference_data/milk10k/MILK10k_Training_Input/IL_2263451/ISIC_4822631.jpg,1,1,1,1,1
inference_data/milk10k/MILK10k_Training_Input/IL_2265683/ISIC_2437960.jpg,1,1,1,1,1
inference_data/milk10k/MILK10k_Training_Input/IL_2265683/ISIC_7839162.jpg,1,1,1,1,1
inference_data/milk10k/MILK10k_Training_Input/IL_2272404/ISIC_7376317.jpg,2,2,2,2,2
inference_data/milk10k/MILK10k_Training_Input/IL_2272404/ISIC_4330964.jpg,1,1,1,1,1
inference_data/milk10k/MILK10k_Training_Input/IL_2273559/ISIC_4631892.jpg,2,2,2,2,2
inference_data/milk10k/MILK10k_Training_Input/IL_2273559/ISIC_5120362.jpg,1,1,1,1,1
inference_data/milk10k/MILK10k_Training_Input/IL_2273712/ISIC_4696657.jpg,2,2,2,2,2
inference_data/milk10k/MILK10k_Training_Input/IL_2273712/ISIC_7733999.jpg,1,1,1,1,1
inference_data/milk10k/MILK10k_Training_Input/IL_2274387/ISIC_0627627.jpg,1,1,1,1,1
inference_data/milk10k/MILK10k_Training_Input/IL_2274387/ISIC_8032040.jpg,1,1,1,1,1
inference_data/milk10k/MILK10k_Training_Input/IL_2274698/ISIC_9562131.jpg,2,2,2,2,2
inference_data/milk10k/MILK10k_Training_Input/IL_2274698/ISIC_3689085.jpg,1,1,0,1,1
inference_data/milk10k/MILK10k_Training_Input/IL_2275218/ISIC_5254610.jpg,1,1,1,2,2
inference_data/milk10k/MILK10k_Training_Input/IL_2275218/ISIC_6602302.jpg,1,1,1,1,1
inference_data/milk10k/MILK10k_Training_Input/IL_2276592/ISIC_4929016.jpg,1,1,1,1,1
inference_data/milk10k/MILK10k_Training_Input/IL_2276592/ISIC_7278817.jpg,0,1,0,1,1
inference_data/milk10k/MILK10k_Training_Input/IL_2283112/ISIC_0457897.jpg,3,2,3,3,2
inference_data/milk10k/MILK10k_Training_Input/IL_2283112/ISIC_7813760.jpg,3,2,3,3,2
inference_data/milk10k/MILK10k_Training_Input/IL_2286275/ISIC_5644081.jpg,2,2,2,2,2
inference_data/milk10k/MILK10k_Training_Input/IL_2286275/ISIC_4733429.jpg,1,1,1,1,1
inference_data/milk10k/MILK10k_Training_Input/IL_2289243/ISIC_0920625.jpg,2,2,3,3,2
inference_data/milk10k/MILK10k_Training_Input/IL_2289243/ISIC_7171875.jpg,1,1,1,1,1
inference_data/milk10k/MILK10k_Training_Input/IL_2291153/ISIC_6869534.jpg,2,2,2,2,2
inference_data/milk10k/MILK10k_Training_Input/IL_2291153/ISIC_1594005.jpg,2,2,1,2,2
inference_data/milk10k/MILK10k_Training_Input/IL_2291194/ISIC_1904660.jpg,1,1,1,1,1
inference_data/milk10k/MILK10k_Training_Input/IL_2291194/ISIC_9467983.jpg,1,1,1,1,1
inference_data/milk10k/MILK10k_Training_Input/IL_2291869/ISIC_1315894.jpg,3,3,3,3,3
inference_data/milk10k/MILK10k_Training_Input/IL_2291869/ISIC_3431989.jpg,2,2,2,2,2
inference_data/milk10k/MILK10k_Training_Input/IL_2292995/ISIC_1468180.jpg,3,3,3,3,3
inference_data/milk10k/MILK10k_Training_Input/IL_2292995/ISIC_2215653.jpg,3,2,2,3,3
inference_data/milk10k/MILK10k_Training_Input/IL_2293895/ISIC_2463268.jpg,3,2,3,3,3
inference_data/milk10k/MILK10k_Training_Input/IL_2293895/ISIC_0411397.jpg,1,1,1,1,1
inference_data/milk10k/MILK10k_Training_Input/IL_2295141/ISIC_9831096.jpg,3,3,3,3,3
inference_data/milk10k/MILK10k_Training_Input/IL_2295141/ISIC_6314890.jpg,1,1,1,1,1
inference_data/milk10k/MILK10k_Training_Input/IL_2298931/ISIC_6361677.jpg,2,2,2,2,2
inference_data/milk10k/MILK10k_Training_Input/IL_2298931/ISIC_9172274.jpg,1,2,1,1,1
inference_data/milk10k/MILK10k_Training_Input/IL_2300316/ISIC_2565297.jpg,2,2,2,2,2
inference_data/milk10k/MILK10k_Training_Input/IL_2300316/ISIC_6349110.jpg,1,1,1,1,1
inference_data/milk10k/MILK10k_Training_Input/IL_2301403/ISIC_2708075.jpg,3,3,3,3,3
inference_data/milk10k/MILK10k_Training_Input/IL_2301403/ISIC_4712987.jpg,2,1,1,2,2
inference_data/milk10k/MILK10k_Training_Input/IL_2304727/ISIC_8644031.jpg,2,2,2,2,2
inference_data/milk10k/MILK10k_Training_Input/IL_2304727/ISIC_8778674.jpg,1,1,1,1,2
inference_data/milk10k/MILK10k_Training_Input/IL_2305001/ISIC_3683640.jpg,2,2,2,2,2
inference_data/milk10k/MILK10k_Training_Input/IL_2305001/ISIC_4847052.jpg,2,2,1,2,2
inference_data/milk10k/MILK10k_Training_Input/IL_2305768/ISIC_5314299.jpg,3,2,3,3,3
inference_data/milk10k/MILK10k_Training_Input/IL_2305768/ISIC_8830091.jpg,3,3,3,3,3
inference_data/milk10k/MILK10k_Training_Input/IL_2307206/ISIC_3261212.jpg,3,2,3,3,3
inference_data/milk10k/MILK10k_Training_Input/IL_2307206/ISIC_3810251.jpg,2,2,1,2,2
inference_data/milk10k/MILK10k_Training_Input/IL_2307468/ISIC_8919899.jpg,2,1,1,1,2
inference_data/milk10k/MILK10k_Training_Input/IL_2307468/ISIC_4726470.jpg,1,1,1,1,1
inference_data/milk10k/MILK10k_Training_Input/IL_2308802/ISIC_3022090.jpg,2,1,2,2,2
inference_data/milk10k/MILK10k_Training_Input/IL_2308802/ISIC_1652393.jpg,2,2,2,2,2
inference_data/milk10k/MILK10k_Training_Input/IL_2308976/ISIC_6365045.jpg,2,2,2,2,2
inference_data/milk10k/MILK10k_Training_Input/IL_2308976/ISIC_5180185.jpg,2,2,1,2,2
inference_data/milk10k/MILK10k_Training_Input/IL_2309123/ISIC_5280916.jpg,4,3,4,4,4
inference_data/milk10k/MILK10k_Training_Input/IL_2309123/ISIC_2464882.jpg,1,1,1,1,1
inference_data/milk10k/MILK10k_Training_Input/IL_2315075/ISIC_1504993.jpg,2,2,2,2,2
inference_data/milk10k/MILK10k_Training_Input/IL_2315075/ISIC_9271327.jpg,2,2,2,2,2
inference_data/milk10k/MILK10k_Training_Input/IL_2315755/ISIC_7548109.jpg,3,2,3,3,2
inference_data/milk10k/MILK10k_Training_Input/IL_2315755/ISIC_3048228.jpg,2,2,2,2,2
inference_data/milk10k/MILK10k_Training_Input/IL_2317693/ISIC_4618150.jpg,3,3,3,3,3
inference_data/milk10k/MILK10k_Training_Input/IL_2317693/ISIC_2119936.jpg,1,2,1,1,1
inference_data/milk10k/MILK10k_Training_Input/IL_2320070/ISIC_4431906.jpg,3,3,2,3,2
inference_data/milk10k/MILK10k_Training_Input/IL_2320070/ISIC_4469657.jpg,1,1,1,1,1
inference_data/milk10k/MILK10k_Training_Input/IL_2321044/ISIC_5547547.jpg,2,2,2,2,2
inference_data/milk10k/MILK10k_Training_Input/IL_2321044/ISIC_3032983.jpg,2,2,1,2,2
inference_data/milk10k/MILK10k_Training_Input/IL_2322719/ISIC_5715952.jpg,1,2,1,2,1
inference_data/milk10k/MILK10k_Training_Input/IL_2322719/ISIC_6938646.jpg,1,2,1,2,2
inference_data/milk10k/MILK10k_Training_Input/IL_2326241/ISIC_2687321.jpg,1,1,1,1,1
inference_data/milk10k/MILK10k_Training_Input/IL_2326241/ISIC_4561114.jpg,2,2,2,2,2
inference_data/milk10k/MILK10k_Training_Input/IL_2326581/ISIC_4257125.jpg,2,2,3,3,2
inference_data/milk10k/MILK10k_Training_Input/IL_2326581/ISIC_3341226.jpg,1,1,1,1,1
inference_data/milk10k/MILK10k_Training_Input/IL_2328375/ISIC_2325423.jpg,2,2,1,2,2
inference_data/milk10k/MILK10k_Training_Input/IL_2328375/ISIC_7644369.jpg,2,2,1,2,2
inference_data/milk10k/MILK10k_Training_Input/IL_2328480/ISIC_7642963.jpg,2,2,2,3,2
inference_data/milk10k/MILK10k_Training_Input/IL_2328480/ISIC_1505378.jpg,1,1,1,1,2
inference_data/milk10k/MILK10k_Training_Input/IL_2328752/ISIC_3865889.jpg,3,3,3,3,3
inference_data/milk10k/MILK10k_Training_Input/IL_2328752/ISIC_8109519.jpg,1,1,1,1,1
inference_data/milk10k/MILK10k_Training_Input/IL_2329642/ISIC_2200184.jpg,2,2,2,3,2
inference_data/milk10k/MILK10k_Training_Input/IL_2329642/ISIC_5841896.jpg,3,2,3,3,3
inference_data/milk10k/MILK10k_Training_Input/IL_2330730/ISIC_5868168.jpg,2,2,1,2,2
inference_data/milk10k/MILK10k_Training_Input/IL_2330730/ISIC_8703792.jpg,1,1,0,1,1
inference_data/milk10k/MILK10k_Training_Input/IL_2332411/ISIC_9411600.jpg,3,2,3,3,2
inference_data/milk10k/MILK10k_Training_Input/IL_2332411/ISIC_5510526.jpg,2,2,1,1,2
inference_data/milk10k/MILK10k_Training_Input/IL_2334074/ISIC_0537394.jpg,2,2,2,2,2
inference_data/milk10k/MILK10k_Training_Input/IL_2334074/ISIC_6312254.jpg,2,2,1,2,2
inference_data/milk10k/MILK10k_Training_Input/IL_2334846/ISIC_4320592.jpg,4,3,4,4,4
inference_data/milk10k/MILK10k_Training_Input/IL_2334846/ISIC_6428004.jpg,2,2,2,2,2
inference_data/milk10k/MILK10k_Training_Input/IL_2335600/ISIC_0218425.jpg,2,2,2,2,2
inference_data/milk10k/MILK10k_Training_Input/IL_2335600/ISIC_4369433.jpg,2,2,2,2,2
inference_data/milk10k/MILK10k_Training_Input/IL_2337974/ISIC_0963794.jpg,2,2,2,2,2
inference_data/milk10k/MILK10k_Training_Input/IL_2337974/ISIC_0867027.jpg,2,1,1,2,2
inference_data/milk10k/MILK10k_Training_Input/IL_2338679/ISIC_0763911.jpg,2,2,2,2,2
inference_data/milk10k/MILK10k_Training_Input/IL_2338679/ISIC_1721507.jpg,2,2,2,2,2
inference_data/milk10k/MILK10k_Training_Input/IL_2341353/ISIC_0447553.jpg,2,2,2,2,2
inference_data/milk10k/MILK10k_Training_Input/IL_2341353/ISIC_6698671.jpg,1,1,1,1,1
inference_data/milk10k/MILK10k_Training_Input/IL_2342693/ISIC_5308020.jpg,3,3,3,3,3
inference_data/milk10k/MILK10k_Training_Input/IL_2342693/ISIC_8293683.jpg,1,1,1,1,1
inference_data/milk10k/MILK10k_Training_Input/IL_2344576/ISIC_9221495.jpg,3,3,3,3,3
inference_data/milk10k/MILK10k_Training_Input/IL_2344576/ISIC_7912691.jpg,2,1,1,2,2
inference_data/milk10k/MILK10k_Training_Input/IL_2351136/ISIC_4526175.jpg,3,3,3,3,3
inference_data/milk10k/MILK10k_Training_Input/IL_2351136/ISIC_5165824.jpg,2,2,2,2,2
inference_data/milk10k/MILK10k_Training_Input/IL_2352772/ISIC_0986356.jpg,2,2,2,2,2
inference_data/milk10k/MILK10k_Training_Input/IL_2352772/ISIC_0119243.jpg,1,1,1,1,1
inference_data/milk10k/MILK10k_Training_Input/IL_2357169/ISIC_3643046.jpg,3,2,3,3,3
inference_data/milk10k/MILK10k_Training_Input/IL_2357169/ISIC_0912531.jpg,1,1,1,1,1
inference_data/milk10k/MILK10k_Training_Input/IL_2359351/ISIC_2187177.jpg,4,4,4,4,4
inference_data/milk10k/MILK10k_Training_Input/IL_2359351/ISIC_9180125.jpg,1,1,0,1,1
inference_data/milk10k/MILK10k_Training_Input/IL_2360320/ISIC_2517252.jpg,3,2,3,3,2
inference_data/milk10k/MILK10k_Training_Input/IL_2360320/ISIC_9161612.jpg,2,2,2,2,2
inference_data/milk10k/MILK10k_Training_Input/IL_2367179/ISIC_8231148.jpg,2,2,2,2,2
inference_data/milk10k/MILK10k_Training_Input/IL_2367179/ISIC_8329990.jpg,2,2,3,3,3
inference_data/milk10k/MILK10k_Training_Input/IL_2369165/ISIC_0314737.jpg,3,2,2,3,2
inference_data/milk10k/MILK10k_Training_Input/IL_2369165/ISIC_8491813.jpg,2,2,2,2,2
inference_data/milk10k/MILK10k_Training_Input/IL_2369272/ISIC_3298684.jpg,2,2,2,3,2
inference_data/milk10k/MILK10k_Training_Input/IL_2369272/ISIC_5883189.jpg,2,1,1,1,2
inference_data/milk10k/MILK10k_Training_Input/IL_2371687/ISIC_7174866.jpg,1,1,1,1,1
inference_data/milk10k/MILK10k_Training_Input/IL_2371687/ISIC_9353865.jpg,1,1,1,1,1
inference_data/milk10k/MILK10k_Training_Input/IL_2372422/ISIC_9055167.jpg,3,2,3,4,3
inference_data/milk10k/MILK10k_Training_Input/IL_2372422/ISIC_2212095.jpg,1,1,1,1,1
inference_data/milk10k/MILK10k_Training_Input/IL_2373762/ISIC_1054751.jpg,2,2,2,2,2
inference_data/milk10k/MILK10k_Training_Input/IL_2373762/ISIC_9995425.jpg,1,1,1,2,2
inference_data/milk10k/MILK10k_Training_Input/IL_2379441/ISIC_4429484.jpg,4,4,4,4,4
inference_data/milk10k/MILK10k_Training_Input/IL_2379441/ISIC_1756486.jpg,3,3,3,3,3
inference_data/milk10k/MILK10k_Training_Input/IL_2381359/ISIC_3669322.jpg,3,3,3,3,3
inference_data/milk10k/MILK10k_Training_Input/IL_2381359/ISIC_2178421.jpg,1,1,0,1,1
inference_data/milk10k/MILK10k_Training_Input/IL_2381875/ISIC_9360308.jpg,2,2,3,2,2
inference_data/milk10k/MILK10k_Training_Input/IL_2381875/ISIC_5728052.jpg,1,1,1,1,1
inference_data/milk10k/MILK10k_Training_Input/IL_2383580/ISIC_3601357.jpg,3,2,3,3,3
inference_data/milk10k/MILK10k_Training_Input/IL_2383580/ISIC_5958284.jpg,2,2,2,2,2
inference_data/milk10k/MILK10k_Training_Input/IL_2383953/ISIC_3979561.jpg,3,2,2,3,3
inference_data/milk10k/MILK10k_Training_Input/IL_2383953/ISIC_8118009.jpg,2,2,2,2,2
inference_data/milk10k/MILK10k_Training_Input/IL_2386676/ISIC_8652712.jpg,4,3,4,4,3
inference_data/milk10k/MILK10k_Training_Input/IL_2386676/ISIC_1473683.jpg,2,2,2,2,2
inference_data/milk10k/MILK10k_Training_Input/IL_2386719/ISIC_2926847.jpg,3,3,3,3,3
inference_data/milk10k/MILK10k_Training_Input/IL_2386719/ISIC_0350747.jpg,2,2,2,2,2
inference_data/milk10k/MILK10k_Training_Input/IL_2390458/ISIC_4104512.jpg,2,2,2,2,2
inference_data/milk10k/MILK10k_Training_Input/IL_2390458/ISIC_8292872.jpg,2,1,1,1,2
inference_data/milk10k/MILK10k_Training_Input/IL_2397644/ISIC_0115114.jpg,3,3,3,3,3
inference_data/milk10k/MILK10k_Training_Input/IL_2397644/ISIC_4606877.jpg,2,2,2,2,2
inference_data/milk10k/MILK10k_Training_Input/IL_2400114/ISIC_8483915.jpg,2,2,2,2,2
inference_data/milk10k/MILK10k_Training_Input/IL_2400114/ISIC_4905823.jpg,2,1,2,2,2
inference_data/milk10k/MILK10k_Training_Input/IL_2401021/ISIC_6366558.jpg,2,2,2,2,2
inference_data/milk10k/MILK10k_Training_Input/IL_2401021/ISIC_9708493.jpg,1,1,1,1,1
inference_data/milk10k/MILK10k_Training_Input/IL_2401585/ISIC_9213644.jpg,2,2,2,2,2
inference_data/milk10k/MILK10k_Training_Input/IL_2401585/ISIC_2581720.jpg,2,1,1,2,2
inference_data/milk10k/MILK10k_Training_Input/IL_2401627/ISIC_9432372.jpg,2,2,2,2,2
inference_data/milk10k/MILK10k_Training_Input/IL_2401627/ISIC_5442946.jpg,2,2,2,2,2
inference_data/milk10k/MILK10k_Training_Input/IL_2403428/ISIC_7534938.jpg,4,3,3,4,4
inference_data/milk10k/MILK10k_Training_Input/IL_2403428/ISIC_7883260.jpg,1,1,1,1,1
inference_data/milk10k/MILK10k_Training_Input/IL_2404701/ISIC_9890207.jpg,3,3,4,3,3
inference_data/milk10k/MILK10k_Training_Input/IL_2404701/ISIC_8019366.jpg,2,2,2,2,2
inference_data/milk10k/MILK10k_Training_Input/IL_2405400/ISIC_0169805.jpg,2,1,1,2,2
inference_data/milk10k/MILK10k_Training_Input/IL_2405400/ISIC_6344855.jpg,2,1,1,1,2
inference_data/milk10k/MILK10k_Training_Input/IL_2406754/ISIC_8856766.jpg,3,2,3,3,3
inference_data/milk10k/MILK10k_Training_Input/IL_2406754/ISIC_3085336.jpg,2,2,1,2,2
inference_data/milk10k/MILK10k_Training_Input/IL_2407358/ISIC_5443014.jpg,2,2,2,2,2
inference_data/milk10k/MILK10k_Training_Input/IL_2407358/ISIC_2716264.jpg,1,1,1,1,1
inference_data/milk10k/MILK10k_Training_Input/IL_2408766/ISIC_9161347.jpg,4,3,4,4,4
inference_data/milk10k/MILK10k_Training_Input/IL_2408766/ISIC_7765747.jpg,1,1,1,1,1
inference_data/milk10k/MILK10k_Training_Input/IL_2409650/ISIC_2998536.jpg,2,2,2,2,2
inference_data/milk10k/MILK10k_Training_Input/IL_2409650/ISIC_4573444.jpg,2,1,1,2,2
inference_data/milk10k/MILK10k_Training_Input/IL_2413319/ISIC_3497836.jpg,3,2,3,3,3
inference_data/milk10k/MILK10k_Training_Input/IL_2413319/ISIC_9735316.jpg,2,2,2,2,2
inference_data/milk10k/MILK10k_Training_Input/IL_2415353/ISIC_0874081.jpg,3,3,3,3,3
inference_data/milk10k/MILK10k_Training_Input/IL_2415353/ISIC_8281265.jpg,2,2,2,2,2
inference_data/milk10k/MILK10k_Training_Input/IL_2416806/ISIC_1709796.jpg,2,2,2,2,2
inference_data/milk10k/MILK10k_Training_Input/IL_2416806/ISIC_0256695.jpg,1,2,1,2,2
inference_data/milk10k/MILK10k_Training_Input/IL_2423269/ISIC_2514435.jpg,1,1,1,1,1
inference_data/milk10k/MILK10k_Training_Input/IL_2423269/ISIC_6949754.jpg,3,2,3,3,3
inference_data/milk10k/MILK10k_Training_Input/IL_2426275/ISIC_4662941.jpg,2,2,2,2,2
inference_data/milk10k/MILK10k_Training_Input/IL_2426275/ISIC_9642724.jpg,1,1,1,1,1
inference_data/milk10k/MILK10k_Training_Input/IL_2429008/ISIC_8771667.jpg,3,3,3,3,3
inference_data/milk10k/MILK10k_Training_Input/IL_2429008/ISIC_9693802.jpg,1,1,1,1,1
inference_data/milk10k/MILK10k_Training_Input/IL_2432555/ISIC_7898573.jpg,2,2,2,2,2
inference_data/milk10k/MILK10k_Training_Input/IL_2432555/ISIC_0772652.jpg,2,2,2,2,2
inference_data/milk10k/MILK10k_Training_Input/IL_2433161/ISIC_3100293.jpg,2,2,2,2,2
inference_data/milk10k/MILK10k_Training_Input/IL_2433161/ISIC_3259871.jpg,1,1,0,1,1
inference_data/milk10k/MILK10k_Training_Input/IL_2441603/ISIC_4526071.jpg,1,1,1,1,1
inference_data/milk10k/MILK10k_Training_Input/IL_2441603/ISIC_5233296.jpg,2,2,1,2,2
inference_data/milk10k/MILK10k_Training_Input/IL_2442202/ISIC_3253665.jpg,2,2,2,2,2
inference_data/milk10k/MILK10k_Training_Input/IL_2442202/ISIC_8020571.jpg,1,1,0,1,1
inference_data/milk10k/MILK10k_Training_Input/IL_2448175/ISIC_1610084.jpg,3,3,3,4,3
inference_data/milk10k/MILK10k_Training_Input/IL_2448175/ISIC_7139452.jpg,2,2,2,2,2
inference_data/milk10k/MILK10k_Training_Input/IL_2448837/ISIC_5063574.jpg,2,2,2,3,2
inference_data/milk10k/MILK10k_Training_Input/IL_2448837/ISIC_5567599.jpg,2,2,1,2,2
inference_data/milk10k/MILK10k_Training_Input/IL_2450142/ISIC_1833277.jpg,2,2,2,2,2
inference_data/milk10k/MILK10k_Training_Input/IL_2450142/ISIC_5629312.jpg,2,2,2,2,2
inference_data/milk10k/MILK10k_Training_Input/IL_2450651/ISIC_1425517.jpg,3,3,3,3,2
inference_data/milk10k/MILK10k_Training_Input/IL_2450651/ISIC_3431903.jpg,2,2,2,2,2
inference_data/milk10k/MILK10k_Training_Input/IL_2451092/ISIC_8069305.jpg,2,2,3,3,2
inference_data/milk10k/MILK10k_Training_Input/IL_2451092/ISIC_4765663.jpg,1,1,1,1,1
inference_data/milk10k/MILK10k_Training_Input/IL_2454267/ISIC_2987893.jpg,2,2,2,2,2
inference_data/milk10k/MILK10k_Training_Input/IL_2454267/ISIC_8882696.jpg,2,1,1,2,2
inference_data/milk10k/MILK10k_Training_Input/IL_2461087/ISIC_0367096.jpg,3,2,3,3,3
inference_data/milk10k/MILK10k_Training_Input/IL_2461087/ISIC_1284470.jpg,1,1,1,2,2
inference_data/milk10k/MILK10k_Training_Input/IL_2463656/ISIC_3080695.jpg,3,2,3,3,3
inference_data/milk10k/MILK10k_Training_Input/IL_2463656/ISIC_1964200.jpg,1,1,0,1,1
inference_data/milk10k/MILK10k_Training_Input/IL_2466178/ISIC_7939458.jpg,2,2,2,2,2
inference_data/milk10k/MILK10k_Training_Input/IL_2466178/ISIC_5804674.jpg,1,1,1,1,1
inference_data/milk10k/MILK10k_Training_Input/IL_2466652/ISIC_5287761.jpg,1,1,1,1,1
inference_data/milk10k/MILK10k_Training_Input/IL_2466652/ISIC_3462090.jpg,1,1,1,1,1
inference_data/milk10k/MILK10k_Training_Input/IL_2466872/ISIC_2877008.jpg,1,1,1,1,1
inference_data/milk10k/MILK10k_Training_Input/IL_2466872/ISIC_8206552.jpg,1,1,1,1,1
inference_data/milk10k/MILK10k_Training_Input/IL_2467466/ISIC_8978224.jpg,1,1,1,1,1
inference_data/milk10k/MILK10k_Training_Input/IL_2467466/ISIC_4243113.jpg,2,1,1,1,2
inference_data/milk10k/MILK10k_Training_Input/IL_2468895/ISIC_4830413.jpg,2,1,1,2,2
inference_data/milk10k/MILK10k_Training_Input/IL_2468895/ISIC_4350222.jpg,2,2,1,1,2
inference_data/milk10k/MILK10k_Training_Input/IL_2470162/ISIC_2038683.jpg,2,1,2,2,2
inference_data/milk10k/MILK10k_Training_Input/IL_2470162/ISIC_2893311.jpg,1,1,1,1,1
inference_data/milk10k/MILK10k_Training_Input/IL_2471050/ISIC_1652809.jpg,2,2,2,2,2
inference_data/milk10k/MILK10k_Training_Input/IL_2471050/ISIC_5707338.jpg,1,1,1,1,2
inference_data/milk10k/MILK10k_Training_Input/IL_2473158/ISIC_5796545.jpg,3,3,4,4,3
inference_data/milk10k/MILK10k_Training_Input/IL_2473158/ISIC_5235518.jpg,2,2,2,2,2
inference_data/milk10k/MILK10k_Training_Input/IL_2473715/ISIC_4945500.jpg,2,2,2,2,2
inference_data/milk10k/MILK10k_Training_Input/IL_2473715/ISIC_7072308.jpg,1,1,1,1,1
inference_data/milk10k/MILK10k_Training_Input/IL_2473783/ISIC_2023729.jpg,3,3,3,3,3
inference_data/milk10k/MILK10k_Training_Input/IL_2473783/ISIC_2054960.jpg,1,2,1,1,2
inference_data/milk10k/MILK10k_Training_Input/IL_2474779/ISIC_7415657.jpg,3,3,3,3,3
inference_data/milk10k/MILK10k_Training_Input/IL_2474779/ISIC_8097741.jpg,1,1,1,1,1
inference_data/milk10k/MILK10k_Training_Input/IL_2476952/ISIC_6190061.jpg,3,3,3,3,3
inference_data/milk10k/MILK10k_Training_Input/IL_2476952/ISIC_4328393.jpg,1,1,1,2,2
inference_data/milk10k/MILK10k_Training_Input/IL_2477407/ISIC_1431910.jpg,3,3,3,3,3
inference_data/milk10k/MILK10k_Training_Input/IL_2477407/ISIC_2001379.jpg,1,1,1,1,1
inference_data/milk10k/MILK10k_Training_Input/IL_2478742/ISIC_9048808.jpg,2,2,2,2,2
inference_data/milk10k/MILK10k_Training_Input/IL_2478742/ISIC_0880053.jpg,2,2,1,2,2
inference_data/milk10k/MILK10k_Training_Input/IL_2480187/ISIC_9105300.jpg,2,2,2,2,2
inference_data/milk10k/MILK10k_Training_Input/IL_2480187/ISIC_3672274.jpg,2,2,2,2,2
inference_data/milk10k/MILK10k_Training_Input/IL_2482896/ISIC_2288953.jpg,2,2,2,2,2
inference_data/milk10k/MILK10k_Training_Input/IL_2482896/ISIC_2868896.jpg,2,1,2,2,2
inference_data/milk10k/MILK10k_Training_Input/IL_2483019/ISIC_1346199.jpg,3,2,3,3,3
inference_data/milk10k/MILK10k_Training_Input/IL_2483019/ISIC_2383380.jpg,1,2,1,2,1
inference_data/milk10k/MILK10k_Training_Input/IL_2484689/ISIC_2060638.jpg,2,2,2,3,2
inference_data/milk10k/MILK10k_Training_Input/IL_2484689/ISIC_2094944.jpg,2,2,2,2,2
inference_data/milk10k/MILK10k_Training_Input/IL_2487876/ISIC_1134088.jpg,3,2,3,3,3
inference_data/milk10k/MILK10k_Training_Input/IL_2487876/ISIC_1006415.jpg,1,1,1,1,1
inference_data/milk10k/MILK10k_Training_Input/IL_2491792/ISIC_4397628.jpg,2,1,1,2,2
inference_data/milk10k/MILK10k_Training_Input/IL_2491792/ISIC_0823269.jpg,2,2,2,2,2
inference_data/milk10k/MILK10k_Training_Input/IL_2493163/ISIC_9745273.jpg,2,2,2,2,2
inference_data/milk10k/MILK10k_Training_Input/IL_2493163/ISIC_7929517.jpg,1,1,1,1,1
inference_data/milk10k/MILK10k_Training_Input/IL_2493463/ISIC_9102029.jpg,4,3,3,3,3
inference_data/milk10k/MILK10k_Training_Input/IL_2493463/ISIC_9547255.jpg,2,2,2,2,2
inference_data/milk10k/MILK10k_Training_Input/IL_2495327/ISIC_9062645.jpg,3,2,2,3,2
inference_data/milk10k/MILK10k_Training_Input/IL_2495327/ISIC_1499717.jpg,2,2,1,2,2
inference_data/milk10k/MILK10k_Training_Input/IL_2495796/ISIC_1686930.jpg,2,2,2,2,2
inference_data/milk10k/MILK10k_Training_Input/IL_2495796/ISIC_2387540.jpg,2,1,1,2,2
inference_data/milk10k/MILK10k_Training_Input/IL_2497125/ISIC_8528097.jpg,2,1,1,2,2
inference_data/milk10k/MILK10k_Training_Input/IL_2497125/ISIC_7828218.jpg,1,1,1,1,1
inference_data/milk10k/MILK10k_Training_Input/IL_2497453/ISIC_5620414.jpg,2,2,2,2,2
inference_data/milk10k/MILK10k_Training_Input/IL_2497453/ISIC_4272600.jpg,2,2,1,2,2
inference_data/milk10k/MILK10k_Training_Input/IL_2499143/ISIC_7952911.jpg,2,2,2,2,2
inference_data/milk10k/MILK10k_Training_Input/IL_2499143/ISIC_0159874.jpg,1,1,1,1,1
inference_data/milk10k/MILK10k_Training_Input/IL_2502000/ISIC_5892185.jpg,2,2,2,2,2
inference_data/milk10k/MILK10k_Training_Input/IL_2502000/ISIC_5514135.jpg,2,2,2,2,2
inference_data/milk10k/MILK10k_Training_Input/IL_2503315/ISIC_5168814.jpg,4,4,4,4,4
inference_data/milk10k/MILK10k_Training_Input/IL_2503315/ISIC_2222084.jpg,2,2,2,2,2
inference_data/milk10k/MILK10k_Training_Input/IL_2504113/ISIC_5403535.jpg,1,1,1,1,1
inference_data/milk10k/MILK10k_Training_Input/IL_2504113/ISIC_6063897.jpg,2,2,2,2,2
inference_data/milk10k/MILK10k_Training_Input/IL_2504779/ISIC_9209191.jpg,3,3,3,3,3
inference_data/milk10k/MILK10k_Training_Input/IL_2504779/ISIC_2062505.jpg,1,1,0,1,1
inference_data/milk10k/MILK10k_Training_Input/IL_2508861/ISIC_4097142.jpg,2,2,2,2,2
inference_data/milk10k/MILK10k_Training_Input/IL_2508861/ISIC_8426219.jpg,2,2,2,2,2
inference_data/milk10k/MILK10k_Training_Input/IL_2511826/ISIC_9658127.jpg,3,2,2,2,2
inference_data/milk10k/MILK10k_Training_Input/IL_2511826/ISIC_6047898.jpg,1,1,1,1,1
inference_data/milk10k/MILK10k_Training_Input/IL_2513710/ISIC_8226503.jpg,2,2,2,2,2
inference_data/milk10k/MILK10k_Training_Input/IL_2513710/ISIC_1166088.jpg,2,2,2,2,2
inference_data/milk10k/MILK10k_Training_Input/IL_2514915/ISIC_2733266.jpg,2,2,2,2,2
inference_data/milk10k/MILK10k_Training_Input/IL_2514915/ISIC_4307237.jpg,1,1,1,1,1
inference_data/milk10k/MILK10k_Training_Input/IL_2517543/ISIC_1933691.jpg,2,2,2,2,2
inference_data/milk10k/MILK10k_Training_Input/IL_2517543/ISIC_5912360.jpg,2,2,2,2,2
inference_data/milk10k/MILK10k_Training_Input/IL_2521173/ISIC_7827261.jpg,1,1,1,1,1
inference_data/milk10k/MILK10k_Training_Input/IL_2521173/ISIC_2170617.jpg,1,1,1,1,2
inference_data/milk10k/MILK10k_Training_Input/IL_2521408/ISIC_6640885.jpg,2,2,2,2,2
inference_data/milk10k/MILK10k_Training_Input/IL_2521408/ISIC_2167653.jpg,2,1,1,1,2
inference_data/milk10k/MILK10k_Training_Input/IL_2522638/ISIC_8372143.jpg,2,2,2,2,2
inference_data/milk10k/MILK10k_Training_Input/IL_2522638/ISIC_7256008.jpg,2,2,2,2,2
inference_data/milk10k/MILK10k_Training_Input/IL_2522650/ISIC_4179264.jpg,3,3,3,3,3
inference_data/milk10k/MILK10k_Training_Input/IL_2522650/ISIC_8707635.jpg,2,2,3,2,2
inference_data/milk10k/MILK10k_Training_Input/IL_2526379/ISIC_6290373.jpg,3,2,3,3,2
inference_data/milk10k/MILK10k_Training_Input/IL_2526379/ISIC_5175946.jpg,3,3,3,3,3
inference_data/milk10k/MILK10k_Training_Input/IL_2527689/ISIC_8339130.jpg,2,2,2,2,2
inference_data/milk10k/MILK10k_Training_Input/IL_2527689/ISIC_1685767.jpg,2,2,1,2,2
inference_data/milk10k/MILK10k_Training_Input/IL_2528197/ISIC_8868003.jpg,2,2,2,2,2
inference_data/milk10k/MILK10k_Training_Input/IL_2528197/ISIC_4684596.jpg,2,2,2,2,2
inference_data/milk10k/MILK10k_Training_Input/IL_2528819/ISIC_3991986.jpg,4,4,4,4,4
inference_data/milk10k/MILK10k_Training_Input/IL_2528819/ISIC_6853529.jpg,2,2,2,2,2
inference_data/milk10k/MILK10k_Training_Input/IL_2529122/ISIC_7581757.jpg,2,2,2,2,2
inference_data/milk10k/MILK10k_Training_Input/IL_2529122/ISIC_1105494.jpg,1,1,1,1,2
inference_data/milk10k/MILK10k_Training_Input/IL_2531194/ISIC_9073880.jpg,3,3,3,3,3
inference_data/milk10k/MILK10k_Training_Input/IL_2531194/ISIC_8544988.jpg,2,2,3,3,2
inference_data/milk10k/MILK10k_Training_Input/IL_2531198/ISIC_8288213.jpg,3,2,3,3,3
inference_data/milk10k/MILK10k_Training_Input/IL_2531198/ISIC_8528718.jpg,1,2,1,1,2
inference_data/milk10k/MILK10k_Training_Input/IL_2531904/ISIC_2823934.jpg,2,2,2,3,2
inference_data/milk10k/MILK10k_Training_Input/IL_2531904/ISIC_5550212.jpg,2,1,1,2,2
inference_data/milk10k/MILK10k_Training_Input/IL_2533791/ISIC_4230532.jpg,2,2,2,2,2
inference_data/milk10k/MILK10k_Training_Input/IL_2533791/ISIC_8603749.jpg,1,1,1,1,1
inference_data/milk10k/MILK10k_Training_Input/IL_2534024/ISIC_5667703.jpg,1,1,1,1,1
inference_data/milk10k/MILK10k_Training_Input/IL_2534024/ISIC_1720500.jpg,1,1,1,1,1
inference_data/milk10k/MILK10k_Training_Input/IL_2538278/ISIC_7475014.jpg,2,3,2,3,2
inference_data/milk10k/MILK10k_Training_Input/IL_2538278/ISIC_2552716.jpg,1,1,1,1,1
inference_data/milk10k/MILK10k_Training_Input/IL_2538872/ISIC_1771078.jpg,3,2,3,3,2
inference_data/milk10k/MILK10k_Training_Input/IL_2538872/ISIC_5472264.jpg,2,2,2,2,2
inference_data/milk10k/MILK10k_Training_Input/IL_2540198/ISIC_2938744.jpg,2,2,2,2,2
inference_data/milk10k/MILK10k_Training_Input/IL_2540198/ISIC_9421756.jpg,1,1,1,1,1
inference_data/milk10k/MILK10k_Training_Input/IL_2541447/ISIC_1899709.jpg,2,2,2,3,2
inference_data/milk10k/MILK10k_Training_Input/IL_2541447/ISIC_4027141.jpg,2,1,1,1,2
inference_data/milk10k/MILK10k_Training_Input/IL_2543533/ISIC_5866382.jpg,2,2,2,3,2
inference_data/milk10k/MILK10k_Training_Input/IL_2543533/ISIC_0156507.jpg,2,2,2,2,2
inference_data/milk10k/MILK10k_Training_Input/IL_2545098/ISIC_5518449.jpg,2,2,2,2,2
inference_data/milk10k/MILK10k_Training_Input/IL_2545098/ISIC_3399647.jpg,1,1,1,1,1
inference_data/milk10k/MILK10k_Training_Input/IL_2546543/ISIC_2747605.jpg,2,2,1,2,2
inference_data/milk10k/MILK10k_Training_Input/IL_2546543/ISIC_7993222.jpg,3,2,3,3,3
inference_data/milk10k/MILK10k_Training_Input/IL_2547108/ISIC_7189150.jpg,2,2,2,2,2
inference_data/milk10k/MILK10k_Training_Input/IL_2547108/ISIC_3229589.jpg,2,1,1,2,2
inference_data/milk10k/MILK10k_Training_Input/IL_2547187/ISIC_0502224.jpg,2,2,2,3,2
inference_data/milk10k/MILK10k_Training_Input/IL_2547187/ISIC_0724943.jpg,1,2,1,2,2
inference_data/milk10k/MILK10k_Training_Input/IL_2547802/ISIC_6087081.jpg,4,3,4,4,3
inference_data/milk10k/MILK10k_Training_Input/IL_2547802/ISIC_0073863.jpg,2,2,2,2,2
inference_data/milk10k/MILK10k_Training_Input/IL_2553098/ISIC_7485100.jpg,2,2,2,2,2
inference_data/milk10k/MILK10k_Training_Input/IL_2553098/ISIC_2612910.jpg,2,2,2,2,2
inference_data/milk10k/MILK10k_Training_Input/IL_2557121/ISIC_4641479.jpg,3,2,3,3,2
inference_data/milk10k/MILK10k_Training_Input/IL_2557121/ISIC_6710161.jpg,1,1,1,1,1
inference_data/milk10k/MILK10k_Training_Input/IL_2561893/ISIC_8458255.jpg,3,3,3,3,3
inference_data/milk10k/MILK10k_Training_Input/IL_2561893/ISIC_8500215.jpg,1,1,1,1,1
inference_data/milk10k/MILK10k_Training_Input/IL_2564973/ISIC_6533664.jpg,2,2,2,2,2
inference_data/milk10k/MILK10k_Training_Input/IL_2564973/ISIC_9064583.jpg,1,1,1,1,1
inference_data/milk10k/MILK10k_Training_Input/IL_2566700/ISIC_7797463.jpg,2,2,1,1,2
inference_data/milk10k/MILK10k_Training_Input/IL_2566700/ISIC_7558897.jpg,1,1,0,1,1
inference_data/milk10k/MILK10k_Training_Input/IL_2567516/ISIC_6235050.jpg,2,2,2,3,2
inference_data/milk10k/MILK10k_Training_Input/IL_2567516/ISIC_1579405.jpg,1,1,1,1,1
inference_data/milk10k/MILK10k_Training_Input/IL_2568881/ISIC_3715527.jpg,2,2,2,2,2
inference_data/milk10k/MILK10k_Training_Input/IL_2568881/ISIC_6170894.jpg,2,2,2,2,2
inference_data/milk10k/MILK10k_Training_Input/IL_2574343/ISIC_7985297.jpg,1,1,1,1,2
inference_data/milk10k/MILK10k_Training_Input/IL_2574343/ISIC_5744822.jpg,2,2,1,2,2
inference_data/milk10k/MILK10k_Training_Input/IL_2577836/ISIC_7408729.jpg,2,2,2,2,2
inference_data/milk10k/MILK10k_Training_Input/IL_2577836/ISIC_5003991.jpg,2,1,1,2,2
inference_data/milk10k/MILK10k_Training_Input/IL_2582218/ISIC_1107534.jpg,2,2,2,2,2
inference_data/milk10k/MILK10k_Training_Input/IL_2582218/ISIC_7629062.jpg,1,1,0,1,1
inference_data/milk10k/MILK10k_Training_Input/IL_2582722/ISIC_5553297.jpg,2,2,2,3,2
inference_data/milk10k/MILK10k_Training_Input/IL_2582722/ISIC_0485396.jpg,1,2,1,1,2
inference_data/milk10k/MILK10k_Training_Input/IL_2585626/ISIC_4602943.jpg,2,3,2,3,2
inference_data/milk10k/MILK10k_Training_Input/IL_2585626/ISIC_5870525.jpg,1,1,1,1,1
inference_data/milk10k/MILK10k_Training_Input/IL_2587560/ISIC_8414183.jpg,2,2,2,2,2
inference_data/milk10k/MILK10k_Training_Input/IL_2587560/ISIC_5298476.jpg,3,2,3,3,3
inference_data/milk10k/MILK10k_Training_Input/IL_2587941/ISIC_3791100.jpg,1,1,1,1,1
inference_data/milk10k/MILK10k_Training_Input/IL_2587941/ISIC_3658597.jpg,2,1,1,2,1
inference_data/milk10k/MILK10k_Training_Input/IL_2588652/ISIC_9809278.jpg,3,2,3,3,2
inference_data/milk10k/MILK10k_Training_Input/IL_2588652/ISIC_7352384.jpg,2,1,1,2,2
inference_data/milk10k/MILK10k_Training_Input/IL_2590916/ISIC_8220140.jpg,3,3,4,4,3
inference_data/milk10k/MILK10k_Training_Input/IL_2590916/ISIC_2013192.jpg,2,1,2,2,2
inference_data/milk10k/MILK10k_Training_Input/IL_2591280/ISIC_2320596.jpg,3,3,3,3,3
inference_data/milk10k/MILK10k_Training_Input/IL_2591280/ISIC_6524360.jpg,1,1,1,1,1
inference_data/milk10k/MILK10k_Training_Input/IL_2591955/ISIC_2286311.jpg,3,2,3,3,3
inference_data/milk10k/MILK10k_Training_Input/IL_2591955/ISIC_9255133.jpg,2,2,2,2,2
inference_data/milk10k/MILK10k_Training_Input/IL_2596452/ISIC_8641712.jpg,3,2,2,3,2
inference_data/milk10k/MILK10k_Training_Input/IL_2596452/ISIC_7074658.jpg,2,2,2,2,2
inference_data/milk10k/MILK10k_Training_Input/IL_2598820/ISIC_1435734.jpg,3,3,3,3,3
inference_data/milk10k/MILK10k_Training_Input/IL_2598820/ISIC_5383160.jpg,2,2,2,2,2
inference_data/milk10k/MILK10k_Training_Input/IL_2601200/ISIC_5954681.jpg,2,2,2,2,2
inference_data/milk10k/MILK10k_Training_Input/IL_2601200/ISIC_2323653.jpg,1,1,1,1,1
inference_data/milk10k/MILK10k_Training_Input/IL_2609201/ISIC_3162836.jpg,2,2,3,3,2
inference_data/milk10k/MILK10k_Training_Input/IL_2609201/ISIC_4388573.jpg,1,1,1,1,1
inference_data/milk10k/MILK10k_Training_Input/IL_2610078/ISIC_1192517.jpg,2,2,2,3,2
inference_data/milk10k/MILK10k_Training_Input/IL_2610078/ISIC_4413011.jpg,2,2,2,2,2
inference_data/milk10k/MILK10k_Training_Input/IL_2610875/ISIC_2786202.jpg,2,1,1,2,1
inference_data/milk10k/MILK10k_Training_Input/IL_2610875/ISIC_4416938.jpg,1,1,1,1,1
inference_data/milk10k/MILK10k_Training_Input/IL_2612192/ISIC_2185560.jpg,3,2,2,2,2
inference_data/milk10k/MILK10k_Training_Input/IL_2612192/ISIC_5313254.jpg,2,2,2,2,2
inference_data/milk10k/MILK10k_Training_Input/IL_2621317/ISIC_2852852.jpg,2,2,2,2,2
inference_data/milk10k/MILK10k_Training_Input/IL_2621317/ISIC_4200513.jpg,2,1,2,2,2
inference_data/milk10k/MILK10k_Training_Input/IL_2623248/ISIC_3327085.jpg,3,3,3,3,3
inference_data/milk10k/MILK10k_Training_Input/IL_2623248/ISIC_1020628.jpg,2,1,2,2,2
inference_data/milk10k/MILK10k_Training_Input/IL_2632652/ISIC_6806931.jpg,1,1,1,1,1
inference_data/milk10k/MILK10k_Training_Input/IL_2632652/ISIC_8678969.jpg,1,2,1,1,1
inference_data/milk10k/MILK10k_Training_Input/IL_2634520/ISIC_0851659.jpg,2,2,1,1,2
inference_data/milk10k/MILK10k_Training_Input/IL_2634520/ISIC_3251714.jpg,1,1,1,1,1
inference_data/milk10k/MILK10k_Training_Input/IL_2634708/ISIC_2188127.jpg,3,3,3,3,3
inference_data/milk10k/MILK10k_Training_Input/IL_2634708/ISIC_3676018.jpg,1,1,1,1,1
inference_data/milk10k/MILK10k_Training_Input/IL_2634842/ISIC_7067801.jpg,1,1,1,1,1
inference_data/milk10k/MILK10k_Training_Input/IL_2634842/ISIC_4082454.jpg,1,1,1,1,1
inference_data/milk10k/MILK10k_Training_Input/IL_2634845/ISIC_1019247.jpg,2,2,2,2,2
inference_data/milk10k/MILK10k_Training_Input/IL_2634845/ISIC_5994355.jpg,2,2,2,2,3
inference_data/milk10k/MILK10k_Training_Input/IL_2638110/ISIC_4127514.jpg,3,3,3,3,3
inference_data/milk10k/MILK10k_Training_Input/IL_2638110/ISIC_4203842.jpg,1,1,1,1,1
inference_data/milk10k/MILK10k_Training_Input/IL_2643688/ISIC_9125091.jpg,3,2,3,3,3
inference_data/milk10k/MILK10k_Training_Input/IL_2643688/ISIC_2422166.jpg,2,2,2,2,2
inference_data/milk10k/MILK10k_Training_Input/IL_2647562/ISIC_0740405.jpg,2,1,1,2,2
inference_data/milk10k/MILK10k_Training_Input/IL_2647562/ISIC_5584851.jpg,2,2,1,1,2
inference_data/milk10k/MILK10k_Training_Input/IL_2648810/ISIC_9676972.jpg,2,2,2,2,2
inference_data/milk10k/MILK10k_Training_Input/IL_2648810/ISIC_4720694.jpg,2,1,2,2,2
inference_data/milk10k/MILK10k_Training_Input/IL_2649297/ISIC_4273109.jpg,4,3,4,4,3
inference_data/milk10k/MILK10k_Training_Input/IL_2649297/ISIC_6584815.jpg,1,2,1,2,1
inference_data/milk10k/MILK10k_Training_Input/IL_2650729/ISIC_4875678.jpg,2,2,2,3,2
inference_data/milk10k/MILK10k_Training_Input/IL_2650729/ISIC_6857782.jpg,2,2,2,2,2
inference_data/milk10k/MILK10k_Training_Input/IL_2651247/ISIC_2137894.jpg,2,2,2,3,2
inference_data/milk10k/MILK10k_Training_Input/IL_2651247/ISIC_9239978.jpg,2,2,1,2,2
inference_data/milk10k/MILK10k_Training_Input/IL_2652500/ISIC_2642915.jpg,2,2,1,1,2
inference_data/milk10k/MILK10k_Training_Input/IL_2652500/ISIC_6246107.jpg,3,3,3,3,3
inference_data/milk10k/MILK10k_Training_Input/IL_2652788/ISIC_6550385.jpg,4,4,4,4,4
inference_data/milk10k/MILK10k_Training_Input/IL_2652788/ISIC_5409072.jpg,1,2,1,1,1
inference_data/milk10k/MILK10k_Training_Input/IL_2653791/ISIC_8037974.jpg,2,2,2,2,2
inference_data/milk10k/MILK10k_Training_Input/IL_2653791/ISIC_8675305.jpg,2,1,1,2,2
inference_data/milk10k/MILK10k_Training_Input/IL_2658437/ISIC_7981568.jpg,3,2,3,3,2
inference_data/milk10k/MILK10k_Training_Input/IL_2658437/ISIC_6999928.jpg,2,1,2,2,2
inference_data/milk10k/MILK10k_Training_Input/IL_2658835/ISIC_0582067.jpg,2,1,1,2,2
inference_data/milk10k/MILK10k_Training_Input/IL_2658835/ISIC_5356282.jpg,1,1,1,1,1
inference_data/milk10k/MILK10k_Training_Input/IL_2659393/ISIC_8032730.jpg,2,2,2,2,2
inference_data/milk10k/MILK10k_Training_Input/IL_2659393/ISIC_3934861.jpg,2,1,1,2,2
inference_data/milk10k/MILK10k_Training_Input/IL_2659865/ISIC_8663511.jpg,2,1,1,2,2
inference_data/milk10k/MILK10k_Training_Input/IL_2659865/ISIC_4146139.jpg,1,1,1,1,1
inference_data/milk10k/MILK10k_Training_Input/IL_2660318/ISIC_9312353.jpg,1,1,1,1,1
inference_data/milk10k/MILK10k_Training_Input/IL_2660318/ISIC_3039744.jpg,1,1,1,1,1
inference_data/milk10k/MILK10k_Training_Input/IL_2662922/ISIC_9149555.jpg,1,1,0,1,1
inference_data/milk10k/MILK10k_Training_Input/IL_2662922/ISIC_7464537.jpg,1,1,1,1,1
inference_data/milk10k/MILK10k_Training_Input/IL_2662966/ISIC_1058357.jpg,3,2,3,3,3
inference_data/milk10k/MILK10k_Training_Input/IL_2662966/ISIC_8782299.jpg,1,1,1,1,1
inference_data/milk10k/MILK10k_Training_Input/IL_2663790/ISIC_8346382.jpg,2,2,2,2,2
inference_data/milk10k/MILK10k_Training_Input/IL_2663790/ISIC_2418674.jpg,1,1,1,1,1
inference_data/milk10k/MILK10k_Training_Input/IL_2663991/ISIC_1170971.jpg,1,1,1,1,2
inference_data/milk10k/MILK10k_Training_Input/IL_2663991/ISIC_2873444.jpg,1,1,1,1,1
inference_data/milk10k/MILK10k_Training_Input/IL_2664581/ISIC_7354709.jpg,1,1,1,1,2
inference_data/milk10k/MILK10k_Training_Input/IL_2664581/ISIC_6236484.jpg,2,2,2,2,2
inference_data/milk10k/MILK10k_Training_Input/IL_2664685/ISIC_9416518.jpg,3,2,3,3,3
inference_data/milk10k/MILK10k_Training_Input/IL_2664685/ISIC_4753918.jpg,1,1,1,1,1
inference_data/milk10k/MILK10k_Training_Input/IL_2670180/ISIC_7530101.jpg,1,1,1,1,1
inference_data/milk10k/MILK10k_Training_Input/IL_2670180/ISIC_9105114.jpg,2,2,2,2,2
inference_data/milk10k/MILK10k_Training_Input/IL_2670603/ISIC_7144270.jpg,2,2,2,2,2
inference_data/milk10k/MILK10k_Training_Input/IL_2670603/ISIC_0715287.jpg,1,1,1,1,2
inference_data/milk10k/MILK10k_Training_Input/IL_2671860/ISIC_5287888.jpg,3,3,3,4,3
inference_data/milk10k/MILK10k_Training_Input/IL_2671860/ISIC_4771678.jpg,2,1,2,2,2
inference_data/milk10k/MILK10k_Training_Input/IL_2674026/ISIC_3774678.jpg,2,1,1,2,2
inference_data/milk10k/MILK10k_Training_Input/IL_2674026/ISIC_1464471.jpg,1,1,1,1,1
inference_data/milk10k/MILK10k_Training_Input/IL_2674670/ISIC_5902730.jpg,1,1,1,1,1
inference_data/milk10k/MILK10k_Training_Input/IL_2674670/ISIC_6852771.jpg,2,2,2,2,2
inference_data/milk10k/MILK10k_Training_Input/IL_2675475/ISIC_6285261.jpg,2,1,2,2,2
inference_data/milk10k/MILK10k_Training_Input/IL_2675475/ISIC_6881361.jpg,2,2,1,2,2
inference_data/milk10k/MILK10k_Training_Input/IL_2679001/ISIC_3724648.jpg,3,2,3,3,3
inference_data/milk10k/MILK10k_Training_Input/IL_2679001/ISIC_7671720.jpg,2,2,2,2,2
inference_data/milk10k/MILK10k_Training_Input/IL_2682225/ISIC_6175134.jpg,2,2,2,2,2
inference_data/milk10k/MILK10k_Training_Input/IL_2682225/ISIC_3500227.jpg,1,1,1,1,1
inference_data/milk10k/MILK10k_Training_Input/IL_2685280/ISIC_0267616.jpg,2,2,2,2,2
inference_data/milk10k/MILK10k_Training_Input/IL_2685280/ISIC_8390104.jpg,2,1,1,1,1
inference_data/milk10k/MILK10k_Training_Input/IL_2687877/ISIC_6546601.jpg,2,2,1,2,2
inference_data/milk10k/MILK10k_Training_Input/IL_2687877/ISIC_2171027.jpg,2,2,2,2,2
inference_data/milk10k/MILK10k_Training_Input/IL_2689695/ISIC_1531730.jpg,1,1,1,1,1
inference_data/milk10k/MILK10k_Training_Input/IL_2689695/ISIC_1045607.jpg,1,1,1,1,1
inference_data/milk10k/MILK10k_Training_Input/IL_2689946/ISIC_9233052.jpg,2,1,2,2,2
inference_data/milk10k/MILK10k_Training_Input/IL_2689946/ISIC_5415740.jpg,2,1,1,1,2
inference_data/milk10k/MILK10k_Training_Input/IL_2692187/ISIC_0532506.jpg,1,1,1,1,1
inference_data/milk10k/MILK10k_Training_Input/IL_2692187/ISIC_6581608.jpg,1,1,0,1,1
inference_data/milk10k/MILK10k_Training_Input/IL_2692923/ISIC_0786490.jpg,2,2,2,2,2
inference_data/milk10k/MILK10k_Training_Input/IL_2692923/ISIC_9115886.jpg,1,1,1,1,1
inference_data/milk10k/MILK10k_Training_Input/IL_2694953/ISIC_8863788.jpg,3,2,3,3,2
inference_data/milk10k/MILK10k_Training_Input/IL_2694953/ISIC_8377707.jpg,1,2,1,1,2
inference_data/milk10k/MILK10k_Training_Input/IL_2696717/ISIC_0930244.jpg,3,2,3,3,3
inference_data/milk10k/MILK10k_Training_Input/IL_2696717/ISIC_2054940.jpg,2,2,2,2,2
inference_data/milk10k/MILK10k_Training_Input/IL_2700480/ISIC_6789387.jpg,2,1,2,2,2
inference_data/milk10k/MILK10k_Training_Input/IL_2700480/ISIC_0809407.jpg,2,2,2,2,2
inference_data/milk10k/MILK10k_Training_Input/IL_2702338/ISIC_4568904.jpg,1,1,1,1,1
inference_data/milk10k/MILK10k_Training_Input/IL_2702338/ISIC_5889858.jpg,1,1,1,1,1
inference_data/milk10k/MILK10k_Training_Input/IL_2703142/ISIC_6934564.jpg,3,2,3,3,2
inference_data/milk10k/MILK10k_Training_Input/IL_2703142/ISIC_1221689.jpg,1,1,1,1,1
inference_data/milk10k/MILK10k_Training_Input/IL_2704222/ISIC_9112089.jpg,2,2,2,3,2
inference_data/milk10k/MILK10k_Training_Input/IL_2704222/ISIC_3235332.jpg,2,2,2,2,2
inference_data/milk10k/MILK10k_Training_Input/IL_2707139/ISIC_5291973.jpg,2,2,2,2,2
inference_data/milk10k/MILK10k_Training_Input/IL_2707139/ISIC_3430609.jpg,2,2,2,2,2
inference_data/milk10k/MILK10k_Training_Input/IL_2707653/ISIC_7080457.jpg,2,2,2,2,2
inference_data/milk10k/MILK10k_Training_Input/IL_2707653/ISIC_2991167.jpg,1,1,1,1,1
inference_data/milk10k/MILK10k_Training_Input/IL_2707922/ISIC_1739775.jpg,1,1,1,1,1
inference_data/milk10k/MILK10k_Training_Input/IL_2707922/ISIC_9057655.jpg,2,2,1,2,2
inference_data/milk10k/MILK10k_Training_Input/IL_2710890/ISIC_5649480.jpg,3,3,3,3,3
inference_data/milk10k/MILK10k_Training_Input/IL_2710890/ISIC_1078763.jpg,2,1,2,2,2
inference_data/milk10k/MILK10k_Training_Input/IL_2711226/ISIC_5230169.jpg,1,1,1,1,1
inference_data/milk10k/MILK10k_Training_Input/IL_2711226/ISIC_4653572.jpg,2,2,1,2,2
inference_data/milk10k/MILK10k_Training_Input/IL_2714840/ISIC_2869678.jpg,2,2,2,3,2
inference_data/milk10k/MILK10k_Training_Input/IL_2714840/ISIC_2907780.jpg,1,1,1,1,1
inference_data/milk10k/MILK10k_Training_Input/IL_2715544/ISIC_5642271.jpg,2,1,2,2,2
inference_data/milk10k/MILK10k_Training_Input/IL_2715544/ISIC_8880430.jpg,1,1,1,1,1
inference_data/milk10k/MILK10k_Training_Input/IL_2717072/ISIC_7843276.jpg,3,3,3,3,2
inference_data/milk10k/MILK10k_Training_Input/IL_2717072/ISIC_1926555.jpg,3,3,3,3,3
inference_data/milk10k/MILK10k_Training_Input/IL_2718165/ISIC_7931784.jpg,3,3,3,3,3
inference_data/milk10k/MILK10k_Training_Input/IL_2718165/ISIC_6044977.jpg,1,1,1,1,1
inference_data/milk10k/MILK10k_Training_Input/IL_2718328/ISIC_1181436.jpg,2,2,2,2,2
inference_data/milk10k/MILK10k_Training_Input/IL_2718328/ISIC_3819687.jpg,1,1,1,1,1
inference_data/milk10k/MILK10k_Training_Input/IL_2719236/ISIC_2801800.jpg,2,2,2,2,2
inference_data/milk10k/MILK10k_Training_Input/IL_2719236/ISIC_7082726.jpg,1,1,1,1,1
inference_data/milk10k/MILK10k_Training_Input/IL_2719812/ISIC_2851104.jpg,3,3,3,3,3
inference_data/milk10k/MILK10k_Training_Input/IL_2719812/ISIC_6213875.jpg,2,2,2,2,2
inference_data/milk10k/MILK10k_Training_Input/IL_2720879/ISIC_1379718.jpg,3,2,3,3,2
inference_data/milk10k/MILK10k_Training_Input/IL_2720879/ISIC_9650544.jpg,2,2,2,2,2
inference_data/milk10k/MILK10k_Training_Input/IL_2721473/ISIC_4499587.jpg,3,2,3,3,2
inference_data/milk10k/MILK10k_Training_Input/IL_2721473/ISIC_1490894.jpg,1,1,1,1,1
inference_data/milk10k/MILK10k_Training_Input/IL_2721693/ISIC_0495585.jpg,2,2,2,2,2
inference_data/milk10k/MILK10k_Training_Input/IL_2721693/ISIC_5164012.jpg,1,1,1,1,1
inference_data/milk10k/MILK10k_Training_Input/IL_2722243/ISIC_8724627.jpg,2,2,2,2,2
inference_data/milk10k/MILK10k_Training_Input/IL_2722243/ISIC_6720006.jpg,2,1,1,2,2
inference_data/milk10k/MILK10k_Training_Input/IL_2722741/ISIC_4836899.jpg,3,2,3,3,2
inference_data/milk10k/MILK10k_Training_Input/IL_2722741/ISIC_9216457.jpg,1,1,1,1,1
inference_data/milk10k/MILK10k_Training_Input/IL_2725320/ISIC_9656292.jpg,3,3,3,3,3
inference_data/milk10k/MILK10k_Training_Input/IL_2725320/ISIC_3909654.jpg,1,1,1,1,2
inference_data/milk10k/MILK10k_Training_Input/IL_2729138/ISIC_5408628.jpg,4,3,4,4,3
inference_data/milk10k/MILK10k_Training_Input/IL_2729138/ISIC_1261731.jpg,2,1,1,2,2
inference_data/milk10k/MILK10k_Training_Input/IL_2730356/ISIC_0316259.jpg,2,2,2,2,2
inference_data/milk10k/MILK10k_Training_Input/IL_2730356/ISIC_7989453.jpg,2,2,2,2,2
inference_data/milk10k/MILK10k_Training_Input/IL_2733872/ISIC_5071145.jpg,3,3,3,3,3
inference_data/milk10k/MILK10k_Training_Input/IL_2733872/ISIC_7799334.jpg,2,2,2,2,2
inference_data/milk10k/MILK10k_Training_Input/IL_2734125/ISIC_4303795.jpg,1,1,1,1,2
inference_data/milk10k/MILK10k_Training_Input/IL_2734125/ISIC_7938939.jpg,3,2,3,3,3
inference_data/milk10k/MILK10k_Training_Input/IL_2734899/ISIC_9144494.jpg,3,2,3,3,2
inference_data/milk10k/MILK10k_Training_Input/IL_2734899/ISIC_2038875.jpg,2,1,1,2,2
inference_data/milk10k/MILK10k_Training_Input/IL_2735586/ISIC_7604483.jpg,3,2,3,3,3
inference_data/milk10k/MILK10k_Training_Input/IL_2735586/ISIC_1757189.jpg,1,1,1,1,1
inference_data/milk10k/MILK10k_Training_Input/IL_2739808/ISIC_2920382.jpg,2,2,2,3,2
inference_data/milk10k/MILK10k_Training_Input/IL_2739808/ISIC_4256719.jpg,2,1,2,2,2
inference_data/milk10k/MILK10k_Training_Input/IL_2740956/ISIC_7560911.jpg,4,3,4,4,4
inference_data/milk10k/MILK10k_Training_Input/IL_2740956/ISIC_4671582.jpg,1,1,1,1,2
inference_data/milk10k/MILK10k_Training_Input/IL_2740967/ISIC_0583040.jpg,3,2,3,3,3
inference_data/milk10k/MILK10k_Training_Input/IL_2740967/ISIC_2586707.jpg,2,2,2,2,2
inference_data/milk10k/MILK10k_Training_Input/IL_2742965/ISIC_1845748.jpg,3,3,2,3,2
inference_data/milk10k/MILK10k_Training_Input/IL_2742965/ISIC_7719129.jpg,1,1,1,1,1
inference_data/milk10k/MILK10k_Training_Input/IL_2744874/ISIC_5984406.jpg,2,2,2,2,2
inference_data/milk10k/MILK10k_Training_Input/IL_2744874/ISIC_5891194.jpg,2,2,2,2,2
inference_data/milk10k/MILK10k_Training_Input/IL_2745193/ISIC_2228525.jpg,2,2,2,2,2
inference_data/milk10k/MILK10k_Training_Input/IL_2745193/ISIC_8008482.jpg,1,1,0,1,1
inference_data/milk10k/MILK10k_Training_Input/IL_2747674/ISIC_7508643.jpg,2,2,2,2,2
inference_data/milk10k/MILK10k_Training_Input/IL_2747674/ISIC_4703321.jpg,1,1,1,1,1
inference_data/milk10k/MILK10k_Training_Input/IL_2748244/ISIC_0590401.jpg,2,2,2,2,2
inference_data/milk10k/MILK10k_Training_Input/IL_2748244/ISIC_1014403.jpg,2,2,2,2,2
inference_data/milk10k/MILK10k_Training_Input/IL_2750081/ISIC_6855467.jpg,2,2,3,3,2
inference_data/milk10k/MILK10k_Training_Input/IL_2750081/ISIC_9945084.jpg,2,2,2,3,2
inference_data/milk10k/MILK10k_Training_Input/IL_2750641/ISIC_7337805.jpg,3,3,3,3,3
inference_data/milk10k/MILK10k_Training_Input/IL_2750641/ISIC_4517401.jpg,2,2,2,2,2
inference_data/milk10k/MILK10k_Training_Input/IL_2751671/ISIC_6059802.jpg,3,2,3,3,2
inference_data/milk10k/MILK10k_Training_Input/IL_2751671/ISIC_5501232.jpg,1,1,0,1,1
inference_data/milk10k/MILK10k_Training_Input/IL_2751796/ISIC_1137894.jpg,2,2,1,2,2
inference_data/milk10k/MILK10k_Training_Input/IL_2751796/ISIC_1718779.jpg,3,2,3,3,3
inference_data/milk10k/MILK10k_Training_Input/IL_2752948/ISIC_3334508.jpg,2,2,2,2,3
inference_data/milk10k/MILK10k_Training_Input/IL_2752948/ISIC_7868177.jpg,2,2,1,2,2
inference_data/milk10k/MILK10k_Training_Input/IL_2753111/ISIC_3543603.jpg,2,2,2,3,2
inference_data/milk10k/MILK10k_Training_Input/IL_2753111/ISIC_1980584.jpg,2,2,3,3,3
inference_data/milk10k/MILK10k_Training_Input/IL_2755803/ISIC_5856786.jpg,2,2,2,2,2
inference_data/milk10k/MILK10k_Training_Input/IL_2755803/ISIC_1993005.jpg,2,2,2,2,2
inference_data/milk10k/MILK10k_Training_Input/IL_2759218/ISIC_9191650.jpg,2,2,2,2,2
inference_data/milk10k/MILK10k_Training_Input/IL_2759218/ISIC_1593018.jpg,1,1,1,1,1
inference_data/milk10k/MILK10k_Training_Input/IL_2759260/ISIC_8301701.jpg,2,2,2,2,2
inference_data/milk10k/MILK10k_Training_Input/IL_2759260/ISIC_1169219.jpg,2,2,2,2,2
inference_data/milk10k/MILK10k_Training_Input/IL_2759554/ISIC_2214827.jpg,2,2,2,2,2
inference_data/milk10k/MILK10k_Training_Input/IL_2759554/ISIC_4416373.jpg,1,1,1,1,1
inference_data/milk10k/MILK10k_Training_Input/IL_2760690/ISIC_8245171.jpg,1,1,1,1,1
inference_data/milk10k/MILK10k_Training_Input/IL_2760690/ISIC_1844015.jpg,1,1,1,2,2
inference_data/milk10k/MILK10k_Training_Input/IL_2770986/ISIC_2108278.jpg,2,2,2,2,2
inference_data/milk10k/MILK10k_Training_Input/IL_2770986/ISIC_8616033.jpg,1,1,1,1,1
inference_data/milk10k/MILK10k_Training_Input/IL_2771122/ISIC_1332174.jpg,2,2,2,2,2
inference_data/milk10k/MILK10k_Training_Input/IL_2771122/ISIC_0178503.jpg,1,1,1,1,1
inference_data/milk10k/MILK10k_Training_Input/IL_2771933/ISIC_7481650.jpg,2,2,2,3,2
inference_data/milk10k/MILK10k_Training_Input/IL_2771933/ISIC_6373409.jpg,2,2,2,3,2
inference_data/milk10k/MILK10k_Training_Input/IL_2772530/ISIC_0980403.jpg,3,3,3,3,3
inference_data/milk10k/MILK10k_Training_Input/IL_2772530/ISIC_4990358.jpg,1,2,1,1,2
inference_data/milk10k/MILK10k_Training_Input/IL_2775597/ISIC_3444223.jpg,2,2,2,2,2
inference_data/milk10k/MILK10k_Training_Input/IL_2775597/ISIC_8505283.jpg,1,1,0,1,1
inference_data/milk10k/MILK10k_Training_Input/IL_2778594/ISIC_1268914.jpg,3,3,4,4,3
inference_data/milk10k/MILK10k_Training_Input/IL_2778594/ISIC_0743555.jpg,2,2,2,2,2
inference_data/milk10k/MILK10k_Training_Input/IL_2779064/ISIC_2241043.jpg,2,2,2,2,2
inference_data/milk10k/MILK10k_Training_Input/IL_2779064/ISIC_3851477.jpg,1,1,1,1,1
inference_data/milk10k/MILK10k_Training_Input/IL_2779245/ISIC_7112529.jpg,3,2,3,3,2
inference_data/milk10k/MILK10k_Training_Input/IL_2779245/ISIC_9766600.jpg,2,2,2,2,2
inference_data/milk10k/MILK10k_Training_Input/IL_2783925/ISIC_7901262.jpg,1,1,1,1,1
inference_data/milk10k/MILK10k_Training_Input/IL_2783925/ISIC_2689544.jpg,2,2,2,2,2
inference_data/milk10k/MILK10k_Training_Input/IL_2786216/ISIC_7789126.jpg,2,1,2,2,2
inference_data/milk10k/MILK10k_Training_Input/IL_2786216/ISIC_6353654.jpg,0,1,0,0,0
inference_data/milk10k/MILK10k_Training_Input/IL_2788163/ISIC_8323623.jpg,3,3,3,4,3
inference_data/milk10k/MILK10k_Training_Input/IL_2788163/ISIC_8969175.jpg,2,2,2,2,2
inference_data/milk10k/MILK10k_Training_Input/IL_2788353/ISIC_8721730.jpg,3,3,3,3,3
inference_data/milk10k/MILK10k_Training_Input/IL_2788353/ISIC_0304794.jpg,2,2,2,2,2
inference_data/milk10k/MILK10k_Training_Input/IL_2791658/ISIC_4267031.jpg,3,3,3,3,3
inference_data/milk10k/MILK10k_Training_Input/IL_2791658/ISIC_8591122.jpg,2,2,2,2,2
inference_data/milk10k/MILK10k_Training_Input/IL_2791717/ISIC_1919712.jpg,3,3,3,3,3
inference_data/milk10k/MILK10k_Training_Input/IL_2791717/ISIC_8646399.jpg,1,1,1,1,1
inference_data/milk10k/MILK10k_Training_Input/IL_2791803/ISIC_3428806.jpg,2,2,2,2,2
inference_data/milk10k/MILK10k_Training_Input/IL_2791803/ISIC_6279832.jpg,2,2,2,2,2
inference_data/milk10k/MILK10k_Training_Input/IL_2794961/ISIC_7782780.jpg,2,2,2,2,2
inference_data/milk10k/MILK10k_Training_Input/IL_2794961/ISIC_5963071.jpg,1,1,1,1,2
inference_data/milk10k/MILK10k_Training_Input/IL_2797593/ISIC_9155561.jpg,3,3,3,3,3
inference_data/milk10k/MILK10k_Training_Input/IL_2797593/ISIC_6785657.jpg,2,1,1,2,2
inference_data/milk10k/MILK10k_Training_Input/IL_2797829/ISIC_2083813.jpg,2,2,2,2,2
inference_data/milk10k/MILK10k_Training_Input/IL_2797829/ISIC_9222540.jpg,2,2,2,2,2
inference_data/milk10k/MILK10k_Training_Input/IL_2802715/ISIC_9626996.jpg,3,3,3,3,3
inference_data/milk10k/MILK10k_Training_Input/IL_2802715/ISIC_3397720.jpg,2,2,2,2,2
inference_data/milk10k/MILK10k_Training_Input/IL_2803011/ISIC_2304788.jpg,3,2,3,3,3
inference_data/milk10k/MILK10k_Training_Input/IL_2803011/ISIC_2976358.jpg,2,2,1,2,2
inference_data/milk10k/MILK10k_Training_Input/IL_2806266/ISIC_9625853.jpg,2,2,2,2,2
inference_data/milk10k/MILK10k_Training_Input/IL_2806266/ISIC_9598621.jpg,1,1,2,1,2
inference_data/milk10k/MILK10k_Training_Input/IL_2808102/ISIC_7136010.jpg,1,1,1,1,1
inference_data/milk10k/MILK10k_Training_Input/IL_2808102/ISIC_0410802.jpg,1,1,1,1,1
inference_data/milk10k/MILK10k_Training_Input/IL_2808273/ISIC_9941177.jpg,2,2,2,2,2
inference_data/milk10k/MILK10k_Training_Input/IL_2808273/ISIC_4936029.jpg,1,1,1,1,1
inference_data/milk10k/MILK10k_Training_Input/IL_2810751/ISIC_8390476.jpg,1,1,1,1,1
inference_data/milk10k/MILK10k_Training_Input/IL_2810751/ISIC_6192197.jpg,1,2,1,1,1
inference_data/milk10k/MILK10k_Training_Input/IL_2811473/ISIC_1338257.jpg,4,4,4,4,4
inference_data/milk10k/MILK10k_Training_Input/IL_2811473/ISIC_4243006.jpg,2,2,1,2,2
inference_data/milk10k/MILK10k_Training_Input/IL_2812139/ISIC_3846189.jpg,3,2,3,3,2
inference_data/milk10k/MILK10k_Training_Input/IL_2812139/ISIC_7677568.jpg,2,1,2,2,2
inference_data/milk10k/MILK10k_Training_Input/IL_2815736/ISIC_5007628.jpg,2,2,1,2,2
inference_data/milk10k/MILK10k_Training_Input/IL_2815736/ISIC_4116218.jpg,2,2,1,2,2
inference_data/milk10k/MILK10k_Training_Input/IL_2816298/ISIC_3037508.jpg,2,2,2,2,2
inference_data/milk10k/MILK10k_Training_Input/IL_2816298/ISIC_6747832.jpg,2,2,2,2,2
inference_data/milk10k/MILK10k_Training_Input/IL_2821398/ISIC_4051459.jpg,3,3,2,3,3
inference_data/milk10k/MILK10k_Training_Input/IL_2821398/ISIC_9857002.jpg,3,3,3,3,3
inference_data/milk10k/MILK10k_Training_Input/IL_2821734/ISIC_0376743.jpg,2,1,2,2,2
inference_data/milk10k/MILK10k_Training_Input/IL_2821734/ISIC_0835458.jpg,2,2,1,2,2
inference_data/milk10k/MILK10k_Training_Input/IL_2826378/ISIC_4946681.jpg,2,2,2,3,2
inference_data/milk10k/MILK10k_Training_Input/IL_2826378/ISIC_7481885.jpg,2,2,2,2,2
inference_data/milk10k/MILK10k_Training_Input/IL_2830385/ISIC_8915033.jpg,2,2,1,2,2
inference_data/milk10k/MILK10k_Training_Input/IL_2830385/ISIC_0997976.jpg,1,1,1,1,2
inference_data/milk10k/MILK10k_Training_Input/IL_2831969/ISIC_2523004.jpg,3,3,2,3,2
inference_data/milk10k/MILK10k_Training_Input/IL_2831969/ISIC_0467778.jpg,1,1,0,1,1
inference_data/milk10k/MILK10k_Training_Input/IL_2832342/ISIC_5521398.jpg,2,2,2,2,2
inference_data/milk10k/MILK10k_Training_Input/IL_2832342/ISIC_5174175.jpg,2,1,1,2,2
inference_data/milk10k/MILK10k_Training_Input/IL_2833309/ISIC_6606816.jpg,2,2,2,2,2
inference_data/milk10k/MILK10k_Training_Input/IL_2833309/ISIC_2335013.jpg,1,1,1,1,1
inference_data/milk10k/MILK10k_Training_Input/IL_2834231/ISIC_9004415.jpg,3,3,3,3,3
inference_data/milk10k/MILK10k_Training_Input/IL_2834231/ISIC_8745129.jpg,1,1,1,1,1
inference_data/milk10k/MILK10k_Training_Input/IL_2836148/ISIC_4604175.jpg,1,1,1,1,1
inference_data/milk10k/MILK10k_Training_Input/IL_2836148/ISIC_1258360.jpg,1,1,1,1,1
inference_data/milk10k/MILK10k_Training_Input/IL_2840030/ISIC_9705765.jpg,2,2,2,2,2
inference_data/milk10k/MILK10k_Training_Input/IL_2840030/ISIC_7904505.jpg,2,2,2,2,2
inference_data/milk10k/MILK10k_Training_Input/IL_2849550/ISIC_5449756.jpg,3,2,3,3,3
inference_data/milk10k/MILK10k_Training_Input/IL_2849550/ISIC_3152857.jpg,2,2,2,2,2
inference_data/milk10k/MILK10k_Training_Input/IL_2851891/ISIC_2696566.jpg,2,2,2,2,2
inference_data/milk10k/MILK10k_Training_Input/IL_2851891/ISIC_7559942.jpg,1,2,1,1,1
inference_data/milk10k/MILK10k_Training_Input/IL_2852064/ISIC_7509818.jpg,2,2,2,3,2
inference_data/milk10k/MILK10k_Training_Input/IL_2852064/ISIC_9351886.jpg,1,1,1,2,2
inference_data/milk10k/MILK10k_Training_Input/IL_2854884/ISIC_4214316.jpg,4,3,4,4,3
inference_data/milk10k/MILK10k_Training_Input/IL_2854884/ISIC_2471885.jpg,2,2,2,2,2
inference_data/milk10k/MILK10k_Training_Input/IL_2860298/ISIC_5934405.jpg,2,2,2,2,2
inference_data/milk10k/MILK10k_Training_Input/IL_2860298/ISIC_1929529.jpg,1,1,1,1,2
inference_data/milk10k/MILK10k_Training_Input/IL_2867550/ISIC_4176839.jpg,3,3,3,3,3
inference_data/milk10k/MILK10k_Training_Input/IL_2867550/ISIC_5531874.jpg,1,1,1,1,1
inference_data/milk10k/MILK10k_Training_Input/IL_2868524/ISIC_3251490.jpg,3,2,3,3,3
inference_data/milk10k/MILK10k_Training_Input/IL_2868524/ISIC_6827974.jpg,1,2,1,1,2
inference_data/milk10k/MILK10k_Training_Input/IL_2868879/ISIC_8410138.jpg,2,2,2,2,2
inference_data/milk10k/MILK10k_Training_Input/IL_2868879/ISIC_2319242.jpg,1,2,1,2,2
inference_data/milk10k/MILK10k_Training_Input/IL_2869334/ISIC_9135081.jpg,2,2,2,2,2
inference_data/milk10k/MILK10k_Training_Input/IL_2869334/ISIC_1832787.jpg,2,2,1,2,2
inference_data/milk10k/MILK10k_Training_Input/IL_2870960/ISIC_1445991.jpg,2,2,2,2,2
inference_data/milk10k/MILK10k_Training_Input/IL_2870960/ISIC_9317486.jpg,1,2,1,1,1
inference_data/milk10k/MILK10k_Training_Input/IL_2875724/ISIC_9535614.jpg,3,3,3,3,3
inference_data/milk10k/MILK10k_Training_Input/IL_2875724/ISIC_5491732.jpg,2,2,2,2,2
inference_data/milk10k/MILK10k_Training_Input/IL_2875964/ISIC_3693749.jpg,2,2,2,2,2
inference_data/milk10k/MILK10k_Training_Input/IL_2875964/ISIC_1948728.jpg,2,2,1,2,2
inference_data/milk10k/MILK10k_Training_Input/IL_2879625/ISIC_7457072.jpg,3,2,2,3,2
inference_data/milk10k/MILK10k_Training_Input/IL_2879625/ISIC_3262566.jpg,3,3,3,3,3
inference_data/milk10k/MILK10k_Training_Input/IL_2880261/ISIC_2299814.jpg,3,2,3,3,3
inference_data/milk10k/MILK10k_Training_Input/IL_2880261/ISIC_9562051.jpg,1,1,1,1,1
inference_data/milk10k/MILK10k_Training_Input/IL_2881037/ISIC_4122632.jpg,2,2,2,2,2
inference_data/milk10k/MILK10k_Training_Input/IL_2881037/ISIC_7632279.jpg,1,1,1,1,1
inference_data/milk10k/MILK10k_Training_Input/IL_2885420/ISIC_6387236.jpg,3,3,3,3,3
inference_data/milk10k/MILK10k_Training_Input/IL_2885420/ISIC_0204323.jpg,1,1,1,1,1
inference_data/milk10k/MILK10k_Training_Input/IL_2888041/ISIC_7588773.jpg,4,4,4,4,4
inference_data/milk10k/MILK10k_Training_Input/IL_2888041/ISIC_4865809.jpg,2,2,2,2,2
inference_data/milk10k/MILK10k_Training_Input/IL_2888238/ISIC_5150740.jpg,2,1,2,2,2
inference_data/milk10k/MILK10k_Training_Input/IL_2888238/ISIC_1631620.jpg,1,1,1,1,1
inference_data/milk10k/MILK10k_Training_Input/IL_2889999/ISIC_4957395.jpg,3,2,3,3,3
inference_data/milk10k/MILK10k_Training_Input/IL_2889999/ISIC_7103694.jpg,1,1,1,1,2
inference_data/milk10k/MILK10k_Training_Input/IL_2894575/ISIC_6033345.jpg,2,2,2,2,2
inference_data/milk10k/MILK10k_Training_Input/IL_2894575/ISIC_8786035.jpg,1,1,1,1,2
inference_data/milk10k/MILK10k_Training_Input/IL_2895594/ISIC_6031825.jpg,2,2,1,1,1
inference_data/milk10k/MILK10k_Training_Input/IL_2895594/ISIC_4642906.jpg,2,2,2,2,2
inference_data/milk10k/MILK10k_Training_Input/IL_2897531/ISIC_7323450.jpg,2,2,2,2,2
inference_data/milk10k/MILK10k_Training_Input/IL_2897531/ISIC_1667014.jpg,2,2,2,2,2
inference_data/milk10k/MILK10k_Training_Input/IL_2899704/ISIC_1085321.jpg,2,2,2,2,2
inference_data/milk10k/MILK10k_Training_Input/IL_2899704/ISIC_4887943.jpg,2,2,2,2,2
inference_data/milk10k/MILK10k_Training_Input/IL_2900528/ISIC_2011736.jpg,2,2,2,2,2
inference_data/milk10k/MILK10k_Training_Input/IL_2900528/ISIC_1453805.jpg,2,1,1,1,2
inference_data/milk10k/MILK10k_Training_Input/IL_2902752/ISIC_0105249.jpg,2,2,2,2,2
inference_data/milk10k/MILK10k_Training_Input/IL_2902752/ISIC_7969817.jpg,2,2,2,2,2
inference_data/milk10k/MILK10k_Training_Input/IL_2908166/ISIC_3082193.jpg,2,2,2,2,2
inference_data/milk10k/MILK10k_Training_Input/IL_2908166/ISIC_4630771.jpg,3,2,3,3,3
inference_data/milk10k/MILK10k_Training_Input/IL_2915335/ISIC_9382183.jpg,2,3,2,3,3
inference_data/milk10k/MILK10k_Training_Input/IL_2915335/ISIC_7504526.jpg,1,1,1,2,2
inference_data/milk10k/MILK10k_Training_Input/IL_2918180/ISIC_4887914.jpg,2,2,2,3,2
inference_data/milk10k/MILK10k_Training_Input/IL_2918180/ISIC_7782700.jpg,2,2,1,2,2
inference_data/milk10k/MILK10k_Training_Input/IL_2918897/ISIC_5082399.jpg,4,3,4,4,3
inference_data/milk10k/MILK10k_Training_Input/IL_2918897/ISIC_2353418.jpg,2,1,1,1,2
inference_data/milk10k/MILK10k_Training_Input/IL_2921214/ISIC_2525661.jpg,4,3,4,3,3
inference_data/milk10k/MILK10k_Training_Input/IL_2921214/ISIC_7555988.jpg,3,2,3,3,3
inference_data/milk10k/MILK10k_Training_Input/IL_2922462/ISIC_7051193.jpg,2,2,2,3,2
inference_data/milk10k/MILK10k_Training_Input/IL_2922462/ISIC_4542004.jpg,2,2,2,2,2
inference_data/milk10k/MILK10k_Training_Input/IL_2925087/ISIC_5115393.jpg,2,2,2,2,2
inference_data/milk10k/MILK10k_Training_Input/IL_2925087/ISIC_3789914.jpg,1,1,1,2,2
inference_data/milk10k/MILK10k_Training_Input/IL_2926353/ISIC_4700136.jpg,2,2,3,3,2
inference_data/milk10k/MILK10k_Training_Input/IL_2926353/ISIC_9796777.jpg,2,2,2,2,2
inference_data/milk10k/MILK10k_Training_Input/IL_2929786/ISIC_9802963.jpg,2,2,2,2,2
inference_data/milk10k/MILK10k_Training_Input/IL_2929786/ISIC_9977374.jpg,1,1,1,2,2
inference_data/milk10k/MILK10k_Training_Input/IL_2935658/ISIC_3970730.jpg,2,1,1,1,1
inference_data/milk10k/MILK10k_Training_Input/IL_2935658/ISIC_6529674.jpg,2,2,2,2,2
inference_data/milk10k/MILK10k_Training_Input/IL_2943646/ISIC_4297088.jpg,3,3,3,3,3
inference_data/milk10k/MILK10k_Training_Input/IL_2943646/ISIC_7531601.jpg,2,2,2,2,2
inference_data/milk10k/MILK10k_Training_Input/IL_2951837/ISIC_0443245.jpg,2,2,2,2,2
inference_data/milk10k/MILK10k_Training_Input/IL_2951837/ISIC_0573471.jpg,2,2,2,2,2
inference_data/milk10k/MILK10k_Training_Input/IL_2955250/ISIC_4258900.jpg,2,2,2,2,2
inference_data/milk10k/MILK10k_Training_Input/IL_2955250/ISIC_3540431.jpg,2,1,2,2,2
inference_data/milk10k/MILK10k_Training_Input/IL_2956411/ISIC_4685235.jpg,2,2,2,2,2
inference_data/milk10k/MILK10k_Training_Input/IL_2956411/ISIC_9540648.jpg,0,0,0,0,0
inference_data/milk10k/MILK10k_Training_Input/IL_2958247/ISIC_9116454.jpg,3,3,3,3,3
inference_data/milk10k/MILK10k_Training_Input/IL_2958247/ISIC_3275271.jpg,1,1,1,1,1
inference_data/milk10k/MILK10k_Training_Input/IL_2958818/ISIC_5927575.jpg,3,3,3,3,3
inference_data/milk10k/MILK10k_Training_Input/IL_2958818/ISIC_1308671.jpg,2,2,2,2,2
inference_data/milk10k/MILK10k_Training_Input/IL_2962175/ISIC_7227895.jpg,3,3,3,3,3
inference_data/milk10k/MILK10k_Training_Input/IL_2962175/ISIC_8614567.jpg,1,1,1,1,1
inference_data/milk10k/MILK10k_Training_Input/IL_2962292/ISIC_7108710.jpg,2,2,2,2,2
inference_data/milk10k/MILK10k_Training_Input/IL_2962292/ISIC_9348273.jpg,1,1,1,1,2
inference_data/milk10k/MILK10k_Training_Input/IL_2965012/ISIC_9338271.jpg,3,2,3,3,3
inference_data/milk10k/MILK10k_Training_Input/IL_2965012/ISIC_2826846.jpg,2,2,3,2,2
inference_data/milk10k/MILK10k_Training_Input/IL_2968556/ISIC_5494355.jpg,2,2,2,2,2
inference_data/milk10k/MILK10k_Training_Input/IL_2968556/ISIC_1897923.jpg,1,1,1,1,1
inference_data/milk10k/MILK10k_Training_Input/IL_2972185/ISIC_6925418.jpg,2,2,2,2,2
inference_data/milk10k/MILK10k_Training_Input/IL_2972185/ISIC_6819805.jpg,1,1,1,1,1
inference_data/milk10k/MILK10k_Training_Input/IL_2972569/ISIC_6142928.jpg,2,1,2,2,2
inference_data/milk10k/MILK10k_Training_Input/IL_2972569/ISIC_9719634.jpg,2,2,1,2,2
inference_data/milk10k/MILK10k_Training_Input/IL_2974900/ISIC_3208971.jpg,2,2,2,2,2
inference_data/milk10k/MILK10k_Training_Input/IL_2974900/ISIC_5511950.jpg,1,1,1,2,2
inference_data/milk10k/MILK10k_Training_Input/IL_2980838/ISIC_5083462.jpg,3,3,3,4,3
inference_data/milk10k/MILK10k_Training_Input/IL_2980838/ISIC_4646662.jpg,2,2,1,2,2
inference_data/milk10k/MILK10k_Training_Input/IL_2982870/ISIC_6245930.jpg,2,1,2,2,2
inference_data/milk10k/MILK10k_Training_Input/IL_2982870/ISIC_8340872.jpg,1,1,1,1,1
inference_data/milk10k/MILK10k_Training_Input/IL_2983051/ISIC_9627212.jpg,2,2,2,2,2
inference_data/milk10k/MILK10k_Training_Input/IL_2983051/ISIC_5679759.jpg,1,1,1,1,1
inference_data/milk10k/MILK10k_Training_Input/IL_2983188/ISIC_6770901.jpg,1,1,1,1,2
inference_data/milk10k/MILK10k_Training_Input/IL_2983188/ISIC_7711626.jpg,2,2,2,2,2
inference_data/milk10k/MILK10k_Training_Input/IL_2986546/ISIC_1376922.jpg,2,2,1,2,2
inference_data/milk10k/MILK10k_Training_Input/IL_2986546/ISIC_0197274.jpg,2,2,1,2,2
inference_data/milk10k/MILK10k_Training_Input/IL_2987017/ISIC_6130175.jpg,2,2,2,2,2
inference_data/milk10k/MILK10k_Training_Input/IL_2987017/ISIC_1897052.jpg,1,1,1,1,1
inference_data/milk10k/MILK10k_Training_Input/IL_2988489/ISIC_3627368.jpg,2,2,2,2,2
inference_data/milk10k/MILK10k_Training_Input/IL_2988489/ISIC_4616394.jpg,2,2,2,2,2
inference_data/milk10k/MILK10k_Training_Input/IL_2988717/ISIC_7263241.jpg,2,2,2,3,2
inference_data/milk10k/MILK10k_Training_Input/IL_2988717/ISIC_3155654.jpg,1,1,1,1,1
inference_data/milk10k/MILK10k_Training_Input/IL_2989326/ISIC_2118149.jpg,4,3,4,4,3
inference_data/milk10k/MILK10k_Training_Input/IL_2989326/ISIC_8955200.jpg,1,2,2,1,1
inference_data/milk10k/MILK10k_Training_Input/IL_2991025/ISIC_6591439.jpg,2,2,1,2,2
inference_data/milk10k/MILK10k_Training_Input/IL_2991025/ISIC_9304429.jpg,2,2,2,2,2
inference_data/milk10k/MILK10k_Training_Input/IL_2992485/ISIC_1152260.jpg,2,2,2,3,2
inference_data/milk10k/MILK10k_Training_Input/IL_2992485/ISIC_6320048.jpg,2,1,1,2,2
inference_data/milk10k/MILK10k_Training_Input/IL_2994581/ISIC_1958975.jpg,2,2,2,2,2
inference_data/milk10k/MILK10k_Training_Input/IL_2994581/ISIC_6685680.jpg,2,2,2,2,2
inference_data/milk10k/MILK10k_Training_Input/IL_2995561/ISIC_9019095.jpg,1,1,1,1,1
inference_data/milk10k/MILK10k_Training_Input/IL_2995561/ISIC_6303124.jpg,1,1,1,1,1
inference_data/milk10k/MILK10k_Training_Input/IL_2996950/ISIC_9074070.jpg,3,3,3,3,3
inference_data/milk10k/MILK10k_Training_Input/IL_2996950/ISIC_7044118.jpg,1,1,1,1,1
inference_data/milk10k/MILK10k_Training_Input/IL_2998977/ISIC_5681698.jpg,1,1,1,1,1
inference_data/milk10k/MILK10k_Training_Input/IL_2998977/ISIC_7208631.jpg,2,2,2,2,2
inference_data/milk10k/MILK10k_Training_Input/IL_3003587/ISIC_8654948.jpg,2,2,2,2,2
inference_data/milk10k/MILK10k_Training_Input/IL_3003587/ISIC_9475776.jpg,1,2,1,1,2
inference_data/milk10k/MILK10k_Training_Input/IL_3006053/ISIC_1275437.jpg,3,2,3,3,3
inference_data/milk10k/MILK10k_Training_Input/IL_3006053/ISIC_5019119.jpg,1,1,1,1,1
inference_data/milk10k/MILK10k_Training_Input/IL_3007295/ISIC_4492675.jpg,2,2,2,2,2
inference_data/milk10k/MILK10k_Training_Input/IL_3007295/ISIC_2593023.jpg,2,2,1,2,2
inference_data/milk10k/MILK10k_Training_Input/IL_3009838/ISIC_4330244.jpg,3,3,3,3,3
inference_data/milk10k/MILK10k_Training_Input/IL_3009838/ISIC_4038238.jpg,1,1,1,1,2
inference_data/milk10k/MILK10k_Training_Input/IL_3013731/ISIC_8167281.jpg,3,3,3,3,3
inference_data/milk10k/MILK10k_Training_Input/IL_3013731/ISIC_1616470.jpg,1,1,1,1,1
inference_data/milk10k/MILK10k_Training_Input/IL_3017961/ISIC_9998927.jpg,2,2,2,2,2
inference_data/milk10k/MILK10k_Training_Input/IL_3017961/ISIC_1069722.jpg,2,1,1,2,2
inference_data/milk10k/MILK10k_Training_Input/IL_3019343/ISIC_9176784.jpg,2,2,1,2,2
inference_data/milk10k/MILK10k_Training_Input/IL_3019343/ISIC_6423450.jpg,2,1,1,2,1
inference_data/milk10k/MILK10k_Training_Input/IL_3020012/ISIC_1049145.jpg,2,1,2,2,2
inference_data/milk10k/MILK10k_Training_Input/IL_3020012/ISIC_5452980.jpg,1,1,1,1,1
inference_data/milk10k/MILK10k_Training_Input/IL_3020505/ISIC_4474831.jpg,2,2,2,2,2
inference_data/milk10k/MILK10k_Training_Input/IL_3020505/ISIC_4976629.jpg,3,2,3,3,3
inference_data/milk10k/MILK10k_Training_Input/IL_3023010/ISIC_5097850.jpg,3,3,3,3,3
inference_data/milk10k/MILK10k_Training_Input/IL_3023010/ISIC_7280473.jpg,1,1,1,1,1
inference_data/milk10k/MILK10k_Training_Input/IL_3026387/ISIC_7392473.jpg,1,1,1,1,1
inference_data/milk10k/MILK10k_Training_Input/IL_3026387/ISIC_8599807.jpg,1,1,1,1,1
inference_data/milk10k/MILK10k_Training_Input/IL_3032174/ISIC_1585394.jpg,3,3,3,3,3
inference_data/milk10k/MILK10k_Training_Input/IL_3032174/ISIC_7235569.jpg,1,1,1,1,1
inference_data/milk10k/MILK10k_Training_Input/IL_3034019/ISIC_2583472.jpg,3,2,3,3,2
inference_data/milk10k/MILK10k_Training_Input/IL_3034019/ISIC_1594291.jpg,2,1,1,2,2
inference_data/milk10k/MILK10k_Training_Input/IL_3035506/ISIC_2292844.jpg,2,2,2,2,2
inference_data/milk10k/MILK10k_Training_Input/IL_3035506/ISIC_6383216.jpg,0,0,0,0,0
inference_data/milk10k/MILK10k_Training_Input/IL_3037585/ISIC_6450883.jpg,2,2,2,2,2
inference_data/milk10k/MILK10k_Training_Input/IL_3037585/ISIC_8787301.jpg,2,2,2,2,2
inference_data/milk10k/MILK10k_Training_Input/IL_3038127/ISIC_2611090.jpg,2,2,2,3,2
inference_data/milk10k/MILK10k_Training_Input/IL_3038127/ISIC_3447417.jpg,1,1,1,1,1
inference_data/milk10k/MILK10k_Training_Input/IL_3039363/ISIC_2149284.jpg,1,1,1,1,1
inference_data/milk10k/MILK10k_Training_Input/IL_3039363/ISIC_7774908.jpg,1,1,0,1,1
inference_data/milk10k/MILK10k_Training_Input/IL_3044771/ISIC_1856136.jpg,1,1,1,1,1
inference_data/milk10k/MILK10k_Training_Input/IL_3044771/ISIC_5826969.jpg,1,1,1,1,1
inference_data/milk10k/MILK10k_Training_Input/IL_3044887/ISIC_2811259.jpg,3,2,3,3,2
inference_data/milk10k/MILK10k_Training_Input/IL_3044887/ISIC_1655136.jpg,2,3,2,2,2
inference_data/milk10k/MILK10k_Training_Input/IL_3046914/ISIC_4245317.jpg,3,2,3,3,2
inference_data/milk10k/MILK10k_Training_Input/IL_3046914/ISIC_0387826.jpg,1,1,0,1,1
inference_data/milk10k/MILK10k_Training_Input/IL_3048168/ISIC_6428982.jpg,2,2,2,2,2
inference_data/milk10k/MILK10k_Training_Input/IL_3048168/ISIC_1128748.jpg,2,2,2,2,2
inference_data/milk10k/MILK10k_Training_Input/IL_3052148/ISIC_3255507.jpg,2,2,1,2,2
inference_data/milk10k/MILK10k_Training_Input/IL_3052148/ISIC_3163093.jpg,1,1,1,1,1
inference_data/milk10k/MILK10k_Training_Input/IL_3052885/ISIC_5680223.jpg,2,2,2,3,2
inference_data/milk10k/MILK10k_Training_Input/IL_3052885/ISIC_0165103.jpg,1,1,1,1,1
inference_data/milk10k/MILK10k_Training_Input/IL_3057922/ISIC_5770369.jpg,2,2,2,2,2
inference_data/milk10k/MILK10k_Training_Input/IL_3057922/ISIC_1170720.jpg,1,2,1,1,1
inference_data/milk10k/MILK10k_Training_Input/IL_3058425/ISIC_9061574.jpg,1,1,1,1,1
inference_data/milk10k/MILK10k_Training_Input/IL_3058425/ISIC_8912166.jpg,1,1,0,1,1
inference_data/milk10k/MILK10k_Training_Input/IL_3060691/ISIC_7977369.jpg,3,3,3,3,3
inference_data/milk10k/MILK10k_Training_Input/IL_3060691/ISIC_3357525.jpg,3,2,2,3,2
inference_data/milk10k/MILK10k_Training_Input/IL_3060929/ISIC_3278222.jpg,2,2,1,2,2
inference_data/milk10k/MILK10k_Training_Input/IL_3060929/ISIC_0831512.jpg,1,1,1,1,1
inference_data/milk10k/MILK10k_Training_Input/IL_3061699/ISIC_2314639.jpg,4,3,4,4,3
inference_data/milk10k/MILK10k_Training_Input/IL_3061699/ISIC_7150655.jpg,2,2,1,1,2
inference_data/milk10k/MILK10k_Training_Input/IL_3065098/ISIC_4018932.jpg,3,3,3,3,3
inference_data/milk10k/MILK10k_Training_Input/IL_3065098/ISIC_1091566.jpg,2,2,2,2,2
inference_data/milk10k/MILK10k_Training_Input/IL_3065371/ISIC_7417921.jpg,4,4,4,4,4
inference_data/milk10k/MILK10k_Training_Input/IL_3065371/ISIC_0371409.jpg,1,1,1,1,1
inference_data/milk10k/MILK10k_Training_Input/IL_3065400/ISIC_2709383.jpg,2,2,2,2,2
inference_data/milk10k/MILK10k_Training_Input/IL_3065400/ISIC_5893703.jpg,1,1,1,1,1
inference_data/milk10k/MILK10k_Training_Input/IL_3065625/ISIC_9651478.jpg,2,1,2,2,2
inference_data/milk10k/MILK10k_Training_Input/IL_3065625/ISIC_7523078.jpg,1,1,0,1,1
inference_data/milk10k/MILK10k_Training_Input/IL_3067885/ISIC_9528430.jpg,3,3,3,4,3
inference_data/milk10k/MILK10k_Training_Input/IL_3067885/ISIC_1996485.jpg,2,2,1,2,2
inference_data/milk10k/MILK10k_Training_Input/IL_3069196/ISIC_4979236.jpg,0,1,0,1,1
inference_data/milk10k/MILK10k_Training_Input/IL_3069196/ISIC_5863762.jpg,2,2,1,2,2
inference_data/milk10k/MILK10k_Training_Input/IL_3069330/ISIC_4268847.jpg,3,3,3,3,3
inference_data/milk10k/MILK10k_Training_Input/IL_3069330/ISIC_9163561.jpg,1,1,0,1,1
inference_data/milk10k/MILK10k_Training_Input/IL_3069610/ISIC_1637550.jpg,2,2,2,3,2
inference_data/milk10k/MILK10k_Training_Input/IL_3069610/ISIC_0393134.jpg,2,2,2,2,2
inference_data/milk10k/MILK10k_Training_Input/IL_3070568/ISIC_7344118.jpg,2,2,2,2,2
inference_data/milk10k/MILK10k_Training_Input/IL_3070568/ISIC_1796015.jpg,2,2,2,2,2
inference_data/milk10k/MILK10k_Training_Input/IL_3070749/ISIC_4031105.jpg,3,2,2,3,2
inference_data/milk10k/MILK10k_Training_Input/IL_3070749/ISIC_3881677.jpg,1,1,1,1,1
inference_data/milk10k/MILK10k_Training_Input/IL_3077425/ISIC_3871156.jpg,2,2,2,2,2
inference_data/milk10k/MILK10k_Training_Input/IL_3077425/ISIC_6703202.jpg,1,1,1,1,1
inference_data/milk10k/MILK10k_Training_Input/IL_3082465/ISIC_7541597.jpg,2,2,2,2,2
inference_data/milk10k/MILK10k_Training_Input/IL_3082465/ISIC_9192620.jpg,1,1,0,1,1
inference_data/milk10k/MILK10k_Training_Input/IL_3082764/ISIC_0338923.jpg,2,2,2,3,2
inference_data/milk10k/MILK10k_Training_Input/IL_3082764/ISIC_2304241.jpg,1,1,1,1,2
inference_data/milk10k/MILK10k_Training_Input/IL_3085250/ISIC_3840818.jpg,4,4,4,4,4
inference_data/milk10k/MILK10k_Training_Input/IL_3085250/ISIC_1479765.jpg,2,2,2,2,2
inference_data/milk10k/MILK10k_Training_Input/IL_3087149/ISIC_1054971.jpg,4,3,4,3,3
inference_data/milk10k/MILK10k_Training_Input/IL_3087149/ISIC_4632123.jpg,2,2,2,2,2
inference_data/milk10k/MILK10k_Training_Input/IL_3087558/ISIC_0391361.jpg,2,2,2,2,2
inference_data/milk10k/MILK10k_Training_Input/IL_3087558/ISIC_0895262.jpg,2,2,3,3,3
inference_data/milk10k/MILK10k_Training_Input/IL_3088374/ISIC_8511101.jpg,3,3,3,3,2
inference_data/milk10k/MILK10k_Training_Input/IL_3088374/ISIC_6635963.jpg,2,2,2,2,2
inference_data/milk10k/MILK10k_Training_Input/IL_3089993/ISIC_4578129.jpg,3,2,3,3,2
inference_data/milk10k/MILK10k_Training_Input/IL_3089993/ISIC_8256353.jpg,1,1,1,1,1
inference_data/milk10k/MILK10k_Training_Input/IL_3090203/ISIC_4079070.jpg,2,2,2,2,2
inference_data/milk10k/MILK10k_Training_Input/IL_3090203/ISIC_3085694.jpg,1,1,1,1,1
inference_data/milk10k/MILK10k_Training_Input/IL_3092019/ISIC_4178605.jpg,3,2,3,3,3
inference_data/milk10k/MILK10k_Training_Input/IL_3092019/ISIC_1620077.jpg,2,2,2,2,2
inference_data/milk10k/MILK10k_Training_Input/IL_3096857/ISIC_5192894.jpg,3,2,3,3,3
inference_data/milk10k/MILK10k_Training_Input/IL_3096857/ISIC_3117423.jpg,2,1,2,2,2
inference_data/milk10k/MILK10k_Training_Input/IL_3098678/ISIC_7822262.jpg,2,2,2,2,2
inference_data/milk10k/MILK10k_Training_Input/IL_3098678/ISIC_7981707.jpg,1,1,1,2,2
inference_data/milk10k/MILK10k_Training_Input/IL_3099616/ISIC_4926295.jpg,1,2,1,2,2
inference_data/milk10k/MILK10k_Training_Input/IL_3099616/ISIC_1171731.jpg,1,2,1,2,1
inference_data/milk10k/MILK10k_Training_Input/IL_3102698/ISIC_9532043.jpg,3,3,3,3,3
inference_data/milk10k/MILK10k_Training_Input/IL_3102698/ISIC_0084581.jpg,3,3,3,3,3
inference_data/milk10k/MILK10k_Training_Input/IL_3102768/ISIC_1631867.jpg,3,3,3,3,3
inference_data/milk10k/MILK10k_Training_Input/IL_3102768/ISIC_6909525.jpg,1,1,1,1,1
inference_data/milk10k/MILK10k_Training_Input/IL_3104013/ISIC_4620895.jpg,2,2,2,2,2
inference_data/milk10k/MILK10k_Training_Input/IL_3104013/ISIC_5174728.jpg,2,2,1,2,2
inference_data/milk10k/MILK10k_Training_Input/IL_3104790/ISIC_4628391.jpg,2,2,2,3,2
inference_data/milk10k/MILK10k_Training_Input/IL_3104790/ISIC_3750787.jpg,2,2,2,2,2
inference_data/milk10k/MILK10k_Training_Input/IL_3115470/ISIC_6676782.jpg,2,2,2,2,2
inference_data/milk10k/MILK10k_Training_Input/IL_3115470/ISIC_0946795.jpg,3,4,4,4,4
inference_data/milk10k/MILK10k_Training_Input/IL_3117847/ISIC_7789714.jpg,2,1,2,2,2
inference_data/milk10k/MILK10k_Training_Input/IL_3117847/ISIC_2977377.jpg,0,0,0,0,0
inference_data/milk10k/MILK10k_Training_Input/IL_3122481/ISIC_5136915.jpg,2,2,2,2,2
inference_data/milk10k/MILK10k_Training_Input/IL_3122481/ISIC_0427331.jpg,1,1,1,1,1
inference_data/milk10k/MILK10k_Training_Input/IL_3124756/ISIC_8197778.jpg,3,2,2,3,2
inference_data/milk10k/MILK10k_Training_Input/IL_3124756/ISIC_4821214.jpg,1,1,0,1,1
inference_data/milk10k/MILK10k_Training_Input/IL_3133685/ISIC_5766012.jpg,2,2,2,3,3
inference_data/milk10k/MILK10k_Training_Input/IL_3133685/ISIC_5152492.jpg,3,3,3,3,3
inference_data/milk10k/MILK10k_Training_Input/IL_3134757/ISIC_5383487.jpg,2,2,2,2,2
inference_data/milk10k/MILK10k_Training_Input/IL_3134757/ISIC_4425251.jpg,1,1,0,1,1
inference_data/milk10k/MILK10k_Training_Input/IL_3137166/ISIC_5289955.jpg,2,2,2,2,2
inference_data/milk10k/MILK10k_Training_Input/IL_3137166/ISIC_8446505.jpg,1,1,1,1,1
inference_data/milk10k/MILK10k_Training_Input/IL_3138805/ISIC_8993296.jpg,2,2,2,3,2
inference_data/milk10k/MILK10k_Training_Input/IL_3138805/ISIC_2993083.jpg,2,1,2,2,2
inference_data/milk10k/MILK10k_Training_Input/IL_3141578/ISIC_8616397.jpg,1,1,1,2,1
inference_data/milk10k/MILK10k_Training_Input/IL_3141578/ISIC_1468332.jpg,1,2,1,1,2
inference_data/milk10k/MILK10k_Training_Input/IL_3143674/ISIC_7464024.jpg,3,2,3,3,3
inference_data/milk10k/MILK10k_Training_Input/IL_3143674/ISIC_9558332.jpg,1,1,1,2,1
inference_data/milk10k/MILK10k_Training_Input/IL_3144170/ISIC_6905596.jpg,1,1,1,2,1
inference_data/milk10k/MILK10k_Training_Input/IL_3144170/ISIC_9966733.jpg,2,2,2,2,2
inference_data/milk10k/MILK10k_Training_Input/IL_3146700/ISIC_9529664.jpg,3,2,3,3,3
inference_data/milk10k/MILK10k_Training_Input/IL_3146700/ISIC_9643914.jpg,2,1,1,2,2
inference_data/milk10k/MILK10k_Training_Input/IL_3146930/ISIC_9420912.jpg,3,3,3,3,2
inference_data/milk10k/MILK10k_Training_Input/IL_3146930/ISIC_3489676.jpg,1,1,1,1,2
inference_data/milk10k/MILK10k_Training_Input/IL_3147043/ISIC_2026805.jpg,2,2,2,2,2
inference_data/milk10k/MILK10k_Training_Input/IL_3147043/ISIC_2437084.jpg,2,2,2,2,2
inference_data/milk10k/MILK10k_Training_Input/IL_3148585/ISIC_9006317.jpg,2,2,2,2,2
inference_data/milk10k/MILK10k_Training_Input/IL_3148585/ISIC_7563152.jpg,1,1,1,1,1
inference_data/milk10k/MILK10k_Training_Input/IL_3148978/ISIC_4161639.jpg,1,1,1,1,1
inference_data/milk10k/MILK10k_Training_Input/IL_3148978/ISIC_1495576.jpg,2,1,1,2,2
inference_data/milk10k/MILK10k_Training_Input/IL_3150331/ISIC_8612934.jpg,3,3,3,3,3
inference_data/milk10k/MILK10k_Training_Input/IL_3150331/ISIC_3599295.jpg,2,1,1,2,2
inference_data/milk10k/MILK10k_Training_Input/IL_3151358/ISIC_5444755.jpg,2,2,3,3,2
inference_data/milk10k/MILK10k_Training_Input/IL_3151358/ISIC_9290704.jpg,2,1,1,1,2
inference_data/milk10k/MILK10k_Training_Input/IL_3151519/ISIC_2845349.jpg,3,2,3,3,3
inference_data/milk10k/MILK10k_Training_Input/IL_3151519/ISIC_7615926.jpg,3,3,2,3,3
inference_data/milk10k/MILK10k_Training_Input/IL_3154103/ISIC_6039070.jpg,1,1,1,1,1
inference_data/milk10k/MILK10k_Training_Input/IL_3154103/ISIC_1656295.jpg,2,2,2,2,2
inference_data/milk10k/MILK10k_Training_Input/IL_3154330/ISIC_1537733.jpg,2,2,2,2,2
inference_data/milk10k/MILK10k_Training_Input/IL_3154330/ISIC_6623298.jpg,2,2,2,2,2
inference_data/milk10k/MILK10k_Training_Input/IL_3154497/ISIC_7313587.jpg,2,2,2,2,2
inference_data/milk10k/MILK10k_Training_Input/IL_3154497/ISIC_7836451.jpg,2,2,2,2,2
inference_data/milk10k/MILK10k_Training_Input/IL_3154586/ISIC_9508038.jpg,2,2,2,2,2
inference_data/milk10k/MILK10k_Training_Input/IL_3154586/ISIC_9850235.jpg,1,1,1,1,1
inference_data/milk10k/MILK10k_Training_Input/IL_3154962/ISIC_2005096.jpg,1,1,1,2,2
inference_data/milk10k/MILK10k_Training_Input/IL_3154962/ISIC_8673290.jpg,2,2,2,2,2
inference_data/milk10k/MILK10k_Training_Input/IL_3156059/ISIC_6082679.jpg,2,1,2,2,2
inference_data/milk10k/MILK10k_Training_Input/IL_3156059/ISIC_5513367.jpg,1,1,1,1,1
inference_data/milk10k/MILK10k_Training_Input/IL_3156209/ISIC_0883146.jpg,2,2,2,3,2
inference_data/milk10k/MILK10k_Training_Input/IL_3156209/ISIC_4546388.jpg,1,1,1,1,1
inference_data/milk10k/MILK10k_Training_Input/IL_3157570/ISIC_0373147.jpg,3,3,3,4,3
inference_data/milk10k/MILK10k_Training_Input/IL_3157570/ISIC_1940214.jpg,2,2,2,2,2
inference_data/milk10k/MILK10k_Training_Input/IL_3157584/ISIC_5498605.jpg,3,2,3,3,3
inference_data/milk10k/MILK10k_Training_Input/IL_3157584/ISIC_6365981.jpg,1,1,1,1,1
inference_data/milk10k/MILK10k_Training_Input/IL_3160431/ISIC_1520820.jpg,2,2,2,2,2
inference_data/milk10k/MILK10k_Training_Input/IL_3160431/ISIC_3673916.jpg,1,1,1,1,1
inference_data/milk10k/MILK10k_Training_Input/IL_3161525/ISIC_3020708.jpg,2,2,2,3,2
inference_data/milk10k/MILK10k_Training_Input/IL_3161525/ISIC_5841767.jpg,1,1,1,1,1
inference_data/milk10k/MILK10k_Training_Input/IL_3162928/ISIC_4156886.jpg,1,1,1,2,1
inference_data/milk10k/MILK10k_Training_Input/IL_3162928/ISIC_8696381.jpg,1,1,1,1,1
inference_data/milk10k/MILK10k_Training_Input/IL_3165237/ISIC_5520243.jpg,2,2,2,2,2
inference_data/milk10k/MILK10k_Training_Input/IL_3165237/ISIC_7806816.jpg,2,2,2,2,2
inference_data/milk10k/MILK10k_Training_Input/IL_3170694/ISIC_4975719.jpg,3,3,3,3,3
inference_data/milk10k/MILK10k_Training_Input/IL_3170694/ISIC_1614480.jpg,1,1,1,1,1
inference_data/milk10k/MILK10k_Training_Input/IL_3172829/ISIC_7321789.jpg,3,2,2,3,2
inference_data/milk10k/MILK10k_Training_Input/IL_3172829/ISIC_7896796.jpg,1,1,1,1,1
inference_data/milk10k/MILK10k_Training_Input/IL_3176703/ISIC_3525463.jpg,2,2,2,2,2
inference_data/milk10k/MILK10k_Training_Input/IL_3176703/ISIC_0601743.jpg,2,2,2,2,2
inference_data/milk10k/MILK10k_Training_Input/IL_3179452/ISIC_0264904.jpg,3,3,3,3,3
inference_data/milk10k/MILK10k_Training_Input/IL_3179452/ISIC_3307206.jpg,2,2,2,2,2
inference_data/milk10k/MILK10k_Training_Input/IL_3180618/ISIC_2314908.jpg,3,2,3,3,3
inference_data/milk10k/MILK10k_Training_Input/IL_3180618/ISIC_5844410.jpg,1,1,1,1,1
inference_data/milk10k/MILK10k_Training_Input/IL_3181728/ISIC_8898499.jpg,2,2,2,2,2
inference_data/milk10k/MILK10k_Training_Input/IL_3181728/ISIC_0387282.jpg,1,1,1,1,1
inference_data/milk10k/MILK10k_Training_Input/IL_3183232/ISIC_6957053.jpg,2,2,2,2,2
inference_data/milk10k/MILK10k_Training_Input/IL_3183232/ISIC_1683911.jpg,2,1,1,1,2
inference_data/milk10k/MILK10k_Training_Input/IL_3186878/ISIC_5933216.jpg,2,2,2,2,2
inference_data/milk10k/MILK10k_Training_Input/IL_3186878/ISIC_3267363.jpg,1,1,1,1,1
inference_data/milk10k/MILK10k_Training_Input/IL_3196710/ISIC_7330767.jpg,3,3,3,3,3
inference_data/milk10k/MILK10k_Training_Input/IL_3196710/ISIC_5279946.jpg,2,2,2,2,2
inference_data/milk10k/MILK10k_Training_Input/IL_3199260/ISIC_5559799.jpg,2,2,2,2,2
inference_data/milk10k/MILK10k_Training_Input/IL_3199260/ISIC_5159139.jpg,1,2,1,2,2
inference_data/milk10k/MILK10k_Training_Input/IL_3201374/ISIC_1535158.jpg,2,2,2,2,2
inference_data/milk10k/MILK10k_Training_Input/IL_3201374/ISIC_9816264.jpg,2,2,2,2,2
inference_data/milk10k/MILK10k_Training_Input/IL_3203349/ISIC_1177346.jpg,4,3,4,4,3
inference_data/milk10k/MILK10k_Training_Input/IL_3203349/ISIC_8419172.jpg,2,1,1,1,2
inference_data/milk10k/MILK10k_Training_Input/IL_3204310/ISIC_2650378.jpg,3,3,4,4,3
inference_data/milk10k/MILK10k_Training_Input/IL_3204310/ISIC_3594514.jpg,4,3,3,3,3
inference_data/milk10k/MILK10k_Training_Input/IL_3205474/ISIC_8287609.jpg,4,4,4,4,4
inference_data/milk10k/MILK10k_Training_Input/IL_3205474/ISIC_9680458.jpg,1,1,1,1,1
inference_data/milk10k/MILK10k_Training_Input/IL_3205547/ISIC_8894733.jpg,3,3,3,4,3
inference_data/milk10k/MILK10k_Training_Input/IL_3205547/ISIC_3794620.jpg,2,2,1,2,2
inference_data/milk10k/MILK10k_Training_Input/IL_3211477/ISIC_3785074.jpg,2,2,2,2,2
inference_data/milk10k/MILK10k_Training_Input/IL_3211477/ISIC_4470805.jpg,1,1,1,1,1
inference_data/milk10k/MILK10k_Training_Input/IL_3212052/ISIC_1086483.jpg,1,1,1,1,1
inference_data/milk10k/MILK10k_Training_Input/IL_3212052/ISIC_3831775.jpg,1,1,1,1,1
inference_data/milk10k/MILK10k_Training_Input/IL_3214039/ISIC_4656723.jpg,2,2,2,2,2
inference_data/milk10k/MILK10k_Training_Input/IL_3214039/ISIC_6333133.jpg,1,1,1,1,1
inference_data/milk10k/MILK10k_Training_Input/IL_3216305/ISIC_5043555.jpg,3,2,3,3,2
inference_data/milk10k/MILK10k_Training_Input/IL_3216305/ISIC_7501563.jpg,1,1,1,1,1
inference_data/milk10k/MILK10k_Training_Input/IL_3221884/ISIC_9216543.jpg,1,1,1,1,1
inference_data/milk10k/MILK10k_Training_Input/IL_3221884/ISIC_7467595.jpg,2,2,2,2,2
inference_data/milk10k/MILK10k_Training_Input/IL_3222317/ISIC_2093581.jpg,3,2,3,3,2
inference_data/milk10k/MILK10k_Training_Input/IL_3222317/ISIC_6167789.jpg,1,1,1,1,1
inference_data/milk10k/MILK10k_Training_Input/IL_3224912/ISIC_0891581.jpg,1,1,1,2,1
inference_data/milk10k/MILK10k_Training_Input/IL_3224912/ISIC_8715446.jpg,2,2,2,2,2
inference_data/milk10k/MILK10k_Training_Input/IL_3225155/ISIC_1955839.jpg,2,3,2,3,3
inference_data/milk10k/MILK10k_Training_Input/IL_3225155/ISIC_6539281.jpg,1,1,1,1,1
inference_data/milk10k/MILK10k_Training_Input/IL_3226127/ISIC_3004974.jpg,3,3,3,3,3
inference_data/milk10k/MILK10k_Training_Input/IL_3226127/ISIC_8816242.jpg,1,1,1,1,1
inference_data/milk10k/MILK10k_Training_Input/IL_3228956/ISIC_1573011.jpg,4,3,4,4,3
inference_data/milk10k/MILK10k_Training_Input/IL_3228956/ISIC_6167270.jpg,2,2,2,2,2
inference_data/milk10k/MILK10k_Training_Input/IL_3230932/ISIC_5923799.jpg,3,2,2,3,2
inference_data/milk10k/MILK10k_Training_Input/IL_3230932/ISIC_6999728.jpg,1,1,1,1,1
inference_data/milk10k/MILK10k_Training_Input/IL_3231660/ISIC_2584689.jpg,2,1,2,2,2
inference_data/milk10k/MILK10k_Training_Input/IL_3231660/ISIC_4296407.jpg,2,2,1,1,2
inference_data/milk10k/MILK10k_Training_Input/IL_3233038/ISIC_8024416.jpg,3,3,3,3,3
inference_data/milk10k/MILK10k_Training_Input/IL_3233038/ISIC_4742379.jpg,1,1,1,1,1
inference_data/milk10k/MILK10k_Training_Input/IL_3236143/ISIC_3357733.jpg,1,1,1,2,1
inference_data/milk10k/MILK10k_Training_Input/IL_3236143/ISIC_1701846.jpg,2,2,1,2,2
inference_data/milk10k/MILK10k_Training_Input/IL_3236486/ISIC_9987344.jpg,2,2,3,2,2
inference_data/milk10k/MILK10k_Training_Input/IL_3236486/ISIC_1285798.jpg,2,2,2,2,2
inference_data/milk10k/MILK10k_Training_Input/IL_3237613/ISIC_0692759.jpg,2,2,2,2,2
inference_data/milk10k/MILK10k_Training_Input/IL_3237613/ISIC_2088540.jpg,2,2,1,2,2
inference_data/milk10k/MILK10k_Training_Input/IL_3237666/ISIC_4301316.jpg,2,2,2,2,2
inference_data/milk10k/MILK10k_Training_Input/IL_3237666/ISIC_4013307.jpg,2,2,2,2,2
inference_data/milk10k/MILK10k_Training_Input/IL_3237726/ISIC_3002615.jpg,2,2,2,2,2
inference_data/milk10k/MILK10k_Training_Input/IL_3237726/ISIC_8977223.jpg,1,1,1,1,1
inference_data/milk10k/MILK10k_Training_Input/IL_3239005/ISIC_4584930.jpg,3,3,4,4,3
inference_data/milk10k/MILK10k_Training_Input/IL_3239005/ISIC_1960660.jpg,3,2,3,3,3
inference_data/milk10k/MILK10k_Training_Input/IL_3239259/ISIC_9662237.jpg,4,4,4,4,4
inference_data/milk10k/MILK10k_Training_Input/IL_3239259/ISIC_8223664.jpg,1,1,0,1,1
inference_data/milk10k/MILK10k_Training_Input/IL_3240124/ISIC_9846502.jpg,3,2,3,3,3
inference_data/milk10k/MILK10k_Training_Input/IL_3240124/ISIC_2482447.jpg,2,1,1,2,2
inference_data/milk10k/MILK10k_Training_Input/IL_3242715/ISIC_8597919.jpg,3,2,3,3,2
inference_data/milk10k/MILK10k_Training_Input/IL_3242715/ISIC_2891509.jpg,2,2,2,2,2
inference_data/milk10k/MILK10k_Training_Input/IL_3244016/ISIC_2368856.jpg,2,2,2,2,2
inference_data/milk10k/MILK10k_Training_Input/IL_3244016/ISIC_4613924.jpg,2,2,2,2,2
inference_data/milk10k/MILK10k_Training_Input/IL_3245331/ISIC_7762277.jpg,3,2,3,3,2
inference_data/milk10k/MILK10k_Training_Input/IL_3245331/ISIC_6886883.jpg,1,2,1,1,2
inference_data/milk10k/MILK10k_Training_Input/IL_3248471/ISIC_3490874.jpg,2,2,2,2,2
inference_data/milk10k/MILK10k_Training_Input/IL_3248471/ISIC_1285909.jpg,2,1,2,2,2
inference_data/milk10k/MILK10k_Training_Input/IL_3248533/ISIC_6579356.jpg,2,2,2,2,2
inference_data/milk10k/MILK10k_Training_Input/IL_3248533/ISIC_9262459.jpg,0,1,0,1,1
inference_data/milk10k/MILK10k_Training_Input/IL_3249139/ISIC_7631509.jpg,3,3,3,3,3
inference_data/milk10k/MILK10k_Training_Input/IL_3249139/ISIC_3268800.jpg,2,2,2,2,2
inference_data/milk10k/MILK10k_Training_Input/IL_3252153/ISIC_2755934.jpg,4,3,4,4,3
inference_data/milk10k/MILK10k_Training_Input/IL_3252153/ISIC_8190843.jpg,2,2,1,2,2
inference_data/milk10k/MILK10k_Training_Input/IL_3252703/ISIC_2956882.jpg,3,2,3,3,2
inference_data/milk10k/MILK10k_Training_Input/IL_3252703/ISIC_9693456.jpg,1,1,1,1,1
inference_data/milk10k/MILK10k_Training_Input/IL_3253177/ISIC_6823826.jpg,2,2,2,2,2
inference_data/milk10k/MILK10k_Training_Input/IL_3253177/ISIC_9140116.jpg,1,1,1,1,1
inference_data/milk10k/MILK10k_Training_Input/IL_3256681/ISIC_9774070.jpg,3,3,3,3,3
inference_data/milk10k/MILK10k_Training_Input/IL_3256681/ISIC_8657995.jpg,1,1,1,1,1
inference_data/milk10k/MILK10k_Training_Input/IL_3256866/ISIC_2827957.jpg,2,1,2,2,2
inference_data/milk10k/MILK10k_Training_Input/IL_3256866/ISIC_7804815.jpg,1,1,1,1,1
inference_data/milk10k/MILK10k_Training_Input/IL_3257772/ISIC_8255479.jpg,3,2,3,3,3
inference_data/milk10k/MILK10k_Training_Input/IL_3257772/ISIC_6212964.jpg,2,2,2,2,2
inference_data/milk10k/MILK10k_Training_Input/IL_3259984/ISIC_7398112.jpg,3,3,4,4,3
inference_data/milk10k/MILK10k_Training_Input/IL_3259984/ISIC_5925439.jpg,2,2,1,2,2
inference_data/milk10k/MILK10k_Training_Input/IL_3260331/ISIC_7221017.jpg,3,3,2,3,3
inference_data/milk10k/MILK10k_Training_Input/IL_3260331/ISIC_7118545.jpg,3,2,3,3,3
inference_data/milk10k/MILK10k_Training_Input/IL_3262094/ISIC_8935869.jpg,2,2,2,2,2
inference_data/milk10k/MILK10k_Training_Input/IL_3262094/ISIC_7379628.jpg,1,2,1,1,1
inference_data/milk10k/MILK10k_Training_Input/IL_3263811/ISIC_4613280.jpg,2,2,2,2,2
inference_data/milk10k/MILK10k_Training_Input/IL_3263811/ISIC_5447057.jpg,2,2,2,2,2
inference_data/milk10k/MILK10k_Training_Input/IL_3268494/ISIC_9147605.jpg,3,3,3,3,3
inference_data/milk10k/MILK10k_Training_Input/IL_3268494/ISIC_6588395.jpg,1,1,1,1,1
inference_data/milk10k/MILK10k_Training_Input/IL_3269289/ISIC_7122420.jpg,2,2,2,2,2
inference_data/milk10k/MILK10k_Training_Input/IL_3269289/ISIC_9492928.jpg,1,1,1,1,2
inference_data/milk10k/MILK10k_Training_Input/IL_3271676/ISIC_9098662.jpg,2,2,2,3,2
inference_data/milk10k/MILK10k_Training_Input/IL_3271676/ISIC_5607642.jpg,1,1,1,1,1
inference_data/milk10k/MILK10k_Training_Input/IL_3278541/ISIC_1773412.jpg,3,3,3,3,3
inference_data/milk10k/MILK10k_Training_Input/IL_3278541/ISIC_5949139.jpg,1,1,1,1,2
inference_data/milk10k/MILK10k_Training_Input/IL_3285087/ISIC_9296037.jpg,2,2,2,2,2
inference_data/milk10k/MILK10k_Training_Input/IL_3285087/ISIC_7393792.jpg,1,1,1,1,1
inference_data/milk10k/MILK10k_Training_Input/IL_3286495/ISIC_6138743.jpg,3,3,3,3,3
inference_data/milk10k/MILK10k_Training_Input/IL_3286495/ISIC_0695322.jpg,3,2,3,3,2
inference_data/milk10k/MILK10k_Training_Input/IL_3288060/ISIC_8414527.jpg,1,1,1,2,1
inference_data/milk10k/MILK10k_Training_Input/IL_3288060/ISIC_1505022.jpg,1,1,1,1,1
inference_data/milk10k/MILK10k_Training_Input/IL_3288757/ISIC_0871337.jpg,3,3,3,3,3
inference_data/milk10k/MILK10k_Training_Input/IL_3288757/ISIC_5055083.jpg,1,1,1,1,1
inference_data/milk10k/MILK10k_Training_Input/IL_3289221/ISIC_1339166.jpg,2,2,1,2,2
inference_data/milk10k/MILK10k_Training_Input/IL_3289221/ISIC_8327585.jpg,1,1,1,1,1
inference_data/milk10k/MILK10k_Training_Input/IL_3290322/ISIC_6061665.jpg,2,2,2,2,2
inference_data/milk10k/MILK10k_Training_Input/IL_3290322/ISIC_8704127.jpg,1,1,0,1,1
inference_data/milk10k/MILK10k_Training_Input/IL_3292594/ISIC_6078993.jpg,2,2,2,2,2
inference_data/milk10k/MILK10k_Training_Input/IL_3292594/ISIC_1545290.jpg,2,2,2,2,2
inference_data/milk10k/MILK10k_Training_Input/IL_3293751/ISIC_9441749.jpg,2,2,2,2,2
inference_data/milk10k/MILK10k_Training_Input/IL_3293751/ISIC_3364269.jpg,1,1,1,1,1
inference_data/milk10k/MILK10k_Training_Input/IL_3293897/ISIC_9285148.jpg,3,2,3,3,3
inference_data/milk10k/MILK10k_Training_Input/IL_3293897/ISIC_3981911.jpg,2,2,2,2,2
inference_data/milk10k/MILK10k_Training_Input/IL_3295228/ISIC_7748946.jpg,3,2,3,3,3
inference_data/milk10k/MILK10k_Training_Input/IL_3295228/ISIC_6933572.jpg,1,1,1,1,1
inference_data/milk10k/MILK10k_Training_Input/IL_3295356/ISIC_6984699.jpg,3,3,3,3,3
inference_data/milk10k/MILK10k_Training_Input/IL_3295356/ISIC_8754259.jpg,2,2,2,2,2
inference_data/milk10k/MILK10k_Training_Input/IL_3295486/ISIC_7114135.jpg,4,3,4,4,3
inference_data/milk10k/MILK10k_Training_Input/IL_3295486/ISIC_0376752.jpg,2,2,2,2,2
inference_data/milk10k/MILK10k_Training_Input/IL_3295826/ISIC_7358947.jpg,2,2,2,1,2
inference_data/milk10k/MILK10k_Training_Input/IL_3295826/ISIC_1215920.jpg,1,1,1,1,1
inference_data/milk10k/MILK10k_Training_Input/IL_3296162/ISIC_4428215.jpg,3,3,3,3,3
inference_data/milk10k/MILK10k_Training_Input/IL_3296162/ISIC_4431113.jpg,2,2,2,2,2
inference_data/milk10k/MILK10k_Training_Input/IL_3297767/ISIC_4924759.jpg,2,2,1,2,2
inference_data/milk10k/MILK10k_Training_Input/IL_3297767/ISIC_5053442.jpg,1,1,1,1,1
inference_data/milk10k/MILK10k_Training_Input/IL_3299607/ISIC_9321127.jpg,3,3,3,3,3
inference_data/milk10k/MILK10k_Training_Input/IL_3299607/ISIC_2571626.jpg,1,1,1,1,1
inference_data/milk10k/MILK10k_Training_Input/IL_3300322/ISIC_9457442.jpg,2,1,2,2,2
inference_data/milk10k/MILK10k_Training_Input/IL_3300322/ISIC_0612261.jpg,2,1,2,2,2
inference_data/milk10k/MILK10k_Training_Input/IL_3301980/ISIC_5004150.jpg,2,2,2,3,2
inference_data/milk10k/MILK10k_Training_Input/IL_3301980/ISIC_7206020.jpg,3,2,3,3,2
inference_data/milk10k/MILK10k_Training_Input/IL_3303536/ISIC_6761603.jpg,2,2,2,2,2
inference_data/milk10k/MILK10k_Training_Input/IL_3303536/ISIC_0445960.jpg,2,2,1,2,2
inference_data/milk10k/MILK10k_Training_Input/IL_3303655/ISIC_4384446.jpg,2,2,2,2,2
inference_data/milk10k/MILK10k_Training_Input/IL_3303655/ISIC_8704436.jpg,2,2,2,2,2
inference_data/milk10k/MILK10k_Training_Input/IL_3305378/ISIC_8210069.jpg,3,3,3,3,3
inference_data/milk10k/MILK10k_Training_Input/IL_3305378/ISIC_1606726.jpg,1,1,1,1,1
inference_data/milk10k/MILK10k_Training_Input/IL_3306844/ISIC_5483548.jpg,2,2,2,2,2
inference_data/milk10k/MILK10k_Training_Input/IL_3306844/ISIC_5133092.jpg,1,2,1,2,2
inference_data/milk10k/MILK10k_Training_Input/IL_3307198/ISIC_6646415.jpg,2,2,2,3,2
inference_data/milk10k/MILK10k_Training_Input/IL_3307198/ISIC_5850185.jpg,2,2,2,2,2
inference_data/milk10k/MILK10k_Training_Input/IL_3307769/ISIC_7504717.jpg,1,2,1,1,1
inference_data/milk10k/MILK10k_Training_Input/IL_3307769/ISIC_9509837.jpg,2,2,2,2,2
inference_data/milk10k/MILK10k_Training_Input/IL_3307865/ISIC_4557242.jpg,1,1,0,1,1
inference_data/milk10k/MILK10k_Training_Input/IL_3307865/ISIC_9592132.jpg,1,1,0,1,1
inference_data/milk10k/MILK10k_Training_Input/IL_3308348/ISIC_9067935.jpg,3,2,3,3,2
inference_data/milk10k/MILK10k_Training_Input/IL_3308348/ISIC_3917176.jpg,1,1,1,1,1
inference_data/milk10k/MILK10k_Training_Input/IL_3310631/ISIC_9375501.jpg,3,2,2,3,2
inference_data/milk10k/MILK10k_Training_Input/IL_3310631/ISIC_9286963.jpg,1,1,1,1,1
inference_data/milk10k/MILK10k_Training_Input/IL_3311502/ISIC_0785366.jpg,3,2,2,3,2
inference_data/milk10k/MILK10k_Training_Input/IL_3311502/ISIC_9101809.jpg,1,1,1,1,1
inference_data/milk10k/MILK10k_Training_Input/IL_3312437/ISIC_8397636.jpg,2,2,2,2,2
inference_data/milk10k/MILK10k_Training_Input/IL_3312437/ISIC_7222742.jpg,1,1,1,1,1
inference_data/milk10k/MILK10k_Training_Input/IL_3312566/ISIC_9311925.jpg,3,3,3,4,3
inference_data/milk10k/MILK10k_Training_Input/IL_3312566/ISIC_8079552.jpg,1,1,1,1,1
inference_data/milk10k/MILK10k_Training_Input/IL_3314266/ISIC_3446517.jpg,2,2,2,2,2
inference_data/milk10k/MILK10k_Training_Input/IL_3314266/ISIC_6162564.jpg,1,2,1,1,2
inference_data/milk10k/MILK10k_Training_Input/IL_3316446/ISIC_5128007.jpg,2,2,2,2,2
inference_data/milk10k/MILK10k_Training_Input/IL_3316446/ISIC_8137954.jpg,2,1,1,1,2
inference_data/milk10k/MILK10k_Training_Input/IL_3316669/ISIC_9682195.jpg,2,2,2,2,2
inference_data/milk10k/MILK10k_Training_Input/IL_3316669/ISIC_1132361.jpg,1,2,1,1,2
inference_data/milk10k/MILK10k_Training_Input/IL_3319164/ISIC_4597516.jpg,2,2,2,2,2
inference_data/milk10k/MILK10k_Training_Input/IL_3319164/ISIC_3204093.jpg,2,2,2,2,2
inference_data/milk10k/MILK10k_Training_Input/IL_3323231/ISIC_7670015.jpg,3,3,3,3,3
inference_data/milk10k/MILK10k_Training_Input/IL_3323231/ISIC_1916169.jpg,3,3,2,3,3
inference_data/milk10k/MILK10k_Training_Input/IL_3326001/ISIC_6958809.jpg,2,2,2,2,2
inference_data/milk10k/MILK10k_Training_Input/IL_3326001/ISIC_0918357.jpg,1,1,1,1,1
inference_data/milk10k/MILK10k_Training_Input/IL_3327660/ISIC_0379615.jpg,4,4,4,4,4
inference_data/milk10k/MILK10k_Training_Input/IL_3327660/ISIC_7692882.jpg,1,1,0,1,1
inference_data/milk10k/MILK10k_Training_Input/IL_3327955/ISIC_1339797.jpg,1,1,1,1,1
inference_data/milk10k/MILK10k_Training_Input/IL_3327955/ISIC_6796955.jpg,2,2,1,2,2
inference_data/milk10k/MILK10k_Training_Input/IL_3334554/ISIC_1915189.jpg,2,2,2,2,2
inference_data/milk10k/MILK10k_Training_Input/IL_3334554/ISIC_3336908.jpg,1,1,1,1,1
inference_data/milk10k/MILK10k_Training_Input/IL_3335346/ISIC_0608754.jpg,4,4,4,4,3
inference_data/milk10k/MILK10k_Training_Input/IL_3335346/ISIC_9583399.jpg,1,2,1,1,1
inference_data/milk10k/MILK10k_Training_Input/IL_3339470/ISIC_2041668.jpg,2,2,2,2,2
inference_data/milk10k/MILK10k_Training_Input/IL_3339470/ISIC_9170556.jpg,2,2,1,2,2
inference_data/milk10k/MILK10k_Training_Input/IL_3339713/ISIC_2870164.jpg,2,2,2,3,2
inference_data/milk10k/MILK10k_Training_Input/IL_3339713/ISIC_4278930.jpg,1,1,1,1,1
inference_data/milk10k/MILK10k_Training_Input/IL_3340189/ISIC_1218465.jpg,2,2,2,2,2
inference_data/milk10k/MILK10k_Training_Input/IL_3340189/ISIC_3967417.jpg,2,2,2,2,2
inference_data/milk10k/MILK10k_Training_Input/IL_3341397/ISIC_6555872.jpg,2,2,2,3,2
inference_data/milk10k/MILK10k_Training_Input/IL_3341397/ISIC_0723926.jpg,1,1,1,1,1
inference_data/milk10k/MILK10k_Training_Input/IL_3341722/ISIC_3132743.jpg,2,1,1,2,2
inference_data/milk10k/MILK10k_Training_Input/IL_3341722/ISIC_5811144.jpg,1,1,1,1,1
inference_data/milk10k/MILK10k_Training_Input/IL_3347593/ISIC_4176987.jpg,2,2,2,2,2
inference_data/milk10k/MILK10k_Training_Input/IL_3347593/ISIC_3658823.jpg,2,2,1,2,2
inference_data/milk10k/MILK10k_Training_Input/IL_3351126/ISIC_0854749.jpg,3,3,3,3,3
inference_data/milk10k/MILK10k_Training_Input/IL_3351126/ISIC_5991571.jpg,1,2,1,1,1
inference_data/milk10k/MILK10k_Training_Input/IL_3354355/ISIC_2923957.jpg,1,1,1,1,1
inference_data/milk10k/MILK10k_Training_Input/IL_3354355/ISIC_3420236.jpg,3,3,3,3,3
inference_data/milk10k/MILK10k_Training_Input/IL_3355699/ISIC_4727154.jpg,3,3,3,3,3
inference_data/milk10k/MILK10k_Training_Input/IL_3355699/ISIC_1184775.jpg,1,1,0,1,1
inference_data/milk10k/MILK10k_Training_Input/IL_3356147/ISIC_6175607.jpg,1,1,1,2,1
inference_data/milk10k/MILK10k_Training_Input/IL_3356147/ISIC_9468404.jpg,1,1,1,1,1
inference_data/milk10k/MILK10k_Training_Input/IL_3357031/ISIC_7841785.jpg,3,2,3,3,3
inference_data/milk10k/MILK10k_Training_Input/IL_3357031/ISIC_0929356.jpg,2,2,2,2,2
inference_data/milk10k/MILK10k_Training_Input/IL_3358821/ISIC_2963181.jpg,3,3,3,3,3
inference_data/milk10k/MILK10k_Training_Input/IL_3358821/ISIC_8102692.jpg,1,1,1,1,1
inference_data/milk10k/MILK10k_Training_Input/IL_3360442/ISIC_9410557.jpg,3,3,3,3,3
inference_data/milk10k/MILK10k_Training_Input/IL_3360442/ISIC_8882107.jpg,3,3,3,3,3
inference_data/milk10k/MILK10k_Training_Input/IL_3360591/ISIC_8328022.jpg,2,2,1,2,2
inference_data/milk10k/MILK10k_Training_Input/IL_3360591/ISIC_7656588.jpg,2,2,1,2,2
inference_data/milk10k/MILK10k_Training_Input/IL_3361305/ISIC_5963269.jpg,2,2,2,3,2
inference_data/milk10k/MILK10k_Training_Input/IL_3361305/ISIC_3982759.jpg,2,2,1,2,2
inference_data/milk10k/MILK10k_Training_Input/IL_3363042/ISIC_4815149.jpg,3,3,3,3,3
inference_data/milk10k/MILK10k_Training_Input/IL_3363042/ISIC_6297552.jpg,1,1,1,1,1
inference_data/milk10k/MILK10k_Training_Input/IL_3364981/ISIC_4060718.jpg,2,2,3,3,2
inference_data/milk10k/MILK10k_Training_Input/IL_3364981/ISIC_7984223.jpg,1,1,1,1,1
inference_data/milk10k/MILK10k_Training_Input/IL_3366115/ISIC_7364338.jpg,3,3,3,3,3
inference_data/milk10k/MILK10k_Training_Input/IL_3366115/ISIC_1393233.jpg,2,2,1,2,2
inference_data/milk10k/MILK10k_Training_Input/IL_3366376/ISIC_1249375.jpg,3,2,3,3,2
inference_data/milk10k/MILK10k_Training_Input/IL_3366376/ISIC_1600135.jpg,2,2,2,2,2
inference_data/milk10k/MILK10k_Training_Input/IL_3368963/ISIC_7805529.jpg,3,2,3,3,3
inference_data/milk10k/MILK10k_Training_Input/IL_3368963/ISIC_3361208.jpg,1,1,1,1,1
inference_data/milk10k/MILK10k_Training_Input/IL_3376509/ISIC_5179141.jpg,2,2,2,2,2
inference_data/milk10k/MILK10k_Training_Input/IL_3376509/ISIC_9841903.jpg,1,1,1,1,1
inference_data/milk10k/MILK10k_Training_Input/IL_3376861/ISIC_4093535.jpg,3,3,3,3,3
inference_data/milk10k/MILK10k_Training_Input/IL_3376861/ISIC_4478363.jpg,1,2,1,2,2
inference_data/milk10k/MILK10k_Training_Input/IL_3377032/ISIC_4930751.jpg,1,2,1,2,2
inference_data/milk10k/MILK10k_Training_Input/IL_3377032/ISIC_0896718.jpg,0,1,0,0,1
inference_data/milk10k/MILK10k_Training_Input/IL_3380076/ISIC_5840837.jpg,2,2,3,3,2
inference_data/milk10k/MILK10k_Training_Input/IL_3380076/ISIC_5820253.jpg,2,2,2,2,2
inference_data/milk10k/MILK10k_Training_Input/IL_3382606/ISIC_3870717.jpg,2,2,1,2,1
inference_data/milk10k/MILK10k_Training_Input/IL_3382606/ISIC_8604662.jpg,2,2,1,2,2
inference_data/milk10k/MILK10k_Training_Input/IL_3383125/ISIC_9054883.jpg,3,3,3,3,3
inference_data/milk10k/MILK10k_Training_Input/IL_3383125/ISIC_1657319.jpg,2,1,1,1,1
inference_data/milk10k/MILK10k_Training_Input/IL_3383259/ISIC_5062257.jpg,3,3,3,3,3
inference_data/milk10k/MILK10k_Training_Input/IL_3383259/ISIC_1064824.jpg,2,2,1,1,2
inference_data/milk10k/MILK10k_Training_Input/IL_3385490/ISIC_9270547.jpg,2,2,2,3,2
inference_data/milk10k/MILK10k_Training_Input/IL_3385490/ISIC_1009291.jpg,2,2,1,2,2
inference_data/milk10k/MILK10k_Training_Input/IL_3392979/ISIC_3932303.jpg,4,3,4,4,3
inference_data/milk10k/MILK10k_Training_Input/IL_3392979/ISIC_4607582.jpg,2,2,1,2,1
inference_data/milk10k/MILK10k_Training_Input/IL_3393264/ISIC_9166927.jpg,1,1,1,1,1
inference_data/milk10k/MILK10k_Training_Input/IL_3393264/ISIC_1182214.jpg,2,2,1,2,2
inference_data/milk10k/MILK10k_Training_Input/IL_3395310/ISIC_1888829.jpg,3,2,3,3,2
inference_data/milk10k/MILK10k_Training_Input/IL_3395310/ISIC_9199020.jpg,2,2,2,2,2
inference_data/milk10k/MILK10k_Training_Input/IL_3397052/ISIC_6906298.jpg,3,3,3,3,3
inference_data/milk10k/MILK10k_Training_Input/IL_3397052/ISIC_0886687.jpg,1,1,1,1,1
inference_data/milk10k/MILK10k_Training_Input/IL_3397274/ISIC_6841057.jpg,4,3,4,4,4
inference_data/milk10k/MILK10k_Training_Input/IL_3397274/ISIC_9612761.jpg,1,1,0,1,1
inference_data/milk10k/MILK10k_Training_Input/IL_3398129/ISIC_3039458.jpg,2,2,1,2,2
inference_data/milk10k/MILK10k_Training_Input/IL_3398129/ISIC_5431278.jpg,1,1,1,1,1
inference_data/milk10k/MILK10k_Training_Input/IL_3400406/ISIC_1053256.jpg,2,2,2,3,2
inference_data/milk10k/MILK10k_Training_Input/IL_3400406/ISIC_5321479.jpg,3,2,3,3,2
inference_data/milk10k/MILK10k_Training_Input/IL_3400636/ISIC_6746042.jpg,3,2,3,3,3
inference_data/milk10k/MILK10k_Training_Input/IL_3400636/ISIC_6943256.jpg,1,2,1,1,2
inference_data/milk10k/MILK10k_Training_Input/IL_3405101/ISIC_5930904.jpg,2,2,2,2,2
inference_data/milk10k/MILK10k_Training_Input/IL_3405101/ISIC_9986730.jpg,2,2,1,2,2
inference_data/milk10k/MILK10k_Training_Input/IL_3405396/ISIC_0364345.jpg,2,1,2,2,2
inference_data/milk10k/MILK10k_Training_Input/IL_3405396/ISIC_3626191.jpg,1,1,1,1,1
inference_data/milk10k/MILK10k_Training_Input/IL_3406268/ISIC_7522141.jpg,2,1,1,2,2
inference_data/milk10k/MILK10k_Training_Input/IL_3406268/ISIC_8868777.jpg,1,2,1,1,2
inference_data/milk10k/MILK10k_Training_Input/IL_3408986/ISIC_4261803.jpg,2,2,2,3,2
inference_data/milk10k/MILK10k_Training_Input/IL_3408986/ISIC_0135161.jpg,2,2,1,2,2
inference_data/milk10k/MILK10k_Training_Input/IL_3415127/ISIC_0906598.jpg,2,2,2,2,2
inference_data/milk10k/MILK10k_Training_Input/IL_3415127/ISIC_9212173.jpg,2,2,1,2,2
inference_data/milk10k/MILK10k_Training_Input/IL_3415556/ISIC_5378715.jpg,3,3,3,4,3
inference_data/milk10k/MILK10k_Training_Input/IL_3415556/ISIC_8558562.jpg,1,1,1,1,1
inference_data/milk10k/MILK10k_Training_Input/IL_3417024/ISIC_0630375.jpg,3,3,3,3,3
inference_data/milk10k/MILK10k_Training_Input/IL_3417024/ISIC_8977962.jpg,2,2,2,2,2
inference_data/milk10k/MILK10k_Training_Input/IL_3420465/ISIC_1841456.jpg,3,2,3,3,2
inference_data/milk10k/MILK10k_Training_Input/IL_3420465/ISIC_5745824.jpg,1,1,1,1,1
inference_data/milk10k/MILK10k_Training_Input/IL_3423568/ISIC_8525569.jpg,3,2,3,3,3
inference_data/milk10k/MILK10k_Training_Input/IL_3423568/ISIC_5387219.jpg,1,1,1,1,1
inference_data/milk10k/MILK10k_Training_Input/IL_3423821/ISIC_9625234.jpg,3,3,3,3,3
inference_data/milk10k/MILK10k_Training_Input/IL_3423821/ISIC_7201198.jpg,1,2,1,1,2
inference_data/milk10k/MILK10k_Training_Input/IL_3423886/ISIC_9726153.jpg,3,3,3,3,3
inference_data/milk10k/MILK10k_Training_Input/IL_3423886/ISIC_8945348.jpg,1,1,1,1,1
inference_data/milk10k/MILK10k_Training_Input/IL_3424519/ISIC_9304458.jpg,4,3,4,4,4
inference_data/milk10k/MILK10k_Training_Input/IL_3424519/ISIC_4028370.jpg,1,1,1,1,1
inference_data/milk10k/MILK10k_Training_Input/IL_3424617/ISIC_4850035.jpg,3,3,3,3,3
inference_data/milk10k/MILK10k_Training_Input/IL_3424617/ISIC_3191687.jpg,1,2,1,1,1
inference_data/milk10k/MILK10k_Training_Input/IL_3426033/ISIC_5247248.jpg,2,2,2,2,2
inference_data/milk10k/MILK10k_Training_Input/IL_3426033/ISIC_0081055.jpg,1,1,1,1,1
inference_data/milk10k/MILK10k_Training_Input/IL_3435246/ISIC_8379217.jpg,3,2,2,3,2
inference_data/milk10k/MILK10k_Training_Input/IL_3435246/ISIC_9144877.jpg,1,2,1,1,2
inference_data/milk10k/MILK10k_Training_Input/IL_3436686/ISIC_0146067.jpg,2,2,2,2,2
inference_data/milk10k/MILK10k_Training_Input/IL_3436686/ISIC_5607559.jpg,1,1,1,1,1
inference_data/milk10k/MILK10k_Training_Input/IL_3439844/ISIC_8302244.jpg,2,2,2,2,2
inference_data/milk10k/MILK10k_Training_Input/IL_3439844/ISIC_1342857.jpg,2,2,2,2,2
inference_data/milk10k/MILK10k_Training_Input/IL_3441650/ISIC_9696815.jpg,2,2,2,2,2
inference_data/milk10k/MILK10k_Training_Input/IL_3441650/ISIC_2722338.jpg,1,1,1,1,1
inference_data/milk10k/MILK10k_Training_Input/IL_3447838/ISIC_1224887.jpg,3,2,3,3,3
inference_data/milk10k/MILK10k_Training_Input/IL_3447838/ISIC_7372500.jpg,2,2,2,3,2
inference_data/milk10k/MILK10k_Training_Input/IL_3450487/ISIC_9259846.jpg,2,2,2,2,2
inference_data/milk10k/MILK10k_Training_Input/IL_3450487/ISIC_9571815.jpg,2,2,2,2,2
inference_data/milk10k/MILK10k_Training_Input/IL_3451729/ISIC_1897411.jpg,2,2,2,2,2
inference_data/milk10k/MILK10k_Training_Input/IL_3451729/ISIC_1927934.jpg,2,1,1,2,2
inference_data/milk10k/MILK10k_Training_Input/IL_3452976/ISIC_4048377.jpg,2,2,2,2,2
inference_data/milk10k/MILK10k_Training_Input/IL_3452976/ISIC_2689339.jpg,2,2,1,2,2
inference_data/milk10k/MILK10k_Training_Input/IL_3453159/ISIC_1841990.jpg,3,3,3,3,3
inference_data/milk10k/MILK10k_Training_Input/IL_3453159/ISIC_2747596.jpg,2,2,2,2,2
inference_data/milk10k/MILK10k_Training_Input/IL_3453453/ISIC_6849103.jpg,4,4,4,4,4
inference_data/milk10k/MILK10k_Training_Input/IL_3453453/ISIC_9098981.jpg,3,3,3,3,3
inference_data/milk10k/MILK10k_Training_Input/IL_3457214/ISIC_7137132.jpg,3,2,2,3,2
inference_data/milk10k/MILK10k_Training_Input/IL_3457214/ISIC_3088055.jpg,2,2,2,2,2
inference_data/milk10k/MILK10k_Training_Input/IL_3460639/ISIC_1645642.jpg,2,2,3,3,2
inference_data/milk10k/MILK10k_Training_Input/IL_3460639/ISIC_0991616.jpg,2,1,1,2,2
inference_data/milk10k/MILK10k_Training_Input/IL_3461218/ISIC_8537600.jpg,2,2,2,2,2
inference_data/milk10k/MILK10k_Training_Input/IL_3461218/ISIC_2883712.jpg,2,1,1,2,2
inference_data/milk10k/MILK10k_Training_Input/IL_3462420/ISIC_6499536.jpg,2,2,1,2,2
inference_data/milk10k/MILK10k_Training_Input/IL_3462420/ISIC_3733902.jpg,1,1,0,1,1
inference_data/milk10k/MILK10k_Training_Input/IL_3464725/ISIC_3577401.jpg,3,2,3,3,2
inference_data/milk10k/MILK10k_Training_Input/IL_3464725/ISIC_8114137.jpg,2,1,1,2,2
inference_data/milk10k/MILK10k_Training_Input/IL_3465975/ISIC_4839895.jpg,1,1,1,1,1
inference_data/milk10k/MILK10k_Training_Input/IL_3465975/ISIC_8366447.jpg,1,1,1,1,1
inference_data/milk10k/MILK10k_Training_Input/IL_3467743/ISIC_6761948.jpg,3,2,3,3,3
inference_data/milk10k/MILK10k_Training_Input/IL_3467743/ISIC_9002119.jpg,1,1,1,1,1
inference_data/milk10k/MILK10k_Training_Input/IL_3469370/ISIC_5558490.jpg,2,2,2,2,2
inference_data/milk10k/MILK10k_Training_Input/IL_3469370/ISIC_1647421.jpg,3,4,2,3,3
inference_data/milk10k/MILK10k_Training_Input/IL_3471902/ISIC_4463461.jpg,4,3,4,4,4
inference_data/milk10k/MILK10k_Training_Input/IL_3471902/ISIC_0598073.jpg,1,1,0,1,1
inference_data/milk10k/MILK10k_Training_Input/IL_3472357/ISIC_9925921.jpg,2,2,2,2,2
inference_data/milk10k/MILK10k_Training_Input/IL_3472357/ISIC_7251638.jpg,2,2,2,2,2
inference_data/milk10k/MILK10k_Training_Input/IL_3472941/ISIC_0951585.jpg,4,3,4,4,3
inference_data/milk10k/MILK10k_Training_Input/IL_3472941/ISIC_1958859.jpg,2,2,1,2,2
inference_data/milk10k/MILK10k_Training_Input/IL_3473944/ISIC_2788480.jpg,2,2,1,2,2
inference_data/milk10k/MILK10k_Training_Input/IL_3473944/ISIC_7951600.jpg,2,2,2,2,2
inference_data/milk10k/MILK10k_Training_Input/IL_3475151/ISIC_4925748.jpg,2,2,2,2,2
inference_data/milk10k/MILK10k_Training_Input/IL_3475151/ISIC_9025095.jpg,2,2,2,2,2
inference_data/milk10k/MILK10k_Training_Input/IL_3475152/ISIC_2837403.jpg,2,2,2,3,2
inference_data/milk10k/MILK10k_Training_Input/IL_3475152/ISIC_2621619.jpg,2,1,1,1,2
inference_data/milk10k/MILK10k_Training_Input/IL_3477265/ISIC_2502243.jpg,2,2,2,2,2
inference_data/milk10k/MILK10k_Training_Input/IL_3477265/ISIC_8952365.jpg,1,1,1,1,1
inference_data/milk10k/MILK10k_Training_Input/IL_3478761/ISIC_2467581.jpg,2,2,2,3,2
inference_data/milk10k/MILK10k_Training_Input/IL_3478761/ISIC_4061154.jpg,1,1,1,1,2
inference_data/milk10k/MILK10k_Training_Input/IL_3481443/ISIC_4756850.jpg,2,2,2,2,2
inference_data/milk10k/MILK10k_Training_Input/IL_3481443/ISIC_4554893.jpg,1,1,1,1,1
inference_data/milk10k/MILK10k_Training_Input/IL_3482678/ISIC_8132785.jpg,2,2,1,2,2
inference_data/milk10k/MILK10k_Training_Input/IL_3482678/ISIC_1845181.jpg,1,2,1,1,1
inference_data/milk10k/MILK10k_Training_Input/IL_3484417/ISIC_8366050.jpg,3,3,3,3,3
inference_data/milk10k/MILK10k_Training_Input/IL_3484417/ISIC_6469847.jpg,1,1,0,1,1
inference_data/milk10k/MILK10k_Training_Input/IL_3484645/ISIC_0567766.jpg,2,2,2,2,2
inference_data/milk10k/MILK10k_Training_Input/IL_3484645/ISIC_9442868.jpg,1,1,1,2,2
inference_data/milk10k/MILK10k_Training_Input/IL_3485439/ISIC_9320989.jpg,3,3,3,3,3
inference_data/milk10k/MILK10k_Training_Input/IL_3485439/ISIC_6171588.jpg,2,2,2,2,3
inference_data/milk10k/MILK10k_Training_Input/IL_3486066/ISIC_2593896.jpg,2,2,1,2,2
inference_data/milk10k/MILK10k_Training_Input/IL_3486066/ISIC_8446431.jpg,1,1,1,1,1
inference_data/milk10k/MILK10k_Training_Input/IL_3487572/ISIC_7275427.jpg,2,1,2,2,2
inference_data/milk10k/MILK10k_Training_Input/IL_3487572/ISIC_2698174.jpg,1,1,1,1,1
inference_data/milk10k/MILK10k_Training_Input/IL_3488332/ISIC_7431526.jpg,3,3,3,3,3
inference_data/milk10k/MILK10k_Training_Input/IL_3488332/ISIC_5867806.jpg,2,2,2,2,2
inference_data/milk10k/MILK10k_Training_Input/IL_3488429/ISIC_3072729.jpg,3,2,3,3,2
inference_data/milk10k/MILK10k_Training_Input/IL_3488429/ISIC_9084000.jpg,2,2,2,2,2
inference_data/milk10k/MILK10k_Training_Input/IL_3489580/ISIC_3688627.jpg,3,2,3,3,3
inference_data/milk10k/MILK10k_Training_Input/IL_3489580/ISIC_6254946.jpg,3,2,3,3,3
inference_data/milk10k/MILK10k_Training_Input/IL_3492257/ISIC_0760456.jpg,2,2,3,3,2
inference_data/milk10k/MILK10k_Training_Input/IL_3492257/ISIC_1621625.jpg,1,1,1,1,1
inference_data/milk10k/MILK10k_Training_Input/IL_3492505/ISIC_5253456.jpg,3,3,3,3,3
inference_data/milk10k/MILK10k_Training_Input/IL_3492505/ISIC_4249004.jpg,2,2,2,2,2
inference_data/milk10k/MILK10k_Training_Input/IL_3492716/ISIC_3763694.jpg,2,2,1,1,1
inference_data/milk10k/MILK10k_Training_Input/IL_3492716/ISIC_1424527.jpg,2,2,1,1,2
inference_data/milk10k/MILK10k_Training_Input/IL_3493081/ISIC_7991063.jpg,2,2,2,2,2
inference_data/milk10k/MILK10k_Training_Input/IL_3493081/ISIC_2459668.jpg,2,2,2,2,2
inference_data/milk10k/MILK10k_Training_Input/IL_3496522/ISIC_0463396.jpg,2,2,2,2,2
inference_data/milk10k/MILK10k_Training_Input/IL_3496522/ISIC_5973129.jpg,1,2,1,2,2
inference_data/milk10k/MILK10k_Training_Input/IL_3496860/ISIC_9255385.jpg,2,3,2,2,2
inference_data/milk10k/MILK10k_Training_Input/IL_3496860/ISIC_0106322.jpg,2,2,1,2,2
inference_data/milk10k/MILK10k_Training_Input/IL_3498244/ISIC_5986993.jpg,3,2,3,3,3
inference_data/milk10k/MILK10k_Training_Input/IL_3498244/ISIC_5728005.jpg,2,2,1,2,2
inference_data/milk10k/MILK10k_Training_Input/IL_3499817/ISIC_5997631.jpg,2,2,3,3,2
inference_data/milk10k/MILK10k_Training_Input/IL_3499817/ISIC_6651888.jpg,1,1,1,1,1
inference_data/milk10k/MILK10k_Training_Input/IL_3503825/ISIC_3244506.jpg,2,2,2,2,2
inference_data/milk10k/MILK10k_Training_Input/IL_3503825/ISIC_3587674.jpg,1,1,1,1,1
inference_data/milk10k/MILK10k_Training_Input/IL_3504341/ISIC_3928700.jpg,3,3,3,3,3
inference_data/milk10k/MILK10k_Training_Input/IL_3504341/ISIC_5702669.jpg,1,1,1,1,1
inference_data/milk10k/MILK10k_Training_Input/IL_3507872/ISIC_6056059.jpg,2,2,2,2,2
inference_data/milk10k/MILK10k_Training_Input/IL_3507872/ISIC_5967889.jpg,2,2,2,2,2
inference_data/milk10k/MILK10k_Training_Input/IL_3511667/ISIC_4466925.jpg,2,2,2,2,2
inference_data/milk10k/MILK10k_Training_Input/IL_3511667/ISIC_4329526.jpg,2,2,2,2,2
inference_data/milk10k/MILK10k_Training_Input/IL_3517038/ISIC_9525008.jpg,2,1,2,2,1
inference_data/milk10k/MILK10k_Training_Input/IL_3517038/ISIC_1700871.jpg,0,1,0,0,1
inference_data/milk10k/MILK10k_Training_Input/IL_3518780/ISIC_9747479.jpg,2,2,2,2,2
inference_data/milk10k/MILK10k_Training_Input/IL_3518780/ISIC_3313166.jpg,1,1,1,1,1
inference_data/milk10k/MILK10k_Training_Input/IL_3518788/ISIC_2935903.jpg,3,2,3,3,3
inference_data/milk10k/MILK10k_Training_Input/IL_3518788/ISIC_4499650.jpg,1,1,1,1,1
inference_data/milk10k/MILK10k_Training_Input/IL_3518875/ISIC_2775686.jpg,3,3,2,3,3
inference_data/milk10k/MILK10k_Training_Input/IL_3518875/ISIC_5566200.jpg,2,2,2,2,2
inference_data/milk10k/MILK10k_Training_Input/IL_3521617/ISIC_9843002.jpg,3,2,3,3,3
inference_data/milk10k/MILK10k_Training_Input/IL_3521617/ISIC_4180324.jpg,2,2,2,2,2
inference_data/milk10k/MILK10k_Training_Input/IL_3522764/ISIC_8636984.jpg,4,3,4,4,3
inference_data/milk10k/MILK10k_Training_Input/IL_3522764/ISIC_9629029.jpg,2,2,1,2,2
inference_data/milk10k/MILK10k_Training_Input/IL_3527246/ISIC_9807651.jpg,2,2,1,2,2
inference_data/milk10k/MILK10k_Training_Input/IL_3527246/ISIC_0617272.jpg,1,1,1,1,1
inference_data/milk10k/MILK10k_Training_Input/IL_3528206/ISIC_1656419.jpg,1,1,1,1,1
inference_data/milk10k/MILK10k_Training_Input/IL_3528206/ISIC_2721277.jpg,2,2,1,1,2
inference_data/milk10k/MILK10k_Training_Input/IL_3529171/ISIC_1772876.jpg,2,1,1,2,2
inference_data/milk10k/MILK10k_Training_Input/IL_3529171/ISIC_2431538.jpg,2,2,2,2,2
inference_data/milk10k/MILK10k_Training_Input/IL_3529988/ISIC_6222747.jpg,3,2,3,3,2
inference_data/milk10k/MILK10k_Training_Input/IL_3529988/ISIC_9399207.jpg,1,1,1,1,1
inference_data/milk10k/MILK10k_Training_Input/IL_3531098/ISIC_2025072.jpg,2,2,2,2,2
inference_data/milk10k/MILK10k_Training_Input/IL_3531098/ISIC_7425508.jpg,2,2,2,2,2
inference_data/milk10k/MILK10k_Training_Input/IL_3532115/ISIC_3522468.jpg,1,1,1,1,1
inference_data/milk10k/MILK10k_Training_Input/IL_3532115/ISIC_3425683.jpg,1,1,1,1,1
inference_data/milk10k/MILK10k_Training_Input/IL_3540228/ISIC_5947742.jpg,2,2,2,2,2
inference_data/milk10k/MILK10k_Training_Input/IL_3540228/ISIC_5640000.jpg,1,1,0,1,1
inference_data/milk10k/MILK10k_Training_Input/IL_3541030/ISIC_5324767.jpg,1,0,0,1,0
inference_data/milk10k/MILK10k_Training_Input/IL_3541030/ISIC_6447813.jpg,1,1,1,1,1
inference_data/milk10k/MILK10k_Training_Input/IL_3542015/ISIC_7801659.jpg,2,2,2,2,2
inference_data/milk10k/MILK10k_Training_Input/IL_3542015/ISIC_2273572.jpg,2,2,1,2,2
inference_data/milk10k/MILK10k_Training_Input/IL_3544238/ISIC_1751525.jpg,3,3,3,4,3
inference_data/milk10k/MILK10k_Training_Input/IL_3544238/ISIC_1010358.jpg,1,1,1,2,1
inference_data/milk10k/MILK10k_Training_Input/IL_3545610/ISIC_4574908.jpg,3,3,3,3,3
inference_data/milk10k/MILK10k_Training_Input/IL_3545610/ISIC_1163119.jpg,1,1,1,1,1
inference_data/milk10k/MILK10k_Training_Input/IL_3546806/ISIC_4835287.jpg,3,3,3,3,3
inference_data/milk10k/MILK10k_Training_Input/IL_3546806/ISIC_6347418.jpg,2,2,2,2,2
inference_data/milk10k/MILK10k_Training_Input/IL_3547221/ISIC_0366902.jpg,2,2,2,2,2
inference_data/milk10k/MILK10k_Training_Input/IL_3547221/ISIC_2258930.jpg,2,2,2,2,2
inference_data/milk10k/MILK10k_Training_Input/IL_3550428/ISIC_4531147.jpg,2,2,2,2,2
inference_data/milk10k/MILK10k_Training_Input/IL_3550428/ISIC_3344319.jpg,1,1,0,1,1
inference_data/milk10k/MILK10k_Training_Input/IL_3551061/ISIC_6168958.jpg,2,2,2,2,2
inference_data/milk10k/MILK10k_Training_Input/IL_3551061/ISIC_5715959.jpg,2,2,2,2,2
inference_data/milk10k/MILK10k_Training_Input/IL_3553236/ISIC_4967282.jpg,2,2,2,2,2
inference_data/milk10k/MILK10k_Training_Input/IL_3553236/ISIC_7785676.jpg,1,1,1,1,1
inference_data/milk10k/MILK10k_Training_Input/IL_3558954/ISIC_3327886.jpg,2,2,3,3,2
inference_data/milk10k/MILK10k_Training_Input/IL_3558954/ISIC_8251827.jpg,2,2,2,2,2
inference_data/milk10k/MILK10k_Training_Input/IL_3559203/ISIC_3613928.jpg,3,3,3,3,3
inference_data/milk10k/MILK10k_Training_Input/IL_3559203/ISIC_7209964.jpg,2,2,2,2,2
inference_data/milk10k/MILK10k_Training_Input/IL_3559217/ISIC_7273374.jpg,3,2,3,3,2
inference_data/milk10k/MILK10k_Training_Input/IL_3559217/ISIC_7544069.jpg,1,1,0,1,1
inference_data/milk10k/MILK10k_Training_Input/IL_3559372/ISIC_7485509.jpg,3,3,3,3,3
inference_data/milk10k/MILK10k_Training_Input/IL_3559372/ISIC_1484276.jpg,2,1,2,2,2
inference_data/milk10k/MILK10k_Training_Input/IL_3560124/ISIC_3765070.jpg,1,1,1,1,1
inference_data/milk10k/MILK10k_Training_Input/IL_3560124/ISIC_7841088.jpg,1,1,1,1,1
inference_data/milk10k/MILK10k_Training_Input/IL_3561998/ISIC_6700837.jpg,3,2,3,3,2
inference_data/milk10k/MILK10k_Training_Input/IL_3561998/ISIC_8041130.jpg,1,1,1,1,1
inference_data/milk10k/MILK10k_Training_Input/IL_3562985/ISIC_3694172.jpg,3,3,3,3,3
inference_data/milk10k/MILK10k_Training_Input/IL_3562985/ISIC_7206801.jpg,1,2,1,2,1
inference_data/milk10k/MILK10k_Training_Input/IL_3565320/ISIC_2997062.jpg,2,2,2,2,2
inference_data/milk10k/MILK10k_Training_Input/IL_3565320/ISIC_2753382.jpg,1,2,1,1,1
inference_data/milk10k/MILK10k_Training_Input/IL_3566377/ISIC_1883913.jpg,3,2,3,3,3
inference_data/milk10k/MILK10k_Training_Input/IL_3566377/ISIC_9893445.jpg,1,1,1,1,1
inference_data/milk10k/MILK10k_Training_Input/IL_3566495/ISIC_8678580.jpg,3,3,3,3,3
inference_data/milk10k/MILK10k_Training_Input/IL_3566495/ISIC_5517500.jpg,1,1,1,1,1
inference_data/milk10k/MILK10k_Training_Input/IL_3568904/ISIC_8387069.jpg,3,2,3,3,2
inference_data/milk10k/MILK10k_Training_Input/IL_3568904/ISIC_3045387.jpg,3,2,3,3,3
inference_data/milk10k/MILK10k_Training_Input/IL_3569570/ISIC_3209100.jpg,2,2,2,2,2
inference_data/milk10k/MILK10k_Training_Input/IL_3569570/ISIC_5246161.jpg,2,1,1,2,2
inference_data/milk10k/MILK10k_Training_Input/IL_3570524/ISIC_8050539.jpg,2,2,2,2,2
inference_data/milk10k/MILK10k_Training_Input/IL_3570524/ISIC_6842565.jpg,1,1,1,2,2
inference_data/milk10k/MILK10k_Training_Input/IL_3570537/ISIC_6218940.jpg,3,3,3,3,3
inference_data/milk10k/MILK10k_Training_Input/IL_3570537/ISIC_3343865.jpg,2,2,1,2,2
inference_data/milk10k/MILK10k_Training_Input/IL_3574782/ISIC_8930739.jpg,3,3,4,4,3
inference_data/milk10k/MILK10k_Training_Input/IL_3574782/ISIC_0892888.jpg,2,2,2,2,2
inference_data/milk10k/MILK10k_Training_Input/IL_3576180/ISIC_2841434.jpg,2,1,2,2,1
inference_data/milk10k/MILK10k_Training_Input/IL_3576180/ISIC_8559278.jpg,1,1,0,1,1
inference_data/milk10k/MILK10k_Training_Input/IL_3576775/ISIC_3302639.jpg,1,1,1,1,1
inference_data/milk10k/MILK10k_Training_Input/IL_3576775/ISIC_3456998.jpg,1,1,1,1,1
inference_data/milk10k/MILK10k_Training_Input/IL_3577604/ISIC_3156175.jpg,3,3,3,3,3
inference_data/milk10k/MILK10k_Training_Input/IL_3577604/ISIC_4072524.jpg,2,2,2,2,2
inference_data/milk10k/MILK10k_Training_Input/IL_3580495/ISIC_4170754.jpg,1,1,1,1,1
inference_data/milk10k/MILK10k_Training_Input/IL_3580495/ISIC_9815182.jpg,2,2,2,2,2
inference_data/milk10k/MILK10k_Training_Input/IL_3581501/ISIC_2770547.jpg,3,3,3,3,3
inference_data/milk10k/MILK10k_Training_Input/IL_3581501/ISIC_1385452.jpg,2,2,2,2,2
inference_data/milk10k/MILK10k_Training_Input/IL_3581792/ISIC_7872929.jpg,2,2,2,2,2
inference_data/milk10k/MILK10k_Training_Input/IL_3581792/ISIC_1580681.jpg,1,1,1,1,1
inference_data/milk10k/MILK10k_Training_Input/IL_3582002/ISIC_0886120.jpg,2,2,2,3,2
inference_data/milk10k/MILK10k_Training_Input/IL_3582002/ISIC_0199124.jpg,1,1,1,1,2
inference_data/milk10k/MILK10k_Training_Input/IL_3582331/ISIC_5511326.jpg,3,3,3,4,3
inference_data/milk10k/MILK10k_Training_Input/IL_3582331/ISIC_7808755.jpg,1,1,1,1,1
inference_data/milk10k/MILK10k_Training_Input/IL_3593034/ISIC_1110074.jpg,2,2,2,2,2
inference_data/milk10k/MILK10k_Training_Input/IL_3593034/ISIC_1509648.jpg,2,1,1,2,2
inference_data/milk10k/MILK10k_Training_Input/IL_3596093/ISIC_2734876.jpg,2,2,2,2,2
inference_data/milk10k/MILK10k_Training_Input/IL_3596093/ISIC_8385396.jpg,1,1,1,1,2
inference_data/milk10k/MILK10k_Training_Input/IL_3599866/ISIC_8737266.jpg,2,2,2,2,2
inference_data/milk10k/MILK10k_Training_Input/IL_3599866/ISIC_6638374.jpg,1,1,1,1,1
inference_data/milk10k/MILK10k_Training_Input/IL_3600941/ISIC_9886316.jpg,3,2,3,3,2
inference_data/milk10k/MILK10k_Training_Input/IL_3600941/ISIC_2950662.jpg,2,2,1,2,2
inference_data/milk10k/MILK10k_Training_Input/IL_3603601/ISIC_7304468.jpg,2,2,2,2,2
inference_data/milk10k/MILK10k_Training_Input/IL_3603601/ISIC_5745120.jpg,1,1,0,1,1
inference_data/milk10k/MILK10k_Training_Input/IL_3605485/ISIC_9255011.jpg,3,2,3,3,2
inference_data/milk10k/MILK10k_Training_Input/IL_3605485/ISIC_5466448.jpg,2,2,2,2,2
inference_data/milk10k/MILK10k_Training_Input/IL_3606154/ISIC_5714213.jpg,4,3,3,4,3
inference_data/milk10k/MILK10k_Training_Input/IL_3606154/ISIC_7600337.jpg,2,2,2,2,2
inference_data/milk10k/MILK10k_Training_Input/IL_3608971/ISIC_5999967.jpg,1,1,1,1,1
inference_data/milk10k/MILK10k_Training_Input/IL_3608971/ISIC_2916022.jpg,1,1,1,2,1
inference_data/milk10k/MILK10k_Training_Input/IL_3609396/ISIC_4065190.jpg,2,1,2,2,2
inference_data/milk10k/MILK10k_Training_Input/IL_3609396/ISIC_6822533.jpg,1,2,0,1,1
inference_data/milk10k/MILK10k_Training_Input/IL_3609983/ISIC_6050192.jpg,3,2,2,3,2
inference_data/milk10k/MILK10k_Training_Input/IL_3609983/ISIC_1009475.jpg,2,2,2,2,2
inference_data/milk10k/MILK10k_Training_Input/IL_3615210/ISIC_9251635.jpg,2,1,1,2,2
inference_data/milk10k/MILK10k_Training_Input/IL_3615210/ISIC_8904388.jpg,2,2,2,2,2
inference_data/milk10k/MILK10k_Training_Input/IL_3615329/ISIC_4973067.jpg,2,2,2,2,2
inference_data/milk10k/MILK10k_Training_Input/IL_3615329/ISIC_6952812.jpg,1,1,1,1,1
inference_data/milk10k/MILK10k_Training_Input/IL_3619521/ISIC_6002261.jpg,2,2,2,2,2
inference_data/milk10k/MILK10k_Training_Input/IL_3619521/ISIC_0163776.jpg,2,2,2,2,2
inference_data/milk10k/MILK10k_Training_Input/IL_3625666/ISIC_0428185.jpg,2,2,2,2,2
inference_data/milk10k/MILK10k_Training_Input/IL_3625666/ISIC_6195452.jpg,1,1,1,1,1
inference_data/milk10k/MILK10k_Training_Input/IL_3627285/ISIC_0776010.jpg,2,1,2,2,2
inference_data/milk10k/MILK10k_Training_Input/IL_3627285/ISIC_2832798.jpg,1,2,1,1,2
inference_data/milk10k/MILK10k_Training_Input/IL_3631191/ISIC_9985358.jpg,3,3,3,3,3
inference_data/milk10k/MILK10k_Training_Input/IL_3631191/ISIC_5903611.jpg,2,1,1,2,2
inference_data/milk10k/MILK10k_Training_Input/IL_3632204/ISIC_0571728.jpg,3,2,3,3,2
inference_data/milk10k/MILK10k_Training_Input/IL_3632204/ISIC_4156628.jpg,2,2,3,2,2
inference_data/milk10k/MILK10k_Training_Input/IL_3634030/ISIC_8768212.jpg,3,2,3,3,2
inference_data/milk10k/MILK10k_Training_Input/IL_3634030/ISIC_6417102.jpg,2,2,1,2,2
inference_data/milk10k/MILK10k_Training_Input/IL_3634935/ISIC_1576697.jpg,2,2,2,2,2
inference_data/milk10k/MILK10k_Training_Input/IL_3634935/ISIC_6332308.jpg,1,1,0,0,1
inference_data/milk10k/MILK10k_Training_Input/IL_3635889/ISIC_9543736.jpg,3,3,3,3,3
inference_data/milk10k/MILK10k_Training_Input/IL_3635889/ISIC_8614640.jpg,1,1,1,1,1
inference_data/milk10k/MILK10k_Training_Input/IL_3636394/ISIC_7403204.jpg,3,2,3,3,2
inference_data/milk10k/MILK10k_Training_Input/IL_3636394/ISIC_6954063.jpg,1,1,1,1,1
inference_data/milk10k/MILK10k_Training_Input/IL_3638399/ISIC_0323945.jpg,2,2,2,2,2
inference_data/milk10k/MILK10k_Training_Input/IL_3638399/ISIC_3822722.jpg,2,2,2,2,2
inference_data/milk10k/MILK10k_Training_Input/IL_3640524/ISIC_0426130.jpg,1,1,1,1,1
inference_data/milk10k/MILK10k_Training_Input/IL_3640524/ISIC_9297268.jpg,1,1,1,1,1
inference_data/milk10k/MILK10k_Training_Input/IL_3644739/ISIC_1568395.jpg,1,1,1,2,1
inference_data/milk10k/MILK10k_Training_Input/IL_3644739/ISIC_2861892.jpg,1,1,1,2,1
inference_data/milk10k/MILK10k_Training_Input/IL_3647714/ISIC_5659142.jpg,4,3,4,4,4
inference_data/milk10k/MILK10k_Training_Input/IL_3647714/ISIC_9875968.jpg,2,2,2,2,2
inference_data/milk10k/MILK10k_Training_Input/IL_3650065/ISIC_7911836.jpg,3,3,3,3,2
inference_data/milk10k/MILK10k_Training_Input/IL_3650065/ISIC_1276590.jpg,1,2,1,1,1
inference_data/milk10k/MILK10k_Training_Input/IL_3650991/ISIC_1496736.jpg,3,2,2,2,2
inference_data/milk10k/MILK10k_Training_Input/IL_3650991/ISIC_6457249.jpg,1,1,1,1,2
inference_data/milk10k/MILK10k_Training_Input/IL_3651436/ISIC_7961515.jpg,2,2,2,2,2
inference_data/milk10k/MILK10k_Training_Input/IL_3651436/ISIC_9188713.jpg,1,1,1,1,2
inference_data/milk10k/MILK10k_Training_Input/IL_3656714/ISIC_2889500.jpg,2,2,2,3,2
inference_data/milk10k/MILK10k_Training_Input/IL_3656714/ISIC_7983538.jpg,2,2,2,2,2
inference_data/milk10k/MILK10k_Training_Input/IL_3657204/ISIC_1201852.jpg,2,2,2,3,2
inference_data/milk10k/MILK10k_Training_Input/IL_3657204/ISIC_8011910.jpg,1,1,1,1,1
inference_data/milk10k/MILK10k_Training_Input/IL_3658714/ISIC_0155115.jpg,2,2,2,2,2
inference_data/milk10k/MILK10k_Training_Input/IL_3658714/ISIC_5089532.jpg,2,2,1,1,2
inference_data/milk10k/MILK10k_Training_Input/IL_3660517/ISIC_3297304.jpg,2,1,1,2,2
inference_data/milk10k/MILK10k_Training_Input/IL_3660517/ISIC_3788562.jpg,1,1,1,1,1
inference_data/milk10k/MILK10k_Training_Input/IL_3660671/ISIC_6112801.jpg,2,2,2,2,2
inference_data/milk10k/MILK10k_Training_Input/IL_3660671/ISIC_4155558.jpg,2,2,2,2,2
inference_data/milk10k/MILK10k_Training_Input/IL_3663499/ISIC_1399132.jpg,2,2,2,2,2
inference_data/milk10k/MILK10k_Training_Input/IL_3663499/ISIC_8951479.jpg,2,2,2,2,2
inference_data/milk10k/MILK10k_Training_Input/IL_3664176/ISIC_5564663.jpg,3,2,3,3,2
inference_data/milk10k/MILK10k_Training_Input/IL_3664176/ISIC_0625197.jpg,1,2,1,2,2
inference_data/milk10k/MILK10k_Training_Input/IL_3668497/ISIC_3316082.jpg,3,2,3,3,3
inference_data/milk10k/MILK10k_Training_Input/IL_3668497/ISIC_2498820.jpg,3,3,3,3,3
inference_data/milk10k/MILK10k_Training_Input/IL_3672233/ISIC_0280428.jpg,2,1,1,2,2
inference_data/milk10k/MILK10k_Training_Input/IL_3672233/ISIC_6538108.jpg,1,1,1,1,1
inference_data/milk10k/MILK10k_Training_Input/IL_3672898/ISIC_9018538.jpg,3,2,3,3,3
inference_data/milk10k/MILK10k_Training_Input/IL_3672898/ISIC_2312468.jpg,2,2,2,2,2
inference_data/milk10k/MILK10k_Training_Input/IL_3673617/ISIC_3100024.jpg,3,3,3,3,3
inference_data/milk10k/MILK10k_Training_Input/IL_3673617/ISIC_3846256.jpg,1,1,1,1,1
inference_data/milk10k/MILK10k_Training_Input/IL_3673885/ISIC_2772400.jpg,2,2,2,2,2
inference_data/milk10k/MILK10k_Training_Input/IL_3673885/ISIC_9896110.jpg,1,1,1,1,1
inference_data/milk10k/MILK10k_Training_Input/IL_3673925/ISIC_1171609.jpg,2,2,2,2,2
inference_data/milk10k/MILK10k_Training_Input/IL_3673925/ISIC_6898183.jpg,1,2,1,2,2
inference_data/milk10k/MILK10k_Training_Input/IL_3677701/ISIC_5846378.jpg,2,1,1,2,2
inference_data/milk10k/MILK10k_Training_Input/IL_3677701/ISIC_4310441.jpg,1,1,1,1,1
inference_data/milk10k/MILK10k_Training_Input/IL_3681350/ISIC_3581694.jpg,2,2,2,2,2
inference_data/milk10k/MILK10k_Training_Input/IL_3681350/ISIC_4019827.jpg,1,1,1,2,2
inference_data/milk10k/MILK10k_Training_Input/IL_3682570/ISIC_0588937.jpg,1,1,1,1,1
inference_data/milk10k/MILK10k_Training_Input/IL_3682570/ISIC_2000821.jpg,1,1,1,1,1
inference_data/milk10k/MILK10k_Training_Input/IL_3685278/ISIC_7368423.jpg,3,3,3,3,3
inference_data/milk10k/MILK10k_Training_Input/IL_3685278/ISIC_0397332.jpg,2,2,2,2,2
inference_data/milk10k/MILK10k_Training_Input/IL_3686069/ISIC_8479393.jpg,1,2,2,2,2
inference_data/milk10k/MILK10k_Training_Input/IL_3686069/ISIC_2061756.jpg,2,2,1,2,2
inference_data/milk10k/MILK10k_Training_Input/IL_3687151/ISIC_7058677.jpg,1,1,1,1,1
inference_data/milk10k/MILK10k_Training_Input/IL_3687151/ISIC_5787263.jpg,2,2,1,2,2
inference_data/milk10k/MILK10k_Training_Input/IL_3694094/ISIC_1232869.jpg,2,2,2,2,2
inference_data/milk10k/MILK10k_Training_Input/IL_3694094/ISIC_4090560.jpg,2,2,2,2,2
inference_data/milk10k/MILK10k_Training_Input/IL_3700526/ISIC_6043805.jpg,3,2,3,3,3
inference_data/milk10k/MILK10k_Training_Input/IL_3700526/ISIC_5564889.jpg,1,1,1,1,1
inference_data/milk10k/MILK10k_Training_Input/IL_3702520/ISIC_2685248.jpg,3,2,2,2,2
inference_data/milk10k/MILK10k_Training_Input/IL_3702520/ISIC_5795242.jpg,1,1,1,2,2
inference_data/milk10k/MILK10k_Training_Input/IL_3703578/ISIC_6681430.jpg,3,2,3,3,3
inference_data/milk10k/MILK10k_Training_Input/IL_3703578/ISIC_3633147.jpg,2,2,2,3,3
inference_data/milk10k/MILK10k_Training_Input/IL_3703850/ISIC_8599510.jpg,1,1,1,1,1
inference_data/milk10k/MILK10k_Training_Input/IL_3703850/ISIC_7974235.jpg,1,1,1,1,1
inference_data/milk10k/MILK10k_Training_Input/IL_3705242/ISIC_8615408.jpg,3,3,3,3,3
inference_data/milk10k/MILK10k_Training_Input/IL_3705242/ISIC_6936754.jpg,2,2,2,2,2
inference_data/milk10k/MILK10k_Training_Input/IL_3709940/ISIC_0870426.jpg,3,2,3,3,3
inference_data/milk10k/MILK10k_Training_Input/IL_3709940/ISIC_1151059.jpg,1,1,1,1,1
inference_data/milk10k/MILK10k_Training_Input/IL_3711710/ISIC_3114974.jpg,2,2,2,3,2
inference_data/milk10k/MILK10k_Training_Input/IL_3711710/ISIC_5169938.jpg,1,1,1,2,2
inference_data/milk10k/MILK10k_Training_Input/IL_3711784/ISIC_6667520.jpg,3,2,3,3,3
inference_data/milk10k/MILK10k_Training_Input/IL_3711784/ISIC_1170330.jpg,2,2,2,2,2
inference_data/milk10k/MILK10k_Training_Input/IL_3715048/ISIC_7143311.jpg,3,3,3,3,3
inference_data/milk10k/MILK10k_Training_Input/IL_3715048/ISIC_0831898.jpg,1,1,1,1,2
inference_data/milk10k/MILK10k_Training_Input/IL_3715792/ISIC_8626292.jpg,2,2,2,2,2
inference_data/milk10k/MILK10k_Training_Input/IL_3715792/ISIC_3539413.jpg,1,1,1,1,1
inference_data/milk10k/MILK10k_Training_Input/IL_3719670/ISIC_9614578.jpg,2,2,2,2,2
inference_data/milk10k/MILK10k_Training_Input/IL_3719670/ISIC_5469861.jpg,2,2,2,2,2
inference_data/milk10k/MILK10k_Training_Input/IL_3720458/ISIC_4682172.jpg,2,2,2,2,2
inference_data/milk10k/MILK10k_Training_Input/IL_3720458/ISIC_1006756.jpg,2,2,1,2,2
inference_data/milk10k/MILK10k_Training_Input/IL_3721335/ISIC_1679242.jpg,1,1,1,1,2
inference_data/milk10k/MILK10k_Training_Input/IL_3721335/ISIC_7812484.jpg,1,1,1,1,1
inference_data/milk10k/MILK10k_Training_Input/IL_3722904/ISIC_5721122.jpg,1,1,1,1,1
inference_data/milk10k/MILK10k_Training_Input/IL_3722904/ISIC_6362082.jpg,2,2,2,2,2
inference_data/milk10k/MILK10k_Training_Input/IL_3724893/ISIC_7148236.jpg,2,2,2,2,2
inference_data/milk10k/MILK10k_Training_Input/IL_3724893/ISIC_0561102.jpg,1,1,1,1,2
inference_data/milk10k/MILK10k_Training_Input/IL_3727802/ISIC_3716241.jpg,2,2,1,2,2
inference_data/milk10k/MILK10k_Training_Input/IL_3727802/ISIC_9319124.jpg,1,1,1,1,1
inference_data/milk10k/MILK10k_Training_Input/IL_3730515/ISIC_7522059.jpg,3,3,3,3,3
inference_data/milk10k/MILK10k_Training_Input/IL_3730515/ISIC_1386430.jpg,2,1,1,2,2
inference_data/milk10k/MILK10k_Training_Input/IL_3732140/ISIC_2013889.jpg,3,3,3,3,3
inference_data/milk10k/MILK10k_Training_Input/IL_3732140/ISIC_4889822.jpg,2,2,3,2,2
inference_data/milk10k/MILK10k_Training_Input/IL_3732143/ISIC_6670414.jpg,3,2,3,3,2
inference_data/milk10k/MILK10k_Training_Input/IL_3732143/ISIC_1595205.jpg,1,2,2,1,2
inference_data/milk10k/MILK10k_Training_Input/IL_3734319/ISIC_5440611.jpg,1,2,1,2,1
inference_data/milk10k/MILK10k_Training_Input/IL_3734319/ISIC_5185588.jpg,1,1,1,1,1
inference_data/milk10k/MILK10k_Training_Input/IL_3738052/ISIC_6404972.jpg,2,2,2,2,2
inference_data/milk10k/MILK10k_Training_Input/IL_3738052/ISIC_0644224.jpg,1,1,1,1,1
inference_data/milk10k/MILK10k_Training_Input/IL_3739398/ISIC_5936023.jpg,3,3,3,3,3
inference_data/milk10k/MILK10k_Training_Input/IL_3739398/ISIC_8501407.jpg,1,1,1,1,1
inference_data/milk10k/MILK10k_Training_Input/IL_3742316/ISIC_2443095.jpg,3,3,3,3,3
inference_data/milk10k/MILK10k_Training_Input/IL_3742316/ISIC_5595298.jpg,1,1,1,1,1
inference_data/milk10k/MILK10k_Training_Input/IL_3742523/ISIC_7992749.jpg,1,1,1,1,1
inference_data/milk10k/MILK10k_Training_Input/IL_3742523/ISIC_4710855.jpg,1,2,1,1,2
inference_data/milk10k/MILK10k_Training_Input/IL_3744094/ISIC_0254794.jpg,3,3,3,3,3
inference_data/milk10k/MILK10k_Training_Input/IL_3744094/ISIC_5070221.jpg,2,1,1,1,2
inference_data/milk10k/MILK10k_Training_Input/IL_3745397/ISIC_7894539.jpg,3,2,2,3,3
inference_data/milk10k/MILK10k_Training_Input/IL_3745397/ISIC_3217005.jpg,2,2,1,2,2
inference_data/milk10k/MILK10k_Training_Input/IL_3749738/ISIC_8483821.jpg,3,3,3,3,3
inference_data/milk10k/MILK10k_Training_Input/IL_3749738/ISIC_9713038.jpg,2,2,2,2,2
inference_data/milk10k/MILK10k_Training_Input/IL_3751516/ISIC_9451700.jpg,3,3,3,3,3
inference_data/milk10k/MILK10k_Training_Input/IL_3751516/ISIC_6919219.jpg,2,2,2,2,2
inference_data/milk10k/MILK10k_Training_Input/IL_3752602/ISIC_2288878.jpg,2,2,2,3,2
inference_data/milk10k/MILK10k_Training_Input/IL_3752602/ISIC_9316861.jpg,2,2,2,2,2
inference_data/milk10k/MILK10k_Training_Input/IL_3754821/ISIC_1958596.jpg,2,2,2,2,2
inference_data/milk10k/MILK10k_Training_Input/IL_3754821/ISIC_1136259.jpg,1,1,0,1,1
inference_data/milk10k/MILK10k_Training_Input/IL_3758218/ISIC_3945964.jpg,3,2,3,3,2
inference_data/milk10k/MILK10k_Training_Input/IL_3758218/ISIC_1901212.jpg,2,2,2,2,3
inference_data/milk10k/MILK10k_Training_Input/IL_3758712/ISIC_6278796.jpg,1,1,1,2,2
inference_data/milk10k/MILK10k_Training_Input/IL_3758712/ISIC_2441019.jpg,2,2,1,2,2
inference_data/milk10k/MILK10k_Training_Input/IL_3766346/ISIC_9998198.jpg,2,2,2,2,2
inference_data/milk10k/MILK10k_Training_Input/IL_3766346/ISIC_7603703.jpg,2,2,2,2,2
inference_data/milk10k/MILK10k_Training_Input/IL_3767743/ISIC_4347782.jpg,2,2,1,2,2
inference_data/milk10k/MILK10k_Training_Input/IL_3767743/ISIC_4325233.jpg,1,1,1,1,1
inference_data/milk10k/MILK10k_Training_Input/IL_3767915/ISIC_3305380.jpg,2,2,2,2,2
inference_data/milk10k/MILK10k_Training_Input/IL_3767915/ISIC_4049057.jpg,2,1,1,1,2
inference_data/milk10k/MILK10k_Training_Input/IL_3767932/ISIC_1012687.jpg,3,3,3,3,3
inference_data/milk10k/MILK10k_Training_Input/IL_3767932/ISIC_8972926.jpg,2,2,2,2,2
inference_data/milk10k/MILK10k_Training_Input/IL_3770255/ISIC_1240854.jpg,4,3,4,4,4
inference_data/milk10k/MILK10k_Training_Input/IL_3770255/ISIC_1538553.jpg,1,1,1,1,1
inference_data/milk10k/MILK10k_Training_Input/IL_3771556/ISIC_5798282.jpg,2,2,2,2,2
inference_data/milk10k/MILK10k_Training_Input/IL_3771556/ISIC_4022483.jpg,2,2,2,2,2
inference_data/milk10k/MILK10k_Training_Input/IL_3772010/ISIC_9426683.jpg,2,2,2,2,2
inference_data/milk10k/MILK10k_Training_Input/IL_3772010/ISIC_7194453.jpg,1,2,1,1,2
inference_data/milk10k/MILK10k_Training_Input/IL_3772647/ISIC_5671011.jpg,1,1,1,1,1
inference_data/milk10k/MILK10k_Training_Input/IL_3772647/ISIC_1028789.jpg,1,1,1,1,2
inference_data/milk10k/MILK10k_Training_Input/IL_3772690/ISIC_3277520.jpg,2,2,2,3,2
inference_data/milk10k/MILK10k_Training_Input/IL_3772690/ISIC_0725065.jpg,1,1,1,1,1
inference_data/milk10k/MILK10k_Training_Input/IL_3774804/ISIC_0261218.jpg,2,2,2,2,2
inference_data/milk10k/MILK10k_Training_Input/IL_3774804/ISIC_9026951.jpg,1,1,1,2,2
inference_data/milk10k/MILK10k_Training_Input/IL_3778802/ISIC_7250021.jpg,2,2,2,2,2
inference_data/milk10k/MILK10k_Training_Input/IL_3778802/ISIC_6973783.jpg,1,1,1,1,1
inference_data/milk10k/MILK10k_Training_Input/IL_3783944/ISIC_3644578.jpg,0,0,0,0,0
inference_data/milk10k/MILK10k_Training_Input/IL_3783944/ISIC_3678654.jpg,2,2,1,2,2
inference_data/milk10k/MILK10k_Training_Input/IL_3787537/ISIC_1710948.jpg,2,2,2,2,2
inference_data/milk10k/MILK10k_Training_Input/IL_3787537/ISIC_9987696.jpg,1,1,1,1,2
inference_data/milk10k/MILK10k_Training_Input/IL_3790645/ISIC_7005808.jpg,2,2,2,2,2
inference_data/milk10k/MILK10k_Training_Input/IL_3790645/ISIC_0540953.jpg,2,2,2,2,2
inference_data/milk10k/MILK10k_Training_Input/IL_3790994/ISIC_0382621.jpg,1,1,1,2,2
inference_data/milk10k/MILK10k_Training_Input/IL_3790994/ISIC_4668708.jpg,2,2,2,2,2
inference_data/milk10k/MILK10k_Training_Input/IL_3794416/ISIC_3356311.jpg,2,2,2,3,2
inference_data/milk10k/MILK10k_Training_Input/IL_3794416/ISIC_6775433.jpg,2,2,1,2,2
inference_data/milk10k/MILK10k_Training_Input/IL_3800728/ISIC_6564259.jpg,3,3,3,3,3
inference_data/milk10k/MILK10k_Training_Input/IL_3800728/ISIC_1830722.jpg,1,1,1,1,1
inference_data/milk10k/MILK10k_Training_Input/IL_3802643/ISIC_4675163.jpg,2,2,2,3,2
inference_data/milk10k/MILK10k_Training_Input/IL_3802643/ISIC_9265386.jpg,1,2,1,1,1
inference_data/milk10k/MILK10k_Training_Input/IL_3805769/ISIC_5648144.jpg,2,2,2,2,2
inference_data/milk10k/MILK10k_Training_Input/IL_3805769/ISIC_5077872.jpg,1,1,1,1,1
inference_data/milk10k/MILK10k_Training_Input/IL_3806100/ISIC_9045023.jpg,1,1,1,1,1
inference_data/milk10k/MILK10k_Training_Input/IL_3806100/ISIC_4735258.jpg,2,2,1,2,2
inference_data/milk10k/MILK10k_Training_Input/IL_3807651/ISIC_9596637.jpg,2,2,3,3,2
inference_data/milk10k/MILK10k_Training_Input/IL_3807651/ISIC_6875256.jpg,2,2,3,2,2
inference_data/milk10k/MILK10k_Training_Input/IL_3809267/ISIC_9059079.jpg,3,2,3,3,2
inference_data/milk10k/MILK10k_Training_Input/IL_3809267/ISIC_3197211.jpg,2,2,2,2,2
inference_data/milk10k/MILK10k_Training_Input/IL_3812776/ISIC_7882189.jpg,2,2,1,2,2
inference_data/milk10k/MILK10k_Training_Input/IL_3812776/ISIC_4291049.jpg,2,2,2,2,2
inference_data/milk10k/MILK10k_Training_Input/IL_3812964/ISIC_9850344.jpg,3,3,3,3,3
inference_data/milk10k/MILK10k_Training_Input/IL_3812964/ISIC_1472934.jpg,1,1,1,1,1
inference_data/milk10k/MILK10k_Training_Input/IL_3817473/ISIC_0595350.jpg,2,2,2,2,2
inference_data/milk10k/MILK10k_Training_Input/IL_3817473/ISIC_8690116.jpg,1,1,1,1,1
inference_data/milk10k/MILK10k_Training_Input/IL_3818681/ISIC_8672327.jpg,3,3,3,3,3
inference_data/milk10k/MILK10k_Training_Input/IL_3818681/ISIC_2031105.jpg,1,1,1,1,1
inference_data/milk10k/MILK10k_Training_Input/IL_3819461/ISIC_0661874.jpg,2,2,2,2,2
inference_data/milk10k/MILK10k_Training_Input/IL_3819461/ISIC_7997862.jpg,2,2,2,2,2
inference_data/milk10k/MILK10k_Training_Input/IL_3824346/ISIC_6174823.jpg,3,3,3,4,3
inference_data/milk10k/MILK10k_Training_Input/IL_3824346/ISIC_5050587.jpg,1,1,1,1,1
inference_data/milk10k/MILK10k_Training_Input/IL_3824420/ISIC_2839422.jpg,2,2,2,2,2
inference_data/milk10k/MILK10k_Training_Input/IL_3824420/ISIC_3515780.jpg,1,1,1,1,1
inference_data/milk10k/MILK10k_Training_Input/IL_3826900/ISIC_5737122.jpg,1,1,1,1,1
inference_data/milk10k/MILK10k_Training_Input/IL_3826900/ISIC_5638800.jpg,1,1,1,1,1
inference_data/milk10k/MILK10k_Training_Input/IL_3827955/ISIC_6952620.jpg,2,2,2,2,2
inference_data/milk10k/MILK10k_Training_Input/IL_3827955/ISIC_6590453.jpg,1,1,1,1,1
inference_data/milk10k/MILK10k_Training_Input/IL_3829109/ISIC_5084418.jpg,3,3,3,3,3
inference_data/milk10k/MILK10k_Training_Input/IL_3829109/ISIC_6583245.jpg,1,1,1,1,1
inference_data/milk10k/MILK10k_Training_Input/IL_3830097/ISIC_7200189.jpg,2,2,2,3,2
inference_data/milk10k/MILK10k_Training_Input/IL_3830097/ISIC_6435462.jpg,2,2,1,2,2
inference_data/milk10k/MILK10k_Training_Input/IL_3836010/ISIC_3853115.jpg,2,2,2,2,2
inference_data/milk10k/MILK10k_Training_Input/IL_3836010/ISIC_0971123.jpg,1,1,1,1,1
inference_data/milk10k/MILK10k_Training_Input/IL_3836672/ISIC_3977951.jpg,2,2,2,2,2
inference_data/milk10k/MILK10k_Training_Input/IL_3836672/ISIC_4482349.jpg,2,2,1,2,2
inference_data/milk10k/MILK10k_Training_Input/IL_3836754/ISIC_3589795.jpg,2,2,2,2,2
inference_data/milk10k/MILK10k_Training_Input/IL_3836754/ISIC_4596353.jpg,2,2,2,2,2
inference_data/milk10k/MILK10k_Training_Input/IL_3837835/ISIC_7368174.jpg,2,2,2,2,2
inference_data/milk10k/MILK10k_Training_Input/IL_3837835/ISIC_4101918.jpg,1,1,1,1,1
inference_data/milk10k/MILK10k_Training_Input/IL_3837894/ISIC_2273629.jpg,2,2,2,3,2
inference_data/milk10k/MILK10k_Training_Input/IL_3837894/ISIC_6735110.jpg,1,1,1,2,2
inference_data/milk10k/MILK10k_Training_Input/IL_3839366/ISIC_7819570.jpg,2,2,2,2,2
inference_data/milk10k/MILK10k_Training_Input/IL_3839366/ISIC_1746893.jpg,2,2,2,2,2
inference_data/milk10k/MILK10k_Training_Input/IL_3844100/ISIC_8254778.jpg,2,2,2,2,2
inference_data/milk10k/MILK10k_Training_Input/IL_3844100/ISIC_7994643.jpg,2,2,2,2,2
inference_data/milk10k/MILK10k_Training_Input/IL_3844274/ISIC_6671359.jpg,2,2,2,2,2
inference_data/milk10k/MILK10k_Training_Input/IL_3844274/ISIC_2410311.jpg,1,1,1,1,1
inference_data/milk10k/MILK10k_Training_Input/IL_3845206/ISIC_4590231.jpg,3,3,3,3,3
inference_data/milk10k/MILK10k_Training_Input/IL_3845206/ISIC_4120304.jpg,1,1,1,1,1
inference_data/milk10k/MILK10k_Training_Input/IL_3847585/ISIC_2626121.jpg,2,2,2,2,2
inference_data/milk10k/MILK10k_Training_Input/IL_3847585/ISIC_1739633.jpg,1,1,1,1,1
inference_data/milk10k/MILK10k_Training_Input/IL_3850759/ISIC_4549707.jpg,2,2,2,3,2
inference_data/milk10k/MILK10k_Training_Input/IL_3850759/ISIC_4608930.jpg,1,1,1,1,1
inference_data/milk10k/MILK10k_Training_Input/IL_3852140/ISIC_7161171.jpg,2,2,3,3,3
inference_data/milk10k/MILK10k_Training_Input/IL_3852140/ISIC_5092532.jpg,2,2,2,2,2
inference_data/milk10k/MILK10k_Training_Input/IL_3852871/ISIC_8997026.jpg,3,2,3,3,3
inference_data/milk10k/MILK10k_Training_Input/IL_3852871/ISIC_3861361.jpg,1,1,1,1,1
inference_data/milk10k/MILK10k_Training_Input/IL_3853188/ISIC_2221157.jpg,2,2,2,2,2
inference_data/milk10k/MILK10k_Training_Input/IL_3853188/ISIC_1962329.jpg,2,2,2,2,2
inference_data/milk10k/MILK10k_Training_Input/IL_3853343/ISIC_7140185.jpg,1,1,1,1,1
inference_data/milk10k/MILK10k_Training_Input/IL_3853343/ISIC_9685756.jpg,1,1,0,1,1
inference_data/milk10k/MILK10k_Training_Input/IL_3855783/ISIC_8597782.jpg,1,1,0,1,1
inference_data/milk10k/MILK10k_Training_Input/IL_3855783/ISIC_8096488.jpg,1,1,1,1,1
inference_data/milk10k/MILK10k_Training_Input/IL_3857258/ISIC_3596200.jpg,3,3,3,3,3
inference_data/milk10k/MILK10k_Training_Input/IL_3857258/ISIC_6705073.jpg,1,1,1,1,1
inference_data/milk10k/MILK10k_Training_Input/IL_3857855/ISIC_0846896.jpg,1,1,1,2,2
inference_data/milk10k/MILK10k_Training_Input/IL_3857855/ISIC_7174859.jpg,1,1,0,1,1
inference_data/milk10k/MILK10k_Training_Input/IL_3858300/ISIC_7173478.jpg,2,2,1,2,2
inference_data/milk10k/MILK10k_Training_Input/IL_3858300/ISIC_1541840.jpg,1,1,1,1,1
inference_data/milk10k/MILK10k_Training_Input/IL_3858708/ISIC_8687339.jpg,2,2,1,2,2
inference_data/milk10k/MILK10k_Training_Input/IL_3858708/ISIC_1115156.jpg,1,1,1,1,1
inference_data/milk10k/MILK10k_Training_Input/IL_3859147/ISIC_8869199.jpg,3,3,3,3,3
inference_data/milk10k/MILK10k_Training_Input/IL_3859147/ISIC_9639067.jpg,1,1,1,1,1
inference_data/milk10k/MILK10k_Training_Input/IL_3859587/ISIC_0237641.jpg,3,3,3,3,3
inference_data/milk10k/MILK10k_Training_Input/IL_3859587/ISIC_1070485.jpg,2,2,1,2,2
inference_data/milk10k/MILK10k_Training_Input/IL_3860000/ISIC_9892393.jpg,1,1,1,1,1
inference_data/milk10k/MILK10k_Training_Input/IL_3860000/ISIC_4380499.jpg,1,1,1,1,1
inference_data/milk10k/MILK10k_Training_Input/IL_3861295/ISIC_0428450.jpg,4,4,4,4,4
inference_data/milk10k/MILK10k_Training_Input/IL_3861295/ISIC_6043617.jpg,2,2,2,2,2
inference_data/milk10k/MILK10k_Training_Input/IL_3871649/ISIC_8247705.jpg,3,2,3,3,3
inference_data/milk10k/MILK10k_Training_Input/IL_3871649/ISIC_1441039.jpg,2,2,2,2,2
inference_data/milk10k/MILK10k_Training_Input/IL_3876591/ISIC_2235964.jpg,2,2,2,2,2
inference_data/milk10k/MILK10k_Training_Input/IL_3876591/ISIC_7370552.jpg,2,1,1,2,2
inference_data/milk10k/MILK10k_Training_Input/IL_3879916/ISIC_7319337.jpg,3,3,3,4,3
inference_data/milk10k/MILK10k_Training_Input/IL_3879916/ISIC_8120902.jpg,2,2,2,2,2
inference_data/milk10k/MILK10k_Training_Input/IL_3883867/ISIC_7834236.jpg,4,3,4,4,3
inference_data/milk10k/MILK10k_Training_Input/IL_3883867/ISIC_4927149.jpg,1,1,0,1,1
inference_data/milk10k/MILK10k_Training_Input/IL_3884267/ISIC_4475597.jpg,2,2,2,2,2
inference_data/milk10k/MILK10k_Training_Input/IL_3884267/ISIC_5993743.jpg,2,3,2,3,2
inference_data/milk10k/MILK10k_Training_Input/IL_3884750/ISIC_7533028.jpg,2,2,2,2,2
inference_data/milk10k/MILK10k_Training_Input/IL_3884750/ISIC_9426065.jpg,1,1,1,1,2
inference_data/milk10k/MILK10k_Training_Input/IL_3884905/ISIC_1700723.jpg,3,2,3,3,3
inference_data/milk10k/MILK10k_Training_Input/IL_3884905/ISIC_4315074.jpg,2,2,2,2,2
inference_data/milk10k/MILK10k_Training_Input/IL_3884933/ISIC_9073117.jpg,4,3,4,4,4
inference_data/milk10k/MILK10k_Training_Input/IL_3884933/ISIC_2914456.jpg,1,1,1,2,1
inference_data/milk10k/MILK10k_Training_Input/IL_3887392/ISIC_7607421.jpg,4,3,3,3,3
inference_data/milk10k/MILK10k_Training_Input/IL_3887392/ISIC_7169372.jpg,1,1,1,1,1
inference_data/milk10k/MILK10k_Training_Input/IL_3888766/ISIC_9848425.jpg,3,3,3,3,3
inference_data/milk10k/MILK10k_Training_Input/IL_3888766/ISIC_7752452.jpg,2,2,1,2,2
inference_data/milk10k/MILK10k_Training_Input/IL_3892342/ISIC_5208838.jpg,2,2,1,2,2
inference_data/milk10k/MILK10k_Training_Input/IL_3892342/ISIC_3420179.jpg,0,1,0,0,0
inference_data/milk10k/MILK10k_Training_Input/IL_3892399/ISIC_6984049.jpg,3,3,3,3,3
inference_data/milk10k/MILK10k_Training_Input/IL_3892399/ISIC_2175811.jpg,2,2,2,2,2
inference_data/milk10k/MILK10k_Training_Input/IL_3893799/ISIC_5343449.jpg,2,2,2,2,2
inference_data/milk10k/MILK10k_Training_Input/IL_3893799/ISIC_2093474.jpg,1,1,1,1,2
inference_data/milk10k/MILK10k_Training_Input/IL_3895392/ISIC_9636152.jpg,2,2,2,2,2
inference_data/milk10k/MILK10k_Training_Input/IL_3895392/ISIC_6467881.jpg,2,2,2,2,2
inference_data/milk10k/MILK10k_Training_Input/IL_3897948/ISIC_0103091.jpg,2,1,2,2,2
inference_data/milk10k/MILK10k_Training_Input/IL_3897948/ISIC_2146381.jpg,2,2,2,2,2
inference_data/milk10k/MILK10k_Training_Input/IL_3899436/ISIC_4026962.jpg,4,3,4,4,4
inference_data/milk10k/MILK10k_Training_Input/IL_3899436/ISIC_8793718.jpg,1,1,1,1,1
inference_data/milk10k/MILK10k_Training_Input/IL_3899977/ISIC_9666922.jpg,1,1,1,2,2
inference_data/milk10k/MILK10k_Training_Input/IL_3899977/ISIC_8839205.jpg,1,1,1,1,1
inference_data/milk10k/MILK10k_Training_Input/IL_3901946/ISIC_4466417.jpg,3,2,3,3,2
inference_data/milk10k/MILK10k_Training_Input/IL_3901946/ISIC_4959784.jpg,1,1,1,1,1
inference_data/milk10k/MILK10k_Training_Input/IL_3906452/ISIC_6824445.jpg,4,3,4,4,4
inference_data/milk10k/MILK10k_Training_Input/IL_3906452/ISIC_0553265.jpg,1,1,1,1,1
inference_data/milk10k/MILK10k_Training_Input/IL_3907466/ISIC_2001011.jpg,1,1,2,2,2
inference_data/milk10k/MILK10k_Training_Input/IL_3907466/ISIC_2205154.jpg,1,1,1,2,2
inference_data/milk10k/MILK10k_Training_Input/IL_3908552/ISIC_8070587.jpg,1,1,1,1,1
inference_data/milk10k/MILK10k_Training_Input/IL_3908552/ISIC_7394783.jpg,2,2,2,2,2
inference_data/milk10k/MILK10k_Training_Input/IL_3910210/ISIC_5238772.jpg,2,1,2,2,1
inference_data/milk10k/MILK10k_Training_Input/IL_3910210/ISIC_5981777.jpg,1,1,1,1,1
inference_data/milk10k/MILK10k_Training_Input/IL_3914396/ISIC_9173896.jpg,2,1,1,2,2
inference_data/milk10k/MILK10k_Training_Input/IL_3914396/ISIC_8068926.jpg,2,2,2,2,2
inference_data/milk10k/MILK10k_Training_Input/IL_3916438/ISIC_1345175.jpg,3,2,3,3,3
inference_data/milk10k/MILK10k_Training_Input/IL_3916438/ISIC_8723719.jpg,1,1,1,1,2
inference_data/milk10k/MILK10k_Training_Input/IL_3919255/ISIC_5043700.jpg,3,3,3,3,3
inference_data/milk10k/MILK10k_Training_Input/IL_3919255/ISIC_7735107.jpg,1,1,1,1,1
inference_data/milk10k/MILK10k_Training_Input/IL_3925497/ISIC_6820101.jpg,4,3,4,4,3
inference_data/milk10k/MILK10k_Training_Input/IL_3925497/ISIC_5745126.jpg,1,1,1,1,1
inference_data/milk10k/MILK10k_Training_Input/IL_3930642/ISIC_1932860.jpg,3,2,3,3,3
inference_data/milk10k/MILK10k_Training_Input/IL_3930642/ISIC_8938866.jpg,2,2,2,2,2
inference_data/milk10k/MILK10k_Training_Input/IL_3931647/ISIC_3485522.jpg,2,2,2,2,2
inference_data/milk10k/MILK10k_Training_Input/IL_3931647/ISIC_2022315.jpg,1,1,1,1,1
inference_data/milk10k/MILK10k_Training_Input/IL_3935951/ISIC_6175375.jpg,4,4,4,4,4
inference_data/milk10k/MILK10k_Training_Input/IL_3935951/ISIC_1544622.jpg,2,2,1,2,2
inference_data/milk10k/MILK10k_Training_Input/IL_3936044/ISIC_6376654.jpg,2,2,2,3,2
inference_data/milk10k/MILK10k_Training_Input/IL_3936044/ISIC_3217799.jpg,2,2,1,2,2
inference_data/milk10k/MILK10k_Training_Input/IL_3938261/ISIC_2846120.jpg,1,1,1,2,1
inference_data/milk10k/MILK10k_Training_Input/IL_3938261/ISIC_4157522.jpg,1,1,1,1,1
inference_data/milk10k/MILK10k_Training_Input/IL_3939188/ISIC_1255346.jpg,3,3,3,3,3
inference_data/milk10k/MILK10k_Training_Input/IL_3939188/ISIC_5084963.jpg,1,1,1,1,1
inference_data/milk10k/MILK10k_Training_Input/IL_3944714/ISIC_5372698.jpg,2,2,1,1,2
inference_data/milk10k/MILK10k_Training_Input/IL_3944714/ISIC_2744993.jpg,1,1,1,1,1
inference_data/milk10k/MILK10k_Training_Input/IL_3944877/ISIC_5345557.jpg,4,4,4,4,4
inference_data/milk10k/MILK10k_Training_Input/IL_3944877/ISIC_6252730.jpg,2,2,2,2,2
inference_data/milk10k/MILK10k_Training_Input/IL_3945386/ISIC_7964186.jpg,2,2,2,2,2
inference_data/milk10k/MILK10k_Training_Input/IL_3945386/ISIC_0722347.jpg,1,1,1,1,2
inference_data/milk10k/MILK10k_Training_Input/IL_3948113/ISIC_8458699.jpg,4,3,4,4,3
inference_data/milk10k/MILK10k_Training_Input/IL_3948113/ISIC_1909868.jpg,2,2,1,2,2
inference_data/milk10k/MILK10k_Training_Input/IL_3949779/ISIC_7553451.jpg,2,2,2,3,2
inference_data/milk10k/MILK10k_Training_Input/IL_3949779/ISIC_5569473.jpg,1,1,1,1,1
inference_data/milk10k/MILK10k_Training_Input/IL_3952993/ISIC_9989178.jpg,3,3,3,3,3
inference_data/milk10k/MILK10k_Training_Input/IL_3952993/ISIC_1335894.jpg,2,1,1,1,1
inference_data/milk10k/MILK10k_Training_Input/IL_3954142/ISIC_5192807.jpg,1,1,1,1,1
inference_data/milk10k/MILK10k_Training_Input/IL_3954142/ISIC_7436139.jpg,2,2,1,2,2
inference_data/milk10k/MILK10k_Training_Input/IL_3954286/ISIC_5513734.jpg,3,3,3,3,3
inference_data/milk10k/MILK10k_Training_Input/IL_3954286/ISIC_5698613.jpg,2,2,1,1,2
inference_data/milk10k/MILK10k_Training_Input/IL_3955700/ISIC_0510199.jpg,2,2,2,2,2
inference_data/milk10k/MILK10k_Training_Input/IL_3955700/ISIC_5460617.jpg,1,1,1,1,1
inference_data/milk10k/MILK10k_Training_Input/IL_3956488/ISIC_9899180.jpg,3,2,3,3,3
inference_data/milk10k/MILK10k_Training_Input/IL_3956488/ISIC_4869964.jpg,1,1,1,1,1
inference_data/milk10k/MILK10k_Training_Input/IL_3961621/ISIC_0198032.jpg,3,3,3,3,3
inference_data/milk10k/MILK10k_Training_Input/IL_3961621/ISIC_4562629.jpg,2,2,2,2,2
inference_data/milk10k/MILK10k_Training_Input/IL_3966322/ISIC_2948051.jpg,1,2,1,2,1
inference_data/milk10k/MILK10k_Training_Input/IL_3966322/ISIC_6070426.jpg,1,1,0,1,1
inference_data/milk10k/MILK10k_Training_Input/IL_3968008/ISIC_9297122.jpg,1,1,1,1,1
inference_data/milk10k/MILK10k_Training_Input/IL_3968008/ISIC_0972110.jpg,2,2,1,2,2
inference_data/milk10k/MILK10k_Training_Input/IL_3968220/ISIC_2239440.jpg,3,3,2,3,3
inference_data/milk10k/MILK10k_Training_Input/IL_3968220/ISIC_1362408.jpg,1,2,1,1,2
inference_data/milk10k/MILK10k_Training_Input/IL_3973375/ISIC_4775625.jpg,2,2,2,2,2
inference_data/milk10k/MILK10k_Training_Input/IL_3973375/ISIC_8976859.jpg,1,1,1,1,1
inference_data/milk10k/MILK10k_Training_Input/IL_3974873/ISIC_3447732.jpg,2,2,2,2,2
inference_data/milk10k/MILK10k_Training_Input/IL_3974873/ISIC_6765536.jpg,1,1,1,1,1
inference_data/milk10k/MILK10k_Training_Input/IL_3976395/ISIC_8495209.jpg,1,1,1,1,1
inference_data/milk10k/MILK10k_Training_Input/IL_3976395/ISIC_2231864.jpg,1,1,1,1,1
inference_data/milk10k/MILK10k_Training_Input/IL_3980813/ISIC_4439657.jpg,2,1,1,2,1
inference_data/milk10k/MILK10k_Training_Input/IL_3980813/ISIC_2521142.jpg,1,1,0,1,1
inference_data/milk10k/MILK10k_Training_Input/IL_3982236/ISIC_8133362.jpg,1,1,1,2,1
inference_data/milk10k/MILK10k_Training_Input/IL_3982236/ISIC_4113553.jpg,2,2,2,2,2
inference_data/milk10k/MILK10k_Training_Input/IL_3982685/ISIC_3694700.jpg,4,4,4,4,4
inference_data/milk10k/MILK10k_Training_Input/IL_3982685/ISIC_8662604.jpg,1,1,1,1,1
inference_data/milk10k/MILK10k_Training_Input/IL_3984106/ISIC_6563482.jpg,2,2,2,2,2
inference_data/milk10k/MILK10k_Training_Input/IL_3984106/ISIC_0829180.jpg,2,2,2,2,2
inference_data/milk10k/MILK10k_Training_Input/IL_3984556/ISIC_1123171.jpg,1,1,1,1,1
inference_data/milk10k/MILK10k_Training_Input/IL_3984556/ISIC_6899811.jpg,1,1,1,1,1
inference_data/milk10k/MILK10k_Training_Input/IL_3985289/ISIC_8746569.jpg,4,3,4,4,4
inference_data/milk10k/MILK10k_Training_Input/IL_3985289/ISIC_0495769.jpg,2,1,1,1,2
inference_data/milk10k/MILK10k_Training_Input/IL_3986859/ISIC_8933142.jpg,3,2,2,3,2
inference_data/milk10k/MILK10k_Training_Input/IL_3986859/ISIC_4489369.jpg,2,1,1,1,2
inference_data/milk10k/MILK10k_Training_Input/IL_3987209/ISIC_9177006.jpg,2,2,2,2,2
inference_data/milk10k/MILK10k_Training_Input/IL_3987209/ISIC_7312960.jpg,1,1,1,1,2
inference_data/milk10k/MILK10k_Training_Input/IL_3990858/ISIC_8649825.jpg,2,2,2,2,2
inference_data/milk10k/MILK10k_Training_Input/IL_3990858/ISIC_9474028.jpg,1,1,1,1,1
inference_data/milk10k/MILK10k_Training_Input/IL_3991500/ISIC_4524898.jpg,1,2,1,1,1
inference_data/milk10k/MILK10k_Training_Input/IL_3991500/ISIC_4785619.jpg,1,2,1,2,2
inference_data/milk10k/MILK10k_Training_Input/IL_3995124/ISIC_8768360.jpg,4,4,4,4,4
inference_data/milk10k/MILK10k_Training_Input/IL_3995124/ISIC_0718332.jpg,2,2,2,2,2
inference_data/milk10k/MILK10k_Training_Input/IL_3995559/ISIC_0167746.jpg,3,3,3,3,3
inference_data/milk10k/MILK10k_Training_Input/IL_3995559/ISIC_4141251.jpg,1,2,1,2,2
inference_data/milk10k/MILK10k_Training_Input/IL_3996209/ISIC_4129256.jpg,2,2,1,2,2
inference_data/milk10k/MILK10k_Training_Input/IL_3996209/ISIC_0467500.jpg,1,1,0,1,1
inference_data/milk10k/MILK10k_Training_Input/IL_3999656/ISIC_0824121.jpg,2,2,3,3,2
inference_data/milk10k/MILK10k_Training_Input/IL_3999656/ISIC_1323177.jpg,2,1,2,2,2
inference_data/milk10k/MILK10k_Training_Input/IL_4000063/ISIC_4486982.jpg,3,3,3,3,3
inference_data/milk10k/MILK10k_Training_Input/IL_4000063/ISIC_5903044.jpg,1,1,1,1,1
inference_data/milk10k/MILK10k_Training_Input/IL_4003805/ISIC_1191914.jpg,2,2,2,3,2
inference_data/milk10k/MILK10k_Training_Input/IL_4003805/ISIC_8973952.jpg,2,2,1,1,1
inference_data/milk10k/MILK10k_Training_Input/IL_4005542/ISIC_0614880.jpg,3,3,3,3,3
inference_data/milk10k/MILK10k_Training_Input/IL_4005542/ISIC_6227786.jpg,2,2,1,1,1
inference_data/milk10k/MILK10k_Training_Input/IL_4008032/ISIC_8845800.jpg,3,2,3,3,3
inference_data/milk10k/MILK10k_Training_Input/IL_4008032/ISIC_7460585.jpg,1,1,1,1,1
inference_data/milk10k/MILK10k_Training_Input/IL_4010567/ISIC_7652703.jpg,3,2,3,3,2
inference_data/milk10k/MILK10k_Training_Input/IL_4010567/ISIC_5777416.jpg,2,1,2,2,2
inference_data/milk10k/MILK10k_Training_Input/IL_4011591/ISIC_9590640.jpg,3,3,3,3,3
inference_data/milk10k/MILK10k_Training_Input/IL_4011591/ISIC_5685120.jpg,2,1,2,2,2
inference_data/milk10k/MILK10k_Training_Input/IL_4013404/ISIC_7572651.jpg,3,3,3,3,3
inference_data/milk10k/MILK10k_Training_Input/IL_4013404/ISIC_0908255.jpg,1,1,1,1,1
inference_data/milk10k/MILK10k_Training_Input/IL_4015357/ISIC_1058813.jpg,2,2,2,3,2
inference_data/milk10k/MILK10k_Training_Input/IL_4015357/ISIC_5962154.jpg,2,2,2,2,2
inference_data/milk10k/MILK10k_Training_Input/IL_4019349/ISIC_4009830.jpg,3,2,3,3,3
inference_data/milk10k/MILK10k_Training_Input/IL_4019349/ISIC_8285845.jpg,2,2,2,2,2
inference_data/milk10k/MILK10k_Training_Input/IL_4020626/ISIC_2188650.jpg,2,3,2,3,2
inference_data/milk10k/MILK10k_Training_Input/IL_4020626/ISIC_8056101.jpg,2,2,2,2,2
inference_data/milk10k/MILK10k_Training_Input/IL_4022270/ISIC_1904822.jpg,3,3,3,3,3
inference_data/milk10k/MILK10k_Training_Input/IL_4022270/ISIC_5627117.jpg,1,1,1,1,1
inference_data/milk10k/MILK10k_Training_Input/IL_4028485/ISIC_3044377.jpg,3,3,3,2,3
inference_data/milk10k/MILK10k_Training_Input/IL_4028485/ISIC_1994166.jpg,2,2,1,1,2
inference_data/milk10k/MILK10k_Training_Input/IL_4028945/ISIC_4919326.jpg,1,1,1,1,1
inference_data/milk10k/MILK10k_Training_Input/IL_4028945/ISIC_8805390.jpg,2,2,2,3,2
inference_data/milk10k/MILK10k_Training_Input/IL_4032285/ISIC_4943764.jpg,2,2,2,3,2
inference_data/milk10k/MILK10k_Training_Input/IL_4032285/ISIC_3202131.jpg,2,2,2,2,2
inference_data/milk10k/MILK10k_Training_Input/IL_4033991/ISIC_5030992.jpg,2,1,2,2,2
inference_data/milk10k/MILK10k_Training_Input/IL_4033991/ISIC_8698547.jpg,3,3,3,2,3
inference_data/milk10k/MILK10k_Training_Input/IL_4034237/ISIC_6131855.jpg,1,1,1,2,1
inference_data/milk10k/MILK10k_Training_Input/IL_4034237/ISIC_0387211.jpg,2,1,1,2,2
inference_data/milk10k/MILK10k_Training_Input/IL_4034865/ISIC_8350480.jpg,3,3,3,3,3
inference_data/milk10k/MILK10k_Training_Input/IL_4034865/ISIC_3477335.jpg,2,2,2,2,2
inference_data/milk10k/MILK10k_Training_Input/IL_4041847/ISIC_5186161.jpg,1,1,1,1,1
inference_data/milk10k/MILK10k_Training_Input/IL_4041847/ISIC_1529132.jpg,1,1,0,1,1
inference_data/milk10k/MILK10k_Training_Input/IL_4042622/ISIC_8374389.jpg,2,1,1,2,2
inference_data/milk10k/MILK10k_Training_Input/IL_4042622/ISIC_4265106.jpg,1,1,1,1,1
inference_data/milk10k/MILK10k_Training_Input/IL_4049256/ISIC_4412263.jpg,2,2,2,2,2
inference_data/milk10k/MILK10k_Training_Input/IL_4049256/ISIC_2470660.jpg,2,2,1,2,2
inference_data/milk10k/MILK10k_Training_Input/IL_4050441/ISIC_3729094.jpg,2,2,2,2,2
inference_data/milk10k/MILK10k_Training_Input/IL_4050441/ISIC_7087826.jpg,2,2,2,2,2
inference_data/milk10k/MILK10k_Training_Input/IL_4051895/ISIC_0746280.jpg,2,1,2,2,2
inference_data/milk10k/MILK10k_Training_Input/IL_4051895/ISIC_6400148.jpg,1,1,0,1,1
inference_data/milk10k/MILK10k_Training_Input/IL_4052441/ISIC_6405109.jpg,3,2,3,3,3
inference_data/milk10k/MILK10k_Training_Input/IL_4052441/ISIC_8098167.jpg,0,1,0,0,1
inference_data/milk10k/MILK10k_Training_Input/IL_4052730/ISIC_3334868.jpg,4,4,4,4,4
inference_data/milk10k/MILK10k_Training_Input/IL_4052730/ISIC_8897741.jpg,1,1,1,1,1
inference_data/milk10k/MILK10k_Training_Input/IL_4055680/ISIC_2621700.jpg,3,3,4,4,3
inference_data/milk10k/MILK10k_Training_Input/IL_4055680/ISIC_7562678.jpg,2,2,1,2,2
inference_data/milk10k/MILK10k_Training_Input/IL_4061153/ISIC_2322021.jpg,2,2,2,3,2
inference_data/milk10k/MILK10k_Training_Input/IL_4061153/ISIC_6338368.jpg,1,1,1,1,2
inference_data/milk10k/MILK10k_Training_Input/IL_4061949/ISIC_2794417.jpg,2,1,1,2,1
inference_data/milk10k/MILK10k_Training_Input/IL_4061949/ISIC_6887594.jpg,2,2,1,2,2
inference_data/milk10k/MILK10k_Training_Input/IL_4064310/ISIC_5984979.jpg,2,2,2,2,2
inference_data/milk10k/MILK10k_Training_Input/IL_4064310/ISIC_4381433.jpg,1,1,1,1,1
inference_data/milk10k/MILK10k_Training_Input/IL_4064393/ISIC_5149156.jpg,2,2,2,2,2
inference_data/milk10k/MILK10k_Training_Input/IL_4064393/ISIC_5801703.jpg,2,2,2,2,2
inference_data/milk10k/MILK10k_Training_Input/IL_4064618/ISIC_0346032.jpg,2,2,1,2,2
inference_data/milk10k/MILK10k_Training_Input/IL_4064618/ISIC_8350851.jpg,2,2,2,2,2
inference_data/milk10k/MILK10k_Training_Input/IL_4066034/ISIC_6746536.jpg,2,2,2,2,2
inference_data/milk10k/MILK10k_Training_Input/IL_4066034/ISIC_7986295.jpg,3,3,3,3,3
inference_data/milk10k/MILK10k_Training_Input/IL_4067349/ISIC_4181298.jpg,2,2,2,3,2
inference_data/milk10k/MILK10k_Training_Input/IL_4067349/ISIC_6089148.jpg,2,2,2,2,2
inference_data/milk10k/MILK10k_Training_Input/IL_4068514/ISIC_1741885.jpg,2,2,2,2,2
inference_data/milk10k/MILK10k_Training_Input/IL_4068514/ISIC_5360213.jpg,2,2,2,2,2
inference_data/milk10k/MILK10k_Training_Input/IL_4072310/ISIC_6992532.jpg,2,2,2,2,2
inference_data/milk10k/MILK10k_Training_Input/IL_4072310/ISIC_2804242.jpg,1,1,1,1,1
inference_data/milk10k/MILK10k_Training_Input/IL_4073740/ISIC_9818689.jpg,3,3,3,3,3
inference_data/milk10k/MILK10k_Training_Input/IL_4073740/ISIC_6234798.jpg,1,1,1,1,1
inference_data/milk10k/MILK10k_Training_Input/IL_4075646/ISIC_0801041.jpg,2,2,2,2,2
inference_data/milk10k/MILK10k_Training_Input/IL_4075646/ISIC_0268984.jpg,1,1,1,1,1
inference_data/milk10k/MILK10k_Training_Input/IL_4079886/ISIC_8268102.jpg,2,2,1,2,2
inference_data/milk10k/MILK10k_Training_Input/IL_4079886/ISIC_9944257.jpg,1,1,1,1,1
inference_data/milk10k/MILK10k_Training_Input/IL_4083881/ISIC_5177404.jpg,3,3,3,3,3
inference_data/milk10k/MILK10k_Training_Input/IL_4083881/ISIC_0601665.jpg,2,2,3,3,3
inference_data/milk10k/MILK10k_Training_Input/IL_4084018/ISIC_1441135.jpg,2,2,2,2,2
inference_data/milk10k/MILK10k_Training_Input/IL_4084018/ISIC_8577597.jpg,1,1,1,1,1
inference_data/milk10k/MILK10k_Training_Input/IL_4088084/ISIC_7056997.jpg,2,2,2,3,2
inference_data/milk10k/MILK10k_Training_Input/IL_4088084/ISIC_7946501.jpg,3,3,2,3,3
inference_data/milk10k/MILK10k_Training_Input/IL_4088616/ISIC_2044054.jpg,2,2,2,2,2
inference_data/milk10k/MILK10k_Training_Input/IL_4088616/ISIC_1241916.jpg,2,2,2,2,2
inference_data/milk10k/MILK10k_Training_Input/IL_4093493/ISIC_3466390.jpg,3,2,2,3,2
inference_data/milk10k/MILK10k_Training_Input/IL_4093493/ISIC_5748062.jpg,1,1,1,1,1
inference_data/milk10k/MILK10k_Training_Input/IL_4094223/ISIC_0187127.jpg,2,2,1,2,2
inference_data/milk10k/MILK10k_Training_Input/IL_4094223/ISIC_4275458.jpg,2,2,2,2,2
inference_data/milk10k/MILK10k_Training_Input/IL_4095279/ISIC_5689234.jpg,3,2,3,3,3
inference_data/milk10k/MILK10k_Training_Input/IL_4095279/ISIC_7527742.jpg,2,2,1,1,2
inference_data/milk10k/MILK10k_Training_Input/IL_4096738/ISIC_2446922.jpg,2,2,2,2,2
inference_data/milk10k/MILK10k_Training_Input/IL_4096738/ISIC_6874373.jpg,1,1,1,1,1
inference_data/milk10k/MILK10k_Training_Input/IL_4099426/ISIC_6703068.jpg,3,2,3,3,3
inference_data/milk10k/MILK10k_Training_Input/IL_4099426/ISIC_0097302.jpg,2,2,2,2,2
inference_data/milk10k/MILK10k_Training_Input/IL_4100089/ISIC_9551475.jpg,2,1,1,2,1
inference_data/milk10k/MILK10k_Training_Input/IL_4100089/ISIC_2621421.jpg,1,1,1,1,1
inference_data/milk10k/MILK10k_Training_Input/IL_4103128/ISIC_6687699.jpg,2,2,2,2,2
inference_data/milk10k/MILK10k_Training_Input/IL_4103128/ISIC_4224743.jpg,1,1,1,1,2
inference_data/milk10k/MILK10k_Training_Input/IL_4104039/ISIC_1000386.jpg,3,3,2,3,3
inference_data/milk10k/MILK10k_Training_Input/IL_4104039/ISIC_0738371.jpg,1,1,1,1,1
inference_data/milk10k/MILK10k_Training_Input/IL_4106945/ISIC_8381434.jpg,1,1,1,2,1
inference_data/milk10k/MILK10k_Training_Input/IL_4106945/ISIC_3734095.jpg,1,1,1,1,1
inference_data/milk10k/MILK10k_Training_Input/IL_4107565/ISIC_8644033.jpg,2,2,2,3,2
inference_data/milk10k/MILK10k_Training_Input/IL_4107565/ISIC_1701968.jpg,2,2,2,2,2
inference_data/milk10k/MILK10k_Training_Input/IL_4108143/ISIC_3613098.jpg,3,2,3,3,3
inference_data/milk10k/MILK10k_Training_Input/IL_4108143/ISIC_5315833.jpg,2,2,1,2,2
inference_data/milk10k/MILK10k_Training_Input/IL_4109255/ISIC_2368224.jpg,2,2,2,2,2
inference_data/milk10k/MILK10k_Training_Input/IL_4109255/ISIC_5209351.jpg,2,2,2,2,2
inference_data/milk10k/MILK10k_Training_Input/IL_4115404/ISIC_3818502.jpg,2,2,2,2,2
inference_data/milk10k/MILK10k_Training_Input/IL_4115404/ISIC_0078190.jpg,2,1,1,2,2
inference_data/milk10k/MILK10k_Training_Input/IL_4116292/ISIC_4294236.jpg,3,2,3,3,3
inference_data/milk10k/MILK10k_Training_Input/IL_4116292/ISIC_8345526.jpg,2,1,2,2,2
inference_data/milk10k/MILK10k_Training_Input/IL_4122724/ISIC_0393927.jpg,2,2,2,2,2
inference_data/milk10k/MILK10k_Training_Input/IL_4122724/ISIC_7541402.jpg,1,1,1,1,1
inference_data/milk10k/MILK10k_Training_Input/IL_4123354/ISIC_0975720.jpg,3,3,3,3,3
inference_data/milk10k/MILK10k_Training_Input/IL_4123354/ISIC_5148533.jpg,3,3,3,3,3
inference_data/milk10k/MILK10k_Training_Input/IL_4124169/ISIC_0879335.jpg,3,2,3,3,2
inference_data/milk10k/MILK10k_Training_Input/IL_4124169/ISIC_9900723.jpg,2,2,1,2,2
inference_data/milk10k/MILK10k_Training_Input/IL_4124357/ISIC_8160849.jpg,1,1,1,1,1
inference_data/milk10k/MILK10k_Training_Input/IL_4124357/ISIC_2328093.jpg,2,2,1,2,2
inference_data/milk10k/MILK10k_Training_Input/IL_4125524/ISIC_4119708.jpg,2,2,2,2,2
inference_data/milk10k/MILK10k_Training_Input/IL_4125524/ISIC_8942026.jpg,1,1,1,1,1
inference_data/milk10k/MILK10k_Training_Input/IL_4125951/ISIC_6926304.jpg,1,1,1,1,1
inference_data/milk10k/MILK10k_Training_Input/IL_4125951/ISIC_7414517.jpg,1,1,1,2,2
inference_data/milk10k/MILK10k_Training_Input/IL_4126361/ISIC_2163581.jpg,3,2,3,3,3
inference_data/milk10k/MILK10k_Training_Input/IL_4126361/ISIC_8922165.jpg,3,3,3,3,3
inference_data/milk10k/MILK10k_Training_Input/IL_4126590/ISIC_5906534.jpg,2,2,2,2,2
inference_data/milk10k/MILK10k_Training_Input/IL_4126590/ISIC_5874846.jpg,2,1,1,2,2
inference_data/milk10k/MILK10k_Training_Input/IL_4128851/ISIC_8016561.jpg,3,2,2,3,2
inference_data/milk10k/MILK10k_Training_Input/IL_4128851/ISIC_6475371.jpg,1,1,1,1,2
inference_data/milk10k/MILK10k_Training_Input/IL_4129190/ISIC_7808009.jpg,2,2,2,2,2
inference_data/milk10k/MILK10k_Training_Input/IL_4129190/ISIC_1435896.jpg,1,1,1,1,1
inference_data/milk10k/MILK10k_Training_Input/IL_4130663/ISIC_4257621.jpg,3,3,3,3,3
inference_data/milk10k/MILK10k_Training_Input/IL_4130663/ISIC_3836165.jpg,1,1,1,2,2
inference_data/milk10k/MILK10k_Training_Input/IL_4130866/ISIC_9239028.jpg,3,3,3,3,2
inference_data/milk10k/MILK10k_Training_Input/IL_4130866/ISIC_9247586.jpg,2,2,2,2,2
inference_data/milk10k/MILK10k_Training_Input/IL_4131392/ISIC_2944503.jpg,3,3,4,4,3
inference_data/milk10k/MILK10k_Training_Input/IL_4131392/ISIC_8701104.jpg,2,2,2,2,2
inference_data/milk10k/MILK10k_Training_Input/IL_4131628/ISIC_3617005.jpg,4,4,4,4,4
inference_data/milk10k/MILK10k_Training_Input/IL_4131628/ISIC_4954192.jpg,2,2,2,2,2
inference_data/milk10k/MILK10k_Training_Input/IL_4132479/ISIC_9151156.jpg,2,2,2,3,2
inference_data/milk10k/MILK10k_Training_Input/IL_4132479/ISIC_4428176.jpg,2,2,2,2,2
inference_data/milk10k/MILK10k_Training_Input/IL_4132996/ISIC_1738259.jpg,3,3,3,3,3
inference_data/milk10k/MILK10k_Training_Input/IL_4132996/ISIC_3950514.jpg,3,3,3,2,3
inference_data/milk10k/MILK10k_Training_Input/IL_4133123/ISIC_8024502.jpg,2,2,2,2,2
inference_data/milk10k/MILK10k_Training_Input/IL_4133123/ISIC_0479656.jpg,1,1,1,1,1
inference_data/milk10k/MILK10k_Training_Input/IL_4135081/ISIC_6047038.jpg,3,3,3,3,3
inference_data/milk10k/MILK10k_Training_Input/IL_4135081/ISIC_5430362.jpg,2,2,2,2,2
inference_data/milk10k/MILK10k_Training_Input/IL_4137661/ISIC_5962509.jpg,2,2,2,3,2
inference_data/milk10k/MILK10k_Training_Input/IL_4137661/ISIC_3760355.jpg,2,2,2,2,2
inference_data/milk10k/MILK10k_Training_Input/IL_4143082/ISIC_5756622.jpg,3,2,2,3,2
inference_data/milk10k/MILK10k_Training_Input/IL_4143082/ISIC_9661422.jpg,2,2,1,2,2
inference_data/milk10k/MILK10k_Training_Input/IL_4147641/ISIC_0485633.jpg,1,1,1,2,1
inference_data/milk10k/MILK10k_Training_Input/IL_4147641/ISIC_4066771.jpg,2,2,2,2,2
inference_data/milk10k/MILK10k_Training_Input/IL_4149051/ISIC_1063241.jpg,2,2,2,2,2
inference_data/milk10k/MILK10k_Training_Input/IL_4149051/ISIC_3088033.jpg,1,1,1,1,1
inference_data/milk10k/MILK10k_Training_Input/IL_4149109/ISIC_1395572.jpg,2,1,2,2,2
inference_data/milk10k/MILK10k_Training_Input/IL_4149109/ISIC_3754933.jpg,2,2,1,2,2
inference_data/milk10k/MILK10k_Training_Input/IL_4149493/ISIC_3361791.jpg,2,3,2,3,2
inference_data/milk10k/MILK10k_Training_Input/IL_4149493/ISIC_8943375.jpg,1,1,1,1,1
inference_data/milk10k/MILK10k_Training_Input/IL_4150500/ISIC_0225656.jpg,2,2,2,3,2
inference_data/milk10k/MILK10k_Training_Input/IL_4150500/ISIC_0852575.jpg,2,1,2,2,2
inference_data/milk10k/MILK10k_Training_Input/IL_4153539/ISIC_0231625.jpg,3,2,3,3,2
inference_data/milk10k/MILK10k_Training_Input/IL_4153539/ISIC_8846554.jpg,2,1,2,2,2
inference_data/milk10k/MILK10k_Training_Input/IL_4155975/ISIC_4771926.jpg,2,1,1,2,2
inference_data/milk10k/MILK10k_Training_Input/IL_4155975/ISIC_1718501.jpg,1,1,1,1,1
inference_data/milk10k/MILK10k_Training_Input/IL_4156451/ISIC_5233869.jpg,2,2,3,3,2
inference_data/milk10k/MILK10k_Training_Input/IL_4156451/ISIC_9227362.jpg,1,1,1,1,2
inference_data/milk10k/MILK10k_Training_Input/IL_4157363/ISIC_9176060.jpg,2,1,2,2,2
inference_data/milk10k/MILK10k_Training_Input/IL_4157363/ISIC_3531459.jpg,1,1,1,1,2
inference_data/milk10k/MILK10k_Training_Input/IL_4160541/ISIC_5294669.jpg,3,2,3,3,2
inference_data/milk10k/MILK10k_Training_Input/IL_4160541/ISIC_5930303.jpg,2,2,2,2,2
inference_data/milk10k/MILK10k_Training_Input/IL_4163888/ISIC_5709229.jpg,2,2,2,3,2
inference_data/milk10k/MILK10k_Training_Input/IL_4163888/ISIC_5049585.jpg,1,1,1,1,1
inference_data/milk10k/MILK10k_Training_Input/IL_4164624/ISIC_5626843.jpg,2,2,2,2,2
inference_data/milk10k/MILK10k_Training_Input/IL_4164624/ISIC_1156729.jpg,2,2,2,2,2
inference_data/milk10k/MILK10k_Training_Input/IL_4174336/ISIC_6827856.jpg,3,2,3,3,2
inference_data/milk10k/MILK10k_Training_Input/IL_4174336/ISIC_1062335.jpg,2,2,2,2,2
inference_data/milk10k/MILK10k_Training_Input/IL_4175034/ISIC_0994154.jpg,2,2,2,2,2
inference_data/milk10k/MILK10k_Training_Input/IL_4175034/ISIC_9501706.jpg,1,1,1,1,1
inference_data/milk10k/MILK10k_Training_Input/IL_4175497/ISIC_5006126.jpg,4,4,4,4,4
inference_data/milk10k/MILK10k_Training_Input/IL_4175497/ISIC_7803268.jpg,2,2,2,2,2
inference_data/milk10k/MILK10k_Training_Input/IL_4176966/ISIC_5542359.jpg,3,2,3,3,3
inference_data/milk10k/MILK10k_Training_Input/IL_4176966/ISIC_2996665.jpg,2,1,2,2,2
inference_data/milk10k/MILK10k_Training_Input/IL_4177126/ISIC_5432141.jpg,2,2,1,2,2
inference_data/milk10k/MILK10k_Training_Input/IL_4177126/ISIC_7737513.jpg,2,2,2,2,2
inference_data/milk10k/MILK10k_Training_Input/IL_4177354/ISIC_4689083.jpg,3,3,3,3,3
inference_data/milk10k/MILK10k_Training_Input/IL_4177354/ISIC_1370640.jpg,1,1,1,1,1
inference_data/milk10k/MILK10k_Training_Input/IL_4179899/ISIC_9430710.jpg,2,2,2,2,2
inference_data/milk10k/MILK10k_Training_Input/IL_4179899/ISIC_6428132.jpg,1,1,1,1,1
inference_data/milk10k/MILK10k_Training_Input/IL_4180169/ISIC_2015391.jpg,4,3,4,4,4
inference_data/milk10k/MILK10k_Training_Input/IL_4180169/ISIC_6601126.jpg,2,2,2,2,2
inference_data/milk10k/MILK10k_Training_Input/IL_4180707/ISIC_8171211.jpg,2,2,2,2,2
inference_data/milk10k/MILK10k_Training_Input/IL_4180707/ISIC_9403836.jpg,2,2,1,2,2
inference_data/milk10k/MILK10k_Training_Input/IL_4182529/ISIC_6752467.jpg,2,2,2,2,2
inference_data/milk10k/MILK10k_Training_Input/IL_4182529/ISIC_1350578.jpg,1,1,1,1,1
inference_data/milk10k/MILK10k_Training_Input/IL_4182548/ISIC_7605177.jpg,3,2,3,3,2
inference_data/milk10k/MILK10k_Training_Input/IL_4182548/ISIC_5280874.jpg,2,2,2,2,2
inference_data/milk10k/MILK10k_Training_Input/IL_4185194/ISIC_9596244.jpg,2,2,2,2,2
inference_data/milk10k/MILK10k_Training_Input/IL_4185194/ISIC_2496140.jpg,1,1,1,1,1
inference_data/milk10k/MILK10k_Training_Input/IL_4185441/ISIC_4123254.jpg,3,2,2,2,2
inference_data/milk10k/MILK10k_Training_Input/IL_4185441/ISIC_6467453.jpg,2,2,2,2,2
inference_data/milk10k/MILK10k_Training_Input/IL_4186623/ISIC_1589705.jpg,2,2,2,3,2
inference_data/milk10k/MILK10k_Training_Input/IL_4186623/ISIC_1775540.jpg,1,2,1,1,2
inference_data/milk10k/MILK10k_Training_Input/IL_4186726/ISIC_1476780.jpg,4,3,4,4,4
inference_data/milk10k/MILK10k_Training_Input/IL_4186726/ISIC_3727735.jpg,1,1,1,1,1
inference_data/milk10k/MILK10k_Training_Input/IL_4186953/ISIC_9301982.jpg,2,2,2,2,2
inference_data/milk10k/MILK10k_Training_Input/IL_4186953/ISIC_1465068.jpg,2,2,2,2,2
inference_data/milk10k/MILK10k_Training_Input/IL_4188654/ISIC_1895300.jpg,3,3,3,3,3
inference_data/milk10k/MILK10k_Training_Input/IL_4188654/ISIC_4034626.jpg,2,2,1,2,2
inference_data/milk10k/MILK10k_Training_Input/IL_4190989/ISIC_8748525.jpg,2,2,2,2,2
inference_data/milk10k/MILK10k_Training_Input/IL_4190989/ISIC_6714325.jpg,2,2,2,2,2
inference_data/milk10k/MILK10k_Training_Input/IL_4194346/ISIC_2057570.jpg,2,2,2,2,2
inference_data/milk10k/MILK10k_Training_Input/IL_4194346/ISIC_9886748.jpg,2,2,2,2,2
inference_data/milk10k/MILK10k_Training_Input/IL_4196586/ISIC_3190111.jpg,2,2,2,2,2
inference_data/milk10k/MILK10k_Training_Input/IL_4196586/ISIC_2467349.jpg,2,2,2,2,2
inference_data/milk10k/MILK10k_Training_Input/IL_4203515/ISIC_5097119.jpg,2,2,2,2,2
inference_data/milk10k/MILK10k_Training_Input/IL_4203515/ISIC_2668675.jpg,2,2,2,2,2
inference_data/milk10k/MILK10k_Training_Input/IL_4203522/ISIC_3290113.jpg,2,2,2,2,2
inference_data/milk10k/MILK10k_Training_Input/IL_4203522/ISIC_4649816.jpg,1,1,1,1,1
inference_data/milk10k/MILK10k_Training_Input/IL_4206745/ISIC_9873782.jpg,2,2,2,2,2
inference_data/milk10k/MILK10k_Training_Input/IL_4206745/ISIC_6863904.jpg,2,1,1,1,2
inference_data/milk10k/MILK10k_Training_Input/IL_4209948/ISIC_4932799.jpg,3,3,3,3,3
inference_data/milk10k/MILK10k_Training_Input/IL_4209948/ISIC_4738070.jpg,3,3,3,3,3
inference_data/milk10k/MILK10k_Training_Input/IL_4212984/ISIC_9524858.jpg,1,2,1,1,1
inference_data/milk10k/MILK10k_Training_Input/IL_4212984/ISIC_3349058.jpg,1,2,1,1,1
inference_data/milk10k/MILK10k_Training_Input/IL_4213218/ISIC_4526994.jpg,4,3,4,4,3
inference_data/milk10k/MILK10k_Training_Input/IL_4213218/ISIC_3913255.jpg,2,2,2,2,2
inference_data/milk10k/MILK10k_Training_Input/IL_4217663/ISIC_5892391.jpg,1,1,1,1,1
inference_data/milk10k/MILK10k_Training_Input/IL_4217663/ISIC_6335386.jpg,3,3,3,2,3
inference_data/milk10k/MILK10k_Training_Input/IL_4220854/ISIC_2668215.jpg,3,2,3,3,2
inference_data/milk10k/MILK10k_Training_Input/IL_4220854/ISIC_0571049.jpg,3,2,3,3,3
inference_data/milk10k/MILK10k_Training_Input/IL_4225640/ISIC_8195300.jpg,2,2,2,2,2
inference_data/milk10k/MILK10k_Training_Input/IL_4225640/ISIC_7486855.jpg,2,1,2,2,2
inference_data/milk10k/MILK10k_Training_Input/IL_4233206/ISIC_4840771.jpg,2,1,1,2,2
inference_data/milk10k/MILK10k_Training_Input/IL_4233206/ISIC_7805735.jpg,2,2,2,2,2
inference_data/milk10k/MILK10k_Training_Input/IL_4240733/ISIC_5291256.jpg,3,3,3,3,3
inference_data/milk10k/MILK10k_Training_Input/IL_4240733/ISIC_2561690.jpg,2,2,2,2,2
inference_data/milk10k/MILK10k_Training_Input/IL_4241056/ISIC_7493930.jpg,3,2,3,3,2
inference_data/milk10k/MILK10k_Training_Input/IL_4241056/ISIC_8517056.jpg,1,1,1,1,1
inference_data/milk10k/MILK10k_Training_Input/IL_4242651/ISIC_7872925.jpg,3,3,3,3,3
inference_data/milk10k/MILK10k_Training_Input/IL_4242651/ISIC_1110722.jpg,2,2,1,2,2
inference_data/milk10k/MILK10k_Training_Input/IL_4245376/ISIC_2968300.jpg,4,3,4,4,4
inference_data/milk10k/MILK10k_Training_Input/IL_4245376/ISIC_5311382.jpg,1,1,1,1,1
inference_data/milk10k/MILK10k_Training_Input/IL_4246479/ISIC_0858765.jpg,2,2,2,2,2
inference_data/milk10k/MILK10k_Training_Input/IL_4246479/ISIC_0461566.jpg,2,1,1,1,2
inference_data/milk10k/MILK10k_Training_Input/IL_4250777/ISIC_2705888.jpg,2,2,2,3,2
inference_data/milk10k/MILK10k_Training_Input/IL_4250777/ISIC_0155053.jpg,2,1,1,1,2
inference_data/milk10k/MILK10k_Training_Input/IL_4255288/ISIC_2338396.jpg,3,2,3,3,2
inference_data/milk10k/MILK10k_Training_Input/IL_4255288/ISIC_7817884.jpg,1,1,1,1,1
inference_data/milk10k/MILK10k_Training_Input/IL_4258234/ISIC_1997944.jpg,3,3,3,3,3
inference_data/milk10k/MILK10k_Training_Input/IL_4258234/ISIC_2372269.jpg,1,1,1,1,1
inference_data/milk10k/MILK10k_Training_Input/IL_4258964/ISIC_1552944.jpg,2,2,2,2,2
inference_data/milk10k/MILK10k_Training_Input/IL_4258964/ISIC_0368345.jpg,1,1,0,1,1
inference_data/milk10k/MILK10k_Training_Input/IL_4259572/ISIC_3305736.jpg,4,3,4,4,3
inference_data/milk10k/MILK10k_Training_Input/IL_4259572/ISIC_9597858.jpg,2,2,2,2,2
inference_data/milk10k/MILK10k_Training_Input/IL_4260249/ISIC_2455816.jpg,2,2,2,2,2
inference_data/milk10k/MILK10k_Training_Input/IL_4260249/ISIC_5243282.jpg,1,1,1,1,1
inference_data/milk10k/MILK10k_Training_Input/IL_4262714/ISIC_0783971.jpg,2,2,2,2,2
inference_data/milk10k/MILK10k_Training_Input/IL_4262714/ISIC_8584528.jpg,1,1,1,1,1
inference_data/milk10k/MILK10k_Training_Input/IL_4262969/ISIC_6674353.jpg,2,2,2,2,2
inference_data/milk10k/MILK10k_Training_Input/IL_4262969/ISIC_1260636.jpg,1,1,1,1,1
inference_data/milk10k/MILK10k_Training_Input/IL_4263582/ISIC_3148432.jpg,2,2,2,2,2
inference_data/milk10k/MILK10k_Training_Input/IL_4263582/ISIC_9861310.jpg,1,1,1,2,2
inference_data/milk10k/MILK10k_Training_Input/IL_4268143/ISIC_6844081.jpg,2,2,3,3,2
inference_data/milk10k/MILK10k_Training_Input/IL_4268143/ISIC_4886295.jpg,1,1,1,1,1
inference_data/milk10k/MILK10k_Training_Input/IL_4269684/ISIC_1791571.jpg,1,1,1,1,1
inference_data/milk10k/MILK10k_Training_Input/IL_4269684/ISIC_1408694.jpg,2,2,1,2,2
inference_data/milk10k/MILK10k_Training_Input/IL_4270354/ISIC_9383853.jpg,3,2,3,3,2
inference_data/milk10k/MILK10k_Training_Input/IL_4270354/ISIC_5873094.jpg,1,1,1,1,2
inference_data/milk10k/MILK10k_Training_Input/IL_4279483/ISIC_9056629.jpg,2,2,2,2,2
inference_data/milk10k/MILK10k_Training_Input/IL_4279483/ISIC_6271290.jpg,1,1,1,1,1
inference_data/milk10k/MILK10k_Training_Input/IL_4282136/ISIC_7267324.jpg,2,2,3,3,3
inference_data/milk10k/MILK10k_Training_Input/IL_4282136/ISIC_6440668.jpg,1,2,1,1,1
inference_data/milk10k/MILK10k_Training_Input/IL_4282772/ISIC_6023488.jpg,3,2,3,3,2
inference_data/milk10k/MILK10k_Training_Input/IL_4282772/ISIC_9227283.jpg,1,1,1,1,1
inference_data/milk10k/MILK10k_Training_Input/IL_4284690/ISIC_6523987.jpg,3,2,3,3,3
inference_data/milk10k/MILK10k_Training_Input/IL_4284690/ISIC_2193524.jpg,3,2,3,3,3
inference_data/milk10k/MILK10k_Training_Input/IL_4287532/ISIC_8448143.jpg,2,2,2,3,2
inference_data/milk10k/MILK10k_Training_Input/IL_4287532/ISIC_1111291.jpg,1,1,1,1,2
inference_data/milk10k/MILK10k_Training_Input/IL_4287867/ISIC_7765407.jpg,3,2,3,3,2
inference_data/milk10k/MILK10k_Training_Input/IL_4287867/ISIC_7726794.jpg,1,2,1,2,2
inference_data/milk10k/MILK10k_Training_Input/IL_4290586/ISIC_6782350.jpg,2,2,2,3,2
inference_data/milk10k/MILK10k_Training_Input/IL_4290586/ISIC_1266614.jpg,1,1,1,2,2
inference_data/milk10k/MILK10k_Training_Input/IL_4294733/ISIC_6181707.jpg,3,2,3,3,2
inference_data/milk10k/MILK10k_Training_Input/IL_4294733/ISIC_4957526.jpg,2,1,1,1,1
inference_data/milk10k/MILK10k_Training_Input/IL_4298080/ISIC_8833451.jpg,2,1,1,1,1
inference_data/milk10k/MILK10k_Training_Input/IL_4298080/ISIC_9579576.jpg,1,1,1,1,1
inference_data/milk10k/MILK10k_Training_Input/IL_4299606/ISIC_5885112.jpg,3,3,3,3,3
inference_data/milk10k/MILK10k_Training_Input/IL_4299606/ISIC_6558065.jpg,1,1,1,1,1
inference_data/milk10k/MILK10k_Training_Input/IL_4305250/ISIC_3336579.jpg,3,3,3,3,3
inference_data/milk10k/MILK10k_Training_Input/IL_4305250/ISIC_4983165.jpg,2,2,2,2,2
inference_data/milk10k/MILK10k_Training_Input/IL_4305709/ISIC_6935765.jpg,3,2,3,3,2
inference_data/milk10k/MILK10k_Training_Input/IL_4305709/ISIC_2106983.jpg,1,1,1,1,1
inference_data/milk10k/MILK10k_Training_Input/IL_4308535/ISIC_3542359.jpg,3,3,3,3,3
inference_data/milk10k/MILK10k_Training_Input/IL_4308535/ISIC_8138627.jpg,3,3,4,3,3
inference_data/milk10k/MILK10k_Training_Input/IL_4310742/ISIC_2246301.jpg,3,3,3,3,3
inference_data/milk10k/MILK10k_Training_Input/IL_4310742/ISIC_0821297.jpg,0,0,0,0,0
inference_data/milk10k/MILK10k_Training_Input/IL_4310932/ISIC_1431170.jpg,3,3,3,4,3
inference_data/milk10k/MILK10k_Training_Input/IL_4310932/ISIC_0962054.jpg,2,2,2,2,2
inference_data/milk10k/MILK10k_Training_Input/IL_4312042/ISIC_2359396.jpg,3,2,2,3,2
inference_data/milk10k/MILK10k_Training_Input/IL_4312042/ISIC_0390452.jpg,1,1,1,1,1
inference_data/milk10k/MILK10k_Training_Input/IL_4312486/ISIC_2704901.jpg,1,2,1,2,1
inference_data/milk10k/MILK10k_Training_Input/IL_4312486/ISIC_0118795.jpg,1,1,1,1,1
inference_data/milk10k/MILK10k_Training_Input/IL_4313247/ISIC_9480680.jpg,3,3,3,3,3
inference_data/milk10k/MILK10k_Training_Input/IL_4313247/ISIC_3141018.jpg,3,3,3,3,3
inference_data/milk10k/MILK10k_Training_Input/IL_4314466/ISIC_9478252.jpg,3,2,3,3,3
inference_data/milk10k/MILK10k_Training_Input/IL_4314466/ISIC_4230181.jpg,2,2,3,2,3
inference_data/milk10k/MILK10k_Training_Input/IL_4314497/ISIC_0871438.jpg,3,2,2,3,2
inference_data/milk10k/MILK10k_Training_Input/IL_4314497/ISIC_5723091.jpg,2,2,2,2,2
inference_data/milk10k/MILK10k_Training_Input/IL_4315407/ISIC_5836006.jpg,1,1,1,1,1
inference_data/milk10k/MILK10k_Training_Input/IL_4315407/ISIC_4728787.jpg,1,2,1,1,2
inference_data/milk10k/MILK10k_Training_Input/IL_4316147/ISIC_1521786.jpg,3,2,2,3,2
inference_data/milk10k/MILK10k_Training_Input/IL_4316147/ISIC_2308599.jpg,1,1,0,1,1
inference_data/milk10k/MILK10k_Training_Input/IL_4316230/ISIC_0097629.jpg,2,2,2,2,2
inference_data/milk10k/MILK10k_Training_Input/IL_4316230/ISIC_6289650.jpg,2,2,2,2,2
inference_data/milk10k/MILK10k_Training_Input/IL_4316869/ISIC_8758280.jpg,2,2,1,2,2
inference_data/milk10k/MILK10k_Training_Input/IL_4316869/ISIC_2657415.jpg,1,2,1,1,1
inference_data/milk10k/MILK10k_Training_Input/IL_4316871/ISIC_9487621.jpg,2,1,2,2,2
inference_data/milk10k/MILK10k_Training_Input/IL_4316871/ISIC_2465599.jpg,2,2,1,1,2
inference_data/milk10k/MILK10k_Training_Input/IL_4318983/ISIC_3564428.jpg,2,2,2,3,2
inference_data/milk10k/MILK10k_Training_Input/IL_4318983/ISIC_6176939.jpg,1,1,1,1,2
inference_data/milk10k/MILK10k_Training_Input/IL_4319503/ISIC_8151340.jpg,3,2,3,3,3
inference_data/milk10k/MILK10k_Training_Input/IL_4319503/ISIC_9614509.jpg,1,1,1,1,1
inference_data/milk10k/MILK10k_Training_Input/IL_4320336/ISIC_2873569.jpg,3,3,3,3,3
inference_data/milk10k/MILK10k_Training_Input/IL_4320336/ISIC_0512725.jpg,1,1,1,1,2
inference_data/milk10k/MILK10k_Training_Input/IL_4322313/ISIC_5134271.jpg,2,2,3,3,2
inference_data/milk10k/MILK10k_Training_Input/IL_4322313/ISIC_6045854.jpg,1,1,1,1,2
inference_data/milk10k/MILK10k_Training_Input/IL_4323470/ISIC_7115858.jpg,3,3,3,3,3
inference_data/milk10k/MILK10k_Training_Input/IL_4323470/ISIC_4060384.jpg,2,2,2,2,2
inference_data/milk10k/MILK10k_Training_Input/IL_4323973/ISIC_2359312.jpg,3,3,3,3,3
inference_data/milk10k/MILK10k_Training_Input/IL_4323973/ISIC_5743197.jpg,1,1,1,1,1
inference_data/milk10k/MILK10k_Training_Input/IL_4325075/ISIC_2307999.jpg,2,1,1,2,1
inference_data/milk10k/MILK10k_Training_Input/IL_4325075/ISIC_6527571.jpg,1,1,1,1,1
inference_data/milk10k/MILK10k_Training_Input/IL_4326191/ISIC_9702862.jpg,2,2,2,2,2
inference_data/milk10k/MILK10k_Training_Input/IL_4326191/ISIC_7752807.jpg,1,1,1,1,1
inference_data/milk10k/MILK10k_Training_Input/IL_4327205/ISIC_4140786.jpg,3,2,3,3,3
inference_data/milk10k/MILK10k_Training_Input/IL_4327205/ISIC_9159246.jpg,2,2,2,2,2
inference_data/milk10k/MILK10k_Training_Input/IL_4332595/ISIC_7567880.jpg,3,3,3,3,3
inference_data/milk10k/MILK10k_Training_Input/IL_4332595/ISIC_4252694.jpg,2,2,2,2,2
inference_data/milk10k/MILK10k_Training_Input/IL_4334005/ISIC_2633246.jpg,3,2,3,3,2
inference_data/milk10k/MILK10k_Training_Input/IL_4334005/ISIC_2335025.jpg,2,1,1,2,2
inference_data/milk10k/MILK10k_Training_Input/IL_4336969/ISIC_4902119.jpg,2,2,1,3,2
inference_data/milk10k/MILK10k_Training_Input/IL_4336969/ISIC_7218635.jpg,1,1,1,1,1
inference_data/milk10k/MILK10k_Training_Input/IL_4337427/ISIC_9767663.jpg,2,2,2,2,2
inference_data/milk10k/MILK10k_Training_Input/IL_4337427/ISIC_1195811.jpg,2,1,1,1,1
inference_data/milk10k/MILK10k_Training_Input/IL_4339655/ISIC_9792479.jpg,4,4,4,4,4
inference_data/milk10k/MILK10k_Training_Input/IL_4339655/ISIC_1759311.jpg,1,1,1,2,2
inference_data/milk10k/MILK10k_Training_Input/IL_4340050/ISIC_6588483.jpg,4,4,4,4,4
inference_data/milk10k/MILK10k_Training_Input/IL_4340050/ISIC_0408436.jpg,3,3,3,3,3
inference_data/milk10k/MILK10k_Training_Input/IL_4340188/ISIC_0938409.jpg,2,2,2,3,2
inference_data/milk10k/MILK10k_Training_Input/IL_4340188/ISIC_2625621.jpg,1,1,1,1,1
inference_data/milk10k/MILK10k_Training_Input/IL_4343472/ISIC_1508418.jpg,3,2,3,3,3
inference_data/milk10k/MILK10k_Training_Input/IL_4343472/ISIC_1414380.jpg,2,2,2,2,1
inference_data/milk10k/MILK10k_Training_Input/IL_4344178/ISIC_5862938.jpg,2,2,2,2,2
inference_data/milk10k/MILK10k_Training_Input/IL_4344178/ISIC_3594638.jpg,1,1,0,1,1
inference_data/milk10k/MILK10k_Training_Input/IL_4347033/ISIC_8117883.jpg,3,3,3,4,4
inference_data/milk10k/MILK10k_Training_Input/IL_4347033/ISIC_7230569.jpg,3,3,3,3,2
inference_data/milk10k/MILK10k_Training_Input/IL_4351446/ISIC_2315875.jpg,2,2,3,3,2
inference_data/milk10k/MILK10k_Training_Input/IL_4351446/ISIC_3023437.jpg,2,2,2,2,2
inference_data/milk10k/MILK10k_Training_Input/IL_4352932/ISIC_3105418.jpg,2,2,2,2,2
inference_data/milk10k/MILK10k_Training_Input/IL_4352932/ISIC_5706380.jpg,1,1,1,1,1
inference_data/milk10k/MILK10k_Training_Input/IL_4354800/ISIC_8231201.jpg,2,2,2,3,2
inference_data/milk10k/MILK10k_Training_Input/IL_4354800/ISIC_2100652.jpg,1,2,1,1,1
inference_data/milk10k/MILK10k_Training_Input/IL_4354918/ISIC_5343716.jpg,1,1,1,1,1
inference_data/milk10k/MILK10k_Training_Input/IL_4354918/ISIC_6287649.jpg,1,1,1,1,1
inference_data/milk10k/MILK10k_Training_Input/IL_4355222/ISIC_8650757.jpg,3,2,3,3,3
inference_data/milk10k/MILK10k_Training_Input/IL_4355222/ISIC_0844469.jpg,2,2,2,2,2
inference_data/milk10k/MILK10k_Training_Input/IL_4355798/ISIC_7435897.jpg,3,3,3,3,3
inference_data/milk10k/MILK10k_Training_Input/IL_4355798/ISIC_1866476.jpg,3,2,3,3,3
inference_data/milk10k/MILK10k_Training_Input/IL_4358287/ISIC_1973292.jpg,3,3,3,3,3
inference_data/milk10k/MILK10k_Training_Input/IL_4358287/ISIC_1318325.jpg,2,1,2,2,2
inference_data/milk10k/MILK10k_Training_Input/IL_4359094/ISIC_4365319.jpg,2,1,1,2,1
inference_data/milk10k/MILK10k_Training_Input/IL_4359094/ISIC_3201692.jpg,1,1,1,2,2
inference_data/milk10k/MILK10k_Training_Input/IL_4363780/ISIC_7695782.jpg,3,2,3,3,3
inference_data/milk10k/MILK10k_Training_Input/IL_4363780/ISIC_3763896.jpg,1,1,0,1,1
inference_data/milk10k/MILK10k_Training_Input/IL_4365113/ISIC_2774941.jpg,2,2,2,2,2
inference_data/milk10k/MILK10k_Training_Input/IL_4365113/ISIC_0620394.jpg,1,1,1,1,1
inference_data/milk10k/MILK10k_Training_Input/IL_4368392/ISIC_1237574.jpg,3,2,3,3,2
inference_data/milk10k/MILK10k_Training_Input/IL_4368392/ISIC_6717455.jpg,2,2,2,2,2
inference_data/milk10k/MILK10k_Training_Input/IL_4371981/ISIC_1291218.jpg,3,2,3,3,2
inference_data/milk10k/MILK10k_Training_Input/IL_4371981/ISIC_9519917.jpg,2,2,2,2,2
inference_data/milk10k/MILK10k_Training_Input/IL_4373578/ISIC_4256565.jpg,2,2,2,2,2
inference_data/milk10k/MILK10k_Training_Input/IL_4373578/ISIC_6500642.jpg,2,2,1,2,2
inference_data/milk10k/MILK10k_Training_Input/IL_4375054/ISIC_1615543.jpg,2,2,2,2,2
inference_data/milk10k/MILK10k_Training_Input/IL_4375054/ISIC_4965110.jpg,1,1,1,1,1
inference_data/milk10k/MILK10k_Training_Input/IL_4375831/ISIC_4908497.jpg,2,1,1,2,2
inference_data/milk10k/MILK10k_Training_Input/IL_4375831/ISIC_4617290.jpg,1,1,1,1,1
inference_data/milk10k/MILK10k_Training_Input/IL_4376173/ISIC_1844080.jpg,3,3,3,3,3
inference_data/milk10k/MILK10k_Training_Input/IL_4376173/ISIC_9543805.jpg,1,1,1,1,1
inference_data/milk10k/MILK10k_Training_Input/IL_4376551/ISIC_2768681.jpg,3,2,3,3,3
inference_data/milk10k/MILK10k_Training_Input/IL_4376551/ISIC_5188621.jpg,1,1,1,1,1
inference_data/milk10k/MILK10k_Training_Input/IL_4377076/ISIC_0991989.jpg,2,2,1,2,2
inference_data/milk10k/MILK10k_Training_Input/IL_4377076/ISIC_0955754.jpg,1,1,1,1,1
inference_data/milk10k/MILK10k_Training_Input/IL_4381909/ISIC_5206219.jpg,2,2,2,2,2
inference_data/milk10k/MILK10k_Training_Input/IL_4381909/ISIC_6603709.jpg,2,2,2,2,2
inference_data/milk10k/MILK10k_Training_Input/IL_4381974/ISIC_0310082.jpg,2,2,2,2,2
inference_data/milk10k/MILK10k_Training_Input/IL_4381974/ISIC_4571498.jpg,1,2,1,2,2
inference_data/milk10k/MILK10k_Training_Input/IL_4383130/ISIC_1926542.jpg,3,3,3,3,3
inference_data/milk10k/MILK10k_Training_Input/IL_4383130/ISIC_4757447.jpg,2,2,2,2,2
inference_data/milk10k/MILK10k_Training_Input/IL_4384125/ISIC_1352448.jpg,4,4,4,4,4
inference_data/milk10k/MILK10k_Training_Input/IL_4384125/ISIC_3735182.jpg,1,1,1,2,1
inference_data/milk10k/MILK10k_Training_Input/IL_4391633/ISIC_4382908.jpg,1,1,1,1,1
inference_data/milk10k/MILK10k_Training_Input/IL_4391633/ISIC_8800271.jpg,1,1,1,1,1
inference_data/milk10k/MILK10k_Training_Input/IL_4392896/ISIC_3397320.jpg,3,3,3,4,3
inference_data/milk10k/MILK10k_Training_Input/IL_4392896/ISIC_1806435.jpg,2,2,1,1,2
inference_data/milk10k/MILK10k_Training_Input/IL_4396265/ISIC_7830070.jpg,2,2,2,2,2
inference_data/milk10k/MILK10k_Training_Input/IL_4396265/ISIC_0497849.jpg,2,2,1,2,2
inference_data/milk10k/MILK10k_Training_Input/IL_4396586/ISIC_5947102.jpg,3,2,3,3,2
inference_data/milk10k/MILK10k_Training_Input/IL_4396586/ISIC_8509634.jpg,1,2,2,1,1
inference_data/milk10k/MILK10k_Training_Input/IL_4400471/ISIC_0561480.jpg,2,2,2,2,2
inference_data/milk10k/MILK10k_Training_Input/IL_4400471/ISIC_3455310.jpg,1,2,1,2,2
inference_data/milk10k/MILK10k_Training_Input/IL_4402177/ISIC_7974788.jpg,2,2,2,2,2
inference_data/milk10k/MILK10k_Training_Input/IL_4402177/ISIC_2651140.jpg,1,1,0,1,1
inference_data/milk10k/MILK10k_Training_Input/IL_4402414/ISIC_2689375.jpg,2,2,2,2,2
inference_data/milk10k/MILK10k_Training_Input/IL_4402414/ISIC_6409368.jpg,1,1,1,1,1
inference_data/milk10k/MILK10k_Training_Input/IL_4402692/ISIC_8771153.jpg,2,2,3,2,2
inference_data/milk10k/MILK10k_Training_Input/IL_4402692/ISIC_6819573.jpg,2,2,1,1,2
inference_data/milk10k/MILK10k_Training_Input/IL_4403121/ISIC_0361366.jpg,2,2,3,3,3
inference_data/milk10k/MILK10k_Training_Input/IL_4403121/ISIC_5765413.jpg,2,1,2,2,2
inference_data/milk10k/MILK10k_Training_Input/IL_4404919/ISIC_5418047.jpg,3,2,3,3,3
inference_data/milk10k/MILK10k_Training_Input/IL_4404919/ISIC_6480143.jpg,1,1,1,1,1
inference_data/milk10k/MILK10k_Training_Input/IL_4405494/ISIC_2835261.jpg,3,2,3,3,3
inference_data/milk10k/MILK10k_Training_Input/IL_4405494/ISIC_9267796.jpg,2,2,2,2,2
inference_data/milk10k/MILK10k_Training_Input/IL_4406206/ISIC_3634737.jpg,2,2,2,2,2
inference_data/milk10k/MILK10k_Training_Input/IL_4406206/ISIC_5405039.jpg,1,1,0,1,1
inference_data/milk10k/MILK10k_Training_Input/IL_4407771/ISIC_0991005.jpg,2,2,2,2,2
inference_data/milk10k/MILK10k_Training_Input/IL_4407771/ISIC_5304804.jpg,2,2,2,2,2
inference_data/milk10k/MILK10k_Training_Input/IL_4410437/ISIC_2855847.jpg,2,2,2,2,2
inference_data/milk10k/MILK10k_Training_Input/IL_4410437/ISIC_8361691.jpg,2,2,1,2,2
inference_data/milk10k/MILK10k_Training_Input/IL_4414244/ISIC_7903629.jpg,2,2,2,2,2
inference_data/milk10k/MILK10k_Training_Input/IL_4414244/ISIC_9180642.jpg,2,2,2,2,2
inference_data/milk10k/MILK10k_Training_Input/IL_4415263/ISIC_0353171.jpg,1,1,1,1,1
inference_data/milk10k/MILK10k_Training_Input/IL_4415263/ISIC_4518133.jpg,1,1,1,1,1
inference_data/milk10k/MILK10k_Training_Input/IL_4416537/ISIC_4260452.jpg,2,2,2,3,2
inference_data/milk10k/MILK10k_Training_Input/IL_4416537/ISIC_6612848.jpg,2,2,2,2,2
inference_data/milk10k/MILK10k_Training_Input/IL_4419075/ISIC_4797048.jpg,5,4,5,5,4
inference_data/milk10k/MILK10k_Training_Input/IL_4419075/ISIC_1800713.jpg,1,1,1,1,2
inference_data/milk10k/MILK10k_Training_Input/IL_4419234/ISIC_8899493.jpg,3,3,3,3,3
inference_data/milk10k/MILK10k_Training_Input/IL_4419234/ISIC_0934708.jpg,2,2,1,1,2
inference_data/milk10k/MILK10k_Training_Input/IL_4419793/ISIC_9326688.jpg,2,2,1,2,2
inference_data/milk10k/MILK10k_Training_Input/IL_4419793/ISIC_4686711.jpg,1,1,1,1,1
inference_data/milk10k/MILK10k_Training_Input/IL_4420927/ISIC_9076466.jpg,1,1,2,2,2
inference_data/milk10k/MILK10k_Training_Input/IL_4420927/ISIC_9668892.jpg,2,2,2,1,2
inference_data/milk10k/MILK10k_Training_Input/IL_4421152/ISIC_4448691.jpg,2,2,2,2,2
inference_data/milk10k/MILK10k_Training_Input/IL_4421152/ISIC_9867644.jpg,1,1,1,1,1
inference_data/milk10k/MILK10k_Training_Input/IL_4421569/ISIC_1447471.jpg,3,2,3,3,3
inference_data/milk10k/MILK10k_Training_Input/IL_4421569/ISIC_2449691.jpg,2,2,2,2,2
inference_data/milk10k/MILK10k_Training_Input/IL_4425238/ISIC_3181599.jpg,2,2,2,2,2
inference_data/milk10k/MILK10k_Training_Input/IL_4425238/ISIC_9000883.jpg,1,1,1,1,1
inference_data/milk10k/MILK10k_Training_Input/IL_4429856/ISIC_2475721.jpg,2,2,2,2,2
inference_data/milk10k/MILK10k_Training_Input/IL_4429856/ISIC_3788301.jpg,2,2,2,2,2
inference_data/milk10k/MILK10k_Training_Input/IL_4429998/ISIC_5643199.jpg,1,1,1,1,1
inference_data/milk10k/MILK10k_Training_Input/IL_4429998/ISIC_8857322.jpg,1,1,1,1,1
inference_data/milk10k/MILK10k_Training_Input/IL_4430072/ISIC_7077927.jpg,3,2,2,3,2
inference_data/milk10k/MILK10k_Training_Input/IL_4430072/ISIC_4896910.jpg,2,2,2,2,2
inference_data/milk10k/MILK10k_Training_Input/IL_4432216/ISIC_7835311.jpg,2,2,2,3,3
inference_data/milk10k/MILK10k_Training_Input/IL_4432216/ISIC_6910330.jpg,1,1,1,1,1
inference_data/milk10k/MILK10k_Training_Input/IL_4436720/ISIC_5776632.jpg,2,2,2,3,2
inference_data/milk10k/MILK10k_Training_Input/IL_4436720/ISIC_1366649.jpg,1,2,1,2,2
inference_data/milk10k/MILK10k_Training_Input/IL_4438547/ISIC_4316755.jpg,2,2,1,2,2
inference_data/milk10k/MILK10k_Training_Input/IL_4438547/ISIC_0282454.jpg,1,1,1,1,1
inference_data/milk10k/MILK10k_Training_Input/IL_4439948/ISIC_7177310.jpg,3,3,3,3,3
inference_data/milk10k/MILK10k_Training_Input/IL_4439948/ISIC_8038352.jpg,2,2,2,2,2
inference_data/milk10k/MILK10k_Training_Input/IL_4441358/ISIC_5452534.jpg,2,2,2,2,2
inference_data/milk10k/MILK10k_Training_Input/IL_4441358/ISIC_5026774.jpg,2,1,1,1,2
inference_data/milk10k/MILK10k_Training_Input/IL_4444660/ISIC_2194194.jpg,2,2,2,2,2
inference_data/milk10k/MILK10k_Training_Input/IL_4444660/ISIC_3578286.jpg,1,1,1,1,1
inference_data/milk10k/MILK10k_Training_Input/IL_4446181/ISIC_1261497.jpg,3,3,3,3,3
inference_data/milk10k/MILK10k_Training_Input/IL_4446181/ISIC_7390977.jpg,3,3,3,3,3
inference_data/milk10k/MILK10k_Training_Input/IL_4446473/ISIC_7911067.jpg,1,1,1,1,1
inference_data/milk10k/MILK10k_Training_Input/IL_4446473/ISIC_6354001.jpg,0,1,0,1,1
inference_data/milk10k/MILK10k_Training_Input/IL_4448697/ISIC_0332299.jpg,2,2,2,2,2
inference_data/milk10k/MILK10k_Training_Input/IL_4448697/ISIC_7490723.jpg,1,1,1,1,1
inference_data/milk10k/MILK10k_Training_Input/IL_4452880/ISIC_4254662.jpg,2,2,2,2,2
inference_data/milk10k/MILK10k_Training_Input/IL_4452880/ISIC_9323438.jpg,1,1,1,1,2
inference_data/milk10k/MILK10k_Training_Input/IL_4453388/ISIC_0354697.jpg,3,2,2,3,2
inference_data/milk10k/MILK10k_Training_Input/IL_4453388/ISIC_7154038.jpg,1,1,1,1,1
inference_data/milk10k/MILK10k_Training_Input/IL_4453479/ISIC_5021319.jpg,2,2,2,3,2
inference_data/milk10k/MILK10k_Training_Input/IL_4453479/ISIC_3211877.jpg,1,1,1,1,1
inference_data/milk10k/MILK10k_Training_Input/IL_4454107/ISIC_0398501.jpg,2,2,2,3,2
inference_data/milk10k/MILK10k_Training_Input/IL_4454107/ISIC_4119665.jpg,2,3,3,3,3
inference_data/milk10k/MILK10k_Training_Input/IL_4455323/ISIC_1157692.jpg,3,3,3,3,3
inference_data/milk10k/MILK10k_Training_Input/IL_4455323/ISIC_3625335.jpg,1,1,1,1,1
inference_data/milk10k/MILK10k_Training_Input/IL_4456737/ISIC_8408499.jpg,3,2,3,3,3
inference_data/milk10k/MILK10k_Training_Input/IL_4456737/ISIC_0508714.jpg,2,2,2,2,2
inference_data/milk10k/MILK10k_Training_Input/IL_4457515/ISIC_8232296.jpg,2,2,3,3,2
inference_data/milk10k/MILK10k_Training_Input/IL_4457515/ISIC_9945604.jpg,1,1,1,1,1
inference_data/milk10k/MILK10k_Training_Input/IL_4459235/ISIC_9581881.jpg,2,2,2,2,2
inference_data/milk10k/MILK10k_Training_Input/IL_4459235/ISIC_4943472.jpg,1,1,1,1,1
inference_data/milk10k/MILK10k_Training_Input/IL_4459414/ISIC_5898651.jpg,2,2,2,2,2
inference_data/milk10k/MILK10k_Training_Input/IL_4459414/ISIC_2353638.jpg,1,1,1,1,1
inference_data/milk10k/MILK10k_Training_Input/IL_4459990/ISIC_7801225.jpg,2,2,2,2,2
inference_data/milk10k/MILK10k_Training_Input/IL_4459990/ISIC_7379221.jpg,2,2,2,2,2
inference_data/milk10k/MILK10k_Training_Input/IL_4460896/ISIC_6317276.jpg,2,2,2,2,2
inference_data/milk10k/MILK10k_Training_Input/IL_4460896/ISIC_8455179.jpg,2,2,2,2,2
inference_data/milk10k/MILK10k_Training_Input/IL_4463388/ISIC_1504106.jpg,2,2,2,2,2
inference_data/milk10k/MILK10k_Training_Input/IL_4463388/ISIC_1482437.jpg,1,1,1,1,1
inference_data/milk10k/MILK10k_Training_Input/IL_4465213/ISIC_9026654.jpg,3,3,3,3,3
inference_data/milk10k/MILK10k_Training_Input/IL_4465213/ISIC_0461233.jpg,2,1,2,2,2
inference_data/milk10k/MILK10k_Training_Input/IL_4466294/ISIC_8860890.jpg,2,2,2,3,2
inference_data/milk10k/MILK10k_Training_Input/IL_4466294/ISIC_6588275.jpg,1,1,1,1,1
inference_data/milk10k/MILK10k_Training_Input/IL_4470686/ISIC_7817656.jpg,4,4,4,4,4
inference_data/milk10k/MILK10k_Training_Input/IL_4470686/ISIC_2090929.jpg,1,1,1,1,1
inference_data/milk10k/MILK10k_Training_Input/IL_4472583/ISIC_7150018.jpg,2,2,2,2,2
inference_data/milk10k/MILK10k_Training_Input/IL_4472583/ISIC_3422780.jpg,3,3,3,3,3
inference_data/milk10k/MILK10k_Training_Input/IL_4476860/ISIC_6294381.jpg,3,3,3,3,3
inference_data/milk10k/MILK10k_Training_Input/IL_4476860/ISIC_5517161.jpg,2,2,2,2,2
inference_data/milk10k/MILK10k_Training_Input/IL_4478741/ISIC_0777357.jpg,3,3,3,3,3
inference_data/milk10k/MILK10k_Training_Input/IL_4478741/ISIC_1780213.jpg,2,2,2,2,2
inference_data/milk10k/MILK10k_Training_Input/IL_4484576/ISIC_9592403.jpg,2,2,2,2,2
inference_data/milk10k/MILK10k_Training_Input/IL_4484576/ISIC_2842565.jpg,2,2,2,2,2
inference_data/milk10k/MILK10k_Training_Input/IL_4486702/ISIC_4065991.jpg,3,2,3,3,2
inference_data/milk10k/MILK10k_Training_Input/IL_4486702/ISIC_4491028.jpg,2,2,2,2,3
inference_data/milk10k/MILK10k_Training_Input/IL_4491344/ISIC_4848886.jpg,2,2,2,2,2
inference_data/milk10k/MILK10k_Training_Input/IL_4491344/ISIC_2995621.jpg,2,2,2,2,2
inference_data/milk10k/MILK10k_Training_Input/IL_4491855/ISIC_9614715.jpg,3,3,2,2,2
inference_data/milk10k/MILK10k_Training_Input/IL_4491855/ISIC_8177696.jpg,1,1,1,1,1
inference_data/milk10k/MILK10k_Training_Input/IL_4494242/ISIC_1171759.jpg,2,2,2,2,2
inference_data/milk10k/MILK10k_Training_Input/IL_4494242/ISIC_9400150.jpg,2,2,1,2,2
inference_data/milk10k/MILK10k_Training_Input/IL_4498199/ISIC_6428825.jpg,3,2,3,3,3
inference_data/milk10k/MILK10k_Training_Input/IL_4498199/ISIC_9174580.jpg,1,1,1,1,1
inference_data/milk10k/MILK10k_Training_Input/IL_4499272/ISIC_9909368.jpg,3,2,2,2,3
inference_data/milk10k/MILK10k_Training_Input/IL_4499272/ISIC_6280109.jpg,1,2,1,2,2
inference_data/milk10k/MILK10k_Training_Input/IL_4500103/ISIC_9801308.jpg,3,2,3,3,2
inference_data/milk10k/MILK10k_Training_Input/IL_4500103/ISIC_8541956.jpg,2,2,2,2,2
inference_data/milk10k/MILK10k_Training_Input/IL_4500460/ISIC_4933959.jpg,3,3,3,3,3
inference_data/milk10k/MILK10k_Training_Input/IL_4500460/ISIC_8914963.jpg,2,1,2,2,2
inference_data/milk10k/MILK10k_Training_Input/IL_4504352/ISIC_1951029.jpg,2,2,2,2,2
inference_data/milk10k/MILK10k_Training_Input/IL_4504352/ISIC_2020975.jpg,2,2,2,2,2
inference_data/milk10k/MILK10k_Training_Input/IL_4504514/ISIC_5325202.jpg,2,2,2,2,2
inference_data/milk10k/MILK10k_Training_Input/IL_4504514/ISIC_9232517.jpg,2,2,2,2,2
inference_data/milk10k/MILK10k_Training_Input/IL_4505417/ISIC_8542319.jpg,2,3,3,3,3
inference_data/milk10k/MILK10k_Training_Input/IL_4505417/ISIC_3751292.jpg,2,2,1,2,2
inference_data/milk10k/MILK10k_Training_Input/IL_4507601/ISIC_7965278.jpg,2,2,2,2,2
inference_data/milk10k/MILK10k_Training_Input/IL_4507601/ISIC_9703510.jpg,1,1,1,2,2
inference_data/milk10k/MILK10k_Training_Input/IL_4508203/ISIC_2180502.jpg,2,2,2,2,2
inference_data/milk10k/MILK10k_Training_Input/IL_4508203/ISIC_4191930.jpg,2,1,2,2,2
inference_data/milk10k/MILK10k_Training_Input/IL_4511689/ISIC_2988309.jpg,3,3,3,3,2
inference_data/milk10k/MILK10k_Training_Input/IL_4511689/ISIC_5138441.jpg,3,3,3,3,2
inference_data/milk10k/MILK10k_Training_Input/IL_4512355/ISIC_0558331.jpg,3,2,3,3,3
inference_data/milk10k/MILK10k_Training_Input/IL_4512355/ISIC_7638974.jpg,1,1,1,1,1
inference_data/milk10k/MILK10k_Training_Input/IL_4514028/ISIC_8670753.jpg,3,3,3,3,3
inference_data/milk10k/MILK10k_Training_Input/IL_4514028/ISIC_0489440.jpg,3,3,3,2,3
inference_data/milk10k/MILK10k_Training_Input/IL_4514039/ISIC_5010015.jpg,3,2,3,3,3
inference_data/milk10k/MILK10k_Training_Input/IL_4514039/ISIC_6119517.jpg,2,2,1,2,2
inference_data/milk10k/MILK10k_Training_Input/IL_4516154/ISIC_4796243.jpg,2,2,2,2,2
inference_data/milk10k/MILK10k_Training_Input/IL_4516154/ISIC_6626242.jpg,2,1,1,2,2
inference_data/milk10k/MILK10k_Training_Input/IL_4517791/ISIC_5037826.jpg,2,1,1,2,2
inference_data/milk10k/MILK10k_Training_Input/IL_4517791/ISIC_2573194.jpg,1,1,0,1,1
inference_data/milk10k/MILK10k_Training_Input/IL_4519141/ISIC_3539669.jpg,2,2,2,2,2
inference_data/milk10k/MILK10k_Training_Input/IL_4519141/ISIC_5129541.jpg,1,2,1,1,1
inference_data/milk10k/MILK10k_Training_Input/IL_4522594/ISIC_9039736.jpg,2,2,2,2,2
inference_data/milk10k/MILK10k_Training_Input/IL_4522594/ISIC_3698441.jpg,1,1,0,1,1
inference_data/milk10k/MILK10k_Training_Input/IL_4524955/ISIC_6106457.jpg,3,3,3,3,3
inference_data/milk10k/MILK10k_Training_Input/IL_4524955/ISIC_4598786.jpg,2,2,1,2,2
inference_data/milk10k/MILK10k_Training_Input/IL_4528445/ISIC_3427742.jpg,4,4,4,4,4
inference_data/milk10k/MILK10k_Training_Input/IL_4528445/ISIC_1748084.jpg,3,3,3,3,3
inference_data/milk10k/MILK10k_Training_Input/IL_4530346/ISIC_8042946.jpg,3,2,3,3,3
inference_data/milk10k/MILK10k_Training_Input/IL_4530346/ISIC_4225552.jpg,2,2,2,2,2
inference_data/milk10k/MILK10k_Training_Input/IL_4534597/ISIC_0982924.jpg,3,2,3,3,3
inference_data/milk10k/MILK10k_Training_Input/IL_4534597/ISIC_8236388.jpg,2,1,2,2,2
inference_data/milk10k/MILK10k_Training_Input/IL_4537840/ISIC_5947091.jpg,2,2,2,2,2
inference_data/milk10k/MILK10k_Training_Input/IL_4537840/ISIC_2378919.jpg,3,3,3,3,3
inference_data/milk10k/MILK10k_Training_Input/IL_4538075/ISIC_3769575.jpg,2,2,2,2,2
inference_data/milk10k/MILK10k_Training_Input/IL_4538075/ISIC_0311394.jpg,2,2,2,2,2
inference_data/milk10k/MILK10k_Training_Input/IL_4541934/ISIC_6240958.jpg,3,2,3,2,2
inference_data/milk10k/MILK10k_Training_Input/IL_4541934/ISIC_5645559.jpg,1,1,0,1,1
inference_data/milk10k/MILK10k_Training_Input/IL_4545799/ISIC_4406265.jpg,2,2,2,2,2
inference_data/milk10k/MILK10k_Training_Input/IL_4545799/ISIC_4937672.jpg,2,2,2,2,2
inference_data/milk10k/MILK10k_Training_Input/IL_4547329/ISIC_4993836.jpg,4,3,4,4,4
inference_data/milk10k/MILK10k_Training_Input/IL_4547329/ISIC_8405549.jpg,2,2,2,2,2
inference_data/milk10k/MILK10k_Training_Input/IL_4547617/ISIC_4198936.jpg,3,3,4,3,3
inference_data/milk10k/MILK10k_Training_Input/IL_4547617/ISIC_6638137.jpg,3,3,3,3,3
inference_data/milk10k/MILK10k_Training_Input/IL_4551923/ISIC_4317864.jpg,3,3,3,3,3
inference_data/milk10k/MILK10k_Training_Input/IL_4551923/ISIC_5953692.jpg,1,1,1,1,1
inference_data/milk10k/MILK10k_Training_Input/IL_4551959/ISIC_4669543.jpg,3,2,3,3,3
inference_data/milk10k/MILK10k_Training_Input/IL_4551959/ISIC_6435029.jpg,1,1,1,1,2
inference_data/milk10k/MILK10k_Training_Input/IL_4557946/ISIC_7043547.jpg,1,1,1,1,1
inference_data/milk10k/MILK10k_Training_Input/IL_4557946/ISIC_6719081.jpg,1,1,0,1,1
inference_data/milk10k/MILK10k_Training_Input/IL_4561520/ISIC_3091817.jpg,2,2,2,2,2
inference_data/milk10k/MILK10k_Training_Input/IL_4561520/ISIC_0342710.jpg,0,1,0,1,1
inference_data/milk10k/MILK10k_Training_Input/IL_4563255/ISIC_4799523.jpg,2,2,2,2,2
inference_data/milk10k/MILK10k_Training_Input/IL_4563255/ISIC_7812529.jpg,2,2,2,2,2
inference_data/milk10k/MILK10k_Training_Input/IL_4563782/ISIC_8337677.jpg,3,3,3,3,3
inference_data/milk10k/MILK10k_Training_Input/IL_4563782/ISIC_2340945.jpg,3,3,3,3,3
inference_data/milk10k/MILK10k_Training_Input/IL_4563820/ISIC_8484419.jpg,1,1,1,1,1
inference_data/milk10k/MILK10k_Training_Input/IL_4563820/ISIC_4091460.jpg,1,1,1,1,1
inference_data/milk10k/MILK10k_Training_Input/IL_4564501/ISIC_2639604.jpg,2,2,3,3,3
inference_data/milk10k/MILK10k_Training_Input/IL_4564501/ISIC_3825515.jpg,2,2,2,2,2
inference_data/milk10k/MILK10k_Training_Input/IL_4566979/ISIC_2876063.jpg,4,3,4,4,4
inference_data/milk10k/MILK10k_Training_Input/IL_4566979/ISIC_1279315.jpg,1,1,0,1,1
inference_data/milk10k/MILK10k_Training_Input/IL_4567076/ISIC_3188102.jpg,2,2,1,2,2
inference_data/milk10k/MILK10k_Training_Input/IL_4567076/ISIC_1042270.jpg,1,1,1,1,1
inference_data/milk10k/MILK10k_Training_Input/IL_4571173/ISIC_7653495.jpg,3,3,3,3,3
inference_data/milk10k/MILK10k_Training_Input/IL_4571173/ISIC_6904950.jpg,1,1,0,1,1
inference_data/milk10k/MILK10k_Training_Input/IL_4571566/ISIC_3797221.jpg,3,2,3,3,3
inference_data/milk10k/MILK10k_Training_Input/IL_4571566/ISIC_3826101.jpg,2,1,1,1,2
inference_data/milk10k/MILK10k_Training_Input/IL_4571901/ISIC_8897421.jpg,1,1,1,1,1
inference_data/milk10k/MILK10k_Training_Input/IL_4571901/ISIC_2011159.jpg,2,2,2,2,2
inference_data/milk10k/MILK10k_Training_Input/IL_4575462/ISIC_4478313.jpg,3,2,3,3,2
inference_data/milk10k/MILK10k_Training_Input/IL_4575462/ISIC_2384953.jpg,2,2,2,2,2
inference_data/milk10k/MILK10k_Training_Input/IL_4576519/ISIC_3189171.jpg,3,3,3,3,3
inference_data/milk10k/MILK10k_Training_Input/IL_4576519/ISIC_0857448.jpg,2,2,2,2,2
inference_data/milk10k/MILK10k_Training_Input/IL_4577281/ISIC_7616136.jpg,2,2,2,2,2
inference_data/milk10k/MILK10k_Training_Input/IL_4577281/ISIC_1549163.jpg,1,2,1,2,2
inference_data/milk10k/MILK10k_Training_Input/IL_4580726/ISIC_6931788.jpg,2,2,1,2,2
inference_data/milk10k/MILK10k_Training_Input/IL_4580726/ISIC_1947192.jpg,2,2,1,2,2
inference_data/milk10k/MILK10k_Training_Input/IL_4581258/ISIC_2952786.jpg,1,2,1,1,1
inference_data/milk10k/MILK10k_Training_Input/IL_4581258/ISIC_5666984.jpg,2,2,2,1,2
inference_data/milk10k/MILK10k_Training_Input/IL_4581879/ISIC_4071197.jpg,2,2,1,1,2
inference_data/milk10k/MILK10k_Training_Input/IL_4581879/ISIC_3173642.jpg,2,1,2,2,2
inference_data/milk10k/MILK10k_Training_Input/IL_4582697/ISIC_5706764.jpg,2,2,2,3,2
inference_data/milk10k/MILK10k_Training_Input/IL_4582697/ISIC_8693307.jpg,1,1,0,1,1
inference_data/milk10k/MILK10k_Training_Input/IL_4585306/ISIC_4768009.jpg,3,3,3,3,3
inference_data/milk10k/MILK10k_Training_Input/IL_4585306/ISIC_1658566.jpg,2,2,1,2,2
inference_data/milk10k/MILK10k_Training_Input/IL_4588055/ISIC_3162480.jpg,1,1,1,2,1
inference_data/milk10k/MILK10k_Training_Input/IL_4588055/ISIC_9581647.jpg,2,2,2,2,2
inference_data/milk10k/MILK10k_Training_Input/IL_4591164/ISIC_2999384.jpg,2,2,2,2,2
inference_data/milk10k/MILK10k_Training_Input/IL_4591164/ISIC_3727371.jpg,2,2,2,2,2
inference_data/milk10k/MILK10k_Training_Input/IL_4591781/ISIC_9776077.jpg,4,4,4,4,4
inference_data/milk10k/MILK10k_Training_Input/IL_4591781/ISIC_6042297.jpg,2,2,2,2,2
inference_data/milk10k/MILK10k_Training_Input/IL_4597676/ISIC_7727693.jpg,3,2,3,3,3
inference_data/milk10k/MILK10k_Training_Input/IL_4597676/ISIC_1807060.jpg,2,1,1,2,2
inference_data/milk10k/MILK10k_Training_Input/IL_4600654/ISIC_5585397.jpg,2,2,2,2,2
inference_data/milk10k/MILK10k_Training_Input/IL_4600654/ISIC_3729865.jpg,1,1,1,1,1
inference_data/milk10k/MILK10k_Training_Input/IL_4601924/ISIC_4471156.jpg,2,2,2,2,2
inference_data/milk10k/MILK10k_Training_Input/IL_4601924/ISIC_3631653.jpg,3,3,3,3,3
inference_data/milk10k/MILK10k_Training_Input/IL_4609095/ISIC_0326524.jpg,3,3,2,3,3
inference_data/milk10k/MILK10k_Training_Input/IL_4609095/ISIC_3666002.jpg,1,1,1,1,2
inference_data/milk10k/MILK10k_Training_Input/IL_4609448/ISIC_5785962.jpg,2,2,2,2,2
inference_data/milk10k/MILK10k_Training_Input/IL_4609448/ISIC_1675475.jpg,2,1,1,1,2
inference_data/milk10k/MILK10k_Training_Input/IL_4610207/ISIC_0993424.jpg,2,2,2,2,2
inference_data/milk10k/MILK10k_Training_Input/IL_4610207/ISIC_9674469.jpg,2,2,2,2,2
inference_data/milk10k/MILK10k_Training_Input/IL_4610618/ISIC_0720304.jpg,2,2,2,2,2
inference_data/milk10k/MILK10k_Training_Input/IL_4610618/ISIC_8469156.jpg,1,1,1,1,2
inference_data/milk10k/MILK10k_Training_Input/IL_4613455/ISIC_9156050.jpg,3,2,3,3,3
inference_data/milk10k/MILK10k_Training_Input/IL_4613455/ISIC_2410902.jpg,1,2,1,2,2
inference_data/milk10k/MILK10k_Training_Input/IL_4614364/ISIC_9256840.jpg,2,2,2,2,2
inference_data/milk10k/MILK10k_Training_Input/IL_4614364/ISIC_7382992.jpg,2,2,1,2,2
inference_data/milk10k/MILK10k_Training_Input/IL_4615108/ISIC_4071946.jpg,2,2,1,2,2
inference_data/milk10k/MILK10k_Training_Input/IL_4615108/ISIC_6952094.jpg,1,1,1,1,1
inference_data/milk10k/MILK10k_Training_Input/IL_4615374/ISIC_2512661.jpg,2,2,2,2,2
inference_data/milk10k/MILK10k_Training_Input/IL_4615374/ISIC_8746170.jpg,2,2,2,2,2
inference_data/milk10k/MILK10k_Training_Input/IL_4618514/ISIC_3059704.jpg,2,2,2,2,2
inference_data/milk10k/MILK10k_Training_Input/IL_4618514/ISIC_2812513.jpg,5,5,5,5,5
inference_data/milk10k/MILK10k_Training_Input/IL_4621496/ISIC_9043374.jpg,1,1,1,1,1
inference_data/milk10k/MILK10k_Training_Input/IL_4621496/ISIC_1219190.jpg,1,1,0,1,1
inference_data/milk10k/MILK10k_Training_Input/IL_4624720/ISIC_0807573.jpg,4,4,4,4,4
inference_data/milk10k/MILK10k_Training_Input/IL_4624720/ISIC_3354653.jpg,1,1,1,1,1
inference_data/milk10k/MILK10k_Training_Input/IL_4628159/ISIC_3310439.jpg,1,1,1,1,1
inference_data/milk10k/MILK10k_Training_Input/IL_4628159/ISIC_9881436.jpg,1,2,1,1,1
inference_data/milk10k/MILK10k_Training_Input/IL_4628367/ISIC_8216271.jpg,2,2,3,3,2
inference_data/milk10k/MILK10k_Training_Input/IL_4628367/ISIC_7451958.jpg,1,1,1,1,1
inference_data/milk10k/MILK10k_Training_Input/IL_4629787/ISIC_9918967.jpg,2,1,2,2,2
inference_data/milk10k/MILK10k_Training_Input/IL_4629787/ISIC_5501634.jpg,1,1,1,1,1
inference_data/milk10k/MILK10k_Training_Input/IL_4630533/ISIC_2277053.jpg,3,3,3,3,3
inference_data/milk10k/MILK10k_Training_Input/IL_4630533/ISIC_5156395.jpg,1,1,1,1,1
inference_data/milk10k/MILK10k_Training_Input/IL_4635992/ISIC_0078197.jpg,3,2,3,3,3
inference_data/milk10k/MILK10k_Training_Input/IL_4635992/ISIC_7982443.jpg,2,1,1,2,2
inference_data/milk10k/MILK10k_Training_Input/IL_4638658/ISIC_5140960.jpg,2,2,2,2,2
inference_data/milk10k/MILK10k_Training_Input/IL_4638658/ISIC_1029279.jpg,1,1,0,1,1
inference_data/milk10k/MILK10k_Training_Input/IL_4639886/ISIC_2561308.jpg,2,2,2,2,2
inference_data/milk10k/MILK10k_Training_Input/IL_4639886/ISIC_3302174.jpg,2,2,1,1,2
inference_data/milk10k/MILK10k_Training_Input/IL_4639919/ISIC_0248336.jpg,3,2,2,3,2
inference_data/milk10k/MILK10k_Training_Input/IL_4639919/ISIC_8021491.jpg,1,2,2,2,2
inference_data/milk10k/MILK10k_Training_Input/IL_4641417/ISIC_4254313.jpg,3,3,2,3,3
inference_data/milk10k/MILK10k_Training_Input/IL_4641417/ISIC_2897284.jpg,1,1,1,2,1
inference_data/milk10k/MILK10k_Training_Input/IL_4641431/ISIC_8550132.jpg,2,2,2,2,2
inference_data/milk10k/MILK10k_Training_Input/IL_4641431/ISIC_4794413.jpg,1,2,1,1,2
inference_data/milk10k/MILK10k_Training_Input/IL_4642030/ISIC_1058069.jpg,2,1,1,1,1
inference_data/milk10k/MILK10k_Training_Input/IL_4642030/ISIC_4141476.jpg,2,2,2,2,2
inference_data/milk10k/MILK10k_Training_Input/IL_4642532/ISIC_7512177.jpg,2,2,2,2,2
inference_data/milk10k/MILK10k_Training_Input/IL_4642532/ISIC_8695042.jpg,2,2,2,2,2
inference_data/milk10k/MILK10k_Training_Input/IL_4644252/ISIC_7140233.jpg,3,3,3,3,3
inference_data/milk10k/MILK10k_Training_Input/IL_4644252/ISIC_3033732.jpg,1,1,1,1,1
inference_data/milk10k/MILK10k_Training_Input/IL_4645849/ISIC_6533290.jpg,3,2,3,3,3
inference_data/milk10k/MILK10k_Training_Input/IL_4645849/ISIC_0265421.jpg,2,1,1,2,2
inference_data/milk10k/MILK10k_Training_Input/IL_4647036/ISIC_0953324.jpg,3,2,3,3,2
inference_data/milk10k/MILK10k_Training_Input/IL_4647036/ISIC_9738040.jpg,2,2,2,2,2
inference_data/milk10k/MILK10k_Training_Input/IL_4647255/ISIC_4075407.jpg,2,2,2,2,2
inference_data/milk10k/MILK10k_Training_Input/IL_4647255/ISIC_4984773.jpg,2,2,1,2,2
inference_data/milk10k/MILK10k_Training_Input/IL_4652077/ISIC_1089656.jpg,2,2,2,2,2
inference_data/milk10k/MILK10k_Training_Input/IL_4652077/ISIC_0103392.jpg,2,2,2,2,2
inference_data/milk10k/MILK10k_Training_Input/IL_4652150/ISIC_0633557.jpg,2,2,2,2,2
inference_data/milk10k/MILK10k_Training_Input/IL_4652150/ISIC_0350483.jpg,1,1,0,1,1
inference_data/milk10k/MILK10k_Training_Input/IL_4653785/ISIC_0628658.jpg,1,1,1,1,1
inference_data/milk10k/MILK10k_Training_Input/IL_4653785/ISIC_3931577.jpg,2,2,2,2,2
inference_data/milk10k/MILK10k_Training_Input/IL_4656673/ISIC_9026907.jpg,3,2,3,3,3
inference_data/milk10k/MILK10k_Training_Input/IL_4656673/ISIC_1840506.jpg,2,2,1,2,2
inference_data/milk10k/MILK10k_Training_Input/IL_4658276/ISIC_7135182.jpg,2,2,2,2,2
inference_data/milk10k/MILK10k_Training_Input/IL_4658276/ISIC_5498094.jpg,2,2,2,2,2
inference_data/milk10k/MILK10k_Training_Input/IL_4663094/ISIC_9560662.jpg,4,3,4,4,3
inference_data/milk10k/MILK10k_Training_Input/IL_4663094/ISIC_0613695.jpg,1,1,1,1,1
inference_data/milk10k/MILK10k_Training_Input/IL_4667770/ISIC_9648502.jpg,3,3,3,4,3
inference_data/milk10k/MILK10k_Training_Input/IL_4667770/ISIC_4308587.jpg,1,1,1,2,2
inference_data/milk10k/MILK10k_Training_Input/IL_4668896/ISIC_1994938.jpg,2,2,1,2,2
inference_data/milk10k/MILK10k_Training_Input/IL_4668896/ISIC_6895079.jpg,1,1,0,1,1
inference_data/milk10k/MILK10k_Training_Input/IL_4674217/ISIC_2184629.jpg,2,2,3,3,2
inference_data/milk10k/MILK10k_Training_Input/IL_4674217/ISIC_2973033.jpg,2,2,2,2,2
inference_data/milk10k/MILK10k_Training_Input/IL_4676732/ISIC_8446097.jpg,2,2,1,2,2
inference_data/milk10k/MILK10k_Training_Input/IL_4676732/ISIC_3661670.jpg,1,1,1,2,2
inference_data/milk10k/MILK10k_Training_Input/IL_4677643/ISIC_1853511.jpg,2,2,2,2,2
inference_data/milk10k/MILK10k_Training_Input/IL_4677643/ISIC_0758142.jpg,2,2,1,2,2
inference_data/milk10k/MILK10k_Training_Input/IL_4681416/ISIC_9225022.jpg,3,2,3,3,3
inference_data/milk10k/MILK10k_Training_Input/IL_4681416/ISIC_6842250.jpg,1,1,1,1,1
inference_data/milk10k/MILK10k_Training_Input/IL_4682243/ISIC_3935952.jpg,3,3,4,4,3
inference_data/milk10k/MILK10k_Training_Input/IL_4682243/ISIC_6418734.jpg,2,2,1,2,2
inference_data/milk10k/MILK10k_Training_Input/IL_4682786/ISIC_1316256.jpg,2,2,2,2,2
inference_data/milk10k/MILK10k_Training_Input/IL_4682786/ISIC_2464952.jpg,1,1,0,1,1
inference_data/milk10k/MILK10k_Training_Input/IL_4686156/ISIC_1327102.jpg,3,2,3,2,2
inference_data/milk10k/MILK10k_Training_Input/IL_4686156/ISIC_3014842.jpg,0,1,0,1,1
inference_data/milk10k/MILK10k_Training_Input/IL_4686561/ISIC_7493882.jpg,1,1,1,1,1
inference_data/milk10k/MILK10k_Training_Input/IL_4686561/ISIC_7226778.jpg,1,1,1,1,1
inference_data/milk10k/MILK10k_Training_Input/IL_4686563/ISIC_2868801.jpg,3,3,3,3,3
inference_data/milk10k/MILK10k_Training_Input/IL_4686563/ISIC_0089407.jpg,2,2,2,2,2
inference_data/milk10k/MILK10k_Training_Input/IL_4687032/ISIC_2772004.jpg,2,2,2,2,2
inference_data/milk10k/MILK10k_Training_Input/IL_4687032/ISIC_1460320.jpg,1,1,1,1,1
inference_data/milk10k/MILK10k_Training_Input/IL_4688122/ISIC_6358122.jpg,2,2,2,2,2
inference_data/milk10k/MILK10k_Training_Input/IL_4688122/ISIC_2700220.jpg,1,1,1,1,1
inference_data/milk10k/MILK10k_Training_Input/IL_4689062/ISIC_6298290.jpg,2,1,1,1,1
inference_data/milk10k/MILK10k_Training_Input/IL_4689062/ISIC_8662550.jpg,1,1,1,1,2
inference_data/milk10k/MILK10k_Training_Input/IL_4689658/ISIC_9392128.jpg,5,4,5,5,4
inference_data/milk10k/MILK10k_Training_Input/IL_4689658/ISIC_1070964.jpg,2,2,1,2,2
inference_data/milk10k/MILK10k_Training_Input/IL_4692190/ISIC_5896495.jpg,1,1,0,1,1
inference_data/milk10k/MILK10k_Training_Input/IL_4692190/ISIC_0796805.jpg,1,1,1,1,1
inference_data/milk10k/MILK10k_Training_Input/IL_4692859/ISIC_1602215.jpg,2,2,2,2,2
inference_data/milk10k/MILK10k_Training_Input/IL_4692859/ISIC_3722799.jpg,1,1,1,1,1
inference_data/milk10k/MILK10k_Training_Input/IL_4693876/ISIC_3003493.jpg,2,2,2,2,2
inference_data/milk10k/MILK10k_Training_Input/IL_4693876/ISIC_9392626.jpg,0,0,0,0,0
inference_data/milk10k/MILK10k_Training_Input/IL_4696609/ISIC_0216815.jpg,1,1,1,1,1
inference_data/milk10k/MILK10k_Training_Input/IL_4696609/ISIC_7146069.jpg,1,1,1,1,1
inference_data/milk10k/MILK10k_Training_Input/IL_4700992/ISIC_8099059.jpg,3,2,3,3,3
inference_data/milk10k/MILK10k_Training_Input/IL_4700992/ISIC_9905593.jpg,2,2,2,3,2
inference_data/milk10k/MILK10k_Training_Input/IL_4701281/ISIC_9547421.jpg,2,2,2,2,2
inference_data/milk10k/MILK10k_Training_Input/IL_4701281/ISIC_2989365.jpg,2,2,2,2,2
inference_data/milk10k/MILK10k_Training_Input/IL_4702219/ISIC_9489971.jpg,1,1,1,1,1
inference_data/milk10k/MILK10k_Training_Input/IL_4702219/ISIC_9820266.jpg,0,0,0,0,0
inference_data/milk10k/MILK10k_Training_Input/IL_4703857/ISIC_7647531.jpg,2,2,2,2,2
inference_data/milk10k/MILK10k_Training_Input/IL_4703857/ISIC_6098668.jpg,2,2,2,2,2
inference_data/milk10k/MILK10k_Training_Input/IL_4705970/ISIC_7484955.jpg,3,2,3,3,2
inference_data/milk10k/MILK10k_Training_Input/IL_4705970/ISIC_7546221.jpg,2,2,2,2,2
inference_data/milk10k/MILK10k_Training_Input/IL_4706482/ISIC_4871002.jpg,3,3,3,3,3
inference_data/milk10k/MILK10k_Training_Input/IL_4706482/ISIC_8435693.jpg,2,2,1,2,2
inference_data/milk10k/MILK10k_Training_Input/IL_4706609/ISIC_0548842.jpg,1,1,1,1,2
inference_data/milk10k/MILK10k_Training_Input/IL_4706609/ISIC_5042253.jpg,2,2,2,2,2
inference_data/milk10k/MILK10k_Training_Input/IL_4708649/ISIC_5936623.jpg,2,2,1,2,2
inference_data/milk10k/MILK10k_Training_Input/IL_4708649/ISIC_2337700.jpg,1,1,1,1,1
inference_data/milk10k/MILK10k_Training_Input/IL_4708897/ISIC_0973204.jpg,2,2,2,2,2
inference_data/milk10k/MILK10k_Training_Input/IL_4708897/ISIC_3791559.jpg,1,1,1,2,2
inference_data/milk10k/MILK10k_Training_Input/IL_4711220/ISIC_8929392.jpg,1,1,1,1,1
inference_data/milk10k/MILK10k_Training_Input/IL_4711220/ISIC_0424213.jpg,1,1,1,1,1
inference_data/milk10k/MILK10k_Training_Input/IL_4713878/ISIC_0836114.jpg,2,2,2,2,2
inference_data/milk10k/MILK10k_Training_Input/IL_4713878/ISIC_5835110.jpg,2,1,2,2,2
inference_data/milk10k/MILK10k_Training_Input/IL_4713984/ISIC_5087561.jpg,2,2,1,2,2
inference_data/milk10k/MILK10k_Training_Input/IL_4713984/ISIC_2475811.jpg,1,1,1,1,1
inference_data/milk10k/MILK10k_Training_Input/IL_4715886/ISIC_3251194.jpg,2,2,2,3,2
inference_data/milk10k/MILK10k_Training_Input/IL_4715886/ISIC_6818303.jpg,2,2,1,2,2
inference_data/milk10k/MILK10k_Training_Input/IL_4720043/ISIC_7403025.jpg,3,3,3,3,3
inference_data/milk10k/MILK10k_Training_Input/IL_4720043/ISIC_4552372.jpg,1,1,1,1,1
inference_data/milk10k/MILK10k_Training_Input/IL_4721897/ISIC_7560146.jpg,2,2,2,2,2
inference_data/milk10k/MILK10k_Training_Input/IL_4721897/ISIC_5276989.jpg,2,2,1,2,2
inference_data/milk10k/MILK10k_Training_Input/IL_4726113/ISIC_2915213.jpg,2,2,2,2,2
inference_data/milk10k/MILK10k_Training_Input/IL_4726113/ISIC_0865713.jpg,1,1,1,1,1
inference_data/milk10k/MILK10k_Training_Input/IL_4729044/ISIC_1194209.jpg,2,2,2,3,2
inference_data/milk10k/MILK10k_Training_Input/IL_4729044/ISIC_7541188.jpg,2,1,1,2,2
inference_data/milk10k/MILK10k_Training_Input/IL_4730511/ISIC_3595631.jpg,2,2,1,2,2
inference_data/milk10k/MILK10k_Training_Input/IL_4730511/ISIC_3591898.jpg,1,1,1,1,1
inference_data/milk10k/MILK10k_Training_Input/IL_4732001/ISIC_8355956.jpg,2,2,2,2,2
inference_data/milk10k/MILK10k_Training_Input/IL_4732001/ISIC_0838227.jpg,1,1,0,1,1
inference_data/milk10k/MILK10k_Training_Input/IL_4732392/ISIC_2992927.jpg,2,2,2,2,2
inference_data/milk10k/MILK10k_Training_Input/IL_4732392/ISIC_6788333.jpg,2,1,1,2,2
inference_data/milk10k/MILK10k_Training_Input/IL_4734157/ISIC_4942291.jpg,3,2,2,3,2
inference_data/milk10k/MILK10k_Training_Input/IL_4734157/ISIC_8405809.jpg,1,2,1,1,2
inference_data/milk10k/MILK10k_Training_Input/IL_4737161/ISIC_4389317.jpg,1,1,1,2,1
inference_data/milk10k/MILK10k_Training_Input/IL_4737161/ISIC_7138580.jpg,2,2,2,2,2
inference_data/milk10k/MILK10k_Training_Input/IL_4739106/ISIC_0627667.jpg,2,2,2,3,2
inference_data/milk10k/MILK10k_Training_Input/IL_4739106/ISIC_7018101.jpg,1,1,1,1,1
inference_data/milk10k/MILK10k_Training_Input/IL_4740973/ISIC_6517752.jpg,4,3,4,4,3
inference_data/milk10k/MILK10k_Training_Input/IL_4740973/ISIC_4329801.jpg,2,2,2,2,2
inference_data/milk10k/MILK10k_Training_Input/IL_4742005/ISIC_4239743.jpg,3,2,3,3,3
inference_data/milk10k/MILK10k_Training_Input/IL_4742005/ISIC_9683086.jpg,1,1,1,1,1
inference_data/milk10k/MILK10k_Training_Input/IL_4742371/ISIC_1301817.jpg,3,3,3,3,3
inference_data/milk10k/MILK10k_Training_Input/IL_4742371/ISIC_1139673.jpg,1,1,1,1,1
inference_data/milk10k/MILK10k_Training_Input/IL_4744956/ISIC_0093135.jpg,2,2,1,2,2
inference_data/milk10k/MILK10k_Training_Input/IL_4744956/ISIC_2741156.jpg,2,2,1,2,2
inference_data/milk10k/MILK10k_Training_Input/IL_4745332/ISIC_1807046.jpg,2,2,2,2,2
inference_data/milk10k/MILK10k_Training_Input/IL_4745332/ISIC_7367155.jpg,1,1,0,1,1
inference_data/milk10k/MILK10k_Training_Input/IL_4747873/ISIC_1874006.jpg,3,3,3,3,3
inference_data/milk10k/MILK10k_Training_Input/IL_4747873/ISIC_9314416.jpg,1,2,1,2,2
inference_data/milk10k/MILK10k_Training_Input/IL_4748724/ISIC_8131794.jpg,3,2,2,2,2
inference_data/milk10k/MILK10k_Training_Input/IL_4748724/ISIC_1302258.jpg,1,1,1,1,2
inference_data/milk10k/MILK10k_Training_Input/IL_4749815/ISIC_5387790.jpg,2,2,2,3,2
inference_data/milk10k/MILK10k_Training_Input/IL_4749815/ISIC_2484661.jpg,2,2,2,2,2
inference_data/milk10k/MILK10k_Training_Input/IL_4752808/ISIC_2592427.jpg,3,2,3,3,2
inference_data/milk10k/MILK10k_Training_Input/IL_4752808/ISIC_3853000.jpg,2,2,2,2,2
inference_data/milk10k/MILK10k_Training_Input/IL_4755561/ISIC_9091739.jpg,3,3,3,3,3
inference_data/milk10k/MILK10k_Training_Input/IL_4755561/ISIC_4174672.jpg,1,1,1,1,1
inference_data/milk10k/MILK10k_Training_Input/IL_4756008/ISIC_0370740.jpg,2,2,2,2,2
inference_data/milk10k/MILK10k_Training_Input/IL_4756008/ISIC_2686432.jpg,0,1,0,0,1
inference_data/milk10k/MILK10k_Training_Input/IL_4756985/ISIC_4315588.jpg,1,1,1,2,2
inference_data/milk10k/MILK10k_Training_Input/IL_4756985/ISIC_3705158.jpg,2,2,1,1,1
inference_data/milk10k/MILK10k_Training_Input/IL_4757654/ISIC_7300115.jpg,4,3,4,4,3
inference_data/milk10k/MILK10k_Training_Input/IL_4757654/ISIC_7144571.jpg,2,2,3,2,3
inference_data/milk10k/MILK10k_Training_Input/IL_4765483/ISIC_4950049.jpg,3,2,3,3,3
inference_data/milk10k/MILK10k_Training_Input/IL_4765483/ISIC_8332020.jpg,1,1,1,1,2
inference_data/milk10k/MILK10k_Training_Input/IL_4768081/ISIC_1084026.jpg,2,2,2,3,2
inference_data/milk10k/MILK10k_Training_Input/IL_4768081/ISIC_3836510.jpg,2,1,2,2,2
inference_data/milk10k/MILK10k_Training_Input/IL_4768101/ISIC_0192391.jpg,3,2,3,3,3
inference_data/milk10k/MILK10k_Training_Input/IL_4768101/ISIC_6164551.jpg,3,3,2,2,3
inference_data/milk10k/MILK10k_Training_Input/IL_4769652/ISIC_0931746.jpg,2,2,2,2,2
inference_data/milk10k/MILK10k_Training_Input/IL_4769652/ISIC_7718206.jpg,1,1,1,1,1
inference_data/milk10k/MILK10k_Training_Input/IL_4777060/ISIC_0744283.jpg,2,2,2,3,2
inference_data/milk10k/MILK10k_Training_Input/IL_4777060/ISIC_0370218.jpg,1,1,2,2,2
inference_data/milk10k/MILK10k_Training_Input/IL_4777292/ISIC_8558990.jpg,3,3,3,4,3
inference_data/milk10k/MILK10k_Training_Input/IL_4777292/ISIC_4454419.jpg,1,1,1,1,1
inference_data/milk10k/MILK10k_Training_Input/IL_4779406/ISIC_7980095.jpg,3,3,3,3,3
inference_data/milk10k/MILK10k_Training_Input/IL_4779406/ISIC_6104937.jpg,1,1,1,1,1
inference_data/milk10k/MILK10k_Training_Input/IL_4781564/ISIC_6123621.jpg,2,2,2,2,2
inference_data/milk10k/MILK10k_Training_Input/IL_4781564/ISIC_6884836.jpg,1,1,0,1,1
inference_data/milk10k/MILK10k_Training_Input/IL_4781957/ISIC_2064223.jpg,2,2,2,2,2
inference_data/milk10k/MILK10k_Training_Input/IL_4781957/ISIC_0591696.jpg,1,1,1,1,1
inference_data/milk10k/MILK10k_Training_Input/IL_4782455/ISIC_3916461.jpg,1,1,1,1,1
inference_data/milk10k/MILK10k_Training_Input/IL_4782455/ISIC_9521421.jpg,1,1,0,1,1
inference_data/milk10k/MILK10k_Training_Input/IL_4783389/ISIC_6967166.jpg,4,3,4,3,3
inference_data/milk10k/MILK10k_Training_Input/IL_4783389/ISIC_2591258.jpg,2,2,1,1,2
inference_data/milk10k/MILK10k_Training_Input/IL_4785654/ISIC_6744907.jpg,1,1,1,2,1
inference_data/milk10k/MILK10k_Training_Input/IL_4785654/ISIC_5614068.jpg,2,2,3,3,3
inference_data/milk10k/MILK10k_Training_Input/IL_4790851/ISIC_0346075.jpg,2,2,2,3,2
inference_data/milk10k/MILK10k_Training_Input/IL_4790851/ISIC_1446565.jpg,2,2,2,2,3
inference_data/milk10k/MILK10k_Training_Input/IL_4790856/ISIC_4470087.jpg,2,2,2,3,2
inference_data/milk10k/MILK10k_Training_Input/IL_4790856/ISIC_3384621.jpg,2,1,2,2,2
inference_data/milk10k/MILK10k_Training_Input/IL_4791300/ISIC_7100195.jpg,2,2,2,2,2
inference_data/milk10k/MILK10k_Training_Input/IL_4791300/ISIC_5763228.jpg,3,3,3,2,3
inference_data/milk10k/MILK10k_Training_Input/IL_4793144/ISIC_1961823.jpg,2,2,2,2,2
inference_data/milk10k/MILK10k_Training_Input/IL_4793144/ISIC_1307470.jpg,1,1,1,1,1
inference_data/milk10k/MILK10k_Training_Input/IL_4794803/ISIC_5632079.jpg,4,3,4,4,4
inference_data/milk10k/MILK10k_Training_Input/IL_4794803/ISIC_2754845.jpg,1,1,1,1,1
inference_data/milk10k/MILK10k_Training_Input/IL_4794810/ISIC_4438089.jpg,3,3,3,3,3
inference_data/milk10k/MILK10k_Training_Input/IL_4794810/ISIC_6930203.jpg,1,1,1,1,1
inference_data/milk10k/MILK10k_Training_Input/IL_4796364/ISIC_7790823.jpg,2,2,2,2,2
inference_data/milk10k/MILK10k_Training_Input/IL_4796364/ISIC_0310855.jpg,1,1,1,1,1
inference_data/milk10k/MILK10k_Training_Input/IL_4797529/ISIC_9078796.jpg,3,3,3,3,3
inference_data/milk10k/MILK10k_Training_Input/IL_4797529/ISIC_7657322.jpg,1,1,1,1,1
inference_data/milk10k/MILK10k_Training_Input/IL_4799699/ISIC_6517004.jpg,2,1,2,2,2
inference_data/milk10k/MILK10k_Training_Input/IL_4799699/ISIC_7283528.jpg,1,1,1,1,1
inference_data/milk10k/MILK10k_Training_Input/IL_4805155/ISIC_2055021.jpg,4,3,4,4,4
inference_data/milk10k/MILK10k_Training_Input/IL_4805155/ISIC_9451867.jpg,1,1,1,1,2
inference_data/milk10k/MILK10k_Training_Input/IL_4807547/ISIC_6580142.jpg,4,4,4,4,4
inference_data/milk10k/MILK10k_Training_Input/IL_4807547/ISIC_8331574.jpg,1,1,1,1,1
inference_data/milk10k/MILK10k_Training_Input/IL_4811840/ISIC_1476980.jpg,2,2,2,2,2
inference_data/milk10k/MILK10k_Training_Input/IL_4811840/ISIC_9922993.jpg,2,2,2,2,2
inference_data/milk10k/MILK10k_Training_Input/IL_4820678/ISIC_5248965.jpg,2,2,2,2,2
inference_data/milk10k/MILK10k_Training_Input/IL_4820678/ISIC_8776793.jpg,2,2,2,2,2
inference_data/milk10k/MILK10k_Training_Input/IL_4826188/ISIC_2508689.jpg,3,3,4,4,3
inference_data/milk10k/MILK10k_Training_Input/IL_4826188/ISIC_2725046.jpg,2,2,1,1,2
inference_data/milk10k/MILK10k_Training_Input/IL_4826540/ISIC_8816308.jpg,3,2,3,3,3
inference_data/milk10k/MILK10k_Training_Input/IL_4826540/ISIC_3320667.jpg,1,1,1,1,1
inference_data/milk10k/MILK10k_Training_Input/IL_4829953/ISIC_5030554.jpg,4,3,4,4,4
inference_data/milk10k/MILK10k_Training_Input/IL_4829953/ISIC_5350988.jpg,2,3,2,3,3
inference_data/milk10k/MILK10k_Training_Input/IL_4831805/ISIC_1113064.jpg,3,2,2,3,2
inference_data/milk10k/MILK10k_Training_Input/IL_4831805/ISIC_8633121.jpg,2,2,2,2,3
inference_data/milk10k/MILK10k_Training_Input/IL_4831820/ISIC_9285071.jpg,2,2,1,2,2
inference_data/milk10k/MILK10k_Training_Input/IL_4831820/ISIC_2590498.jpg,1,1,1,1,1
inference_data/milk10k/MILK10k_Training_Input/IL_4836988/ISIC_1909122.jpg,3,3,3,3,3
inference_data/milk10k/MILK10k_Training_Input/IL_4836988/ISIC_2735511.jpg,2,2,2,2,2
inference_data/milk10k/MILK10k_Training_Input/IL_4840616/ISIC_8989132.jpg,2,2,2,2,2
inference_data/milk10k/MILK10k_Training_Input/IL_4840616/ISIC_4683265.jpg,1,1,1,1,1
inference_data/milk10k/MILK10k_Training_Input/IL_4843671/ISIC_1186941.jpg,2,2,2,2,2
inference_data/milk10k/MILK10k_Training_Input/IL_4843671/ISIC_5178949.jpg,1,1,1,1,1
inference_data/milk10k/MILK10k_Training_Input/IL_4845726/ISIC_8108965.jpg,2,1,2,2,1
inference_data/milk10k/MILK10k_Training_Input/IL_4845726/ISIC_3999304.jpg,2,2,1,1,2
inference_data/milk10k/MILK10k_Training_Input/IL_4846711/ISIC_4893353.jpg,2,2,2,2,2
inference_data/milk10k/MILK10k_Training_Input/IL_4846711/ISIC_8421484.jpg,2,2,2,2,2
inference_data/milk10k/MILK10k_Training_Input/IL_4850244/ISIC_3690079.jpg,3,3,3,3,3
inference_data/milk10k/MILK10k_Training_Input/IL_4850244/ISIC_7454308.jpg,2,2,1,2,2
inference_data/milk10k/MILK10k_Training_Input/IL_4851899/ISIC_8910720.jpg,3,3,3,3,3
inference_data/milk10k/MILK10k_Training_Input/IL_4851899/ISIC_2029702.jpg,1,1,1,1,2
inference_data/milk10k/MILK10k_Training_Input/IL_4855362/ISIC_2772998.jpg,3,3,3,3,3
inference_data/milk10k/MILK10k_Training_Input/IL_4855362/ISIC_9648773.jpg,1,1,1,1,1
inference_data/milk10k/MILK10k_Training_Input/IL_4859136/ISIC_9207862.jpg,1,1,1,2,1
inference_data/milk10k/MILK10k_Training_Input/IL_4859136/ISIC_7284546.jpg,2,2,2,2,2
inference_data/milk10k/MILK10k_Training_Input/IL_4860977/ISIC_0483066.jpg,1,1,1,1,1
inference_data/milk10k/MILK10k_Training_Input/IL_4860977/ISIC_4270494.jpg,1,1,1,1,1
inference_data/milk10k/MILK10k_Training_Input/IL_4862804/ISIC_6872189.jpg,2,2,2,2,2
inference_data/milk10k/MILK10k_Training_Input/IL_4862804/ISIC_7974196.jpg,2,2,2,2,2
inference_data/milk10k/MILK10k_Training_Input/IL_4864360/ISIC_8791911.jpg,3,3,3,3,3
inference_data/milk10k/MILK10k_Training_Input/IL_4864360/ISIC_6327414.jpg,2,2,1,1,2
inference_data/milk10k/MILK10k_Training_Input/IL_4865091/ISIC_4716765.jpg,1,1,1,2,2
inference_data/milk10k/MILK10k_Training_Input/IL_4865091/ISIC_8457494.jpg,2,2,2,2,2
inference_data/milk10k/MILK10k_Training_Input/IL_4865412/ISIC_3963646.jpg,2,1,1,2,1
inference_data/milk10k/MILK10k_Training_Input/IL_4865412/ISIC_5714567.jpg,2,2,1,2,2
inference_data/milk10k/MILK10k_Training_Input/IL_4865476/ISIC_7253697.jpg,2,2,2,3,2
inference_data/milk10k/MILK10k_Training_Input/IL_4865476/ISIC_3063587.jpg,1,1,0,1,1
inference_data/milk10k/MILK10k_Training_Input/IL_4866547/ISIC_4442537.jpg,2,2,2,2,2
inference_data/milk10k/MILK10k_Training_Input/IL_4866547/ISIC_0535290.jpg,1,1,1,1,2
inference_data/milk10k/MILK10k_Training_Input/IL_4873661/ISIC_1985350.jpg,2,2,2,2,2
inference_data/milk10k/MILK10k_Training_Input/IL_4873661/ISIC_1903516.jpg,1,1,1,1,2
inference_data/milk10k/MILK10k_Training_Input/IL_4876348/ISIC_8753280.jpg,2,2,2,3,2
inference_data/milk10k/MILK10k_Training_Input/IL_4876348/ISIC_9452345.jpg,1,2,1,2,2
inference_data/milk10k/MILK10k_Training_Input/IL_4877466/ISIC_8114381.jpg,4,4,4,4,4
inference_data/milk10k/MILK10k_Training_Input/IL_4877466/ISIC_5264230.jpg,1,1,1,1,1
inference_data/milk10k/MILK10k_Training_Input/IL_4877851/ISIC_6669060.jpg,2,1,2,2,1
inference_data/milk10k/MILK10k_Training_Input/IL_4877851/ISIC_7855982.jpg,1,1,1,1,1
inference_data/milk10k/MILK10k_Training_Input/IL_4878872/ISIC_5824457.jpg,4,3,4,4,3
inference_data/milk10k/MILK10k_Training_Input/IL_4878872/ISIC_1081140.jpg,2,1,1,2,2
inference_data/milk10k/MILK10k_Training_Input/IL_4879844/ISIC_0489493.jpg,2,2,2,2,2
inference_data/milk10k/MILK10k_Training_Input/IL_4879844/ISIC_5962932.jpg,1,1,1,1,1
inference_data/milk10k/MILK10k_Training_Input/IL_4879979/ISIC_9790523.jpg,3,2,3,3,3
inference_data/milk10k/MILK10k_Training_Input/IL_4879979/ISIC_2230159.jpg,1,1,0,1,1
inference_data/milk10k/MILK10k_Training_Input/IL_4885447/ISIC_8572592.jpg,3,2,3,3,2
inference_data/milk10k/MILK10k_Training_Input/IL_4885447/ISIC_3689711.jpg,1,1,1,2,2
inference_data/milk10k/MILK10k_Training_Input/IL_4885468/ISIC_8172800.jpg,2,2,2,2,2
inference_data/milk10k/MILK10k_Training_Input/IL_4885468/ISIC_2284196.jpg,2,1,1,2,2
inference_data/milk10k/MILK10k_Training_Input/IL_4889652/ISIC_2822468.jpg,3,2,3,3,2
inference_data/milk10k/MILK10k_Training_Input/IL_4889652/ISIC_5343551.jpg,2,1,1,2,2
inference_data/milk10k/MILK10k_Training_Input/IL_4891045/ISIC_0176893.jpg,3,2,3,3,2
inference_data/milk10k/MILK10k_Training_Input/IL_4891045/ISIC_2153011.jpg,2,1,1,2,2
inference_data/milk10k/MILK10k_Training_Input/IL_4893133/ISIC_8431410.jpg,2,2,1,2,2
inference_data/milk10k/MILK10k_Training_Input/IL_4893133/ISIC_2245518.jpg,1,1,0,1,1
inference_data/milk10k/MILK10k_Training_Input/IL_4896057/ISIC_4342189.jpg,3,2,2,2,2
inference_data/milk10k/MILK10k_Training_Input/IL_4896057/ISIC_2378626.jpg,1,1,1,1,2
inference_data/milk10k/MILK10k_Training_Input/IL_4896653/ISIC_7196976.jpg,2,2,1,2,2
inference_data/milk10k/MILK10k_Training_Input/IL_4896653/ISIC_8402813.jpg,1,1,1,1,1
inference_data/milk10k/MILK10k_Training_Input/IL_4900947/ISIC_4661049.jpg,2,1,2,2,2
inference_data/milk10k/MILK10k_Training_Input/IL_4900947/ISIC_9961570.jpg,1,1,0,1,1
inference_data/milk10k/MILK10k_Training_Input/IL_4902054/ISIC_2708483.jpg,2,1,2,1,2
inference_data/milk10k/MILK10k_Training_Input/IL_4902054/ISIC_9451191.jpg,3,2,2,3,3
inference_data/milk10k/MILK10k_Training_Input/IL_4906380/ISIC_6657999.jpg,3,2,3,3,3
inference_data/milk10k/MILK10k_Training_Input/IL_4906380/ISIC_0772345.jpg,3,3,3,3,3
inference_data/milk10k/MILK10k_Training_Input/IL_4907068/ISIC_1798918.jpg,2,2,1,2,2
inference_data/milk10k/MILK10k_Training_Input/IL_4907068/ISIC_7744790.jpg,1,1,1,1,1
inference_data/milk10k/MILK10k_Training_Input/IL_4908746/ISIC_5765489.jpg,3,2,3,2,2
inference_data/milk10k/MILK10k_Training_Input/IL_4908746/ISIC_8532648.jpg,2,2,1,2,2
inference_data/milk10k/MILK10k_Training_Input/IL_4910941/ISIC_1066639.jpg,3,3,3,3,3
inference_data/milk10k/MILK10k_Training_Input/IL_4910941/ISIC_3995849.jpg,1,1,1,1,1
inference_data/milk10k/MILK10k_Training_Input/IL_4912599/ISIC_6227794.jpg,3,2,3,3,3
inference_data/milk10k/MILK10k_Training_Input/IL_4912599/ISIC_8546307.jpg,1,1,1,2,2
inference_data/milk10k/MILK10k_Training_Input/IL_4913494/ISIC_3355310.jpg,2,2,2,3,2
inference_data/milk10k/MILK10k_Training_Input/IL_4913494/ISIC_5543919.jpg,2,2,2,2,2
inference_data/milk10k/MILK10k_Training_Input/IL_4915853/ISIC_9929712.jpg,3,3,3,3,3
inference_data/milk10k/MILK10k_Training_Input/IL_4915853/ISIC_4231056.jpg,1,1,1,1,1
inference_data/milk10k/MILK10k_Training_Input/IL_4918167/ISIC_6216289.jpg,2,2,2,2,2
inference_data/milk10k/MILK10k_Training_Input/IL_4918167/ISIC_9630006.jpg,1,1,1,1,1
inference_data/milk10k/MILK10k_Training_Input/IL_4918224/ISIC_3639193.jpg,2,2,2,2,2
inference_data/milk10k/MILK10k_Training_Input/IL_4918224/ISIC_9503013.jpg,2,2,1,2,2
inference_data/milk10k/MILK10k_Training_Input/IL_4918267/ISIC_8271657.jpg,4,3,3,4,3
inference_data/milk10k/MILK10k_Training_Input/IL_4918267/ISIC_9944485.jpg,2,1,1,1,2
inference_data/milk10k/MILK10k_Training_Input/IL_4918829/ISIC_9532907.jpg,2,2,2,2,2
inference_data/milk10k/MILK10k_Training_Input/IL_4918829/ISIC_2763588.jpg,1,1,1,1,1
inference_data/milk10k/MILK10k_Training_Input/IL_4921939/ISIC_0715312.jpg,2,2,2,2,2
inference_data/milk10k/MILK10k_Training_Input/IL_4921939/ISIC_8184315.jpg,1,1,1,1,1
inference_data/milk10k/MILK10k_Training_Input/IL_4922531/ISIC_4318027.jpg,2,1,2,2,1
inference_data/milk10k/MILK10k_Training_Input/IL_4922531/ISIC_8627581.jpg,2,2,2,1,2
inference_data/milk10k/MILK10k_Training_Input/IL_4923894/ISIC_2958443.jpg,2,2,2,2,2
inference_data/milk10k/MILK10k_Training_Input/IL_4923894/ISIC_3567091.jpg,2,2,1,2,2
inference_data/milk10k/MILK10k_Training_Input/IL_4924328/ISIC_6138256.jpg,2,2,2,3,2
inference_data/milk10k/MILK10k_Training_Input/IL_4924328/ISIC_8353499.jpg,2,2,2,2,2
inference_data/milk10k/MILK10k_Training_Input/IL_4924418/ISIC_1731382.jpg,2,2,2,2,2
inference_data/milk10k/MILK10k_Training_Input/IL_4924418/ISIC_3070466.jpg,1,1,1,1,1
inference_data/milk10k/MILK10k_Training_Input/IL_4924937/ISIC_5378878.jpg,2,2,2,2,2
inference_data/milk10k/MILK10k_Training_Input/IL_4924937/ISIC_4419306.jpg,1,1,1,1,1
inference_data/milk10k/MILK10k_Training_Input/IL_4926064/ISIC_6698584.jpg,2,1,1,2,2
inference_data/milk10k/MILK10k_Training_Input/IL_4926064/ISIC_0860468.jpg,2,1,1,2,2
inference_data/milk10k/MILK10k_Training_Input/IL_4928087/ISIC_5874977.jpg,4,3,4,4,4
inference_data/milk10k/MILK10k_Training_Input/IL_4928087/ISIC_5010590.jpg,2,2,1,2,2
inference_data/milk10k/MILK10k_Training_Input/IL_4929209/ISIC_8800634.jpg,2,2,2,2,2
inference_data/milk10k/MILK10k_Training_Input/IL_4929209/ISIC_0698052.jpg,1,1,1,1,1
inference_data/milk10k/MILK10k_Training_Input/IL_4930300/ISIC_1897373.jpg,3,2,3,3,2
inference_data/milk10k/MILK10k_Training_Input/IL_4930300/ISIC_5555712.jpg,1,1,1,1,1
inference_data/milk10k/MILK10k_Training_Input/IL_4932041/ISIC_2892335.jpg,2,2,2,2,2
inference_data/milk10k/MILK10k_Training_Input/IL_4932041/ISIC_3015606.jpg,2,1,1,1,1
inference_data/milk10k/MILK10k_Training_Input/IL_4933639/ISIC_9810739.jpg,2,2,2,2,2
inference_data/milk10k/MILK10k_Training_Input/IL_4933639/ISIC_6125353.jpg,4,4,4,4,4
inference_data/milk10k/MILK10k_Training_Input/IL_4935391/ISIC_1895532.jpg,3,3,3,3,3
inference_data/milk10k/MILK10k_Training_Input/IL_4935391/ISIC_0786326.jpg,1,1,0,1,1
inference_data/milk10k/MILK10k_Training_Input/IL_4935428/ISIC_5788932.jpg,2,2,2,2,2
inference_data/milk10k/MILK10k_Training_Input/IL_4935428/ISIC_1666328.jpg,1,1,1,1,1
inference_data/milk10k/MILK10k_Training_Input/IL_4935595/ISIC_2903716.jpg,4,3,4,4,3
inference_data/milk10k/MILK10k_Training_Input/IL_4935595/ISIC_4171839.jpg,2,2,2,2,2
inference_data/milk10k/MILK10k_Training_Input/IL_4939300/ISIC_2451051.jpg,3,3,4,4,3
inference_data/milk10k/MILK10k_Training_Input/IL_4939300/ISIC_5833579.jpg,1,1,1,1,1
inference_data/milk10k/MILK10k_Training_Input/IL_4941375/ISIC_5542664.jpg,2,2,2,2,2
inference_data/milk10k/MILK10k_Training_Input/IL_4941375/ISIC_6451061.jpg,1,1,1,1,1
inference_data/milk10k/MILK10k_Training_Input/IL_4954108/ISIC_2025477.jpg,2,2,3,3,2
inference_data/milk10k/MILK10k_Training_Input/IL_4954108/ISIC_6691035.jpg,2,2,2,2,2
inference_data/milk10k/MILK10k_Training_Input/IL_4962584/ISIC_3213706.jpg,4,4,4,4,4
inference_data/milk10k/MILK10k_Training_Input/IL_4962584/ISIC_0499739.jpg,2,2,2,2,2
inference_data/milk10k/MILK10k_Training_Input/IL_4966664/ISIC_3508606.jpg,2,2,2,2,2
inference_data/milk10k/MILK10k_Training_Input/IL_4966664/ISIC_8005759.jpg,1,1,1,1,1
inference_data/milk10k/MILK10k_Training_Input/IL_4966726/ISIC_8839444.jpg,2,2,2,3,2
inference_data/milk10k/MILK10k_Training_Input/IL_4966726/ISIC_9728749.jpg,2,2,2,2,2
inference_data/milk10k/MILK10k_Training_Input/IL_4968096/ISIC_3545489.jpg,3,3,3,3,3
inference_data/milk10k/MILK10k_Training_Input/IL_4968096/ISIC_3159699.jpg,1,1,1,1,1
inference_data/milk10k/MILK10k_Training_Input/IL_4970478/ISIC_9828047.jpg,2,2,2,2,2
inference_data/milk10k/MILK10k_Training_Input/IL_4970478/ISIC_3917002.jpg,1,1,1,1,1
inference_data/milk10k/MILK10k_Training_Input/IL_4970888/ISIC_1867477.jpg,2,2,2,2,2
inference_data/milk10k/MILK10k_Training_Input/IL_4970888/ISIC_7979271.jpg,2,1,1,2,2
inference_data/milk10k/MILK10k_Training_Input/IL_4974594/ISIC_3672764.jpg,4,3,4,3,4
inference_data/milk10k/MILK10k_Training_Input/IL_4974594/ISIC_9912332.jpg,1,1,1,1,1
inference_data/milk10k/MILK10k_Training_Input/IL_4975498/ISIC_0975299.jpg,2,2,2,2,2
inference_data/milk10k/MILK10k_Training_Input/IL_4975498/ISIC_1365576.jpg,2,2,2,2,2
inference_data/milk10k/MILK10k_Training_Input/IL_4976689/ISIC_7605546.jpg,3,3,3,3,3
inference_data/milk10k/MILK10k_Training_Input/IL_4976689/ISIC_0448586.jpg,2,2,2,2,2
inference_data/milk10k/MILK10k_Training_Input/IL_4978975/ISIC_0612181.jpg,3,3,3,4,3
inference_data/milk10k/MILK10k_Training_Input/IL_4978975/ISIC_2646200.jpg,1,2,1,1,1
inference_data/milk10k/MILK10k_Training_Input/IL_4980476/ISIC_8937601.jpg,3,3,3,3,3
inference_data/milk10k/MILK10k_Training_Input/IL_4980476/ISIC_9111814.jpg,2,3,2,2,2
inference_data/milk10k/MILK10k_Training_Input/IL_4980743/ISIC_8647252.jpg,2,2,2,2,2
inference_data/milk10k/MILK10k_Training_Input/IL_4980743/ISIC_7395485.jpg,2,1,1,1,2
inference_data/milk10k/MILK10k_Training_Input/IL_4986261/ISIC_8611718.jpg,3,2,3,3,3
inference_data/milk10k/MILK10k_Training_Input/IL_4986261/ISIC_5622324.jpg,2,2,2,3,2
inference_data/milk10k/MILK10k_Training_Input/IL_4987337/ISIC_9061787.jpg,3,3,3,3,3
inference_data/milk10k/MILK10k_Training_Input/IL_4987337/ISIC_3703123.jpg,1,2,1,2,2
inference_data/milk10k/MILK10k_Training_Input/IL_4987655/ISIC_0499702.jpg,3,3,3,3,3
inference_data/milk10k/MILK10k_Training_Input/IL_4987655/ISIC_3431348.jpg,1,1,1,1,1
inference_data/milk10k/MILK10k_Training_Input/IL_4988250/ISIC_3942749.jpg,2,2,3,3,2
inference_data/milk10k/MILK10k_Training_Input/IL_4988250/ISIC_8191999.jpg,2,2,2,2,2
inference_data/milk10k/MILK10k_Training_Input/IL_4990180/ISIC_3159028.jpg,3,3,3,3,3
inference_data/milk10k/MILK10k_Training_Input/IL_4990180/ISIC_7436712.jpg,2,2,2,2,2
inference_data/milk10k/MILK10k_Training_Input/IL_4991400/ISIC_6739511.jpg,4,3,4,4,4
inference_data/milk10k/MILK10k_Training_Input/IL_4991400/ISIC_0899069.jpg,2,2,2,2,2
inference_data/milk10k/MILK10k_Training_Input/IL_4992123/ISIC_0763559.jpg,3,2,3,2,2
inference_data/milk10k/MILK10k_Training_Input/IL_4992123/ISIC_6074237.jpg,1,1,1,1,1
inference_data/milk10k/MILK10k_Training_Input/IL_4996193/ISIC_7254042.jpg,3,3,3,3,3
inference_data/milk10k/MILK10k_Training_Input/IL_4996193/ISIC_8750253.jpg,2,2,2,2,2
inference_data/milk10k/MILK10k_Training_Input/IL_4997932/ISIC_3418625.jpg,4,4,4,4,4
inference_data/milk10k/MILK10k_Training_Input/IL_4997932/ISIC_4357637.jpg,2,1,2,2,2
inference_data/milk10k/MILK10k_Training_Input/IL_5002382/ISIC_4546539.jpg,3,3,3,3,3
inference_data/milk10k/MILK10k_Training_Input/IL_5002382/ISIC_7037056.jpg,1,1,0,1,1
inference_data/milk10k/MILK10k_Training_Input/IL_5008733/ISIC_9581030.jpg,3,3,3,3,3
inference_data/milk10k/MILK10k_Training_Input/IL_5008733/ISIC_6036586.jpg,1,1,1,1,1
inference_data/milk10k/MILK10k_Training_Input/IL_5009030/ISIC_9738298.jpg,1,1,1,1,1
inference_data/milk10k/MILK10k_Training_Input/IL_5009030/ISIC_9120905.jpg,1,1,0,1,1
inference_data/milk10k/MILK10k_Training_Input/IL_5010789/ISIC_5029533.jpg,2,2,2,2,2
inference_data/milk10k/MILK10k_Training_Input/IL_5010789/ISIC_0496864.jpg,1,1,1,1,2
inference_data/milk10k/MILK10k_Training_Input/IL_5010876/ISIC_1900694.jpg,3,2,2,3,2
inference_data/milk10k/MILK10k_Training_Input/IL_5010876/ISIC_7705117.jpg,3,2,3,3,3
inference_data/milk10k/MILK10k_Training_Input/IL_5011583/ISIC_4307964.jpg,2,2,1,2,2
inference_data/milk10k/MILK10k_Training_Input/IL_5011583/ISIC_9354948.jpg,1,1,1,1,2
inference_data/milk10k/MILK10k_Training_Input/IL_5012035/ISIC_5296837.jpg,2,2,2,2,2
inference_data/milk10k/MILK10k_Training_Input/IL_5012035/ISIC_6376325.jpg,3,3,3,3,3
inference_data/milk10k/MILK10k_Training_Input/IL_5014873/ISIC_5495313.jpg,2,2,2,2,2
inference_data/milk10k/MILK10k_Training_Input/IL_5014873/ISIC_7081739.jpg,1,1,1,1,1
inference_data/milk10k/MILK10k_Training_Input/IL_5016629/ISIC_0649359.jpg,3,2,3,3,3
inference_data/milk10k/MILK10k_Training_Input/IL_5016629/ISIC_2372341.jpg,1,1,1,1,1
inference_data/milk10k/MILK10k_Training_Input/IL_5017325/ISIC_8249583.jpg,2,2,1,2,2
inference_data/milk10k/MILK10k_Training_Input/IL_5017325/ISIC_7425846.jpg,1,1,1,1,1
inference_data/milk10k/MILK10k_Training_Input/IL_5017346/ISIC_7590490.jpg,1,1,1,1,1
inference_data/milk10k/MILK10k_Training_Input/IL_5017346/ISIC_6044458.jpg,1,1,1,1,1
inference_data/milk10k/MILK10k_Training_Input/IL_5019289/ISIC_1111646.jpg,3,2,3,3,3
inference_data/milk10k/MILK10k_Training_Input/IL_5019289/ISIC_1124077.jpg,2,2,2,2,2
inference_data/milk10k/MILK10k_Training_Input/IL_5022797/ISIC_5459597.jpg,2,2,3,2,2
inference_data/milk10k/MILK10k_Training_Input/IL_5022797/ISIC_1025100.jpg,1,1,1,1,1
inference_data/milk10k/MILK10k_Training_Input/IL_5023109/ISIC_2124339.jpg,2,2,2,2,2
inference_data/milk10k/MILK10k_Training_Input/IL_5023109/ISIC_2084154.jpg,1,1,1,1,1
inference_data/milk10k/MILK10k_Training_Input/IL_5026579/ISIC_6328900.jpg,2,2,2,2,2
inference_data/milk10k/MILK10k_Training_Input/IL_5026579/ISIC_1556154.jpg,1,1,1,1,1
inference_data/milk10k/MILK10k_Training_Input/IL_5033079/ISIC_8577913.jpg,2,2,2,2,2
inference_data/milk10k/MILK10k_Training_Input/IL_5033079/ISIC_3494647.jpg,1,1,1,1,1
inference_data/milk10k/MILK10k_Training_Input/IL_5033340/ISIC_8641274.jpg,3,3,3,3,3
inference_data/milk10k/MILK10k_Training_Input/IL_5033340/ISIC_4787120.jpg,1,1,1,1,1
inference_data/milk10k/MILK10k_Training_Input/IL_5034134/ISIC_1859155.jpg,3,3,3,3,3
inference_data/milk10k/MILK10k_Training_Input/IL_5034134/ISIC_0956399.jpg,2,2,2,2,2
inference_data/milk10k/MILK10k_Training_Input/IL_5037450/ISIC_7001987.jpg,3,2,3,3,3
inference_data/milk10k/MILK10k_Training_Input/IL_5037450/ISIC_3129117.jpg,2,2,3,2,2
inference_data/milk10k/MILK10k_Training_Input/IL_5037876/ISIC_6027594.jpg,3,3,3,3,3
inference_data/milk10k/MILK10k_Training_Input/IL_5037876/ISIC_8744116.jpg,1,2,1,1,1
inference_data/milk10k/MILK10k_Training_Input/IL_5040645/ISIC_9261011.jpg,3,2,3,3,2
inference_data/milk10k/MILK10k_Training_Input/IL_5040645/ISIC_3183514.jpg,1,1,1,1,1
inference_data/milk10k/MILK10k_Training_Input/IL_5040782/ISIC_4282374.jpg,1,1,1,1,1
inference_data/milk10k/MILK10k_Training_Input/IL_5040782/ISIC_2738904.jpg,1,1,1,1,1
inference_data/milk10k/MILK10k_Training_Input/IL_5042712/ISIC_3776721.jpg,4,3,4,4,3
inference_data/milk10k/MILK10k_Training_Input/IL_5042712/ISIC_1135159.jpg,2,2,1,2,2
inference_data/milk10k/MILK10k_Training_Input/IL_5042864/ISIC_6372573.jpg,2,2,1,2,2
inference_data/milk10k/MILK10k_Training_Input/IL_5042864/ISIC_8699706.jpg,1,1,1,1,1
inference_data/milk10k/MILK10k_Training_Input/IL_5044233/ISIC_4065256.jpg,3,3,3,3,3
inference_data/milk10k/MILK10k_Training_Input/IL_5044233/ISIC_7602538.jpg,1,1,1,1,1
inference_data/milk10k/MILK10k_Training_Input/IL_5045775/ISIC_0608821.jpg,3,3,3,3,3
inference_data/milk10k/MILK10k_Training_Input/IL_5045775/ISIC_3356573.jpg,1,1,1,1,1
inference_data/milk10k/MILK10k_Training_Input/IL_5046857/ISIC_6318069.jpg,3,2,3,3,2
inference_data/milk10k/MILK10k_Training_Input/IL_5046857/ISIC_4565131.jpg,1,1,1,1,1
inference_data/milk10k/MILK10k_Training_Input/IL_5052158/ISIC_0257297.jpg,2,2,2,3,2
inference_data/milk10k/MILK10k_Training_Input/IL_5052158/ISIC_8285958.jpg,2,2,2,2,2
inference_data/milk10k/MILK10k_Training_Input/IL_5055807/ISIC_1090794.jpg,1,1,1,1,1
inference_data/milk10k/MILK10k_Training_Input/IL_5055807/ISIC_7067948.jpg,2,2,1,2,2
inference_data/milk10k/MILK10k_Training_Input/IL_5058360/ISIC_8120877.jpg,3,3,3,3,2
inference_data/milk10k/MILK10k_Training_Input/IL_5058360/ISIC_9392092.jpg,1,1,1,1,1
inference_data/milk10k/MILK10k_Training_Input/IL_5060375/ISIC_0263908.jpg,2,2,2,2,2
inference_data/milk10k/MILK10k_Training_Input/IL_5060375/ISIC_2202352.jpg,2,1,1,1,1
inference_data/milk10k/MILK10k_Training_Input/IL_5063173/ISIC_6535679.jpg,3,2,3,3,3
inference_data/milk10k/MILK10k_Training_Input/IL_5063173/ISIC_6636694.jpg,2,2,2,2,2
inference_data/milk10k/MILK10k_Training_Input/IL_5064276/ISIC_3873129.jpg,3,3,3,2,3
inference_data/milk10k/MILK10k_Training_Input/IL_5064276/ISIC_9895318.jpg,1,1,1,1,1
inference_data/milk10k/MILK10k_Training_Input/IL_5066256/ISIC_1306180.jpg,2,2,2,2,2
inference_data/milk10k/MILK10k_Training_Input/IL_5066256/ISIC_4025658.jpg,1,1,1,1,2
inference_data/milk10k/MILK10k_Training_Input/IL_5066436/ISIC_1943368.jpg,3,3,3,4,3
inference_data/milk10k/MILK10k_Training_Input/IL_5066436/ISIC_5602626.jpg,1,1,1,2,2
inference_data/milk10k/MILK10k_Training_Input/IL_5069726/ISIC_7518317.jpg,2,2,2,3,2
inference_data/milk10k/MILK10k_Training_Input/IL_5069726/ISIC_8759215.jpg,2,2,2,2,2
inference_data/milk10k/MILK10k_Training_Input/IL_5071813/ISIC_1199576.jpg,2,2,1,1,1
inference_data/milk10k/MILK10k_Training_Input/IL_5071813/ISIC_9400307.jpg,1,1,0,1,1
inference_data/milk10k/MILK10k_Training_Input/IL_5073574/ISIC_9923880.jpg,2,2,2,2,2
inference_data/milk10k/MILK10k_Training_Input/IL_5073574/ISIC_5996604.jpg,1,1,1,1,1
inference_data/milk10k/MILK10k_Training_Input/IL_5074054/ISIC_3115412.jpg,3,3,3,3,3
inference_data/milk10k/MILK10k_Training_Input/IL_5074054/ISIC_4722294.jpg,2,2,2,2,2
inference_data/milk10k/MILK10k_Training_Input/IL_5076594/ISIC_5323349.jpg,3,3,3,3,3
inference_data/milk10k/MILK10k_Training_Input/IL_5076594/ISIC_3818412.jpg,2,2,2,2,2
inference_data/milk10k/MILK10k_Training_Input/IL_5076804/ISIC_3790590.jpg,2,2,2,2,2
inference_data/milk10k/MILK10k_Training_Input/IL_5076804/ISIC_0317094.jpg,2,2,2,2,2
inference_data/milk10k/MILK10k_Training_Input/IL_5076960/ISIC_0281083.jpg,3,3,3,3,2
inference_data/milk10k/MILK10k_Training_Input/IL_5076960/ISIC_9161483.jpg,1,1,1,1,1
inference_data/milk10k/MILK10k_Training_Input/IL_5076963/ISIC_5783163.jpg,4,4,4,4,4
inference_data/milk10k/MILK10k_Training_Input/IL_5076963/ISIC_2307453.jpg,1,1,1,1,1
inference_data/milk10k/MILK10k_Training_Input/IL_5078646/ISIC_3045344.jpg,1,1,1,1,1
inference_data/milk10k/MILK10k_Training_Input/IL_5078646/ISIC_8231437.jpg,1,2,1,1,2
inference_data/milk10k/MILK10k_Training_Input/IL_5078787/ISIC_1382049.jpg,2,2,2,2,2
inference_data/milk10k/MILK10k_Training_Input/IL_5078787/ISIC_3766990.jpg,2,1,1,2,2
inference_data/milk10k/MILK10k_Training_Input/IL_5083460/ISIC_8243063.jpg,2,2,2,2,2
inference_data/milk10k/MILK10k_Training_Input/IL_5083460/ISIC_5761793.jpg,2,2,2,2,2
inference_data/milk10k/MILK10k_Training_Input/IL_5084556/ISIC_7555202.jpg,3,3,2,3,3
inference_data/milk10k/MILK10k_Training_Input/IL_5084556/ISIC_8129640.jpg,2,2,2,2,2
inference_data/milk10k/MILK10k_Training_Input/IL_5087037/ISIC_2176321.jpg,2,2,2,2,2
inference_data/milk10k/MILK10k_Training_Input/IL_5087037/ISIC_8204527.jpg,2,2,2,2,2
inference_data/milk10k/MILK10k_Training_Input/IL_5091449/ISIC_0534510.jpg,3,3,3,3,3
inference_data/milk10k/MILK10k_Training_Input/IL_5091449/ISIC_1510512.jpg,2,2,2,2,2
inference_data/milk10k/MILK10k_Training_Input/IL_5091814/ISIC_1533060.jpg,2,2,2,2,2
inference_data/milk10k/MILK10k_Training_Input/IL_5091814/ISIC_7319361.jpg,2,1,2,2,2
inference_data/milk10k/MILK10k_Training_Input/IL_5092028/ISIC_9384262.jpg,2,2,2,2,2
inference_data/milk10k/MILK10k_Training_Input/IL_5092028/ISIC_1999829.jpg,1,1,1,1,2
inference_data/milk10k/MILK10k_Training_Input/IL_5099226/ISIC_5149579.jpg,2,2,2,2,2
inference_data/milk10k/MILK10k_Training_Input/IL_5099226/ISIC_7206588.jpg,1,1,0,0,1
inference_data/milk10k/MILK10k_Training_Input/IL_5100758/ISIC_8740405.jpg,2,2,3,3,2
inference_data/milk10k/MILK10k_Training_Input/IL_5100758/ISIC_7501779.jpg,1,1,1,1,1
inference_data/milk10k/MILK10k_Training_Input/IL_5101024/ISIC_9639952.jpg,2,2,2,3,2
inference_data/milk10k/MILK10k_Training_Input/IL_5101024/ISIC_6877985.jpg,1,1,1,1,1
inference_data/milk10k/MILK10k_Training_Input/IL_5104216/ISIC_6347449.jpg,2,2,2,2,2
inference_data/milk10k/MILK10k_Training_Input/IL_5104216/ISIC_2675122.jpg,1,1,0,1,1
inference_data/milk10k/MILK10k_Training_Input/IL_5108044/ISIC_8476500.jpg,3,3,3,3,3
inference_data/milk10k/MILK10k_Training_Input/IL_5108044/ISIC_6357740.jpg,2,2,2,2,2
inference_data/milk10k/MILK10k_Training_Input/IL_5108772/ISIC_8847230.jpg,3,2,3,4,3
inference_data/milk10k/MILK10k_Training_Input/IL_5108772/ISIC_9422230.jpg,2,2,2,2,2
inference_data/milk10k/MILK10k_Training_Input/IL_5109788/ISIC_9955193.jpg,2,2,2,2,2
inference_data/milk10k/MILK10k_Training_Input/IL_5109788/ISIC_1275089.jpg,2,2,2,2,2
inference_data/milk10k/MILK10k_Training_Input/IL_5110941/ISIC_7302567.jpg,1,1,1,1,1
inference_data/milk10k/MILK10k_Training_Input/IL_5110941/ISIC_8731964.jpg,1,1,0,1,1
inference_data/milk10k/MILK10k_Training_Input/IL_5111144/ISIC_0270502.jpg,2,2,2,2,2
inference_data/milk10k/MILK10k_Training_Input/IL_5111144/ISIC_9909273.jpg,1,1,1,1,1
inference_data/milk10k/MILK10k_Training_Input/IL_5111323/ISIC_5416645.jpg,3,3,2,3,3
inference_data/milk10k/MILK10k_Training_Input/IL_5111323/ISIC_7402642.jpg,3,3,2,3,2
inference_data/milk10k/MILK10k_Training_Input/IL_5111360/ISIC_1971219.jpg,2,2,2,2,2
inference_data/milk10k/MILK10k_Training_Input/IL_5111360/ISIC_5597278.jpg,1,1,1,1,1
inference_data/milk10k/MILK10k_Training_Input/IL_5112545/ISIC_2670452.jpg,2,2,3,3,3
inference_data/milk10k/MILK10k_Training_Input/IL_5112545/ISIC_5837451.jpg,2,2,2,2,2
inference_data/milk10k/MILK10k_Training_Input/IL_5113202/ISIC_1471558.jpg,2,2,2,2,2
inference_data/milk10k/MILK10k_Training_Input/IL_5113202/ISIC_6787367.jpg,1,1,1,1,1
inference_data/milk10k/MILK10k_Training_Input/IL_5114359/ISIC_7484441.jpg,2,2,2,2,2
inference_data/milk10k/MILK10k_Training_Input/IL_5114359/ISIC_2097701.jpg,2,1,1,2,2
inference_data/milk10k/MILK10k_Training_Input/IL_5114934/ISIC_5341557.jpg,3,3,3,3,3
inference_data/milk10k/MILK10k_Training_Input/IL_5114934/ISIC_2086625.jpg,2,2,1,2,2
inference_data/milk10k/MILK10k_Training_Input/IL_5118297/ISIC_7919849.jpg,3,3,3,3,3
inference_data/milk10k/MILK10k_Training_Input/IL_5118297/ISIC_1325383.jpg,1,1,1,1,2
inference_data/milk10k/MILK10k_Training_Input/IL_5118917/ISIC_2293465.jpg,3,3,3,3,3
inference_data/milk10k/MILK10k_Training_Input/IL_5118917/ISIC_9584529.jpg,2,2,1,2,2
inference_data/milk10k/MILK10k_Training_Input/IL_5120662/ISIC_4803473.jpg,2,1,2,2,2
inference_data/milk10k/MILK10k_Training_Input/IL_5120662/ISIC_2068038.jpg,2,2,3,2,2
inference_data/milk10k/MILK10k_Training_Input/IL_5122434/ISIC_2696043.jpg,2,2,2,3,2
inference_data/milk10k/MILK10k_Training_Input/IL_5122434/ISIC_7363608.jpg,1,1,1,1,1
inference_data/milk10k/MILK10k_Training_Input/IL_5124334/ISIC_7467578.jpg,2,2,2,2,2
inference_data/milk10k/MILK10k_Training_Input/IL_5124334/ISIC_1603737.jpg,1,1,1,1,2
inference_data/milk10k/MILK10k_Training_Input/IL_5129613/ISIC_6968526.jpg,2,2,2,2,2
inference_data/milk10k/MILK10k_Training_Input/IL_5129613/ISIC_3712412.jpg,1,2,1,2,2
inference_data/milk10k/MILK10k_Training_Input/IL_5131456/ISIC_0758332.jpg,4,4,4,4,4
inference_data/milk10k/MILK10k_Training_Input/IL_5131456/ISIC_6950225.jpg,1,1,1,1,1
inference_data/milk10k/MILK10k_Training_Input/IL_5133299/ISIC_4083123.jpg,4,4,4,4,4
inference_data/milk10k/MILK10k_Training_Input/IL_5133299/ISIC_4277953.jpg,1,1,1,1,1
inference_data/milk10k/MILK10k_Training_Input/IL_5136335/ISIC_5187564.jpg,1,1,1,1,1
inference_data/milk10k/MILK10k_Training_Input/IL_5136335/ISIC_6137075.jpg,1,1,1,1,1
inference_data/milk10k/MILK10k_Training_Input/IL_5137541/ISIC_9294596.jpg,2,2,2,2,2
inference_data/milk10k/MILK10k_Training_Input/IL_5137541/ISIC_4444763.jpg,2,2,2,2,2
inference_data/milk10k/MILK10k_Training_Input/IL_5140022/ISIC_5013715.jpg,3,2,3,3,3
inference_data/milk10k/MILK10k_Training_Input/IL_5140022/ISIC_0823112.jpg,2,2,1,2,2
inference_data/milk10k/MILK10k_Training_Input/IL_5147950/ISIC_4438000.jpg,3,3,3,3,3
inference_data/milk10k/MILK10k_Training_Input/IL_5147950/ISIC_9973864.jpg,2,2,1,2,2
inference_data/milk10k/MILK10k_Training_Input/IL_5149230/ISIC_4443257.jpg,2,2,2,2,2
inference_data/milk10k/MILK10k_Training_Input/IL_5149230/ISIC_8255125.jpg,2,2,2,3,2
inference_data/milk10k/MILK10k_Training_Input/IL_5152283/ISIC_6792624.jpg,2,2,2,2,2
inference_data/milk10k/MILK10k_Training_Input/IL_5152283/ISIC_4639628.jpg,2,2,1,2,2
inference_data/milk10k/MILK10k_Training_Input/IL_5153554/ISIC_0373667.jpg,3,2,3,3,2
inference_data/milk10k/MILK10k_Training_Input/IL_5153554/ISIC_2024217.jpg,1,1,1,2,2
inference_data/milk10k/MILK10k_Training_Input/IL_5154479/ISIC_7142949.jpg,2,2,2,2,2
inference_data/milk10k/MILK10k_Training_Input/IL_5154479/ISIC_3926968.jpg,3,2,3,3,3
inference_data/milk10k/MILK10k_Training_Input/IL_5154622/ISIC_2794614.jpg,2,2,2,2,2
inference_data/milk10k/MILK10k_Training_Input/IL_5154622/ISIC_7078711.jpg,2,2,2,2,2
inference_data/milk10k/MILK10k_Training_Input/IL_5154725/ISIC_3564212.jpg,2,2,2,2,2
inference_data/milk10k/MILK10k_Training_Input/IL_5154725/ISIC_2366596.jpg,1,1,1,1,1
inference_data/milk10k/MILK10k_Training_Input/IL_5156328/ISIC_2671519.jpg,3,2,3,3,2
inference_data/milk10k/MILK10k_Training_Input/IL_5156328/ISIC_1309001.jpg,2,2,2,2,2
inference_data/milk10k/MILK10k_Training_Input/IL_5157227/ISIC_7958109.jpg,2,2,2,2,2
inference_data/milk10k/MILK10k_Training_Input/IL_5157227/ISIC_9792283.jpg,2,2,1,2,2
inference_data/milk10k/MILK10k_Training_Input/IL_5157883/ISIC_5721420.jpg,3,3,3,3,3
inference_data/milk10k/MILK10k_Training_Input/IL_5157883/ISIC_0508629.jpg,2,2,2,2,2
inference_data/milk10k/MILK10k_Training_Input/IL_5158358/ISIC_1883149.jpg,2,2,1,2,2
inference_data/milk10k/MILK10k_Training_Input/IL_5158358/ISIC_6115749.jpg,1,1,1,1,1
inference_data/milk10k/MILK10k_Training_Input/IL_5160108/ISIC_3287000.jpg,1,1,1,1,1
inference_data/milk10k/MILK10k_Training_Input/IL_5160108/ISIC_1999475.jpg,1,1,1,1,2
inference_data/milk10k/MILK10k_Training_Input/IL_5160157/ISIC_5932619.jpg,2,2,3,3,2
inference_data/milk10k/MILK10k_Training_Input/IL_5160157/ISIC_0836815.jpg,2,2,2,2,2
inference_data/milk10k/MILK10k_Training_Input/IL_5161470/ISIC_7197136.jpg,3,2,3,3,3
inference_data/milk10k/MILK10k_Training_Input/IL_5161470/ISIC_0893723.jpg,1,1,1,1,2
inference_data/milk10k/MILK10k_Training_Input/IL_5162996/ISIC_2164257.jpg,2,2,2,2,2
inference_data/milk10k/MILK10k_Training_Input/IL_5162996/ISIC_7892545.jpg,1,1,1,1,2
inference_data/milk10k/MILK10k_Training_Input/IL_5163044/ISIC_9676659.jpg,2,2,2,3,2
inference_data/milk10k/MILK10k_Training_Input/IL_5163044/ISIC_4585749.jpg,1,1,1,1,1
inference_data/milk10k/MILK10k_Training_Input/IL_5163548/ISIC_4013061.jpg,2,2,2,2,2
inference_data/milk10k/MILK10k_Training_Input/IL_5163548/ISIC_0570358.jpg,2,3,3,3,3
inference_data/milk10k/MILK10k_Training_Input/IL_5167045/ISIC_2556688.jpg,2,2,2,2,2
inference_data/milk10k/MILK10k_Training_Input/IL_5167045/ISIC_8023105.jpg,2,2,2,2,2
inference_data/milk10k/MILK10k_Training_Input/IL_5173093/ISIC_0097906.jpg,3,2,3,3,3
inference_data/milk10k/MILK10k_Training_Input/IL_5173093/ISIC_4497730.jpg,2,2,2,2,2
inference_data/milk10k/MILK10k_Training_Input/IL_5173461/ISIC_5993711.jpg,1,1,1,2,1
inference_data/milk10k/MILK10k_Training_Input/IL_5173461/ISIC_3494719.jpg,1,1,1,1,1
inference_data/milk10k/MILK10k_Training_Input/IL_5175125/ISIC_7359902.jpg,2,2,1,2,2
inference_data/milk10k/MILK10k_Training_Input/IL_5175125/ISIC_8472106.jpg,2,2,2,2,2
inference_data/milk10k/MILK10k_Training_Input/IL_5179568/ISIC_2400614.jpg,1,1,1,1,1
inference_data/milk10k/MILK10k_Training_Input/IL_5179568/ISIC_7303727.jpg,1,1,1,1,1
inference_data/milk10k/MILK10k_Training_Input/IL_5181041/ISIC_8949610.jpg,3,3,3,3,3
inference_data/milk10k/MILK10k_Training_Input/IL_5181041/ISIC_8318126.jpg,1,1,1,1,1
inference_data/milk10k/MILK10k_Training_Input/IL_5181859/ISIC_8807238.jpg,2,2,2,2,2
inference_data/milk10k/MILK10k_Training_Input/IL_5181859/ISIC_5132321.jpg,1,2,1,2,2
inference_data/milk10k/MILK10k_Training_Input/IL_5186069/ISIC_8694246.jpg,2,2,2,2,2
inference_data/milk10k/MILK10k_Training_Input/IL_5186069/ISIC_6133264.jpg,1,1,0,1,1
inference_data/milk10k/MILK10k_Training_Input/IL_5186101/ISIC_2553804.jpg,2,2,2,2,2
inference_data/milk10k/MILK10k_Training_Input/IL_5186101/ISIC_6640040.jpg,2,1,1,2,2
inference_data/milk10k/MILK10k_Training_Input/IL_5187517/ISIC_8401508.jpg,2,2,2,2,2
inference_data/milk10k/MILK10k_Training_Input/IL_5187517/ISIC_8305748.jpg,1,1,1,1,1
inference_data/milk10k/MILK10k_Training_Input/IL_5187554/ISIC_9310359.jpg,3,2,3,3,3
inference_data/milk10k/MILK10k_Training_Input/IL_5187554/ISIC_1176980.jpg,2,2,1,2,2
inference_data/milk10k/MILK10k_Training_Input/IL_5187817/ISIC_1718325.jpg,3,3,3,3,2
inference_data/milk10k/MILK10k_Training_Input/IL_5187817/ISIC_3792868.jpg,2,2,2,2,2
inference_data/milk10k/MILK10k_Training_Input/IL_5188530/ISIC_8525598.jpg,2,2,2,2,2
inference_data/milk10k/MILK10k_Training_Input/IL_5188530/ISIC_8980999.jpg,2,1,1,2,2
inference_data/milk10k/MILK10k_Training_Input/IL_5189473/ISIC_2564518.jpg,3,3,3,3,3
inference_data/milk10k/MILK10k_Training_Input/IL_5189473/ISIC_9625758.jpg,1,1,1,1,1
inference_data/milk10k/MILK10k_Training_Input/IL_5190686/ISIC_3242637.jpg,2,2,2,2,2
inference_data/milk10k/MILK10k_Training_Input/IL_5190686/ISIC_1382648.jpg,1,1,1,1,1
inference_data/milk10k/MILK10k_Training_Input/IL_5192091/ISIC_8063764.jpg,3,3,3,3,3
inference_data/milk10k/MILK10k_Training_Input/IL_5192091/ISIC_3877266.jpg,1,1,1,1,1
inference_data/milk10k/MILK10k_Training_Input/IL_5193790/ISIC_0576794.jpg,2,2,1,2,2
inference_data/milk10k/MILK10k_Training_Input/IL_5193790/ISIC_8554900.jpg,1,1,1,2,2
inference_data/milk10k/MILK10k_Training_Input/IL_5197264/ISIC_9878841.jpg,2,2,2,2,2
inference_data/milk10k/MILK10k_Training_Input/IL_5197264/ISIC_2864613.jpg,2,2,2,2,2
inference_data/milk10k/MILK10k_Training_Input/IL_5200526/ISIC_5093287.jpg,1,1,1,1,1
inference_data/milk10k/MILK10k_Training_Input/IL_5200526/ISIC_9814738.jpg,1,1,1,1,1
inference_data/milk10k/MILK10k_Training_Input/IL_5206123/ISIC_3573102.jpg,2,2,2,2,2
inference_data/milk10k/MILK10k_Training_Input/IL_5206123/ISIC_2132766.jpg,1,1,1,1,1
inference_data/milk10k/MILK10k_Training_Input/IL_5207680/ISIC_9231756.jpg,3,3,3,3,3
inference_data/milk10k/MILK10k_Training_Input/IL_5207680/ISIC_7808642.jpg,1,1,1,1,1
inference_data/milk10k/MILK10k_Training_Input/IL_5208753/ISIC_8821690.jpg,3,2,3,3,3
inference_data/milk10k/MILK10k_Training_Input/IL_5208753/ISIC_9566384.jpg,1,1,1,1,1
inference_data/milk10k/MILK10k_Training_Input/IL_5209978/ISIC_8680973.jpg,2,2,2,2,2
inference_data/milk10k/MILK10k_Training_Input/IL_5209978/ISIC_4996777.jpg,1,1,0,1,1
inference_data/milk10k/MILK10k_Training_Input/IL_5210495/ISIC_7872235.jpg,4,3,3,3,3
inference_data/milk10k/MILK10k_Training_Input/IL_5210495/ISIC_7580736.jpg,2,2,2,2,2
inference_data/milk10k/MILK10k_Training_Input/IL_5214298/ISIC_5539918.jpg,2,2,2,2,2
inference_data/milk10k/MILK10k_Training_Input/IL_5214298/ISIC_1485788.jpg,2,2,2,2,2
inference_data/milk10k/MILK10k_Training_Input/IL_5215495/ISIC_0376198.jpg,3,2,2,3,2
inference_data/milk10k/MILK10k_Training_Input/IL_5215495/ISIC_4660700.jpg,1,1,0,1,1
inference_data/milk10k/MILK10k_Training_Input/IL_5217084/ISIC_2557089.jpg,1,2,1,2,2
inference_data/milk10k/MILK10k_Training_Input/IL_5217084/ISIC_0939687.jpg,1,2,1,1,2
inference_data/milk10k/MILK10k_Training_Input/IL_5220758/ISIC_3740583.jpg,3,2,3,3,2
inference_data/milk10k/MILK10k_Training_Input/IL_5220758/ISIC_8145727.jpg,1,1,0,1,1
inference_data/milk10k/MILK10k_Training_Input/IL_5222228/ISIC_9627432.jpg,3,2,3,3,2
inference_data/milk10k/MILK10k_Training_Input/IL_5222228/ISIC_7890093.jpg,1,2,1,1,1
inference_data/milk10k/MILK10k_Training_Input/IL_5225179/ISIC_5701708.jpg,2,2,2,2,2
inference_data/milk10k/MILK10k_Training_Input/IL_5225179/ISIC_4483583.jpg,2,2,2,3,2
inference_data/milk10k/MILK10k_Training_Input/IL_5226953/ISIC_5777376.jpg,2,2,3,3,2
inference_data/milk10k/MILK10k_Training_Input/IL_5226953/ISIC_5554081.jpg,2,2,2,2,2
inference_data/milk10k/MILK10k_Training_Input/IL_5235613/ISIC_1707452.jpg,2,2,2,2,2
inference_data/milk10k/MILK10k_Training_Input/IL_5235613/ISIC_2215299.jpg,3,3,3,3,3
inference_data/milk10k/MILK10k_Training_Input/IL_5236247/ISIC_5261867.jpg,4,4,4,4,4
inference_data/milk10k/MILK10k_Training_Input/IL_5236247/ISIC_1822355.jpg,1,1,1,1,1
inference_data/milk10k/MILK10k_Training_Input/IL_5236713/ISIC_6363175.jpg,2,2,2,2,2
inference_data/milk10k/MILK10k_Training_Input/IL_5236713/ISIC_8103067.jpg,2,2,2,2,2
inference_data/milk10k/MILK10k_Training_Input/IL_5236788/ISIC_3318576.jpg,3,3,3,3,3
inference_data/milk10k/MILK10k_Training_Input/IL_5236788/ISIC_9380419.jpg,1,1,1,1,1
inference_data/milk10k/MILK10k_Training_Input/IL_5240464/ISIC_1617856.jpg,3,2,3,3,2
inference_data/milk10k/MILK10k_Training_Input/IL_5240464/ISIC_5042685.jpg,1,1,1,1,1
inference_data/milk10k/MILK10k_Training_Input/IL_5241211/ISIC_9932307.jpg,5,4,5,5,5
inference_data/milk10k/MILK10k_Training_Input/IL_5241211/ISIC_9267602.jpg,4,4,4,4,4
inference_data/milk10k/MILK10k_Training_Input/IL_5245045/ISIC_9828103.jpg,2,2,2,2,2
inference_data/milk10k/MILK10k_Training_Input/IL_5245045/ISIC_2501467.jpg,1,1,1,1,1
inference_data/milk10k/MILK10k_Training_Input/IL_5245284/ISIC_5736506.jpg,4,3,4,4,4
inference_data/milk10k/MILK10k_Training_Input/IL_5245284/ISIC_3336886.jpg,3,3,3,3,3
inference_data/milk10k/MILK10k_Training_Input/IL_5246616/ISIC_1916468.jpg,2,2,2,2,2
inference_data/milk10k/MILK10k_Training_Input/IL_5246616/ISIC_5027796.jpg,2,1,1,1,2
inference_data/milk10k/MILK10k_Training_Input/IL_5247535/ISIC_7595404.jpg,2,2,2,2,2
inference_data/milk10k/MILK10k_Training_Input/IL_5247535/ISIC_0685008.jpg,1,1,1,1,2
inference_data/milk10k/MILK10k_Training_Input/IL_5251059/ISIC_0944241.jpg,3,2,3,3,3
inference_data/milk10k/MILK10k_Training_Input/IL_5251059/ISIC_5807024.jpg,2,2,2,2,2
inference_data/milk10k/MILK10k_Training_Input/IL_5252859/ISIC_7635285.jpg,1,2,1,2,2
inference_data/milk10k/MILK10k_Training_Input/IL_5252859/ISIC_8341598.jpg,1,1,1,1,1
inference_data/milk10k/MILK10k_Training_Input/IL_5254540/ISIC_6484898.jpg,2,2,2,2,2
inference_data/milk10k/MILK10k_Training_Input/IL_5254540/ISIC_8622558.jpg,1,1,1,1,1
inference_data/milk10k/MILK10k_Training_Input/IL_5255150/ISIC_1285374.jpg,1,1,1,1,1
inference_data/milk10k/MILK10k_Training_Input/IL_5255150/ISIC_5078639.jpg,1,2,1,1,2
inference_data/milk10k/MILK10k_Training_Input/IL_5259261/ISIC_0990658.jpg,2,2,2,2,2
inference_data/milk10k/MILK10k_Training_Input/IL_5259261/ISIC_3362890.jpg,1,1,1,1,1
inference_data/milk10k/MILK10k_Training_Input/IL_5260419/ISIC_2758033.jpg,2,2,2,2,2
inference_data/milk10k/MILK10k_Training_Input/IL_5260419/ISIC_2049002.jpg,2,2,2,2,2
inference_data/milk10k/MILK10k_Training_Input/IL_5262456/ISIC_9048474.jpg,3,2,3,3,3
inference_data/milk10k/MILK10k_Training_Input/IL_5262456/ISIC_6092124.jpg,2,2,2,2,2
inference_data/milk10k/MILK10k_Training_Input/IL_5263017/ISIC_3553323.jpg,3,2,3,3,3
inference_data/milk10k/MILK10k_Training_Input/IL_5263017/ISIC_3730239.jpg,1,1,1,1,1
inference_data/milk10k/MILK10k_Training_Input/IL_5263349/ISIC_4916835.jpg,3,2,2,2,2
inference_data/milk10k/MILK10k_Training_Input/IL_5263349/ISIC_1612482.jpg,2,2,2,2,2
inference_data/milk10k/MILK10k_Training_Input/IL_5264196/ISIC_1689464.jpg,3,2,3,3,3
inference_data/milk10k/MILK10k_Training_Input/IL_5264196/ISIC_9685758.jpg,2,2,1,1,2
inference_data/milk10k/MILK10k_Training_Input/IL_5264589/ISIC_4810104.jpg,2,2,2,3,2
inference_data/milk10k/MILK10k_Training_Input/IL_5264589/ISIC_9071975.jpg,2,2,2,2,2
inference_data/milk10k/MILK10k_Training_Input/IL_5267029/ISIC_9497071.jpg,1,1,1,1,1
inference_data/milk10k/MILK10k_Training_Input/IL_5267029/ISIC_8898820.jpg,2,2,2,2,2
inference_data/milk10k/MILK10k_Training_Input/IL_5267553/ISIC_0507778.jpg,2,2,2,3,2
inference_data/milk10k/MILK10k_Training_Input/IL_5267553/ISIC_4189363.jpg,1,1,1,1,1
inference_data/milk10k/MILK10k_Training_Input/IL_5270623/ISIC_2420699.jpg,2,2,2,2,2
inference_data/milk10k/MILK10k_Training_Input/IL_5270623/ISIC_1843399.jpg,2,2,2,2,2
inference_data/milk10k/MILK10k_Training_Input/IL_5271098/ISIC_9124673.jpg,3,3,3,3,3
inference_data/milk10k/MILK10k_Training_Input/IL_5271098/ISIC_0077054.jpg,2,2,1,2,2
inference_data/milk10k/MILK10k_Training_Input/IL_5275481/ISIC_8953290.jpg,3,3,4,4,3
inference_data/milk10k/MILK10k_Training_Input/IL_5275481/ISIC_7325617.jpg,2,2,2,2,2
inference_data/milk10k/MILK10k_Training_Input/IL_5277134/ISIC_6289625.jpg,3,2,3,3,3
inference_data/milk10k/MILK10k_Training_Input/IL_5277134/ISIC_8697607.jpg,2,2,2,2,2
inference_data/milk10k/MILK10k_Training_Input/IL_5277754/ISIC_1647954.jpg,3,3,3,4,3
inference_data/milk10k/MILK10k_Training_Input/IL_5277754/ISIC_0655029.jpg,2,2,2,2,2
inference_data/milk10k/MILK10k_Training_Input/IL_5278264/ISIC_1046103.jpg,3,3,3,3,3
inference_data/milk10k/MILK10k_Training_Input/IL_5278264/ISIC_2702984.jpg,2,2,2,3,2
inference_data/milk10k/MILK10k_Training_Input/IL_5281501/ISIC_0468332.jpg,2,2,2,2,2
inference_data/milk10k/MILK10k_Training_Input/IL_5281501/ISIC_2993047.jpg,1,2,1,2,2
inference_data/milk10k/MILK10k_Training_Input/IL_5283078/ISIC_9044867.jpg,3,2,3,3,2
inference_data/milk10k/MILK10k_Training_Input/IL_5283078/ISIC_2590790.jpg,2,2,1,1,1
inference_data/milk10k/MILK10k_Training_Input/IL_5283684/ISIC_0410404.jpg,2,2,2,2,2
inference_data/milk10k/MILK10k_Training_Input/IL_5283684/ISIC_8052859.jpg,1,1,1,1,1
inference_data/milk10k/MILK10k_Training_Input/IL_5283956/ISIC_8138760.jpg,2,2,1,2,2
inference_data/milk10k/MILK10k_Training_Input/IL_5283956/ISIC_5783892.jpg,2,2,2,2,2
inference_data/milk10k/MILK10k_Training_Input/IL_5285305/ISIC_7271415.jpg,3,3,3,3,3
inference_data/milk10k/MILK10k_Training_Input/IL_5285305/ISIC_2613429.jpg,1,1,1,1,1
inference_data/milk10k/MILK10k_Training_Input/IL_5285603/ISIC_0515719.jpg,4,4,4,4,4
inference_data/milk10k/MILK10k_Training_Input/IL_5285603/ISIC_8791057.jpg,2,2,1,1,1
inference_data/milk10k/MILK10k_Training_Input/IL_5287694/ISIC_2488572.jpg,3,2,3,3,3
inference_data/milk10k/MILK10k_Training_Input/IL_5287694/ISIC_2751556.jpg,1,1,1,1,1
inference_data/milk10k/MILK10k_Training_Input/IL_5287926/ISIC_9999151.jpg,3,2,3,3,3
inference_data/milk10k/MILK10k_Training_Input/IL_5287926/ISIC_3668445.jpg,1,1,1,1,1
inference_data/milk10k/MILK10k_Training_Input/IL_5289239/ISIC_3892467.jpg,3,3,3,3,3
inference_data/milk10k/MILK10k_Training_Input/IL_5289239/ISIC_6989179.jpg,2,2,2,2,2
inference_data/milk10k/MILK10k_Training_Input/IL_5293525/ISIC_7155489.jpg,2,2,2,2,2
inference_data/milk10k/MILK10k_Training_Input/IL_5293525/ISIC_1789556.jpg,1,1,1,1,1
inference_data/milk10k/MILK10k_Training_Input/IL_5299543/ISIC_6705014.jpg,2,2,2,2,2
inference_data/milk10k/MILK10k_Training_Input/IL_5299543/ISIC_5539676.jpg,1,1,1,1,1
inference_data/milk10k/MILK10k_Training_Input/IL_5301199/ISIC_5299723.jpg,2,2,2,2,2
inference_data/milk10k/MILK10k_Training_Input/IL_5301199/ISIC_9014235.jpg,2,1,2,2,2
inference_data/milk10k/MILK10k_Training_Input/IL_5302007/ISIC_2408893.jpg,2,2,2,2,2
inference_data/milk10k/MILK10k_Training_Input/IL_5302007/ISIC_7681010.jpg,1,1,1,1,1
inference_data/milk10k/MILK10k_Training_Input/IL_5304581/ISIC_4823764.jpg,3,3,3,3,3
inference_data/milk10k/MILK10k_Training_Input/IL_5304581/ISIC_7285901.jpg,1,1,1,1,1
inference_data/milk10k/MILK10k_Training_Input/IL_5304698/ISIC_5682266.jpg,3,3,3,3,3
inference_data/milk10k/MILK10k_Training_Input/IL_5304698/ISIC_8712502.jpg,2,2,2,2,2
inference_data/milk10k/MILK10k_Training_Input/IL_5310086/ISIC_2258441.jpg,2,2,2,3,2
inference_data/milk10k/MILK10k_Training_Input/IL_5310086/ISIC_8528760.jpg,1,1,1,1,1
inference_data/milk10k/MILK10k_Training_Input/IL_5310098/ISIC_8690049.jpg,2,2,2,2,2
inference_data/milk10k/MILK10k_Training_Input/IL_5310098/ISIC_6712916.jpg,2,1,1,2,2
inference_data/milk10k/MILK10k_Training_Input/IL_5310300/ISIC_5729101.jpg,3,2,3,3,3
inference_data/milk10k/MILK10k_Training_Input/IL_5310300/ISIC_0080219.jpg,2,2,2,2,2
inference_data/milk10k/MILK10k_Training_Input/IL_5310317/ISIC_3340382.jpg,2,2,2,2,2
inference_data/milk10k/MILK10k_Training_Input/IL_5310317/ISIC_5503515.jpg,2,2,2,2,2
inference_data/milk10k/MILK10k_Training_Input/IL_5310552/ISIC_7566277.jpg,2,2,2,2,2
inference_data/milk10k/MILK10k_Training_Input/IL_5310552/ISIC_4757362.jpg,1,2,1,2,2
inference_data/milk10k/MILK10k_Training_Input/IL_5310899/ISIC_1568985.jpg,2,2,2,2,2
inference_data/milk10k/MILK10k_Training_Input/IL_5310899/ISIC_9231306.jpg,1,1,1,1,2
inference_data/milk10k/MILK10k_Training_Input/IL_5311399/ISIC_3939868.jpg,2,2,2,2,2
inference_data/milk10k/MILK10k_Training_Input/IL_5311399/ISIC_7860232.jpg,1,1,1,1,1
inference_data/milk10k/MILK10k_Training_Input/IL_5311441/ISIC_4909590.jpg,2,2,2,2,2
inference_data/milk10k/MILK10k_Training_Input/IL_5311441/ISIC_3414486.jpg,1,1,1,1,1
inference_data/milk10k/MILK10k_Training_Input/IL_5311950/ISIC_3925970.jpg,2,2,2,2,2
inference_data/milk10k/MILK10k_Training_Input/IL_5311950/ISIC_5322852.jpg,2,2,1,2,2
inference_data/milk10k/MILK10k_Training_Input/IL_5314103/ISIC_4889654.jpg,2,2,2,2,2
inference_data/milk10k/MILK10k_Training_Input/IL_5314103/ISIC_7709002.jpg,2,2,2,2,2
inference_data/milk10k/MILK10k_Training_Input/IL_5315129/ISIC_1494890.jpg,2,2,2,2,2
inference_data/milk10k/MILK10k_Training_Input/IL_5315129/ISIC_1937581.jpg,2,2,2,2,2
inference_data/milk10k/MILK10k_Training_Input/IL_5321366/ISIC_2357212.jpg,1,1,1,1,1
inference_data/milk10k/MILK10k_Training_Input/IL_5321366/ISIC_7189526.jpg,1,1,1,1,1
inference_data/milk10k/MILK10k_Training_Input/IL_5324666/ISIC_0517219.jpg,4,4,4,4,3
inference_data/milk10k/MILK10k_Training_Input/IL_5324666/ISIC_4910424.jpg,2,1,2,2,2
inference_data/milk10k/MILK10k_Training_Input/IL_5324698/ISIC_9969311.jpg,2,2,1,2,2
inference_data/milk10k/MILK10k_Training_Input/IL_5324698/ISIC_5306258.jpg,2,2,2,2,2
inference_data/milk10k/MILK10k_Training_Input/IL_5328329/ISIC_3924227.jpg,3,3,3,4,3
inference_data/milk10k/MILK10k_Training_Input/IL_5328329/ISIC_4187456.jpg,2,2,2,2,2
inference_data/milk10k/MILK10k_Training_Input/IL_5328388/ISIC_0220749.jpg,3,3,3,3,3
inference_data/milk10k/MILK10k_Training_Input/IL_5328388/ISIC_3445025.jpg,2,2,2,2,2
inference_data/milk10k/MILK10k_Training_Input/IL_5328451/ISIC_1354875.jpg,2,2,2,2,2
inference_data/milk10k/MILK10k_Training_Input/IL_5328451/ISIC_7893518.jpg,1,1,0,1,1
inference_data/milk10k/MILK10k_Training_Input/IL_5331190/ISIC_1462656.jpg,3,3,3,3,3
inference_data/milk10k/MILK10k_Training_Input/IL_5331190/ISIC_5570317.jpg,2,2,2,2,2
inference_data/milk10k/MILK10k_Training_Input/IL_5333822/ISIC_9423923.jpg,2,2,1,2,2
inference_data/milk10k/MILK10k_Training_Input/IL_5333822/ISIC_4793606.jpg,1,1,1,1,1
inference_data/milk10k/MILK10k_Training_Input/IL_5334978/ISIC_3193023.jpg,2,2,1,2,2
inference_data/milk10k/MILK10k_Training_Input/IL_5334978/ISIC_0084885.jpg,2,2,1,2,2
inference_data/milk10k/MILK10k_Training_Input/IL_5337254/ISIC_0659383.jpg,3,2,3,3,3
inference_data/milk10k/MILK10k_Training_Input/IL_5337254/ISIC_8450508.jpg,1,1,1,2,2
inference_data/milk10k/MILK10k_Training_Input/IL_5340506/ISIC_1308871.jpg,1,1,1,1,1
inference_data/milk10k/MILK10k_Training_Input/IL_5340506/ISIC_6748152.jpg,1,2,1,1,1
inference_data/milk10k/MILK10k_Training_Input/IL_5344471/ISIC_2332226.jpg,2,2,3,3,2
inference_data/milk10k/MILK10k_Training_Input/IL_5344471/ISIC_8577350.jpg,2,1,1,2,2
inference_data/milk10k/MILK10k_Training_Input/IL_5345860/ISIC_7551222.jpg,1,2,1,2,1
inference_data/milk10k/MILK10k_Training_Input/IL_5345860/ISIC_9051937.jpg,1,1,1,1,1
inference_data/milk10k/MILK10k_Training_Input/IL_5349744/ISIC_6368553.jpg,2,1,2,2,2
inference_data/milk10k/MILK10k_Training_Input/IL_5349744/ISIC_8534089.jpg,2,1,1,2,2
inference_data/milk10k/MILK10k_Training_Input/IL_5352548/ISIC_9079428.jpg,2,2,2,2,2
inference_data/milk10k/MILK10k_Training_Input/IL_5352548/ISIC_6935679.jpg,2,2,1,2,2
inference_data/milk10k/MILK10k_Training_Input/IL_5356677/ISIC_8832464.jpg,2,2,2,2,2
inference_data/milk10k/MILK10k_Training_Input/IL_5356677/ISIC_3986103.jpg,1,1,1,1,1
inference_data/milk10k/MILK10k_Training_Input/IL_5357233/ISIC_6788918.jpg,3,3,3,3,3
inference_data/milk10k/MILK10k_Training_Input/IL_5357233/ISIC_8572463.jpg,2,2,2,3,2
inference_data/milk10k/MILK10k_Training_Input/IL_5358178/ISIC_3157761.jpg,4,3,4,4,3
inference_data/milk10k/MILK10k_Training_Input/IL_5358178/ISIC_8381176.jpg,2,2,2,2,2
inference_data/milk10k/MILK10k_Training_Input/IL_5358454/ISIC_6015386.jpg,3,3,3,3,3
inference_data/milk10k/MILK10k_Training_Input/IL_5358454/ISIC_1813785.jpg,2,2,2,2,2
inference_data/milk10k/MILK10k_Training_Input/IL_5358765/ISIC_6151299.jpg,2,2,2,3,2
inference_data/milk10k/MILK10k_Training_Input/IL_5358765/ISIC_2023313.jpg,2,2,2,2,2
inference_data/milk10k/MILK10k_Training_Input/IL_5359337/ISIC_2861255.jpg,2,2,2,2,2
inference_data/milk10k/MILK10k_Training_Input/IL_5359337/ISIC_6356942.jpg,1,1,1,1,1
inference_data/milk10k/MILK10k_Training_Input/IL_5359653/ISIC_9534817.jpg,3,3,3,3,3
inference_data/milk10k/MILK10k_Training_Input/IL_5359653/ISIC_5439956.jpg,2,2,3,3,3
inference_data/milk10k/MILK10k_Training_Input/IL_5361790/ISIC_4031450.jpg,3,2,3,3,2
inference_data/milk10k/MILK10k_Training_Input/IL_5361790/ISIC_7917913.jpg,1,1,1,1,1
inference_data/milk10k/MILK10k_Training_Input/IL_5361912/ISIC_9488866.jpg,2,2,2,2,2
inference_data/milk10k/MILK10k_Training_Input/IL_5361912/ISIC_0525463.jpg,2,2,2,2,2
inference_data/milk10k/MILK10k_Training_Input/IL_5363044/ISIC_5173097.jpg,3,3,3,3,3
inference_data/milk10k/MILK10k_Training_Input/IL_5363044/ISIC_8020470.jpg,1,1,1,1,1
inference_data/milk10k/MILK10k_Training_Input/IL_5363058/ISIC_6121310.jpg,2,2,2,2,2
inference_data/milk10k/MILK10k_Training_Input/IL_5363058/ISIC_0502738.jpg,2,1,2,2,2
inference_data/milk10k/MILK10k_Training_Input/IL_5364127/ISIC_7142689.jpg,3,3,3,3,3
inference_data/milk10k/MILK10k_Training_Input/IL_5364127/ISIC_1975493.jpg,1,1,1,1,1
inference_data/milk10k/MILK10k_Training_Input/IL_5365301/ISIC_7731011.jpg,2,2,1,2,2
inference_data/milk10k/MILK10k_Training_Input/IL_5365301/ISIC_1281967.jpg,1,1,1,1,1
inference_data/milk10k/MILK10k_Training_Input/IL_5366190/ISIC_6013907.jpg,3,2,3,3,3
inference_data/milk10k/MILK10k_Training_Input/IL_5366190/ISIC_1675975.jpg,1,1,1,1,1
inference_data/milk10k/MILK10k_Training_Input/IL_5368559/ISIC_6437956.jpg,2,2,3,3,2
inference_data/milk10k/MILK10k_Training_Input/IL_5368559/ISIC_8541890.jpg,2,2,2,2,2
inference_data/milk10k/MILK10k_Training_Input/IL_5369308/ISIC_5664395.jpg,3,3,3,3,3
inference_data/milk10k/MILK10k_Training_Input/IL_5369308/ISIC_1890998.jpg,1,1,1,1,1
inference_data/milk10k/MILK10k_Training_Input/IL_5372294/ISIC_5661142.jpg,3,2,3,3,3
inference_data/milk10k/MILK10k_Training_Input/IL_5372294/ISIC_3846262.jpg,1,1,1,1,2
inference_data/milk10k/MILK10k_Training_Input/IL_5375403/ISIC_4225046.jpg,2,2,3,2,2
inference_data/milk10k/MILK10k_Training_Input/IL_5375403/ISIC_5947061.jpg,2,2,2,2,2
inference_data/milk10k/MILK10k_Training_Input/IL_5375420/ISIC_8660432.jpg,3,3,3,3,3
inference_data/milk10k/MILK10k_Training_Input/IL_5375420/ISIC_0777268.jpg,1,1,1,1,1
inference_data/milk10k/MILK10k_Training_Input/IL_5375846/ISIC_0724875.jpg,2,2,1,2,2
inference_data/milk10k/MILK10k_Training_Input/IL_5375846/ISIC_5342950.jpg,2,1,2,2,2
inference_data/milk10k/MILK10k_Training_Input/IL_5378051/ISIC_6167402.jpg,2,2,3,3,2
inference_data/milk10k/MILK10k_Training_Input/IL_5378051/ISIC_4964694.jpg,1,1,1,1,1
inference_data/milk10k/MILK10k_Training_Input/IL_5379548/ISIC_8673829.jpg,2,2,2,2,2
inference_data/milk10k/MILK10k_Training_Input/IL_5379548/ISIC_7916653.jpg,1,1,1,1,1
inference_data/milk10k/MILK10k_Training_Input/IL_5384329/ISIC_1990401.jpg,2,2,1,2,2
inference_data/milk10k/MILK10k_Training_Input/IL_5384329/ISIC_4156431.jpg,1,1,1,1,1
inference_data/milk10k/MILK10k_Training_Input/IL_5384456/ISIC_8935612.jpg,2,2,2,2,2
inference_data/milk10k/MILK10k_Training_Input/IL_5384456/ISIC_1668550.jpg,2,1,1,2,2
inference_data/milk10k/MILK10k_Training_Input/IL_5386138/ISIC_7608693.jpg,2,2,2,2,2
inference_data/milk10k/MILK10k_Training_Input/IL_5386138/ISIC_2324630.jpg,2,1,1,2,2
inference_data/milk10k/MILK10k_Training_Input/IL_5390577/ISIC_7933087.jpg,1,1,1,1,1
inference_data/milk10k/MILK10k_Training_Input/IL_5390577/ISIC_8305576.jpg,1,1,1,1,1
inference_data/milk10k/MILK10k_Training_Input/IL_5391929/ISIC_2014762.jpg,3,2,3,3,2
inference_data/milk10k/MILK10k_Training_Input/IL_5391929/ISIC_6747902.jpg,1,1,1,1,1
inference_data/milk10k/MILK10k_Training_Input/IL_5394368/ISIC_0426102.jpg,2,1,1,2,2
inference_data/milk10k/MILK10k_Training_Input/IL_5394368/ISIC_0924335.jpg,1,1,1,1,1
inference_data/milk10k/MILK10k_Training_Input/IL_5396627/ISIC_1385649.jpg,3,3,3,3,3
inference_data/milk10k/MILK10k_Training_Input/IL_5396627/ISIC_8098771.jpg,4,4,4,4,4
inference_data/milk10k/MILK10k_Training_Input/IL_5397664/ISIC_4325142.jpg,3,3,3,3,3
inference_data/milk10k/MILK10k_Training_Input/IL_5397664/ISIC_1646416.jpg,1,1,1,1,2
inference_data/milk10k/MILK10k_Training_Input/IL_5399357/ISIC_6519570.jpg,2,2,2,2,2
inference_data/milk10k/MILK10k_Training_Input/IL_5399357/ISIC_1344833.jpg,1,1,1,1,2
inference_data/milk10k/MILK10k_Training_Input/IL_5400506/ISIC_7671344.jpg,3,2,3,3,2
inference_data/milk10k/MILK10k_Training_Input/IL_5400506/ISIC_6389005.jpg,2,2,2,2,2
inference_data/milk10k/MILK10k_Training_Input/IL_5407088/ISIC_3921610.jpg,3,2,2,3,2
inference_data/milk10k/MILK10k_Training_Input/IL_5407088/ISIC_5711940.jpg,2,2,2,2,2
inference_data/milk10k/MILK10k_Training_Input/IL_5411298/ISIC_9030298.jpg,2,2,2,2,2
inference_data/milk10k/MILK10k_Training_Input/IL_5411298/ISIC_7753585.jpg,1,1,1,1,1
inference_data/milk10k/MILK10k_Training_Input/IL_5415624/ISIC_4489370.jpg,1,1,1,1,1
inference_data/milk10k/MILK10k_Training_Input/IL_5415624/ISIC_3090517.jpg,1,1,1,1,1
inference_data/milk10k/MILK10k_Training_Input/IL_5416210/ISIC_9495791.jpg,2,2,2,3,2
inference_data/milk10k/MILK10k_Training_Input/IL_5416210/ISIC_6943209.jpg,2,2,2,2,2
inference_data/milk10k/MILK10k_Training_Input/IL_5416595/ISIC_9903464.jpg,2,2,2,2,2
inference_data/milk10k/MILK10k_Training_Input/IL_5416595/ISIC_4400687.jpg,1,1,1,1,1
inference_data/milk10k/MILK10k_Training_Input/IL_5417384/ISIC_4210592.jpg,1,1,1,1,1
inference_data/milk10k/MILK10k_Training_Input/IL_5417384/ISIC_6356372.jpg,2,2,1,2,2
inference_data/milk10k/MILK10k_Training_Input/IL_5417601/ISIC_0200116.jpg,2,1,1,2,2
inference_data/milk10k/MILK10k_Training_Input/IL_5417601/ISIC_7008068.jpg,1,1,1,1,1
inference_data/milk10k/MILK10k_Training_Input/IL_5418242/ISIC_4322162.jpg,3,2,3,3,3
inference_data/milk10k/MILK10k_Training_Input/IL_5418242/ISIC_6044114.jpg,1,1,1,1,1
inference_data/milk10k/MILK10k_Training_Input/IL_5419004/ISIC_1727539.jpg,2,2,2,2,2
inference_data/milk10k/MILK10k_Training_Input/IL_5419004/ISIC_7243372.jpg,1,1,1,1,1
inference_data/milk10k/MILK10k_Training_Input/IL_5420018/ISIC_2504068.jpg,3,2,2,3,2
inference_data/milk10k/MILK10k_Training_Input/IL_5420018/ISIC_9587078.jpg,1,1,1,1,1
inference_data/milk10k/MILK10k_Training_Input/IL_5421067/ISIC_8858434.jpg,2,2,2,2,2
inference_data/milk10k/MILK10k_Training_Input/IL_5421067/ISIC_7345682.jpg,2,1,2,2,2
inference_data/milk10k/MILK10k_Training_Input/IL_5422211/ISIC_9983655.jpg,3,3,3,3,3
inference_data/milk10k/MILK10k_Training_Input/IL_5422211/ISIC_7584393.jpg,1,1,1,1,1
inference_data/milk10k/MILK10k_Training_Input/IL_5423351/ISIC_8890260.jpg,3,3,4,4,3
inference_data/milk10k/MILK10k_Training_Input/IL_5423351/ISIC_7009394.jpg,1,1,1,1,1
inference_data/milk10k/MILK10k_Training_Input/IL_5424289/ISIC_5139740.jpg,2,2,2,2,2
inference_data/milk10k/MILK10k_Training_Input/IL_5424289/ISIC_2370968.jpg,2,2,2,2,2
inference_data/milk10k/MILK10k_Training_Input/IL_5425005/ISIC_5924611.jpg,1,1,1,2,1
inference_data/milk10k/MILK10k_Training_Input/IL_5425005/ISIC_6537586.jpg,1,1,1,1,1
inference_data/milk10k/MILK10k_Training_Input/IL_5425299/ISIC_4401551.jpg,2,2,2,2,2
inference_data/milk10k/MILK10k_Training_Input/IL_5425299/ISIC_3974488.jpg,2,2,1,2,1
inference_data/milk10k/MILK10k_Training_Input/IL_5428676/ISIC_3569610.jpg,2,1,1,2,1
inference_data/milk10k/MILK10k_Training_Input/IL_5428676/ISIC_8714957.jpg,1,1,0,1,1
inference_data/milk10k/MILK10k_Training_Input/IL_5429877/ISIC_7111015.jpg,2,2,2,2,2
inference_data/milk10k/MILK10k_Training_Input/IL_5429877/ISIC_5605573.jpg,2,1,1,2,2
inference_data/milk10k/MILK10k_Training_Input/IL_5434909/ISIC_8251905.jpg,3,3,3,3,3
inference_data/milk10k/MILK10k_Training_Input/IL_5434909/ISIC_1833069.jpg,1,1,1,1,1
inference_data/milk10k/MILK10k_Training_Input/IL_5436207/ISIC_6089668.jpg,3,2,3,3,3
inference_data/milk10k/MILK10k_Training_Input/IL_5436207/ISIC_1574997.jpg,2,2,2,2,2
inference_data/milk10k/MILK10k_Training_Input/IL_5437959/ISIC_2301560.jpg,2,2,3,3,2
inference_data/milk10k/MILK10k_Training_Input/IL_5437959/ISIC_1803069.jpg,0,0,0,0,0
inference_data/milk10k/MILK10k_Training_Input/IL_5438158/ISIC_3273623.jpg,3,2,3,3,2
inference_data/milk10k/MILK10k_Training_Input/IL_5438158/ISIC_5022731.jpg,2,2,1,2,2
inference_data/milk10k/MILK10k_Training_Input/IL_5438897/ISIC_9598235.jpg,2,2,2,2,2
inference_data/milk10k/MILK10k_Training_Input/IL_5438897/ISIC_6429343.jpg,3,2,3,3,3
inference_data/milk10k/MILK10k_Training_Input/IL_5439022/ISIC_9140973.jpg,2,2,2,3,2
inference_data/milk10k/MILK10k_Training_Input/IL_5439022/ISIC_3831165.jpg,2,2,1,1,2
inference_data/milk10k/MILK10k_Training_Input/IL_5441408/ISIC_1721377.jpg,3,2,3,3,2
inference_data/milk10k/MILK10k_Training_Input/IL_5441408/ISIC_9560548.jpg,1,1,1,2,2
inference_data/milk10k/MILK10k_Training_Input/IL_5444067/ISIC_8880696.jpg,2,2,1,1,2
inference_data/milk10k/MILK10k_Training_Input/IL_5444067/ISIC_3192193.jpg,1,1,1,1,1
inference_data/milk10k/MILK10k_Training_Input/IL_5448170/ISIC_8828083.jpg,3,2,2,3,3
inference_data/milk10k/MILK10k_Training_Input/IL_5448170/ISIC_8659657.jpg,1,1,1,1,1
inference_data/milk10k/MILK10k_Training_Input/IL_5451589/ISIC_5214169.jpg,3,2,3,3,3
inference_data/milk10k/MILK10k_Training_Input/IL_5451589/ISIC_2128070.jpg,1,1,1,1,1
inference_data/milk10k/MILK10k_Training_Input/IL_5455457/ISIC_2453345.jpg,2,2,2,2,2
inference_data/milk10k/MILK10k_Training_Input/IL_5455457/ISIC_2098382.jpg,1,1,1,1,1
inference_data/milk10k/MILK10k_Training_Input/IL_5458528/ISIC_9474451.jpg,4,3,3,3,3
inference_data/milk10k/MILK10k_Training_Input/IL_5458528/ISIC_0662620.jpg,2,1,1,1,2
inference_data/milk10k/MILK10k_Training_Input/IL_5466158/ISIC_6252155.jpg,2,2,2,2,2
inference_data/milk10k/MILK10k_Training_Input/IL_5466158/ISIC_4213648.jpg,2,2,2,2,2
inference_data/milk10k/MILK10k_Training_Input/IL_5466304/ISIC_2150126.jpg,1,1,1,1,1
inference_data/milk10k/MILK10k_Training_Input/IL_5466304/ISIC_2181594.jpg,1,1,0,1,1
inference_data/milk10k/MILK10k_Training_Input/IL_5468213/ISIC_0751829.jpg,3,2,3,3,3
inference_data/milk10k/MILK10k_Training_Input/IL_5468213/ISIC_5509823.jpg,1,1,0,1,1
inference_data/milk10k/MILK10k_Training_Input/IL_5469172/ISIC_5420985.jpg,2,2,2,3,2
inference_data/milk10k/MILK10k_Training_Input/IL_5469172/ISIC_8042747.jpg,1,1,0,1,1
inference_data/milk10k/MILK10k_Training_Input/IL_5470919/ISIC_4011704.jpg,3,3,3,3,3
inference_data/milk10k/MILK10k_Training_Input/IL_5470919/ISIC_2867998.jpg,2,2,1,2,2
inference_data/milk10k/MILK10k_Training_Input/IL_5472522/ISIC_1126704.jpg,1,1,1,1,1
inference_data/milk10k/MILK10k_Training_Input/IL_5472522/ISIC_2822341.jpg,2,2,2,2,2
inference_data/milk10k/MILK10k_Training_Input/IL_5473127/ISIC_0627933.jpg,2,2,2,2,2
inference_data/milk10k/MILK10k_Training_Input/IL_5473127/ISIC_7447961.jpg,1,1,1,1,1
inference_data/milk10k/MILK10k_Training_Input/IL_5476058/ISIC_3628920.jpg,3,3,3,3,3
inference_data/milk10k/MILK10k_Training_Input/IL_5476058/ISIC_6038213.jpg,2,3,3,2,2
inference_data/milk10k/MILK10k_Training_Input/IL_5478972/ISIC_2494258.jpg,1,1,0,1,1
inference_data/milk10k/MILK10k_Training_Input/IL_5478972/ISIC_8385616.jpg,2,2,1,2,2
inference_data/milk10k/MILK10k_Training_Input/IL_5482289/ISIC_3736563.jpg,2,1,1,2,2
inference_data/milk10k/MILK10k_Training_Input/IL_5482289/ISIC_3945933.jpg,1,1,1,1,1
inference_data/milk10k/MILK10k_Training_Input/IL_5482346/ISIC_9023174.jpg,2,2,2,2,2
inference_data/milk10k/MILK10k_Training_Input/IL_5482346/ISIC_4411067.jpg,1,1,1,1,1
inference_data/milk10k/MILK10k_Training_Input/IL_5489225/ISIC_8713886.jpg,1,1,1,1,1
inference_data/milk10k/MILK10k_Training_Input/IL_5489225/ISIC_0292393.jpg,1,1,1,1,1
inference_data/milk10k/MILK10k_Training_Input/IL_5490327/ISIC_2790154.jpg,2,2,2,2,2
inference_data/milk10k/MILK10k_Training_Input/IL_5490327/ISIC_5634198.jpg,1,1,1,1,1
inference_data/milk10k/MILK10k_Training_Input/IL_5490605/ISIC_0506961.jpg,2,2,1,2,2
inference_data/milk10k/MILK10k_Training_Input/IL_5490605/ISIC_4425852.jpg,1,1,1,1,1
inference_data/milk10k/MILK10k_Training_Input/IL_5492781/ISIC_2070457.jpg,2,1,1,2,2
inference_data/milk10k/MILK10k_Training_Input/IL_5492781/ISIC_5938890.jpg,1,1,1,1,1
inference_data/milk10k/MILK10k_Training_Input/IL_5493547/ISIC_6070480.jpg,4,4,4,4,3
inference_data/milk10k/MILK10k_Training_Input/IL_5493547/ISIC_2902367.jpg,4,4,4,4,4
inference_data/milk10k/MILK10k_Training_Input/IL_5496114/ISIC_0833402.jpg,2,2,2,2,2
inference_data/milk10k/MILK10k_Training_Input/IL_5496114/ISIC_5629148.jpg,1,2,1,2,2
inference_data/milk10k/MILK10k_Training_Input/IL_5499388/ISIC_6422570.jpg,3,2,3,3,3
inference_data/milk10k/MILK10k_Training_Input/IL_5499388/ISIC_1670166.jpg,2,2,1,2,2
inference_data/milk10k/MILK10k_Training_Input/IL_5504349/ISIC_3744785.jpg,2,1,1,1,2
inference_data/milk10k/MILK10k_Training_Input/IL_5504349/ISIC_4833123.jpg,1,1,0,1,1
inference_data/milk10k/MILK10k_Training_Input/IL_5504376/ISIC_2304487.jpg,3,2,3,3,3
inference_data/milk10k/MILK10k_Training_Input/IL_5504376/ISIC_9276715.jpg,1,1,1,1,1
inference_data/milk10k/MILK10k_Training_Input/IL_5507611/ISIC_5274848.jpg,2,2,2,2,2
inference_data/milk10k/MILK10k_Training_Input/IL_5507611/ISIC_4423752.jpg,1,1,1,1,1
inference_data/milk10k/MILK10k_Training_Input/IL_5508020/ISIC_7236747.jpg,2,2,2,3,2
inference_data/milk10k/MILK10k_Training_Input/IL_5508020/ISIC_9549096.jpg,1,1,1,1,1
inference_data/milk10k/MILK10k_Training_Input/IL_5512123/ISIC_0923483.jpg,2,2,2,2,2
inference_data/milk10k/MILK10k_Training_Input/IL_5512123/ISIC_4939357.jpg,2,2,2,2,2
inference_data/milk10k/MILK10k_Training_Input/IL_5513291/ISIC_1771077.jpg,4,3,4,4,3
inference_data/milk10k/MILK10k_Training_Input/IL_5513291/ISIC_1818377.jpg,2,2,1,2,2
inference_data/milk10k/MILK10k_Training_Input/IL_5518223/ISIC_6513947.jpg,3,3,3,3,3
inference_data/milk10k/MILK10k_Training_Input/IL_5518223/ISIC_0835030.jpg,2,2,2,2,2
inference_data/milk10k/MILK10k_Training_Input/IL_5518573/ISIC_4449884.jpg,2,2,2,3,2
inference_data/milk10k/MILK10k_Training_Input/IL_5518573/ISIC_0273939.jpg,1,2,1,2,2
inference_data/milk10k/MILK10k_Training_Input/IL_5519397/ISIC_4420662.jpg,2,2,1,2,2
inference_data/milk10k/MILK10k_Training_Input/IL_5519397/ISIC_8746740.jpg,1,1,1,1,1
inference_data/milk10k/MILK10k_Training_Input/IL_5526388/ISIC_0707479.jpg,0,0,0,0,0
inference_data/milk10k/MILK10k_Training_Input/IL_5526388/ISIC_7957957.jpg,0,1,0,1,1
inference_data/milk10k/MILK10k_Training_Input/IL_5526869/ISIC_0370911.jpg,2,1,1,2,2
inference_data/milk10k/MILK10k_Training_Input/IL_5526869/ISIC_2309647.jpg,1,1,1,1,1
inference_data/milk10k/MILK10k_Training_Input/IL_5527928/ISIC_8990576.jpg,2,2,2,2,2
inference_data/milk10k/MILK10k_Training_Input/IL_5527928/ISIC_9434832.jpg,0,1,0,0,0
inference_data/milk10k/MILK10k_Training_Input/IL_5529051/ISIC_9422255.jpg,1,1,1,1,1
inference_data/milk10k/MILK10k_Training_Input/IL_5529051/ISIC_9661702.jpg,1,1,1,1,1
inference_data/milk10k/MILK10k_Training_Input/IL_5529544/ISIC_5680960.jpg,3,2,3,3,3
inference_data/milk10k/MILK10k_Training_Input/IL_5529544/ISIC_4691479.jpg,2,2,2,2,2
inference_data/milk10k/MILK10k_Training_Input/IL_5533204/ISIC_4467591.jpg,3,3,3,3,3
inference_data/milk10k/MILK10k_Training_Input/IL_5533204/ISIC_1741453.jpg,2,2,2,2,2
inference_data/milk10k/MILK10k_Training_Input/IL_5534064/ISIC_1992999.jpg,2,2,2,2,2
inference_data/milk10k/MILK10k_Training_Input/IL_5534064/ISIC_0907266.jpg,1,1,1,1,1
inference_data/milk10k/MILK10k_Training_Input/IL_5534472/ISIC_1584796.jpg,3,3,3,3,3
inference_data/milk10k/MILK10k_Training_Input/IL_5534472/ISIC_7500032.jpg,2,2,2,2,2
inference_data/milk10k/MILK10k_Training_Input/IL_5535772/ISIC_2900527.jpg,3,3,3,3,3
inference_data/milk10k/MILK10k_Training_Input/IL_5535772/ISIC_8945633.jpg,2,2,2,2,2
inference_data/milk10k/MILK10k_Training_Input/IL_5543989/ISIC_3411624.jpg,2,2,1,2,2
inference_data/milk10k/MILK10k_Training_Input/IL_5543989/ISIC_1714879.jpg,2,2,3,2,2
inference_data/milk10k/MILK10k_Training_Input/IL_5545955/ISIC_1355075.jpg,1,1,1,1,1
inference_data/milk10k/MILK10k_Training_Input/IL_5545955/ISIC_0090512.jpg,1,2,1,1,1
inference_data/milk10k/MILK10k_Training_Input/IL_5550587/ISIC_1435330.jpg,3,3,3,3,3
inference_data/milk10k/MILK10k_Training_Input/IL_5550587/ISIC_2525497.jpg,2,2,1,2,2
inference_data/milk10k/MILK10k_Training_Input/IL_5550773/ISIC_9310034.jpg,2,2,2,2,2
inference_data/milk10k/MILK10k_Training_Input/IL_5550773/ISIC_8620082.jpg,2,2,2,2,2
inference_data/milk10k/MILK10k_Training_Input/IL_5551611/ISIC_6433212.jpg,2,2,1,2,2
inference_data/milk10k/MILK10k_Training_Input/IL_5551611/ISIC_9476389.jpg,2,2,2,2,2
inference_data/milk10k/MILK10k_Training_Input/IL_5553029/ISIC_7391511.jpg,1,1,1,1,1
inference_data/milk10k/MILK10k_Training_Input/IL_5553029/ISIC_8413819.jpg,1,1,0,1,1
inference_data/milk10k/MILK10k_Training_Input/IL_5554236/ISIC_0292082.jpg,2,2,1,2,2
inference_data/milk10k/MILK10k_Training_Input/IL_5554236/ISIC_5567558.jpg,1,1,1,1,1
inference_data/milk10k/MILK10k_Training_Input/IL_5555237/ISIC_6006215.jpg,1,1,1,1,1
inference_data/milk10k/MILK10k_Training_Input/IL_5555237/ISIC_5638742.jpg,2,2,2,2,2
inference_data/milk10k/MILK10k_Training_Input/IL_5555860/ISIC_3740957.jpg,2,1,2,2,2
inference_data/milk10k/MILK10k_Training_Input/IL_5555860/ISIC_9064266.jpg,1,1,1,1,1
inference_data/milk10k/MILK10k_Training_Input/IL_5557985/ISIC_5508754.jpg,1,1,1,1,1
inference_data/milk10k/MILK10k_Training_Input/IL_5557985/ISIC_2031349.jpg,2,2,2,2,2
inference_data/milk10k/MILK10k_Training_Input/IL_5560445/ISIC_6829175.jpg,2,2,2,2,2
inference_data/milk10k/MILK10k_Training_Input/IL_5560445/ISIC_6845294.jpg,2,2,2,2,2
inference_data/milk10k/MILK10k_Training_Input/IL_5561688/ISIC_5091185.jpg,3,3,3,3,3
inference_data/milk10k/MILK10k_Training_Input/IL_5561688/ISIC_9822543.jpg,2,2,2,2,2
inference_data/milk10k/MILK10k_Training_Input/IL_5562402/ISIC_2930478.jpg,2,2,2,2,2
inference_data/milk10k/MILK10k_Training_Input/IL_5562402/ISIC_0755088.jpg,2,2,2,2,2
inference_data/milk10k/MILK10k_Training_Input/IL_5563241/ISIC_2891584.jpg,3,3,3,3,3
inference_data/milk10k/MILK10k_Training_Input/IL_5563241/ISIC_7610657.jpg,2,1,1,2,2
inference_data/milk10k/MILK10k_Training_Input/IL_5564093/ISIC_8545769.jpg,3,3,4,4,3
inference_data/milk10k/MILK10k_Training_Input/IL_5564093/ISIC_7315517.jpg,2,1,1,2,2
inference_data/milk10k/MILK10k_Training_Input/IL_5566169/ISIC_3838800.jpg,2,2,2,2,2
inference_data/milk10k/MILK10k_Training_Input/IL_5566169/ISIC_0360727.jpg,2,2,2,2,2
inference_data/milk10k/MILK10k_Training_Input/IL_5568661/ISIC_7571181.jpg,3,3,3,3,3
inference_data/milk10k/MILK10k_Training_Input/IL_5568661/ISIC_1844559.jpg,2,2,2,2,2
inference_data/milk10k/MILK10k_Training_Input/IL_5569419/ISIC_7746558.jpg,3,2,3,3,3
inference_data/milk10k/MILK10k_Training_Input/IL_5569419/ISIC_3865643.jpg,2,2,2,2,2
inference_data/milk10k/MILK10k_Training_Input/IL_5569670/ISIC_4691032.jpg,3,3,3,3,3
inference_data/milk10k/MILK10k_Training_Input/IL_5569670/ISIC_6276225.jpg,2,2,1,2,2
inference_data/milk10k/MILK10k_Training_Input/IL_5570821/ISIC_1974672.jpg,2,1,1,1,2
inference_data/milk10k/MILK10k_Training_Input/IL_5570821/ISIC_1837879.jpg,2,2,1,2,2
inference_data/milk10k/MILK10k_Training_Input/IL_5571355/ISIC_4683499.jpg,2,1,1,2,2
inference_data/milk10k/MILK10k_Training_Input/IL_5571355/ISIC_5442968.jpg,1,1,1,1,1
inference_data/milk10k/MILK10k_Training_Input/IL_5572380/ISIC_7717586.jpg,3,3,3,3,3
inference_data/milk10k/MILK10k_Training_Input/IL_5572380/ISIC_8586056.jpg,1,1,1,1,2
inference_data/milk10k/MILK10k_Training_Input/IL_5572496/ISIC_3784009.jpg,2,2,2,2,2
inference_data/milk10k/MILK10k_Training_Input/IL_5572496/ISIC_7261168.jpg,1,1,1,1,1
inference_data/milk10k/MILK10k_Training_Input/IL_5574857/ISIC_7363553.jpg,3,3,3,3,3
inference_data/milk10k/MILK10k_Training_Input/IL_5574857/ISIC_0167803.jpg,1,1,1,1,1
inference_data/milk10k/MILK10k_Training_Input/IL_5574879/ISIC_0441425.jpg,2,1,2,2,2
inference_data/milk10k/MILK10k_Training_Input/IL_5574879/ISIC_8947312.jpg,2,2,2,2,2
inference_data/milk10k/MILK10k_Training_Input/IL_5575063/ISIC_5060422.jpg,3,3,3,3,3
inference_data/milk10k/MILK10k_Training_Input/IL_5575063/ISIC_1603122.jpg,3,3,3,3,3
inference_data/milk10k/MILK10k_Training_Input/IL_5575734/ISIC_6444803.jpg,3,3,3,3,3
inference_data/milk10k/MILK10k_Training_Input/IL_5575734/ISIC_9737054.jpg,1,1,1,1,1
inference_data/milk10k/MILK10k_Training_Input/IL_5576259/ISIC_7345955.jpg,3,2,3,3,3
inference_data/milk10k/MILK10k_Training_Input/IL_5576259/ISIC_6831651.jpg,2,2,2,2,2
inference_data/milk10k/MILK10k_Training_Input/IL_5576993/ISIC_7179957.jpg,4,3,4,4,3
inference_data/milk10k/MILK10k_Training_Input/IL_5576993/ISIC_8698177.jpg,2,2,2,2,2
inference_data/milk10k/MILK10k_Training_Input/IL_5577465/ISIC_9899763.jpg,2,2,3,3,2
inference_data/milk10k/MILK10k_Training_Input/IL_5577465/ISIC_4043651.jpg,1,1,1,1,1
inference_data/milk10k/MILK10k_Training_Input/IL_5577667/ISIC_6847930.jpg,2,2,2,2,2
inference_data/milk10k/MILK10k_Training_Input/IL_5577667/ISIC_1990436.jpg,1,1,1,1,1
inference_data/milk10k/MILK10k_Training_Input/IL_5579945/ISIC_2624256.jpg,4,3,4,4,3
inference_data/milk10k/MILK10k_Training_Input/IL_5579945/ISIC_4957929.jpg,2,2,2,2,2
inference_data/milk10k/MILK10k_Training_Input/IL_5580548/ISIC_8175420.jpg,4,3,4,4,3
inference_data/milk10k/MILK10k_Training_Input/IL_5580548/ISIC_2845706.jpg,1,1,1,1,1
inference_data/milk10k/MILK10k_Training_Input/IL_5584867/ISIC_2371823.jpg,1,1,1,1,1
inference_data/milk10k/MILK10k_Training_Input/IL_5584867/ISIC_1335240.jpg,2,2,1,2,2
inference_data/milk10k/MILK10k_Training_Input/IL_5587633/ISIC_8984287.jpg,2,2,2,3,2
inference_data/milk10k/MILK10k_Training_Input/IL_5587633/ISIC_8420285.jpg,2,1,2,2,2
inference_data/milk10k/MILK10k_Training_Input/IL_5588135/ISIC_8834324.jpg,2,2,2,2,2
inference_data/milk10k/MILK10k_Training_Input/IL_5588135/ISIC_7818562.jpg,1,1,1,1,1
inference_data/milk10k/MILK10k_Training_Input/IL_5590437/ISIC_6694775.jpg,2,2,1,2,2
inference_data/milk10k/MILK10k_Training_Input/IL_5590437/ISIC_9250989.jpg,1,1,1,1,1
inference_data/milk10k/MILK10k_Training_Input/IL_5590663/ISIC_2431328.jpg,3,2,3,3,2
inference_data/milk10k/MILK10k_Training_Input/IL_5590663/ISIC_2232926.jpg,1,1,1,1,1
inference_data/milk10k/MILK10k_Training_Input/IL_5592337/ISIC_4564652.jpg,3,3,3,3,3
inference_data/milk10k/MILK10k_Training_Input/IL_5592337/ISIC_1083704.jpg,2,2,2,2,2
inference_data/milk10k/MILK10k_Training_Input/IL_5600470/ISIC_1996268.jpg,3,3,3,3,3
inference_data/milk10k/MILK10k_Training_Input/IL_5600470/ISIC_3446046.jpg,1,1,1,1,1
inference_data/milk10k/MILK10k_Training_Input/IL_5601227/ISIC_5178054.jpg,3,3,3,3,3
inference_data/milk10k/MILK10k_Training_Input/IL_5601227/ISIC_1845537.jpg,2,1,2,2,2
inference_data/milk10k/MILK10k_Training_Input/IL_5601775/ISIC_3243335.jpg,3,2,3,3,2
inference_data/milk10k/MILK10k_Training_Input/IL_5601775/ISIC_4713403.jpg,2,2,2,2,2
inference_data/milk10k/MILK10k_Training_Input/IL_5604150/ISIC_2343962.jpg,3,2,2,3,2
inference_data/milk10k/MILK10k_Training_Input/IL_5604150/ISIC_5566852.jpg,2,2,2,2,2
inference_data/milk10k/MILK10k_Training_Input/IL_5604764/ISIC_9916568.jpg,2,2,2,2,2
inference_data/milk10k/MILK10k_Training_Input/IL_5604764/ISIC_5179024.jpg,2,2,1,2,2
inference_data/milk10k/MILK10k_Training_Input/IL_5606298/ISIC_4960098.jpg,2,2,2,2,2
inference_data/milk10k/MILK10k_Training_Input/IL_5606298/ISIC_1393721.jpg,1,1,1,1,1
inference_data/milk10k/MILK10k_Training_Input/IL_5607525/ISIC_5167204.jpg,3,2,3,3,3
inference_data/milk10k/MILK10k_Training_Input/IL_5607525/ISIC_5671567.jpg,1,1,1,1,1
inference_data/milk10k/MILK10k_Training_Input/IL_5607786/ISIC_6573445.jpg,4,3,3,4,4
inference_data/milk10k/MILK10k_Training_Input/IL_5607786/ISIC_5699349.jpg,1,1,0,1,1
inference_data/milk10k/MILK10k_Training_Input/IL_5607912/ISIC_8338783.jpg,2,2,2,2,2
inference_data/milk10k/MILK10k_Training_Input/IL_5607912/ISIC_2605163.jpg,1,1,0,1,1
inference_data/milk10k/MILK10k_Training_Input/IL_5608215/ISIC_6038047.jpg,1,1,1,1,1
inference_data/milk10k/MILK10k_Training_Input/IL_5608215/ISIC_7902497.jpg,1,1,1,1,1
inference_data/milk10k/MILK10k_Training_Input/IL_5610769/ISIC_7434007.jpg,2,2,2,2,2
inference_data/milk10k/MILK10k_Training_Input/IL_5610769/ISIC_5833236.jpg,1,1,1,1,2
inference_data/milk10k/MILK10k_Training_Input/IL_5611087/ISIC_1884813.jpg,2,2,2,2,2
inference_data/milk10k/MILK10k_Training_Input/IL_5611087/ISIC_8923256.jpg,2,2,2,2,2
inference_data/milk10k/MILK10k_Training_Input/IL_5612108/ISIC_9118088.jpg,2,2,2,2,2
inference_data/milk10k/MILK10k_Training_Input/IL_5612108/ISIC_7251011.jpg,2,2,1,2,2
inference_data/milk10k/MILK10k_Training_Input/IL_5614486/ISIC_1727258.jpg,2,2,2,2,2
inference_data/milk10k/MILK10k_Training_Input/IL_5614486/ISIC_2740604.jpg,2,1,2,2,2
inference_data/milk10k/MILK10k_Training_Input/IL_5619918/ISIC_2056292.jpg,2,2,2,2,2
inference_data/milk10k/MILK10k_Training_Input/IL_5619918/ISIC_1133187.jpg,2,2,1,2,2
inference_data/milk10k/MILK10k_Training_Input/IL_5620268/ISIC_4271987.jpg,2,2,2,3,2
inference_data/milk10k/MILK10k_Training_Input/IL_5620268/ISIC_6907436.jpg,2,2,2,2,2
inference_data/milk10k/MILK10k_Training_Input/IL_5621754/ISIC_1863906.jpg,3,2,2,3,2
inference_data/milk10k/MILK10k_Training_Input/IL_5621754/ISIC_6076269.jpg,2,2,1,2,2
inference_data/milk10k/MILK10k_Training_Input/IL_5623343/ISIC_0592812.jpg,2,2,2,2,2
inference_data/milk10k/MILK10k_Training_Input/IL_5623343/ISIC_0339191.jpg,1,1,1,1,1
inference_data/milk10k/MILK10k_Training_Input/IL_5625000/ISIC_3776498.jpg,4,3,3,4,3
inference_data/milk10k/MILK10k_Training_Input/IL_5625000/ISIC_2255098.jpg,2,2,1,2,2
inference_data/milk10k/MILK10k_Training_Input/IL_5625816/ISIC_8868188.jpg,2,1,1,1,2
inference_data/milk10k/MILK10k_Training_Input/IL_5625816/ISIC_4877797.jpg,2,2,1,2,2
inference_data/milk10k/MILK10k_Training_Input/IL_5627565/ISIC_4523157.jpg,3,2,3,3,3
inference_data/milk10k/MILK10k_Training_Input/IL_5627565/ISIC_3197377.jpg,2,1,2,2,2
inference_data/milk10k/MILK10k_Training_Input/IL_5631172/ISIC_2677713.jpg,1,1,2,2,2
inference_data/milk10k/MILK10k_Training_Input/IL_5631172/ISIC_2877235.jpg,0,1,0,1,1
inference_data/milk10k/MILK10k_Training_Input/IL_5631575/ISIC_7195517.jpg,3,2,3,3,3
inference_data/milk10k/MILK10k_Training_Input/IL_5631575/ISIC_9188614.jpg,1,1,1,1,1
inference_data/milk10k/MILK10k_Training_Input/IL_5645205/ISIC_4881986.jpg,2,2,1,2,2
inference_data/milk10k/MILK10k_Training_Input/IL_5645205/ISIC_7836855.jpg,2,2,1,1,2
inference_data/milk10k/MILK10k_Training_Input/IL_5655244/ISIC_6593403.jpg,2,2,2,2,2
inference_data/milk10k/MILK10k_Training_Input/IL_5655244/ISIC_5157495.jpg,2,3,2,2,2
inference_data/milk10k/MILK10k_Training_Input/IL_5655863/ISIC_3167280.jpg,2,2,1,2,2
inference_data/milk10k/MILK10k_Training_Input/IL_5655863/ISIC_8274376.jpg,1,1,1,1,1
inference_data/milk10k/MILK10k_Training_Input/IL_5657022/ISIC_7185462.jpg,2,2,2,3,2
inference_data/milk10k/MILK10k_Training_Input/IL_5657022/ISIC_5657346.jpg,1,1,1,1,1
inference_data/milk10k/MILK10k_Training_Input/IL_5661640/ISIC_5084798.jpg,3,3,3,4,3
inference_data/milk10k/MILK10k_Training_Input/IL_5661640/ISIC_3250692.jpg,2,2,2,2,2
inference_data/milk10k/MILK10k_Training_Input/IL_5666618/ISIC_0411208.jpg,2,3,2,3,3
inference_data/milk10k/MILK10k_Training_Input/IL_5666618/ISIC_8653825.jpg,1,1,1,1,1
inference_data/milk10k/MILK10k_Training_Input/IL_5670003/ISIC_3025142.jpg,2,2,2,3,2
inference_data/milk10k/MILK10k_Training_Input/IL_5670003/ISIC_3154934.jpg,1,1,1,1,1
inference_data/milk10k/MILK10k_Training_Input/IL_5672522/ISIC_3436899.jpg,2,2,2,2,2
inference_data/milk10k/MILK10k_Training_Input/IL_5672522/ISIC_5142210.jpg,2,2,2,2,2
inference_data/milk10k/MILK10k_Training_Input/IL_5673593/ISIC_9209368.jpg,2,2,2,3,2
inference_data/milk10k/MILK10k_Training_Input/IL_5673593/ISIC_9384345.jpg,1,1,1,1,1
inference_data/milk10k/MILK10k_Training_Input/IL_5675707/ISIC_3735485.jpg,3,3,3,3,3
inference_data/milk10k/MILK10k_Training_Input/IL_5675707/ISIC_2546925.jpg,0,0,0,0,0
inference_data/milk10k/MILK10k_Training_Input/IL_5675796/ISIC_6938902.jpg,2,2,2,2,2
inference_data/milk10k/MILK10k_Training_Input/IL_5675796/ISIC_5402488.jpg,2,2,2,3,2
inference_data/milk10k/MILK10k_Training_Input/IL_5675821/ISIC_7070121.jpg,1,1,2,2,2
inference_data/milk10k/MILK10k_Training_Input/IL_5675821/ISIC_4116005.jpg,1,1,1,1,1
inference_data/milk10k/MILK10k_Training_Input/IL_5676990/ISIC_8064335.jpg,3,2,3,3,3
inference_data/milk10k/MILK10k_Training_Input/IL_5676990/ISIC_0646544.jpg,2,1,2,2,2
inference_data/milk10k/MILK10k_Training_Input/IL_5684831/ISIC_6313303.jpg,2,1,1,2,2
inference_data/milk10k/MILK10k_Training_Input/IL_5684831/ISIC_2311853.jpg,1,1,1,1,1
inference_data/milk10k/MILK10k_Training_Input/IL_5690254/ISIC_6773425.jpg,3,3,3,3,3
inference_data/milk10k/MILK10k_Training_Input/IL_5690254/ISIC_7526819.jpg,2,2,2,2,2
inference_data/milk10k/MILK10k_Training_Input/IL_5691160/ISIC_7151709.jpg,3,2,3,3,2
inference_data/milk10k/MILK10k_Training_Input/IL_5691160/ISIC_5436116.jpg,2,2,2,2,2
inference_data/milk10k/MILK10k_Training_Input/IL_5691794/ISIC_8639067.jpg,3,2,2,3,2
inference_data/milk10k/MILK10k_Training_Input/IL_5691794/ISIC_1176236.jpg,2,1,1,2,2
inference_data/milk10k/MILK10k_Training_Input/IL_5693413/ISIC_2375503.jpg,3,2,3,3,3
inference_data/milk10k/MILK10k_Training_Input/IL_5693413/ISIC_8899125.jpg,2,2,2,2,2
inference_data/milk10k/MILK10k_Training_Input/IL_5696181/ISIC_7992008.jpg,2,2,2,2,2
inference_data/milk10k/MILK10k_Training_Input/IL_5696181/ISIC_9823894.jpg,1,1,1,1,1
inference_data/milk10k/MILK10k_Training_Input/IL_5697539/ISIC_4033538.jpg,2,2,1,2,1
inference_data/milk10k/MILK10k_Training_Input/IL_5697539/ISIC_7198657.jpg,2,1,1,2,2
inference_data/milk10k/MILK10k_Training_Input/IL_5698688/ISIC_6736703.jpg,3,2,2,3,3
inference_data/milk10k/MILK10k_Training_Input/IL_5698688/ISIC_9521548.jpg,2,2,0,1,2
inference_data/milk10k/MILK10k_Training_Input/IL_5699716/ISIC_6548664.jpg,2,2,2,2,2
inference_data/milk10k/MILK10k_Training_Input/IL_5699716/ISIC_4184819.jpg,1,2,1,1,2
inference_data/milk10k/MILK10k_Training_Input/IL_5700109/ISIC_4542447.jpg,2,2,1,2,2
inference_data/milk10k/MILK10k_Training_Input/IL_5700109/ISIC_4681024.jpg,1,1,1,1,2
inference_data/milk10k/MILK10k_Training_Input/IL_5703544/ISIC_8271995.jpg,3,3,3,3,3
inference_data/milk10k/MILK10k_Training_Input/IL_5703544/ISIC_2175735.jpg,2,2,2,2,2
inference_data/milk10k/MILK10k_Training_Input/IL_5704362/ISIC_3045477.jpg,2,2,2,2,2
inference_data/milk10k/MILK10k_Training_Input/IL_5704362/ISIC_7434343.jpg,1,1,1,1,1
inference_data/milk10k/MILK10k_Training_Input/IL_5708642/ISIC_8349783.jpg,0,0,0,0,0
inference_data/milk10k/MILK10k_Training_Input/IL_5708642/ISIC_9159202.jpg,2,2,1,2,2
inference_data/milk10k/MILK10k_Training_Input/IL_5708693/ISIC_0326699.jpg,3,2,2,2,2
inference_data/milk10k/MILK10k_Training_Input/IL_5708693/ISIC_7589454.jpg,1,1,0,1,1
inference_data/milk10k/MILK10k_Training_Input/IL_5709126/ISIC_2874145.jpg,2,2,2,2,2
inference_data/milk10k/MILK10k_Training_Input/IL_5709126/ISIC_9399711.jpg,2,1,2,2,2
inference_data/milk10k/MILK10k_Training_Input/IL_5709842/ISIC_5223774.jpg,3,2,2,3,2
inference_data/milk10k/MILK10k_Training_Input/IL_5709842/ISIC_8002362.jpg,1,1,1,1,2
inference_data/milk10k/MILK10k_Training_Input/IL_5720105/ISIC_7459629.jpg,3,2,3,3,3
inference_data/milk10k/MILK10k_Training_Input/IL_5720105/ISIC_6881589.jpg,1,1,0,1,1
inference_data/milk10k/MILK10k_Training_Input/IL_5722759/ISIC_6487282.jpg,2,2,2,2,2
inference_data/milk10k/MILK10k_Training_Input/IL_5722759/ISIC_3178939.jpg,1,1,1,1,1
inference_data/milk10k/MILK10k_Training_Input/IL_5725663/ISIC_9107434.jpg,3,3,3,3,3
inference_data/milk10k/MILK10k_Training_Input/IL_5725663/ISIC_1462182.jpg,2,2,2,2,2
inference_data/milk10k/MILK10k_Training_Input/IL_5725802/ISIC_9642927.jpg,1,1,1,1,1
inference_data/milk10k/MILK10k_Training_Input/IL_5725802/ISIC_2961262.jpg,1,1,1,1,1
inference_data/milk10k/MILK10k_Training_Input/IL_5727849/ISIC_5455211.jpg,2,1,1,1,2
inference_data/milk10k/MILK10k_Training_Input/IL_5727849/ISIC_9536932.jpg,1,2,1,1,2
inference_data/milk10k/MILK10k_Training_Input/IL_5730089/ISIC_3127556.jpg,2,1,2,2,2
inference_data/milk10k/MILK10k_Training_Input/IL_5730089/ISIC_2183361.jpg,1,1,1,1,1
inference_data/milk10k/MILK10k_Training_Input/IL_5732372/ISIC_7662628.jpg,2,2,2,2,2
inference_data/milk10k/MILK10k_Training_Input/IL_5732372/ISIC_2990629.jpg,1,1,1,2,2
inference_data/milk10k/MILK10k_Training_Input/IL_5733908/ISIC_2226996.jpg,2,2,2,2,2
inference_data/milk10k/MILK10k_Training_Input/IL_5733908/ISIC_2843665.jpg,1,1,1,1,1
inference_data/milk10k/MILK10k_Training_Input/IL_5738134/ISIC_5111361.jpg,3,2,2,3,2
inference_data/milk10k/MILK10k_Training_Input/IL_5738134/ISIC_6642031.jpg,2,2,2,2,2
inference_data/milk10k/MILK10k_Training_Input/IL_5744385/ISIC_7034446.jpg,3,3,3,3,3
inference_data/milk10k/MILK10k_Training_Input/IL_5744385/ISIC_3825679.jpg,1,2,1,2,1
inference_data/milk10k/MILK10k_Training_Input/IL_5747064/ISIC_3614372.jpg,3,2,3,3,3
inference_data/milk10k/MILK10k_Training_Input/IL_5747064/ISIC_5707695.jpg,1,1,1,1,1
inference_data/milk10k/MILK10k_Training_Input/IL_5747539/ISIC_9325289.jpg,3,3,2,3,2
inference_data/milk10k/MILK10k_Training_Input/IL_5747539/ISIC_8309358.jpg,2,2,2,2,2
inference_data/milk10k/MILK10k_Training_Input/IL_5749341/ISIC_8733906.jpg,3,2,2,3,2
inference_data/milk10k/MILK10k_Training_Input/IL_5749341/ISIC_1419820.jpg,2,2,2,2,2
inference_data/milk10k/MILK10k_Training_Input/IL_5750100/ISIC_0377749.jpg,2,2,2,3,2
inference_data/milk10k/MILK10k_Training_Input/IL_5750100/ISIC_9001368.jpg,1,1,1,1,1
inference_data/milk10k/MILK10k_Training_Input/IL_5750110/ISIC_6874595.jpg,2,2,2,2,2
inference_data/milk10k/MILK10k_Training_Input/IL_5750110/ISIC_9214947.jpg,2,2,2,2,2
inference_data/milk10k/MILK10k_Training_Input/IL_5752488/ISIC_9814001.jpg,1,1,1,1,1
inference_data/milk10k/MILK10k_Training_Input/IL_5752488/ISIC_5104415.jpg,1,2,1,1,1
inference_data/milk10k/MILK10k_Training_Input/IL_5753278/ISIC_9588100.jpg,3,3,3,4,3
inference_data/milk10k/MILK10k_Training_Input/IL_5753278/ISIC_2020398.jpg,2,2,2,2,2
inference_data/milk10k/MILK10k_Training_Input/IL_5755884/ISIC_0990706.jpg,3,3,3,3,3
inference_data/milk10k/MILK10k_Training_Input/IL_5755884/ISIC_4063953.jpg,1,1,1,1,1
inference_data/milk10k/MILK10k_Training_Input/IL_5759496/ISIC_9759381.jpg,3,2,3,3,2
inference_data/milk10k/MILK10k_Training_Input/IL_5759496/ISIC_5413870.jpg,2,2,2,2,2
inference_data/milk10k/MILK10k_Training_Input/IL_5762747/ISIC_2968192.jpg,1,1,1,1,1
inference_data/milk10k/MILK10k_Training_Input/IL_5762747/ISIC_8381606.jpg,1,1,1,2,2
inference_data/milk10k/MILK10k_Training_Input/IL_5764596/ISIC_9786685.jpg,2,2,2,2,2
inference_data/milk10k/MILK10k_Training_Input/IL_5764596/ISIC_7537434.jpg,2,1,2,2,2
inference_data/milk10k/MILK10k_Training_Input/IL_5764702/ISIC_4194365.jpg,2,2,2,2,2
inference_data/milk10k/MILK10k_Training_Input/IL_5764702/ISIC_1810342.jpg,1,1,1,1,1
inference_data/milk10k/MILK10k_Training_Input/IL_5765069/ISIC_3943289.jpg,1,1,1,2,1
inference_data/milk10k/MILK10k_Training_Input/IL_5765069/ISIC_5959727.jpg,1,2,1,1,2
inference_data/milk10k/MILK10k_Training_Input/IL_5766424/ISIC_5407200.jpg,3,2,3,3,2
inference_data/milk10k/MILK10k_Training_Input/IL_5766424/ISIC_0373826.jpg,2,2,1,1,2
inference_data/milk10k/MILK10k_Training_Input/IL_5766426/ISIC_6995667.jpg,2,2,2,2,2
inference_data/milk10k/MILK10k_Training_Input/IL_5766426/ISIC_7450231.jpg,1,1,1,1,1
inference_data/milk10k/MILK10k_Training_Input/IL_5766493/ISIC_5660758.jpg,3,3,3,3,3
inference_data/milk10k/MILK10k_Training_Input/IL_5766493/ISIC_2122841.jpg,1,1,1,1,1
inference_data/milk10k/MILK10k_Training_Input/IL_5767308/ISIC_0352367.jpg,2,2,2,2,2
inference_data/milk10k/MILK10k_Training_Input/IL_5767308/ISIC_8858676.jpg,1,1,1,2,2
inference_data/milk10k/MILK10k_Training_Input/IL_5767772/ISIC_4098601.jpg,2,2,3,3,2
inference_data/milk10k/MILK10k_Training_Input/IL_5767772/ISIC_1774371.jpg,1,1,1,1,1
inference_data/milk10k/MILK10k_Training_Input/IL_5768412/ISIC_5212488.jpg,3,2,3,3,3
inference_data/milk10k/MILK10k_Training_Input/IL_5768412/ISIC_6026324.jpg,1,1,1,1,1
inference_data/milk10k/MILK10k_Training_Input/IL_5769609/ISIC_3981334.jpg,1,1,1,1,1
inference_data/milk10k/MILK10k_Training_Input/IL_5769609/ISIC_0610035.jpg,1,2,1,1,1
inference_data/milk10k/MILK10k_Training_Input/IL_5770532/ISIC_3024107.jpg,3,3,3,3,3
inference_data/milk10k/MILK10k_Training_Input/IL_5770532/ISIC_2205902.jpg,1,1,1,1,1
inference_data/milk10k/MILK10k_Training_Input/IL_5770748/ISIC_7256290.jpg,2,2,1,2,2
inference_data/milk10k/MILK10k_Training_Input/IL_5770748/ISIC_7775074.jpg,2,2,1,2,2
inference_data/milk10k/MILK10k_Training_Input/IL_5771256/ISIC_4162668.jpg,2,2,2,3,2
inference_data/milk10k/MILK10k_Training_Input/IL_5771256/ISIC_5675875.jpg,1,1,1,1,1
inference_data/milk10k/MILK10k_Training_Input/IL_5775257/ISIC_2127182.jpg,2,1,1,2,2
inference_data/milk10k/MILK10k_Training_Input/IL_5775257/ISIC_4440119.jpg,2,2,2,2,2
inference_data/milk10k/MILK10k_Training_Input/IL_5779680/ISIC_8508919.jpg,2,2,2,2,2
inference_data/milk10k/MILK10k_Training_Input/IL_5779680/ISIC_4351882.jpg,1,1,1,1,1
inference_data/milk10k/MILK10k_Training_Input/IL_5780868/ISIC_5493878.jpg,3,3,3,3,3
inference_data/milk10k/MILK10k_Training_Input/IL_5780868/ISIC_1111101.jpg,1,1,1,1,1
inference_data/milk10k/MILK10k_Training_Input/IL_5780931/ISIC_7294780.jpg,3,2,3,3,3
inference_data/milk10k/MILK10k_Training_Input/IL_5780931/ISIC_9519122.jpg,2,2,2,2,2
inference_data/milk10k/MILK10k_Training_Input/IL_5782288/ISIC_3428455.jpg,1,1,1,1,1
inference_data/milk10k/MILK10k_Training_Input/IL_5782288/ISIC_9566444.jpg,1,2,1,2,2
inference_data/milk10k/MILK10k_Training_Input/IL_5784432/ISIC_0784089.jpg,2,2,2,2,2
inference_data/milk10k/MILK10k_Training_Input/IL_5784432/ISIC_0802543.jpg,1,1,1,1,1
inference_data/milk10k/MILK10k_Training_Input/IL_5787945/ISIC_7070387.jpg,4,3,3,3,3
inference_data/milk10k/MILK10k_Training_Input/IL_5787945/ISIC_6896664.jpg,2,2,2,2,2
inference_data/milk10k/MILK10k_Training_Input/IL_5790103/ISIC_0584164.jpg,2,2,2,2,2
inference_data/milk10k/MILK10k_Training_Input/IL_5790103/ISIC_5832081.jpg,1,1,0,1,1
inference_data/milk10k/MILK10k_Training_Input/IL_5790573/ISIC_3318295.jpg,3,2,3,3,2
inference_data/milk10k/MILK10k_Training_Input/IL_5790573/ISIC_6648449.jpg,1,1,0,1,1
inference_data/milk10k/MILK10k_Training_Input/IL_5793339/ISIC_6753928.jpg,2,1,1,2,2
inference_data/milk10k/MILK10k_Training_Input/IL_5793339/ISIC_9093424.jpg,2,2,2,2,2
inference_data/milk10k/MILK10k_Training_Input/IL_5795574/ISIC_1957687.jpg,2,2,2,2,2
inference_data/milk10k/MILK10k_Training_Input/IL_5795574/ISIC_7128280.jpg,1,1,1,1,1
inference_data/milk10k/MILK10k_Training_Input/IL_5795869/ISIC_0537911.jpg,3,2,3,3,3
inference_data/milk10k/MILK10k_Training_Input/IL_5795869/ISIC_3327928.jpg,1,1,1,1,1
inference_data/milk10k/MILK10k_Training_Input/IL_5797500/ISIC_9060487.jpg,3,3,3,3,3
inference_data/milk10k/MILK10k_Training_Input/IL_5797500/ISIC_9187182.jpg,2,2,2,2,2
inference_data/milk10k/MILK10k_Training_Input/IL_5797843/ISIC_3566394.jpg,2,2,2,2,2
inference_data/milk10k/MILK10k_Training_Input/IL_5797843/ISIC_8006314.jpg,2,2,2,2,2
inference_data/milk10k/MILK10k_Training_Input/IL_5798814/ISIC_0674586.jpg,2,2,2,2,2
inference_data/milk10k/MILK10k_Training_Input/IL_5798814/ISIC_2855242.jpg,1,1,1,1,1
inference_data/milk10k/MILK10k_Training_Input/IL_5799605/ISIC_8984053.jpg,3,3,3,3,3
inference_data/milk10k/MILK10k_Training_Input/IL_5799605/ISIC_0731364.jpg,2,1,2,2,2
inference_data/milk10k/MILK10k_Training_Input/IL_5802153/ISIC_8720890.jpg,3,3,3,4,3
inference_data/milk10k/MILK10k_Training_Input/IL_5802153/ISIC_9929733.jpg,1,1,0,1,1
inference_data/milk10k/MILK10k_Training_Input/IL_5802470/ISIC_3510532.jpg,2,2,2,2,2
inference_data/milk10k/MILK10k_Training_Input/IL_5802470/ISIC_4842886.jpg,2,1,2,2,2
inference_data/milk10k/MILK10k_Training_Input/IL_5805980/ISIC_6838452.jpg,2,3,2,3,2
inference_data/milk10k/MILK10k_Training_Input/IL_5805980/ISIC_7882033.jpg,1,1,1,1,1
inference_data/milk10k/MILK10k_Training_Input/IL_5809538/ISIC_1085320.jpg,2,1,1,2,2
inference_data/milk10k/MILK10k_Training_Input/IL_5809538/ISIC_4093313.jpg,1,1,1,1,1
inference_data/milk10k/MILK10k_Training_Input/IL_5809749/ISIC_8776447.jpg,2,2,2,2,2
inference_data/milk10k/MILK10k_Training_Input/IL_5809749/ISIC_6093126.jpg,2,2,2,2,2
inference_data/milk10k/MILK10k_Training_Input/IL_5811280/ISIC_5741122.jpg,2,2,2,2,2
inference_data/milk10k/MILK10k_Training_Input/IL_5811280/ISIC_7215858.jpg,1,1,1,1,1
inference_data/milk10k/MILK10k_Training_Input/IL_5812139/ISIC_8646764.jpg,2,1,1,2,2
inference_data/milk10k/MILK10k_Training_Input/IL_5812139/ISIC_5511054.jpg,1,1,1,1,1
inference_data/milk10k/MILK10k_Training_Input/IL_5814206/ISIC_5985462.jpg,2,2,2,2,2
inference_data/milk10k/MILK10k_Training_Input/IL_5814206/ISIC_7619664.jpg,1,1,0,1,1
inference_data/milk10k/MILK10k_Training_Input/IL_5816331/ISIC_3740979.jpg,2,2,1,2,1
inference_data/milk10k/MILK10k_Training_Input/IL_5816331/ISIC_8253705.jpg,1,1,0,1,1
inference_data/milk10k/MILK10k_Training_Input/IL_5816419/ISIC_0657349.jpg,2,2,2,2,2
inference_data/milk10k/MILK10k_Training_Input/IL_5816419/ISIC_8257972.jpg,1,1,1,1,1
inference_data/milk10k/MILK10k_Training_Input/IL_5818163/ISIC_2021937.jpg,2,2,2,3,2
inference_data/milk10k/MILK10k_Training_Input/IL_5818163/ISIC_5376495.jpg,2,2,2,2,2
inference_data/milk10k/MILK10k_Training_Input/IL_5818168/ISIC_2531173.jpg,1,2,1,2,2
inference_data/milk10k/MILK10k_Training_Input/IL_5818168/ISIC_4301953.jpg,2,2,2,2,2
inference_data/milk10k/MILK10k_Training_Input/IL_5818628/ISIC_6250101.jpg,2,2,2,2,2
inference_data/milk10k/MILK10k_Training_Input/IL_5818628/ISIC_1129613.jpg,2,2,2,2,2
inference_data/milk10k/MILK10k_Training_Input/IL_5821357/ISIC_3388002.jpg,2,2,2,2,2
inference_data/milk10k/MILK10k_Training_Input/IL_5821357/ISIC_0848694.jpg,2,2,2,2,2
inference_data/milk10k/MILK10k_Training_Input/IL_5823414/ISIC_4733745.jpg,2,2,2,2,2
inference_data/milk10k/MILK10k_Training_Input/IL_5823414/ISIC_4613268.jpg,1,1,1,1,1
inference_data/milk10k/MILK10k_Training_Input/IL_5825636/ISIC_6043504.jpg,3,3,3,3,3
inference_data/milk10k/MILK10k_Training_Input/IL_5825636/ISIC_0649497.jpg,2,2,2,2,2
inference_data/milk10k/MILK10k_Training_Input/IL_5827394/ISIC_4156387.jpg,2,2,2,2,2
inference_data/milk10k/MILK10k_Training_Input/IL_5827394/ISIC_8960889.jpg,1,1,1,1,1
inference_data/milk10k/MILK10k_Training_Input/IL_5827688/ISIC_1403022.jpg,2,2,2,2,2
inference_data/milk10k/MILK10k_Training_Input/IL_5827688/ISIC_8643100.jpg,2,2,2,2,2
inference_data/milk10k/MILK10k_Training_Input/IL_5829281/ISIC_0506930.jpg,3,2,3,3,3
inference_data/milk10k/MILK10k_Training_Input/IL_5829281/ISIC_3537131.jpg,1,1,0,1,1
inference_data/milk10k/MILK10k_Training_Input/IL_5830387/ISIC_7133516.jpg,3,2,3,3,2
inference_data/milk10k/MILK10k_Training_Input/IL_5830387/ISIC_6465119.jpg,1,2,1,2,2
inference_data/milk10k/MILK10k_Training_Input/IL_5831054/ISIC_5838920.jpg,3,3,3,3,3
inference_data/milk10k/MILK10k_Training_Input/IL_5831054/ISIC_4958589.jpg,2,2,2,2,2
inference_data/milk10k/MILK10k_Training_Input/IL_5832073/ISIC_5015322.jpg,2,2,2,2,2
inference_data/milk10k/MILK10k_Training_Input/IL_5832073/ISIC_3822340.jpg,2,2,2,2,3
inference_data/milk10k/MILK10k_Training_Input/IL_5832874/ISIC_7853005.jpg,2,2,2,2,2
inference_data/milk10k/MILK10k_Training_Input/IL_5832874/ISIC_2906273.jpg,4,4,4,4,4
inference_data/milk10k/MILK10k_Training_Input/IL_5833308/ISIC_5406249.jpg,2,2,2,2,2
inference_data/milk10k/MILK10k_Training_Input/IL_5833308/ISIC_5660553.jpg,1,1,0,1,1
inference_data/milk10k/MILK10k_Training_Input/IL_5834228/ISIC_0885646.jpg,2,2,2,2,2
inference_data/milk10k/MILK10k_Training_Input/IL_5834228/ISIC_2524673.jpg,2,1,1,2,2
inference_data/milk10k/MILK10k_Training_Input/IL_5834999/ISIC_8231124.jpg,3,3,3,3,3
inference_data/milk10k/MILK10k_Training_Input/IL_5834999/ISIC_4668008.jpg,2,2,2,2,2
inference_data/milk10k/MILK10k_Training_Input/IL_5835237/ISIC_1923944.jpg,3,3,3,3,3
inference_data/milk10k/MILK10k_Training_Input/IL_5835237/ISIC_1643848.jpg,1,1,1,1,1
inference_data/milk10k/MILK10k_Training_Input/IL_5835931/ISIC_8278794.jpg,2,2,1,2,2
inference_data/milk10k/MILK10k_Training_Input/IL_5835931/ISIC_3277541.jpg,1,1,1,1,1
inference_data/milk10k/MILK10k_Training_Input/IL_5836381/ISIC_2738967.jpg,2,2,2,2,2
inference_data/milk10k/MILK10k_Training_Input/IL_5836381/ISIC_7204645.jpg,1,1,1,1,1
inference_data/milk10k/MILK10k_Training_Input/IL_5839734/ISIC_6110952.jpg,3,3,3,3,2
inference_data/milk10k/MILK10k_Training_Input/IL_5839734/ISIC_0709199.jpg,2,2,1,2,2
inference_data/milk10k/MILK10k_Training_Input/IL_5842148/ISIC_1593079.jpg,4,4,4,3,4
inference_data/milk10k/MILK10k_Training_Input/IL_5842148/ISIC_2348795.jpg,1,1,1,1,1
inference_data/milk10k/MILK10k_Training_Input/IL_5842745/ISIC_9420991.jpg,2,2,2,2,2
inference_data/milk10k/MILK10k_Training_Input/IL_5842745/ISIC_3627147.jpg,1,1,0,1,1
inference_data/milk10k/MILK10k_Training_Input/IL_5844694/ISIC_3679455.jpg,2,2,2,2,2
inference_data/milk10k/MILK10k_Training_Input/IL_5844694/ISIC_8650160.jpg,2,2,2,2,2
inference_data/milk10k/MILK10k_Training_Input/IL_5844745/ISIC_1849076.jpg,2,2,2,2,2
inference_data/milk10k/MILK10k_Training_Input/IL_5844745/ISIC_7682533.jpg,2,2,2,2,2
inference_data/milk10k/MILK10k_Training_Input/IL_5846759/ISIC_9171491.jpg,3,2,3,3,2
inference_data/milk10k/MILK10k_Training_Input/IL_5846759/ISIC_6337323.jpg,2,2,2,2,2
inference_data/milk10k/MILK10k_Training_Input/IL_5846889/ISIC_2911796.jpg,3,3,3,3,2
inference_data/milk10k/MILK10k_Training_Input/IL_5846889/ISIC_4716627.jpg,1,2,1,1,1
inference_data/milk10k/MILK10k_Training_Input/IL_5848004/ISIC_8899246.jpg,4,3,4,4,3
inference_data/milk10k/MILK10k_Training_Input/IL_5848004/ISIC_3372650.jpg,2,2,2,2,2
inference_data/milk10k/MILK10k_Training_Input/IL_5848162/ISIC_1002562.jpg,3,3,3,3,3
inference_data/milk10k/MILK10k_Training_Input/IL_5848162/ISIC_3975783.jpg,2,2,1,2,2
inference_data/milk10k/MILK10k_Training_Input/IL_5849837/ISIC_2557679.jpg,1,2,1,1,1
inference_data/milk10k/MILK10k_Training_Input/IL_5849837/ISIC_5001424.jpg,2,2,2,2,2
inference_data/milk10k/MILK10k_Training_Input/IL_5853973/ISIC_2111264.jpg,2,2,2,3,2
inference_data/milk10k/MILK10k_Training_Input/IL_5853973/ISIC_2740122.jpg,1,1,1,1,1
inference_data/milk10k/MILK10k_Training_Input/IL_5857209/ISIC_3515789.jpg,2,2,3,3,2
inference_data/milk10k/MILK10k_Training_Input/IL_5857209/ISIC_1552276.jpg,3,3,3,3,3
inference_data/milk10k/MILK10k_Training_Input/IL_5857700/ISIC_2156824.jpg,2,2,2,2,2
inference_data/milk10k/MILK10k_Training_Input/IL_5857700/ISIC_3023198.jpg,1,2,1,1,2
inference_data/milk10k/MILK10k_Training_Input/IL_5858083/ISIC_2834466.jpg,1,1,1,1,1
inference_data/milk10k/MILK10k_Training_Input/IL_5858083/ISIC_0379668.jpg,1,1,1,1,1
inference_data/milk10k/MILK10k_Training_Input/IL_5858516/ISIC_6168154.jpg,3,2,3,3,3
inference_data/milk10k/MILK10k_Training_Input/IL_5858516/ISIC_6295397.jpg,1,1,0,1,1
inference_data/milk10k/MILK10k_Training_Input/IL_5858663/ISIC_4017835.jpg,2,1,1,2,1
inference_data/milk10k/MILK10k_Training_Input/IL_5858663/ISIC_6022197.jpg,2,2,2,2,2
inference_data/milk10k/MILK10k_Training_Input/IL_5865217/ISIC_0325706.jpg,2,2,2,2,2
inference_data/milk10k/MILK10k_Training_Input/IL_5865217/ISIC_5989590.jpg,2,2,2,2,2
inference_data/milk10k/MILK10k_Training_Input/IL_5866168/ISIC_8520875.jpg,3,3,3,3,3
inference_data/milk10k/MILK10k_Training_Input/IL_5866168/ISIC_8362681.jpg,1,1,0,1,1
inference_data/milk10k/MILK10k_Training_Input/IL_5867572/ISIC_9470013.jpg,3,2,2,3,2
inference_data/milk10k/MILK10k_Training_Input/IL_5867572/ISIC_1119886.jpg,2,2,2,2,2
inference_data/milk10k/MILK10k_Training_Input/IL_5870575/ISIC_6178342.jpg,2,2,2,2,2
inference_data/milk10k/MILK10k_Training_Input/IL_5870575/ISIC_6698922.jpg,1,1,1,1,2
inference_data/milk10k/MILK10k_Training_Input/IL_5873826/ISIC_0527788.jpg,3,3,3,3,3
inference_data/milk10k/MILK10k_Training_Input/IL_5873826/ISIC_2056374.jpg,1,2,1,1,1
inference_data/milk10k/MILK10k_Training_Input/IL_5874088/ISIC_3696217.jpg,3,2,2,3,2
inference_data/milk10k/MILK10k_Training_Input/IL_5874088/ISIC_6078907.jpg,1,1,1,1,1
inference_data/milk10k/MILK10k_Training_Input/IL_5879862/ISIC_5301048.jpg,4,3,4,4,3
inference_data/milk10k/MILK10k_Training_Input/IL_5879862/ISIC_9141788.jpg,2,2,2,2,2
inference_data/milk10k/MILK10k_Training_Input/IL_5880006/ISIC_0612725.jpg,2,2,2,3,2
inference_data/milk10k/MILK10k_Training_Input/IL_5880006/ISIC_0547517.jpg,2,2,2,2,2
inference_data/milk10k/MILK10k_Training_Input/IL_5880830/ISIC_3298769.jpg,3,2,3,3,2
inference_data/milk10k/MILK10k_Training_Input/IL_5880830/ISIC_9777580.jpg,1,1,1,1,1
inference_data/milk10k/MILK10k_Training_Input/IL_5882272/ISIC_2817890.jpg,2,2,2,2,2
inference_data/milk10k/MILK10k_Training_Input/IL_5882272/ISIC_9286506.jpg,1,1,1,1,1
inference_data/milk10k/MILK10k_Training_Input/IL_5882687/ISIC_5977837.jpg,3,2,2,3,2
inference_data/milk10k/MILK10k_Training_Input/IL_5882687/ISIC_1044266.jpg,2,2,2,2,2
inference_data/milk10k/MILK10k_Training_Input/IL_5885697/ISIC_0138768.jpg,4,3,4,4,3
inference_data/milk10k/MILK10k_Training_Input/IL_5885697/ISIC_1244447.jpg,1,1,1,1,1
inference_data/milk10k/MILK10k_Training_Input/IL_5890338/ISIC_0498304.jpg,2,2,2,2,2
inference_data/milk10k/MILK10k_Training_Input/IL_5890338/ISIC_5814193.jpg,2,2,2,2,2
inference_data/milk10k/MILK10k_Training_Input/IL_5890474/ISIC_5552185.jpg,2,2,2,3,2
inference_data/milk10k/MILK10k_Training_Input/IL_5890474/ISIC_3372353.jpg,2,2,2,2,2
inference_data/milk10k/MILK10k_Training_Input/IL_5895681/ISIC_6058576.jpg,2,1,2,2,2
inference_data/milk10k/MILK10k_Training_Input/IL_5895681/ISIC_9342357.jpg,1,2,1,1,2
inference_data/milk10k/MILK10k_Training_Input/IL_5896465/ISIC_3018802.jpg,3,3,3,3,3
inference_data/milk10k/MILK10k_Training_Input/IL_5896465/ISIC_6863789.jpg,2,2,1,2,2
inference_data/milk10k/MILK10k_Training_Input/IL_5897108/ISIC_9704742.jpg,1,1,1,1,1
inference_data/milk10k/MILK10k_Training_Input/IL_5897108/ISIC_5659521.jpg,2,2,2,2,2
inference_data/milk10k/MILK10k_Training_Input/IL_5900922/ISIC_5695123.jpg,2,2,1,2,2
inference_data/milk10k/MILK10k_Training_Input/IL_5900922/ISIC_1970255.jpg,1,1,0,1,1
inference_data/milk10k/MILK10k_Training_Input/IL_5901848/ISIC_8354428.jpg,2,2,2,3,2
inference_data/milk10k/MILK10k_Training_Input/IL_5901848/ISIC_3005181.jpg,2,2,1,2,2
inference_data/milk10k/MILK10k_Training_Input/IL_5903951/ISIC_5374944.jpg,3,3,3,3,3
inference_data/milk10k/MILK10k_Training_Input/IL_5903951/ISIC_9296237.jpg,2,2,2,1,2
inference_data/milk10k/MILK10k_Training_Input/IL_5909950/ISIC_9886033.jpg,3,2,3,3,3
inference_data/milk10k/MILK10k_Training_Input/IL_5909950/ISIC_7516657.jpg,1,1,0,1,1
inference_data/milk10k/MILK10k_Training_Input/IL_5910352/ISIC_9460407.jpg,1,1,1,1,1
inference_data/milk10k/MILK10k_Training_Input/IL_5910352/ISIC_0368554.jpg,1,1,1,1,1
inference_data/milk10k/MILK10k_Training_Input/IL_5911154/ISIC_9894744.jpg,1,2,1,2,1
inference_data/milk10k/MILK10k_Training_Input/IL_5911154/ISIC_4523106.jpg,2,2,1,2,2
inference_data/milk10k/MILK10k_Training_Input/IL_5914745/ISIC_8112445.jpg,2,2,2,2,2
inference_data/milk10k/MILK10k_Training_Input/IL_5914745/ISIC_4275923.jpg,1,1,1,1,1
inference_data/milk10k/MILK10k_Training_Input/IL_5915659/ISIC_2758349.jpg,2,1,1,2,2
inference_data/milk10k/MILK10k_Training_Input/IL_5915659/ISIC_8929684.jpg,1,1,1,1,1
inference_data/milk10k/MILK10k_Training_Input/IL_5916541/ISIC_8810193.jpg,2,2,2,2,1
inference_data/milk10k/MILK10k_Training_Input/IL_5916541/ISIC_7472087.jpg,1,1,1,1,1
inference_data/milk10k/MILK10k_Training_Input/IL_5917369/ISIC_1300480.jpg,2,2,3,3,2
inference_data/milk10k/MILK10k_Training_Input/IL_5917369/ISIC_0684071.jpg,2,2,2,2,2
inference_data/milk10k/MILK10k_Training_Input/IL_5917999/ISIC_9198446.jpg,2,2,2,2,2
inference_data/milk10k/MILK10k_Training_Input/IL_5917999/ISIC_4432152.jpg,1,1,1,1,1
inference_data/milk10k/MILK10k_Training_Input/IL_5922300/ISIC_9336484.jpg,2,2,2,3,2
inference_data/milk10k/MILK10k_Training_Input/IL_5922300/ISIC_8556393.jpg,1,1,1,1,2
inference_data/milk10k/MILK10k_Training_Input/IL_5922871/ISIC_3965246.jpg,2,2,2,2,2
inference_data/milk10k/MILK10k_Training_Input/IL_5922871/ISIC_5180599.jpg,1,1,1,2,2
inference_data/milk10k/MILK10k_Training_Input/IL_5924727/ISIC_4330850.jpg,3,2,2,3,2
inference_data/milk10k/MILK10k_Training_Input/IL_5924727/ISIC_4505155.jpg,1,1,1,1,1
inference_data/milk10k/MILK10k_Training_Input/IL_5926277/ISIC_4837156.jpg,2,2,2,2,2
inference_data/milk10k/MILK10k_Training_Input/IL_5926277/ISIC_8839494.jpg,1,1,0,1,1
inference_data/milk10k/MILK10k_Training_Input/IL_5928623/ISIC_5116537.jpg,2,2,2,3,2
inference_data/milk10k/MILK10k_Training_Input/IL_5928623/ISIC_2633032.jpg,2,2,2,2,2
inference_data/milk10k/MILK10k_Training_Input/IL_5930295/ISIC_3237120.jpg,3,2,3,3,2
inference_data/milk10k/MILK10k_Training_Input/IL_5930295/ISIC_1695711.jpg,2,2,2,2,2
inference_data/milk10k/MILK10k_Training_Input/IL_5930437/ISIC_8202730.jpg,2,2,2,2,2
inference_data/milk10k/MILK10k_Training_Input/IL_5930437/ISIC_2106139.jpg,1,2,2,1,2
inference_data/milk10k/MILK10k_Training_Input/IL_5931575/ISIC_7542892.jpg,2,2,3,3,2
inference_data/milk10k/MILK10k_Training_Input/IL_5931575/ISIC_2669811.jpg,2,2,1,2,2
inference_data/milk10k/MILK10k_Training_Input/IL_5938594/ISIC_1592625.jpg,2,2,1,2,2
inference_data/milk10k/MILK10k_Training_Input/IL_5938594/ISIC_6003134.jpg,2,2,2,2,2
inference_data/milk10k/MILK10k_Training_Input/IL_5940346/ISIC_0990979.jpg,3,3,3,3,3
inference_data/milk10k/MILK10k_Training_Input/IL_5940346/ISIC_2376934.jpg,1,1,1,1,1
inference_data/milk10k/MILK10k_Training_Input/IL_5941345/ISIC_1448081.jpg,3,3,3,3,3
inference_data/milk10k/MILK10k_Training_Input/IL_5941345/ISIC_9140582.jpg,1,1,1,1,1
inference_data/milk10k/MILK10k_Training_Input/IL_5941947/ISIC_1580971.jpg,2,2,2,2,2
inference_data/milk10k/MILK10k_Training_Input/IL_5941947/ISIC_1801591.jpg,3,3,3,3,3
inference_data/milk10k/MILK10k_Training_Input/IL_5945185/ISIC_0441714.jpg,2,2,2,2,2
inference_data/milk10k/MILK10k_Training_Input/IL_5945185/ISIC_4467312.jpg,1,1,1,1,1
inference_data/milk10k/MILK10k_Training_Input/IL_5945369/ISIC_9365835.jpg,4,4,4,4,4
inference_data/milk10k/MILK10k_Training_Input/IL_5945369/ISIC_9945188.jpg,2,2,2,2,2
inference_data/milk10k/MILK10k_Training_Input/IL_5945948/ISIC_1598653.jpg,2,2,2,3,2
inference_data/milk10k/MILK10k_Training_Input/IL_5945948/ISIC_5986238.jpg,1,2,1,2,2
inference_data/milk10k/MILK10k_Training_Input/IL_5946581/ISIC_2059897.jpg,2,2,2,2,2
inference_data/milk10k/MILK10k_Training_Input/IL_5946581/ISIC_8613265.jpg,1,1,1,1,1
inference_data/milk10k/MILK10k_Training_Input/IL_5947209/ISIC_3952676.jpg,4,3,4,4,4
inference_data/milk10k/MILK10k_Training_Input/IL_5947209/ISIC_1906835.jpg,2,2,2,2,2
inference_data/milk10k/MILK10k_Training_Input/IL_5950762/ISIC_6630088.jpg,2,2,2,2,2
inference_data/milk10k/MILK10k_Training_Input/IL_5950762/ISIC_2791059.jpg,1,1,1,1,1
inference_data/milk10k/MILK10k_Training_Input/IL_5952880/ISIC_0512778.jpg,3,3,3,3,3
inference_data/milk10k/MILK10k_Training_Input/IL_5952880/ISIC_7989369.jpg,1,1,1,1,1
inference_data/milk10k/MILK10k_Training_Input/IL_5953610/ISIC_0471652.jpg,2,2,2,3,2
inference_data/milk10k/MILK10k_Training_Input/IL_5953610/ISIC_2302491.jpg,1,2,1,1,1
inference_data/milk10k/MILK10k_Training_Input/IL_5954640/ISIC_3614265.jpg,2,2,3,3,2
inference_data/milk10k/MILK10k_Training_Input/IL_5954640/ISIC_3430932.jpg,2,2,1,2,2
inference_data/milk10k/MILK10k_Training_Input/IL_5954989/ISIC_0513234.jpg,1,1,1,1,1
inference_data/milk10k/MILK10k_Training_Input/IL_5954989/ISIC_1376673.jpg,1,1,1,1,1
inference_data/milk10k/MILK10k_Training_Input/IL_5959411/ISIC_5342805.jpg,3,2,3,3,3
inference_data/milk10k/MILK10k_Training_Input/IL_5959411/ISIC_8439407.jpg,2,1,2,2,2
inference_data/milk10k/MILK10k_Training_Input/IL_5959833/ISIC_9443293.jpg,2,2,2,3,2
inference_data/milk10k/MILK10k_Training_Input/IL_5959833/ISIC_8452965.jpg,1,1,1,1,1
inference_data/milk10k/MILK10k_Training_Input/IL_5960278/ISIC_9548799.jpg,2,2,2,2,2
inference_data/milk10k/MILK10k_Training_Input/IL_5960278/ISIC_0234458.jpg,1,1,1,1,1
inference_data/milk10k/MILK10k_Training_Input/IL_5961668/ISIC_3045023.jpg,1,1,1,1,1
inference_data/milk10k/MILK10k_Training_Input/IL_5961668/ISIC_4198312.jpg,2,2,2,2,2
inference_data/milk10k/MILK10k_Training_Input/IL_5963960/ISIC_6183115.jpg,3,3,3,3,3
inference_data/milk10k/MILK10k_Training_Input/IL_5963960/ISIC_0962183.jpg,1,1,1,1,1
inference_data/milk10k/MILK10k_Training_Input/IL_5970079/ISIC_6135860.jpg,3,3,3,4,3
inference_data/milk10k/MILK10k_Training_Input/IL_5970079/ISIC_3420711.jpg,1,1,1,2,2
inference_data/milk10k/MILK10k_Training_Input/IL_5974480/ISIC_1952689.jpg,1,1,1,2,1
inference_data/milk10k/MILK10k_Training_Input/IL_5974480/ISIC_8431346.jpg,2,2,1,2,2
inference_data/milk10k/MILK10k_Training_Input/IL_5975500/ISIC_1432182.jpg,2,2,1,2,2
inference_data/milk10k/MILK10k_Training_Input/IL_5975500/ISIC_8338464.jpg,2,2,2,2,2
inference_data/milk10k/MILK10k_Training_Input/IL_5979205/ISIC_6996440.jpg,2,2,2,2,2
inference_data/milk10k/MILK10k_Training_Input/IL_5979205/ISIC_3006692.jpg,2,2,2,1,2
inference_data/milk10k/MILK10k_Training_Input/IL_5979940/ISIC_7857854.jpg,2,2,2,2,2
inference_data/milk10k/MILK10k_Training_Input/IL_5979940/ISIC_8543046.jpg,2,2,2,2,2
inference_data/milk10k/MILK10k_Training_Input/IL_5982008/ISIC_6823624.jpg,2,2,2,3,2
inference_data/milk10k/MILK10k_Training_Input/IL_5982008/ISIC_5484742.jpg,1,1,1,1,1
inference_data/milk10k/MILK10k_Training_Input/IL_5985854/ISIC_4129053.jpg,2,2,2,2,2
inference_data/milk10k/MILK10k_Training_Input/IL_5985854/ISIC_0093873.jpg,1,1,1,2,2
inference_data/milk10k/MILK10k_Training_Input/IL_5987346/ISIC_6008036.jpg,3,2,3,3,2
inference_data/milk10k/MILK10k_Training_Input/IL_5987346/ISIC_2603915.jpg,2,2,2,2,2
inference_data/milk10k/MILK10k_Training_Input/IL_5992819/ISIC_3420842.jpg,2,2,2,2,2
inference_data/milk10k/MILK10k_Training_Input/IL_5992819/ISIC_9613721.jpg,2,2,2,2,2
inference_data/milk10k/MILK10k_Training_Input/IL_5993994/ISIC_8104170.jpg,1,1,1,1,1
inference_data/milk10k/MILK10k_Training_Input/IL_5993994/ISIC_2921430.jpg,2,2,3,3,2
inference_data/milk10k/MILK10k_Training_Input/IL_5996475/ISIC_9770798.jpg,2,2,2,2,2
inference_data/milk10k/MILK10k_Training_Input/IL_5996475/ISIC_9186111.jpg,4,4,3,4,4
inference_data/milk10k/MILK10k_Training_Input/IL_5997841/ISIC_7816290.jpg,2,2,2,2,2
inference_data/milk10k/MILK10k_Training_Input/IL_5997841/ISIC_3187907.jpg,2,2,2,2,2
inference_data/milk10k/MILK10k_Training_Input/IL_6003342/ISIC_9762915.jpg,4,4,4,4,4
inference_data/milk10k/MILK10k_Training_Input/IL_6003342/ISIC_5312126.jpg,1,1,1,1,2
inference_data/milk10k/MILK10k_Training_Input/IL_6003876/ISIC_8033561.jpg,2,2,2,2,2
inference_data/milk10k/MILK10k_Training_Input/IL_6003876/ISIC_3548770.jpg,2,2,1,2,2
inference_data/milk10k/MILK10k_Training_Input/IL_6004102/ISIC_9670100.jpg,2,2,2,2,2
inference_data/milk10k/MILK10k_Training_Input/IL_6004102/ISIC_2631859.jpg,1,1,0,1,1
inference_data/milk10k/MILK10k_Training_Input/IL_6004651/ISIC_1828118.jpg,3,2,3,3,2
inference_data/milk10k/MILK10k_Training_Input/IL_6004651/ISIC_2283635.jpg,1,1,1,1,1
inference_data/milk10k/MILK10k_Training_Input/IL_6004998/ISIC_0307003.jpg,5,4,5,5,5
inference_data/milk10k/MILK10k_Training_Input/IL_6004998/ISIC_2888616.jpg,2,2,2,3,3
inference_data/milk10k/MILK10k_Training_Input/IL_6005068/ISIC_5399582.jpg,2,2,1,2,2
inference_data/milk10k/MILK10k_Training_Input/IL_6005068/ISIC_7441024.jpg,2,1,2,2,2
inference_data/milk10k/MILK10k_Training_Input/IL_6007354/ISIC_7046064.jpg,2,2,2,2,2
inference_data/milk10k/MILK10k_Training_Input/IL_6007354/ISIC_8554994.jpg,2,1,1,1,1
inference_data/milk10k/MILK10k_Training_Input/IL_6007498/ISIC_1032764.jpg,3,3,3,3,3
inference_data/milk10k/MILK10k_Training_Input/IL_6007498/ISIC_8606881.jpg,1,1,1,2,2
inference_data/milk10k/MILK10k_Training_Input/IL_6007909/ISIC_6214078.jpg,3,2,2,3,3
inference_data/milk10k/MILK10k_Training_Input/IL_6007909/ISIC_1090300.jpg,1,1,1,1,1
inference_data/milk10k/MILK10k_Training_Input/IL_6008739/ISIC_5913999.jpg,4,3,4,4,3
inference_data/milk10k/MILK10k_Training_Input/IL_6008739/ISIC_1061716.jpg,1,1,1,1,1
inference_data/milk10k/MILK10k_Training_Input/IL_6010748/ISIC_0987080.jpg,1,1,1,1,1
inference_data/milk10k/MILK10k_Training_Input/IL_6010748/ISIC_0853302.jpg,1,1,1,1,1
inference_data/milk10k/MILK10k_Training_Input/IL_6011265/ISIC_4476901.jpg,1,1,1,1,1
inference_data/milk10k/MILK10k_Training_Input/IL_6011265/ISIC_0477999.jpg,2,2,1,2,2
inference_data/milk10k/MILK10k_Training_Input/IL_6014318/ISIC_3838940.jpg,2,2,2,3,2
inference_data/milk10k/MILK10k_Training_Input/IL_6014318/ISIC_9053541.jpg,2,1,1,1,2
inference_data/milk10k/MILK10k_Training_Input/IL_6016722/ISIC_6016454.jpg,1,2,1,1,1
inference_data/milk10k/MILK10k_Training_Input/IL_6016722/ISIC_3765481.jpg,1,1,1,1,1
inference_data/milk10k/MILK10k_Training_Input/IL_6017753/ISIC_0973981.jpg,3,2,3,3,3
inference_data/milk10k/MILK10k_Training_Input/IL_6017753/ISIC_6838890.jpg,2,1,2,2,2
inference_data/milk10k/MILK10k_Training_Input/IL_6019192/ISIC_0423080.jpg,2,2,2,2,2
inference_data/milk10k/MILK10k_Training_Input/IL_6019192/ISIC_2267440.jpg,1,2,1,1,1
inference_data/milk10k/MILK10k_Training_Input/IL_6019983/ISIC_4770739.jpg,2,2,2,2,2
inference_data/milk10k/MILK10k_Training_Input/IL_6019983/ISIC_3849096.jpg,1,1,0,1,1
inference_data/milk10k/MILK10k_Training_Input/IL_6021116/ISIC_0906065.jpg,3,2,3,3,2
inference_data/milk10k/MILK10k_Training_Input/IL_6021116/ISIC_9892179.jpg,2,2,3,3,3
inference_data/milk10k/MILK10k_Training_Input/IL_6021149/ISIC_9212791.jpg,2,2,2,2,2
inference_data/milk10k/MILK10k_Training_Input/IL_6021149/ISIC_3946401.jpg,2,2,1,1,1
inference_data/milk10k/MILK10k_Training_Input/IL_6022474/ISIC_5318049.jpg,3,2,3,3,3
inference_data/milk10k/MILK10k_Training_Input/IL_6022474/ISIC_6494733.jpg,1,1,0,1,1
inference_data/milk10k/MILK10k_Training_Input/IL_6024093/ISIC_0398312.jpg,3,2,3,3,2
inference_data/milk10k/MILK10k_Training_Input/IL_6024093/ISIC_5426572.jpg,1,1,1,1,1
inference_data/milk10k/MILK10k_Training_Input/IL_6029935/ISIC_6900216.jpg,3,3,3,3,3
inference_data/milk10k/MILK10k_Training_Input/IL_6029935/ISIC_6539237.jpg,2,2,1,1,2
inference_data/milk10k/MILK10k_Training_Input/IL_6031338/ISIC_3441354.jpg,3,2,3,3,3
inference_data/milk10k/MILK10k_Training_Input/IL_6031338/ISIC_1528651.jpg,2,2,2,2,2
inference_data/milk10k/MILK10k_Training_Input/IL_6032106/ISIC_4231370.jpg,2,1,1,2,2
inference_data/milk10k/MILK10k_Training_Input/IL_6032106/ISIC_7319186.jpg,1,1,0,1,1
inference_data/milk10k/MILK10k_Training_Input/IL_6033161/ISIC_8225481.jpg,3,3,3,3,3
inference_data/milk10k/MILK10k_Training_Input/IL_6033161/ISIC_6469024.jpg,1,1,1,1,1
inference_data/milk10k/MILK10k_Training_Input/IL_6033617/ISIC_8188045.jpg,2,2,2,2,2
inference_data/milk10k/MILK10k_Training_Input/IL_6033617/ISIC_1076265.jpg,1,1,1,1,2
inference_data/milk10k/MILK10k_Training_Input/IL_6035276/ISIC_6311996.jpg,2,2,2,2,2
inference_data/milk10k/MILK10k_Training_Input/IL_6035276/ISIC_1992759.jpg,1,1,0,1,1
inference_data/milk10k/MILK10k_Training_Input/IL_6035719/ISIC_7384502.jpg,2,2,2,2,2
inference_data/milk10k/MILK10k_Training_Input/IL_6035719/ISIC_9570959.jpg,1,1,1,1,1
inference_data/milk10k/MILK10k_Training_Input/IL_6037073/ISIC_8641404.jpg,3,2,3,3,3
inference_data/milk10k/MILK10k_Training_Input/IL_6037073/ISIC_4406973.jpg,2,2,2,2,2
inference_data/milk10k/MILK10k_Training_Input/IL_6037224/ISIC_1816648.jpg,3,2,3,3,3
inference_data/milk10k/MILK10k_Training_Input/IL_6037224/ISIC_9455367.jpg,3,2,3,3,3
inference_data/milk10k/MILK10k_Training_Input/IL_6040163/ISIC_6970817.jpg,2,2,2,2,2
inference_data/milk10k/MILK10k_Training_Input/IL_6040163/ISIC_8840511.jpg,1,1,1,1,1
inference_data/milk10k/MILK10k_Training_Input/IL_6040962/ISIC_2869987.jpg,2,2,2,3,2
inference_data/milk10k/MILK10k_Training_Input/IL_6040962/ISIC_9750600.jpg,1,1,1,1,1
inference_data/milk10k/MILK10k_Training_Input/IL_6049551/ISIC_4529113.jpg,3,3,3,3,3
inference_data/milk10k/MILK10k_Training_Input/IL_6049551/ISIC_2733454.jpg,1,1,1,1,1
inference_data/milk10k/MILK10k_Training_Input/IL_6050524/ISIC_6605295.jpg,3,3,4,4,3
inference_data/milk10k/MILK10k_Training_Input/IL_6050524/ISIC_0350119.jpg,2,1,2,2,2
inference_data/milk10k/MILK10k_Training_Input/IL_6052093/ISIC_3736605.jpg,1,2,2,1,1
inference_data/milk10k/MILK10k_Training_Input/IL_6052093/ISIC_6119319.jpg,1,1,1,1,1
inference_data/milk10k/MILK10k_Training_Input/IL_6052166/ISIC_3831969.jpg,2,2,2,2,2
inference_data/milk10k/MILK10k_Training_Input/IL_6052166/ISIC_4622676.jpg,1,1,1,1,1
inference_data/milk10k/MILK10k_Training_Input/IL_6052286/ISIC_9760671.jpg,2,1,2,2,2
inference_data/milk10k/MILK10k_Training_Input/IL_6052286/ISIC_1480200.jpg,2,2,2,2,2
inference_data/milk10k/MILK10k_Training_Input/IL_6055895/ISIC_0524110.jpg,2,2,3,3,2
inference_data/milk10k/MILK10k_Training_Input/IL_6055895/ISIC_3063817.jpg,1,1,1,1,1
inference_data/milk10k/MILK10k_Training_Input/IL_6060589/ISIC_1706772.jpg,3,2,3,3,3
inference_data/milk10k/MILK10k_Training_Input/IL_6060589/ISIC_3593419.jpg,1,1,1,1,1
inference_data/milk10k/MILK10k_Training_Input/IL_6064590/ISIC_8499977.jpg,3,3,3,3,3
inference_data/milk10k/MILK10k_Training_Input/IL_6064590/ISIC_2434031.jpg,2,1,1,2,2
inference_data/milk10k/MILK10k_Training_Input/IL_6066269/ISIC_9818964.jpg,3,3,4,4,3
inference_data/milk10k/MILK10k_Training_Input/IL_6066269/ISIC_4235972.jpg,2,2,2,2,2
inference_data/milk10k/MILK10k_Training_Input/IL_6066960/ISIC_5059174.jpg,2,2,2,2,2
inference_data/milk10k/MILK10k_Training_Input/IL_6066960/ISIC_0560810.jpg,1,2,1,1,1
inference_data/milk10k/MILK10k_Training_Input/IL_6069436/ISIC_3519677.jpg,3,3,3,3,3
inference_data/milk10k/MILK10k_Training_Input/IL_6069436/ISIC_0670265.jpg,2,2,2,2,2
inference_data/milk10k/MILK10k_Training_Input/IL_6071484/ISIC_9236121.jpg,2,2,2,2,2
inference_data/milk10k/MILK10k_Training_Input/IL_6071484/ISIC_2510819.jpg,1,1,1,1,1
inference_data/milk10k/MILK10k_Training_Input/IL_6077697/ISIC_6731947.jpg,2,2,2,2,2
inference_data/milk10k/MILK10k_Training_Input/IL_6077697/ISIC_3488397.jpg,1,2,1,2,1
inference_data/milk10k/MILK10k_Training_Input/IL_6079301/ISIC_8767141.jpg,2,1,1,2,2
inference_data/milk10k/MILK10k_Training_Input/IL_6079301/ISIC_9120690.jpg,2,2,2,2,2
inference_data/milk10k/MILK10k_Training_Input/IL_6083019/ISIC_8073921.jpg,4,4,4,4,4
inference_data/milk10k/MILK10k_Training_Input/IL_6083019/ISIC_9406973.jpg,1,1,1,1,1
inference_data/milk10k/MILK10k_Training_Input/IL_6084143/ISIC_0690154.jpg,2,2,2,2,2
inference_data/milk10k/MILK10k_Training_Input/IL_6084143/ISIC_7243195.jpg,3,4,3,2,3
inference_data/milk10k/MILK10k_Training_Input/IL_6084278/ISIC_0211067.jpg,3,3,3,3,3
inference_data/milk10k/MILK10k_Training_Input/IL_6084278/ISIC_3773277.jpg,2,2,2,2,2
inference_data/milk10k/MILK10k_Training_Input/IL_6093082/ISIC_1714093.jpg,2,2,2,2,2
inference_data/milk10k/MILK10k_Training_Input/IL_6093082/ISIC_7631504.jpg,1,2,1,1,1
inference_data/milk10k/MILK10k_Training_Input/IL_6097327/ISIC_7162187.jpg,2,2,2,2,2
inference_data/milk10k/MILK10k_Training_Input/IL_6097327/ISIC_3794267.jpg,3,3,3,3,3
inference_data/milk10k/MILK10k_Training_Input/IL_6106772/ISIC_1219741.jpg,1,1,1,1,1
inference_data/milk10k/MILK10k_Training_Input/IL_6106772/ISIC_4257866.jpg,1,1,1,1,1
inference_data/milk10k/MILK10k_Training_Input/IL_6106939/ISIC_0389181.jpg,2,2,2,2,2
inference_data/milk10k/MILK10k_Training_Input/IL_6106939/ISIC_6403341.jpg,2,2,2,2,2
inference_data/milk10k/MILK10k_Training_Input/IL_6107862/ISIC_7113721.jpg,3,3,3,3,3
inference_data/milk10k/MILK10k_Training_Input/IL_6107862/ISIC_6590195.jpg,1,1,1,1,1
inference_data/milk10k/MILK10k_Training_Input/IL_6110349/ISIC_0937410.jpg,4,3,4,4,3
inference_data/milk10k/MILK10k_Training_Input/IL_6110349/ISIC_7330557.jpg,2,2,2,2,2
inference_data/milk10k/MILK10k_Training_Input/IL_6111577/ISIC_0662021.jpg,2,1,2,2,2
inference_data/milk10k/MILK10k_Training_Input/IL_6111577/ISIC_2419039.jpg,1,1,1,1,2
inference_data/milk10k/MILK10k_Training_Input/IL_6113276/ISIC_3345386.jpg,1,1,1,1,1
inference_data/milk10k/MILK10k_Training_Input/IL_6113276/ISIC_8562787.jpg,1,1,1,1,2
inference_data/milk10k/MILK10k_Training_Input/IL_6113513/ISIC_5349810.jpg,3,3,3,4,3
inference_data/milk10k/MILK10k_Training_Input/IL_6113513/ISIC_6806266.jpg,2,2,2,2,2
inference_data/milk10k/MILK10k_Training_Input/IL_6114071/ISIC_8333805.jpg,3,2,3,3,3
inference_data/milk10k/MILK10k_Training_Input/IL_6114071/ISIC_3526708.jpg,2,2,2,2,2
inference_data/milk10k/MILK10k_Training_Input/IL_6116581/ISIC_5661673.jpg,2,1,1,2,2
inference_data/milk10k/MILK10k_Training_Input/IL_6116581/ISIC_5164646.jpg,1,1,0,1,1
inference_data/milk10k/MILK10k_Training_Input/IL_6117786/ISIC_4575840.jpg,2,2,2,3,2
inference_data/milk10k/MILK10k_Training_Input/IL_6117786/ISIC_8769047.jpg,1,2,1,1,1
inference_data/milk10k/MILK10k_Training_Input/IL_6118153/ISIC_1656238.jpg,1,1,1,1,1
inference_data/milk10k/MILK10k_Training_Input/IL_6118153/ISIC_3599799.jpg,2,3,3,2,3
inference_data/milk10k/MILK10k_Training_Input/IL_6119017/ISIC_8788388.jpg,3,2,3,2,2
inference_data/milk10k/MILK10k_Training_Input/IL_6119017/ISIC_3105211.jpg,1,1,1,1,1
inference_data/milk10k/MILK10k_Training_Input/IL_6119395/ISIC_2781687.jpg,1,1,1,2,1
inference_data/milk10k/MILK10k_Training_Input/IL_6119395/ISIC_6306620.jpg,2,2,2,2,2
inference_data/milk10k/MILK10k_Training_Input/IL_6122240/ISIC_4502259.jpg,3,2,3,2,2
inference_data/milk10k/MILK10k_Training_Input/IL_6122240/ISIC_1950997.jpg,2,2,2,2,2
inference_data/milk10k/MILK10k_Training_Input/IL_6122367/ISIC_7207387.jpg,2,2,1,2,2
inference_data/milk10k/MILK10k_Training_Input/IL_6122367/ISIC_3215995.jpg,2,2,1,2,2
inference_data/milk10k/MILK10k_Training_Input/IL_6122545/ISIC_8414442.jpg,2,2,2,2,2
inference_data/milk10k/MILK10k_Training_Input/IL_6122545/ISIC_9572075.jpg,1,1,1,2,2
inference_data/milk10k/MILK10k_Training_Input/IL_6124707/ISIC_6593095.jpg,2,2,2,2,2
inference_data/milk10k/MILK10k_Training_Input/IL_6124707/ISIC_8193005.jpg,2,2,2,2,2
inference_data/milk10k/MILK10k_Training_Input/IL_6128899/ISIC_6891841.jpg,2,2,1,2,2
inference_data/milk10k/MILK10k_Training_Input/IL_6128899/ISIC_1427974.jpg,2,2,1,2,2
inference_data/milk10k/MILK10k_Training_Input/IL_6130939/ISIC_4597536.jpg,4,3,4,4,3
inference_data/milk10k/MILK10k_Training_Input/IL_6130939/ISIC_1793316.jpg,2,2,1,2,2
inference_data/milk10k/MILK10k_Training_Input/IL_6135781/ISIC_1858368.jpg,2,2,2,2,2
inference_data/milk10k/MILK10k_Training_Input/IL_6135781/ISIC_2087207.jpg,1,1,1,1,1
inference_data/milk10k/MILK10k_Training_Input/IL_6138895/ISIC_9164586.jpg,2,2,2,2,2
inference_data/milk10k/MILK10k_Training_Input/IL_6138895/ISIC_2021070.jpg,2,2,2,2,2
inference_data/milk10k/MILK10k_Training_Input/IL_6140435/ISIC_0458709.jpg,3,3,3,3,3
inference_data/milk10k/MILK10k_Training_Input/IL_6140435/ISIC_8647858.jpg,1,1,0,1,1
inference_data/milk10k/MILK10k_Training_Input/IL_6140490/ISIC_5261229.jpg,2,2,2,2,2
inference_data/milk10k/MILK10k_Training_Input/IL_6140490/ISIC_7722970.jpg,2,1,1,1,1
inference_data/milk10k/MILK10k_Training_Input/IL_6140598/ISIC_5966582.jpg,4,4,4,4,4
inference_data/milk10k/MILK10k_Training_Input/IL_6140598/ISIC_9332272.jpg,1,1,1,1,1
inference_data/milk10k/MILK10k_Training_Input/IL_6144791/ISIC_2083558.jpg,2,2,2,3,2
inference_data/milk10k/MILK10k_Training_Input/IL_6144791/ISIC_0593908.jpg,1,1,1,1,1
inference_data/milk10k/MILK10k_Training_Input/IL_6145906/ISIC_8243847.jpg,3,3,3,3,3
inference_data/milk10k/MILK10k_Training_Input/IL_6145906/ISIC_3120412.jpg,2,2,3,3,2
inference_data/milk10k/MILK10k_Training_Input/IL_6152356/ISIC_9932255.jpg,2,2,2,2,2
inference_data/milk10k/MILK10k_Training_Input/IL_6152356/ISIC_1990622.jpg,2,1,1,2,2
inference_data/milk10k/MILK10k_Training_Input/IL_6155109/ISIC_1569303.jpg,3,2,3,3,3
inference_data/milk10k/MILK10k_Training_Input/IL_6155109/ISIC_8468152.jpg,1,1,1,2,2
inference_data/milk10k/MILK10k_Training_Input/IL_6156024/ISIC_4913073.jpg,2,2,2,2,2
inference_data/milk10k/MILK10k_Training_Input/IL_6156024/ISIC_2146757.jpg,1,1,1,1,1
inference_data/milk10k/MILK10k_Training_Input/IL_6156028/ISIC_0938645.jpg,3,2,3,3,3
inference_data/milk10k/MILK10k_Training_Input/IL_6156028/ISIC_9934612.jpg,1,1,1,1,1
inference_data/milk10k/MILK10k_Training_Input/IL_6156218/ISIC_1779747.jpg,3,3,2,2,3
inference_data/milk10k/MILK10k_Training_Input/IL_6156218/ISIC_3164108.jpg,1,1,1,1,1
inference_data/milk10k/MILK10k_Training_Input/IL_6157145/ISIC_4242454.jpg,4,3,4,4,4
inference_data/milk10k/MILK10k_Training_Input/IL_6157145/ISIC_4323016.jpg,2,2,1,2,2
inference_data/milk10k/MILK10k_Training_Input/IL_6157521/ISIC_1409513.jpg,2,2,2,2,2
inference_data/milk10k/MILK10k_Training_Input/IL_6157521/ISIC_9370126.jpg,2,2,1,2,2
inference_data/milk10k/MILK10k_Training_Input/IL_6157998/ISIC_7507320.jpg,3,3,3,3,3
inference_data/milk10k/MILK10k_Training_Input/IL_6157998/ISIC_4224540.jpg,2,1,2,2,2
inference_data/milk10k/MILK10k_Training_Input/IL_6161419/ISIC_9454462.jpg,1,1,1,1,1
inference_data/milk10k/MILK10k_Training_Input/IL_6161419/ISIC_0408084.jpg,1,1,1,1,1
inference_data/milk10k/MILK10k_Training_Input/IL_6163368/ISIC_0372945.jpg,3,3,3,3,3
inference_data/milk10k/MILK10k_Training_Input/IL_6163368/ISIC_9007301.jpg,1,1,1,1,2
inference_data/milk10k/MILK10k_Training_Input/IL_6166867/ISIC_7849398.jpg,2,2,2,2,2
inference_data/milk10k/MILK10k_Training_Input/IL_6166867/ISIC_8283280.jpg,0,0,0,0,0
inference_data/milk10k/MILK10k_Training_Input/IL_6169727/ISIC_5456265.jpg,3,2,3,3,3
inference_data/milk10k/MILK10k_Training_Input/IL_6169727/ISIC_2131769.jpg,1,1,1,1,1
inference_data/milk10k/MILK10k_Training_Input/IL_6169733/ISIC_0933741.jpg,3,2,3,3,2
inference_data/milk10k/MILK10k_Training_Input/IL_6169733/ISIC_5158158.jpg,1,1,1,1,2
inference_data/milk10k/MILK10k_Training_Input/IL_6169734/ISIC_0274862.jpg,3,2,3,3,3
inference_data/milk10k/MILK10k_Training_Input/IL_6169734/ISIC_9063581.jpg,2,2,2,2,2
inference_data/milk10k/MILK10k_Training_Input/IL_6170194/ISIC_1763722.jpg,2,2,2,3,2
inference_data/milk10k/MILK10k_Training_Input/IL_6170194/ISIC_1484722.jpg,2,2,2,2,2
inference_data/milk10k/MILK10k_Training_Input/IL_6172184/ISIC_1634592.jpg,1,1,1,1,1
inference_data/milk10k/MILK10k_Training_Input/IL_6172184/ISIC_3269995.jpg,1,2,1,2,2
inference_data/milk10k/MILK10k_Training_Input/IL_6176161/ISIC_7235822.jpg,3,3,3,4,3
inference_data/milk10k/MILK10k_Training_Input/IL_6176161/ISIC_5604357.jpg,2,1,1,1,1
inference_data/milk10k/MILK10k_Training_Input/IL_6178941/ISIC_5213096.jpg,4,3,4,4,4
inference_data/milk10k/MILK10k_Training_Input/IL_6178941/ISIC_9572021.jpg,2,2,2,2,2
inference_data/milk10k/MILK10k_Training_Input/IL_6179190/ISIC_3300164.jpg,4,3,3,3,3
inference_data/milk10k/MILK10k_Training_Input/IL_6179190/ISIC_5116256.jpg,1,1,1,1,1
inference_data/milk10k/MILK10k_Training_Input/IL_6181794/ISIC_5334491.jpg,2,2,2,2,2
inference_data/milk10k/MILK10k_Training_Input/IL_6181794/ISIC_7426470.jpg,2,2,2,2,2
inference_data/milk10k/MILK10k_Training_Input/IL_6182849/ISIC_4759066.jpg,2,2,2,2,2
inference_data/milk10k/MILK10k_Training_Input/IL_6182849/ISIC_3737700.jpg,1,1,1,1,1
inference_data/milk10k/MILK10k_Training_Input/IL_6185483/ISIC_6560005.jpg,2,2,2,2,2
inference_data/milk10k/MILK10k_Training_Input/IL_6185483/ISIC_8667734.jpg,2,1,1,2,1
inference_data/milk10k/MILK10k_Training_Input/IL_6186086/ISIC_2726721.jpg,1,1,1,1,1
inference_data/milk10k/MILK10k_Training_Input/IL_6186086/ISIC_9137740.jpg,2,1,1,2,2
inference_data/milk10k/MILK10k_Training_Input/IL_6188972/ISIC_4276424.jpg,3,2,3,3,2
inference_data/milk10k/MILK10k_Training_Input/IL_6188972/ISIC_4963201.jpg,2,1,1,2,2
inference_data/milk10k/MILK10k_Training_Input/IL_6190273/ISIC_6125719.jpg,3,2,3,3,3
inference_data/milk10k/MILK10k_Training_Input/IL_6190273/ISIC_0734414.jpg,2,2,2,2,2
inference_data/milk10k/MILK10k_Training_Input/IL_6192656/ISIC_5483736.jpg,3,3,3,3,3
inference_data/milk10k/MILK10k_Training_Input/IL_6192656/ISIC_2036909.jpg,3,3,4,4,3
inference_data/milk10k/MILK10k_Training_Input/IL_6192920/ISIC_6285557.jpg,2,2,2,2,2
inference_data/milk10k/MILK10k_Training_Input/IL_6192920/ISIC_3813726.jpg,2,2,2,2,2
inference_data/milk10k/MILK10k_Training_Input/IL_6193516/ISIC_9308744.jpg,4,3,4,4,3
inference_data/milk10k/MILK10k_Training_Input/IL_6193516/ISIC_5286872.jpg,1,1,1,1,1
inference_data/milk10k/MILK10k_Training_Input/IL_6193857/ISIC_5438818.jpg,2,2,2,2,2
inference_data/milk10k/MILK10k_Training_Input/IL_6193857/ISIC_3025966.jpg,1,1,1,1,1
inference_data/milk10k/MILK10k_Training_Input/IL_6194887/ISIC_4301937.jpg,3,3,3,3,3
inference_data/milk10k/MILK10k_Training_Input/IL_6194887/ISIC_7582667.jpg,1,2,1,2,2
inference_data/milk10k/MILK10k_Training_Input/IL_6195057/ISIC_6345022.jpg,1,1,1,1,1
inference_data/milk10k/MILK10k_Training_Input/IL_6195057/ISIC_7710765.jpg,2,2,1,2,2
inference_data/milk10k/MILK10k_Training_Input/IL_6197231/ISIC_2965800.jpg,2,2,2,3,2
inference_data/milk10k/MILK10k_Training_Input/IL_6197231/ISIC_5325372.jpg,2,2,2,2,2
inference_data/milk10k/MILK10k_Training_Input/IL_6201256/ISIC_0362181.jpg,2,2,2,3,2
inference_data/milk10k/MILK10k_Training_Input/IL_6201256/ISIC_9509446.jpg,1,1,1,1,1
inference_data/milk10k/MILK10k_Training_Input/IL_6204310/ISIC_8527678.jpg,3,3,3,3,3
inference_data/milk10k/MILK10k_Training_Input/IL_6204310/ISIC_5521729.jpg,2,3,1,2,2
inference_data/milk10k/MILK10k_Training_Input/IL_6213256/ISIC_3343720.jpg,3,3,3,3,3
inference_data/milk10k/MILK10k_Training_Input/IL_6213256/ISIC_1168286.jpg,2,2,1,1,2
inference_data/milk10k/MILK10k_Training_Input/IL_6215945/ISIC_9200112.jpg,1,1,1,1,1
inference_data/milk10k/MILK10k_Training_Input/IL_6215945/ISIC_5773512.jpg,2,2,1,2,2
inference_data/milk10k/MILK10k_Training_Input/IL_6216018/ISIC_5087027.jpg,3,3,3,3,3
inference_data/milk10k/MILK10k_Training_Input/IL_6216018/ISIC_6065573.jpg,1,1,0,1,1
inference_data/milk10k/MILK10k_Training_Input/IL_6217582/ISIC_0194116.jpg,3,3,3,3,3
inference_data/milk10k/MILK10k_Training_Input/IL_6217582/ISIC_1720538.jpg,3,3,2,3,3
inference_data/milk10k/MILK10k_Training_Input/IL_6219839/ISIC_0379139.jpg,2,2,2,2,2
inference_data/milk10k/MILK10k_Training_Input/IL_6219839/ISIC_3995853.jpg,1,1,1,2,1
inference_data/milk10k/MILK10k_Training_Input/IL_6220664/ISIC_5609956.jpg,2,2,2,2,2
inference_data/milk10k/MILK10k_Training_Input/IL_6220664/ISIC_6576436.jpg,2,2,2,2,2
inference_data/milk10k/MILK10k_Training_Input/IL_6222346/ISIC_0933479.jpg,3,3,3,3,3
inference_data/milk10k/MILK10k_Training_Input/IL_6222346/ISIC_1030228.jpg,1,1,1,1,1
inference_data/milk10k/MILK10k_Training_Input/IL_6226671/ISIC_4175828.jpg,3,2,2,3,2
inference_data/milk10k/MILK10k_Training_Input/IL_6226671/ISIC_1949643.jpg,1,1,1,1,1
inference_data/milk10k/MILK10k_Training_Input/IL_6226782/ISIC_3341232.jpg,3,2,3,3,3
inference_data/milk10k/MILK10k_Training_Input/IL_6226782/ISIC_5085980.jpg,2,2,2,2,2
inference_data/milk10k/MILK10k_Training_Input/IL_6228849/ISIC_7820228.jpg,3,3,3,3,3
inference_data/milk10k/MILK10k_Training_Input/IL_6228849/ISIC_3317235.jpg,2,2,1,2,2
inference_data/milk10k/MILK10k_Training_Input/IL_6230080/ISIC_7466902.jpg,3,2,2,3,3
inference_data/milk10k/MILK10k_Training_Input/IL_6230080/ISIC_8600102.jpg,1,1,1,1,1
inference_data/milk10k/MILK10k_Training_Input/IL_6234937/ISIC_1862003.jpg,4,4,3,4,3
inference_data/milk10k/MILK10k_Training_Input/IL_6234937/ISIC_0502413.jpg,1,1,1,1,1
inference_data/milk10k/MILK10k_Training_Input/IL_6236280/ISIC_7137645.jpg,4,3,4,4,4
inference_data/milk10k/MILK10k_Training_Input/IL_6236280/ISIC_1753599.jpg,2,2,1,2,2
inference_data/milk10k/MILK10k_Training_Input/IL_6238861/ISIC_7138691.jpg,2,2,2,2,2
inference_data/milk10k/MILK10k_Training_Input/IL_6238861/ISIC_3047578.jpg,2,2,1,2,2
inference_data/milk10k/MILK10k_Training_Input/IL_6242264/ISIC_7075127.jpg,2,2,2,2,2
inference_data/milk10k/MILK10k_Training_Input/IL_6242264/ISIC_2567274.jpg,2,2,2,2,2
inference_data/milk10k/MILK10k_Training_Input/IL_6242822/ISIC_6506817.jpg,2,2,2,2,2
inference_data/milk10k/MILK10k_Training_Input/IL_6242822/ISIC_0532349.jpg,2,2,2,2,2
inference_data/milk10k/MILK10k_Training_Input/IL_6244969/ISIC_1192919.jpg,4,3,3,4,3
inference_data/milk10k/MILK10k_Training_Input/IL_6244969/ISIC_0974797.jpg,2,2,1,2,2
inference_data/milk10k/MILK10k_Training_Input/IL_6246530/ISIC_3548384.jpg,2,1,1,2,1
inference_data/milk10k/MILK10k_Training_Input/IL_6246530/ISIC_3334573.jpg,2,2,2,2,2
inference_data/milk10k/MILK10k_Training_Input/IL_6246713/ISIC_2288132.jpg,3,3,3,3,3
inference_data/milk10k/MILK10k_Training_Input/IL_6246713/ISIC_8027200.jpg,2,2,1,2,2
inference_data/milk10k/MILK10k_Training_Input/IL_6247210/ISIC_0899253.jpg,2,1,1,2,2
inference_data/milk10k/MILK10k_Training_Input/IL_6247210/ISIC_7016834.jpg,1,1,1,1,1
inference_data/milk10k/MILK10k_Training_Input/IL_6248025/ISIC_0875516.jpg,4,4,4,4,4
inference_data/milk10k/MILK10k_Training_Input/IL_6248025/ISIC_1192068.jpg,2,2,1,2,2
inference_data/milk10k/MILK10k_Training_Input/IL_6248388/ISIC_5083671.jpg,1,1,1,2,2
inference_data/milk10k/MILK10k_Training_Input/IL_6248388/ISIC_5829840.jpg,1,1,1,1,1
inference_data/milk10k/MILK10k_Training_Input/IL_6249500/ISIC_6565806.jpg,2,2,2,2,2
inference_data/milk10k/MILK10k_Training_Input/IL_6249500/ISIC_3083384.jpg,2,2,2,2,2
inference_data/milk10k/MILK10k_Training_Input/IL_6256539/ISIC_5449503.jpg,3,2,3,3,3
inference_data/milk10k/MILK10k_Training_Input/IL_6256539/ISIC_0669396.jpg,2,2,2,2,2
inference_data/milk10k/MILK10k_Training_Input/IL_6258270/ISIC_6704553.jpg,2,2,2,2,2
inference_data/milk10k/MILK10k_Training_Input/IL_6258270/ISIC_8553734.jpg,2,2,1,2,2
inference_data/milk10k/MILK10k_Training_Input/IL_6259017/ISIC_9886919.jpg,2,2,2,2,2
inference_data/milk10k/MILK10k_Training_Input/IL_6259017/ISIC_9668142.jpg,1,1,1,1,1
inference_data/milk10k/MILK10k_Training_Input/IL_6259285/ISIC_3439130.jpg,2,2,2,2,2
inference_data/milk10k/MILK10k_Training_Input/IL_6259285/ISIC_1320525.jpg,1,1,1,1,1
inference_data/milk10k/MILK10k_Training_Input/IL_6261131/ISIC_2150484.jpg,2,2,2,2,2
inference_data/milk10k/MILK10k_Training_Input/IL_6261131/ISIC_0801838.jpg,1,1,1,1,1
inference_data/milk10k/MILK10k_Training_Input/IL_6267051/ISIC_8491981.jpg,2,2,2,2,2
inference_data/milk10k/MILK10k_Training_Input/IL_6267051/ISIC_4668657.jpg,1,1,1,1,1
inference_data/milk10k/MILK10k_Training_Input/IL_6267520/ISIC_9401538.jpg,3,2,3,3,2
inference_data/milk10k/MILK10k_Training_Input/IL_6267520/ISIC_9404018.jpg,2,2,2,2,2
inference_data/milk10k/MILK10k_Training_Input/IL_6281110/ISIC_8096941.jpg,3,3,3,3,3
inference_data/milk10k/MILK10k_Training_Input/IL_6281110/ISIC_3974904.jpg,2,2,1,2,2
inference_data/milk10k/MILK10k_Training_Input/IL_6289320/ISIC_8989885.jpg,3,3,3,3,3
inference_data/milk10k/MILK10k_Training_Input/IL_6289320/ISIC_7243320.jpg,3,3,3,3,3
inference_data/milk10k/MILK10k_Training_Input/IL_6291533/ISIC_4430642.jpg,2,2,2,2,2
inference_data/milk10k/MILK10k_Training_Input/IL_6291533/ISIC_3486312.jpg,3,3,3,2,3
inference_data/milk10k/MILK10k_Training_Input/IL_6292784/ISIC_1052154.jpg,2,2,2,2,2
inference_data/milk10k/MILK10k_Training_Input/IL_6292784/ISIC_7702697.jpg,1,1,1,1,1
inference_data/milk10k/MILK10k_Training_Input/IL_6294894/ISIC_1447403.jpg,2,2,2,2,2
inference_data/milk10k/MILK10k_Training_Input/IL_6294894/ISIC_9756878.jpg,1,2,1,1,1
inference_data/milk10k/MILK10k_Training_Input/IL_6295133/ISIC_3166154.jpg,2,1,2,2,2
inference_data/milk10k/MILK10k_Training_Input/IL_6295133/ISIC_6333987.jpg,2,2,1,2,2
inference_data/milk10k/MILK10k_Training_Input/IL_6296094/ISIC_9314612.jpg,3,2,3,3,2
inference_data/milk10k/MILK10k_Training_Input/IL_6296094/ISIC_2818418.jpg,2,2,1,1,2
inference_data/milk10k/MILK10k_Training_Input/IL_6296169/ISIC_6193935.jpg,3,3,3,3,3
inference_data/milk10k/MILK10k_Training_Input/IL_6296169/ISIC_1174739.jpg,2,2,2,2,2
inference_data/milk10k/MILK10k_Training_Input/IL_6296418/ISIC_4692254.jpg,3,3,3,3,3
inference_data/milk10k/MILK10k_Training_Input/IL_6296418/ISIC_2334974.jpg,1,1,1,1,1
inference_data/milk10k/MILK10k_Training_Input/IL_6297949/ISIC_3824638.jpg,2,2,2,2,2
inference_data/milk10k/MILK10k_Training_Input/IL_6297949/ISIC_3837734.jpg,2,2,2,2,2
inference_data/milk10k/MILK10k_Training_Input/IL_6305050/ISIC_2164186.jpg,3,2,3,3,2
inference_data/milk10k/MILK10k_Training_Input/IL_6305050/ISIC_7436110.jpg,1,1,1,1,1
inference_data/milk10k/MILK10k_Training_Input/IL_6305058/ISIC_6895047.jpg,2,2,3,3,2
inference_data/milk10k/MILK10k_Training_Input/IL_6305058/ISIC_1002134.jpg,1,1,0,1,1
inference_data/milk10k/MILK10k_Training_Input/IL_6309287/ISIC_5450702.jpg,2,2,2,2,2
inference_data/milk10k/MILK10k_Training_Input/IL_6309287/ISIC_5966811.jpg,1,1,1,1,1
inference_data/milk10k/MILK10k_Training_Input/IL_6312723/ISIC_1923268.jpg,2,3,2,3,3
inference_data/milk10k/MILK10k_Training_Input/IL_6312723/ISIC_2106664.jpg,1,1,1,1,1
inference_data/milk10k/MILK10k_Training_Input/IL_6312892/ISIC_3505887.jpg,2,2,3,2,2
inference_data/milk10k/MILK10k_Training_Input/IL_6312892/ISIC_8239177.jpg,1,1,1,2,2
inference_data/milk10k/MILK10k_Training_Input/IL_6313730/ISIC_9051035.jpg,1,1,1,1,1
inference_data/milk10k/MILK10k_Training_Input/IL_6313730/ISIC_2627411.jpg,1,1,1,1,1
inference_data/milk10k/MILK10k_Training_Input/IL_6314670/ISIC_5402789.jpg,2,2,2,2,2
inference_data/milk10k/MILK10k_Training_Input/IL_6314670/ISIC_2747022.jpg,1,2,1,1,2
inference_data/milk10k/MILK10k_Training_Input/IL_6316014/ISIC_1799713.jpg,2,2,2,2,2
inference_data/milk10k/MILK10k_Training_Input/IL_6316014/ISIC_9755138.jpg,2,2,2,2,2
inference_data/milk10k/MILK10k_Training_Input/IL_6316913/ISIC_5944719.jpg,3,3,3,3,3
inference_data/milk10k/MILK10k_Training_Input/IL_6316913/ISIC_9356329.jpg,2,2,2,2,2
inference_data/milk10k/MILK10k_Training_Input/IL_6317075/ISIC_0806039.jpg,3,3,3,3,3
inference_data/milk10k/MILK10k_Training_Input/IL_6317075/ISIC_9608161.jpg,1,1,1,1,1
inference_data/milk10k/MILK10k_Training_Input/IL_6322114/ISIC_9718756.jpg,2,2,2,2,2
inference_data/milk10k/MILK10k_Training_Input/IL_6322114/ISIC_4851411.jpg,1,1,1,1,1
inference_data/milk10k/MILK10k_Training_Input/IL_6322271/ISIC_6335160.jpg,3,3,3,3,3
inference_data/milk10k/MILK10k_Training_Input/IL_6322271/ISIC_3666907.jpg,3,3,3,3,3
inference_data/milk10k/MILK10k_Training_Input/IL_6332213/ISIC_5242567.jpg,1,1,1,1,1
inference_data/milk10k/MILK10k_Training_Input/IL_6332213/ISIC_4648933.jpg,1,1,1,1,1
inference_data/milk10k/MILK10k_Training_Input/IL_6335975/ISIC_1405142.jpg,2,2,2,2,2
inference_data/milk10k/MILK10k_Training_Input/IL_6335975/ISIC_7799504.jpg,2,2,2,2,2
inference_data/milk10k/MILK10k_Training_Input/IL_6336481/ISIC_7041996.jpg,3,3,3,3,3
inference_data/milk10k/MILK10k_Training_Input/IL_6336481/ISIC_4103339.jpg,1,1,1,1,1
inference_data/milk10k/MILK10k_Training_Input/IL_6336605/ISIC_5829304.jpg,1,1,1,1,1
inference_data/milk10k/MILK10k_Training_Input/IL_6336605/ISIC_4210097.jpg,1,1,1,1,1
inference_data/milk10k/MILK10k_Training_Input/IL_6337790/ISIC_8473871.jpg,3,3,3,3,3
inference_data/milk10k/MILK10k_Training_Input/IL_6337790/ISIC_9226737.jpg,2,2,2,1,2
inference_data/milk10k/MILK10k_Training_Input/IL_6338408/ISIC_4336547.jpg,2,1,2,2,2
inference_data/milk10k/MILK10k_Training_Input/IL_6338408/ISIC_2084190.jpg,2,1,1,2,2
inference_data/milk10k/MILK10k_Training_Input/IL_6342379/ISIC_4343132.jpg,3,2,3,3,3
inference_data/milk10k/MILK10k_Training_Input/IL_6342379/ISIC_7794974.jpg,3,3,3,3,3
inference_data/milk10k/MILK10k_Training_Input/IL_6344914/ISIC_0543368.jpg,3,2,3,3,3
inference_data/milk10k/MILK10k_Training_Input/IL_6344914/ISIC_3772519.jpg,1,2,1,2,2
inference_data/milk10k/MILK10k_Training_Input/IL_6346184/ISIC_9076994.jpg,2,2,2,3,2
inference_data/milk10k/MILK10k_Training_Input/IL_6346184/ISIC_4588258.jpg,2,2,2,2,2
inference_data/milk10k/MILK10k_Training_Input/IL_6346442/ISIC_9074776.jpg,3,3,3,3,3
inference_data/milk10k/MILK10k_Training_Input/IL_6346442/ISIC_8932533.jpg,2,2,2,2,2
inference_data/milk10k/MILK10k_Training_Input/IL_6347465/ISIC_9487423.jpg,2,2,3,3,2
inference_data/milk10k/MILK10k_Training_Input/IL_6347465/ISIC_8319384.jpg,3,2,3,3,3
inference_data/milk10k/MILK10k_Training_Input/IL_6348689/ISIC_6340932.jpg,3,3,3,3,3
inference_data/milk10k/MILK10k_Training_Input/IL_6348689/ISIC_9055179.jpg,2,2,2,2,2
inference_data/milk10k/MILK10k_Training_Input/IL_6352600/ISIC_1189166.jpg,3,2,3,3,3
inference_data/milk10k/MILK10k_Training_Input/IL_6352600/ISIC_6938441.jpg,1,1,1,1,2
inference_data/milk10k/MILK10k_Training_Input/IL_6352685/ISIC_2078548.jpg,2,2,2,2,2
inference_data/milk10k/MILK10k_Training_Input/IL_6352685/ISIC_4914433.jpg,1,1,1,1,1
inference_data/milk10k/MILK10k_Training_Input/IL_6356620/ISIC_7735271.jpg,2,2,2,2,2
inference_data/milk10k/MILK10k_Training_Input/IL_6356620/ISIC_6835241.jpg,1,1,1,1,1
inference_data/milk10k/MILK10k_Training_Input/IL_6356650/ISIC_2744921.jpg,2,2,2,3,2
inference_data/milk10k/MILK10k_Training_Input/IL_6356650/ISIC_4548759.jpg,2,2,3,3,3
inference_data/milk10k/MILK10k_Training_Input/IL_6359555/ISIC_4279073.jpg,2,2,2,2,2
inference_data/milk10k/MILK10k_Training_Input/IL_6359555/ISIC_9334393.jpg,3,3,3,3,3
inference_data/milk10k/MILK10k_Training_Input/IL_6361071/ISIC_2338734.jpg,2,2,2,2,2
inference_data/milk10k/MILK10k_Training_Input/IL_6361071/ISIC_1561841.jpg,2,2,2,2,2
inference_data/milk10k/MILK10k_Training_Input/IL_6361201/ISIC_6077125.jpg,2,2,2,2,2
inference_data/milk10k/MILK10k_Training_Input/IL_6361201/ISIC_4386149.jpg,2,2,2,2,2
inference_data/milk10k/MILK10k_Training_Input/IL_6362018/ISIC_8285513.jpg,2,2,2,2,2
inference_data/milk10k/MILK10k_Training_Input/IL_6362018/ISIC_3357576.jpg,2,2,2,2,2
inference_data/milk10k/MILK10k_Training_Input/IL_6362579/ISIC_9512295.jpg,2,2,2,2,2
inference_data/milk10k/MILK10k_Training_Input/IL_6362579/ISIC_7424118.jpg,2,2,3,3,3
inference_data/milk10k/MILK10k_Training_Input/IL_6365127/ISIC_4862589.jpg,2,2,2,3,2
inference_data/milk10k/MILK10k_Training_Input/IL_6365127/ISIC_4594686.jpg,2,2,1,2,2
inference_data/milk10k/MILK10k_Training_Input/IL_6365837/ISIC_0793894.jpg,2,2,2,3,2
inference_data/milk10k/MILK10k_Training_Input/IL_6365837/ISIC_2252215.jpg,2,2,2,2,2
inference_data/milk10k/MILK10k_Training_Input/IL_6367899/ISIC_8376889.jpg,2,2,2,3,2
inference_data/milk10k/MILK10k_Training_Input/IL_6367899/ISIC_5714835.jpg,1,1,1,1,1
inference_data/milk10k/MILK10k_Training_Input/IL_6368595/ISIC_4638443.jpg,2,2,1,2,2
inference_data/milk10k/MILK10k_Training_Input/IL_6368595/ISIC_8071918.jpg,2,2,2,2,2
inference_data/milk10k/MILK10k_Training_Input/IL_6369359/ISIC_7231430.jpg,3,3,3,3,3
inference_data/milk10k/MILK10k_Training_Input/IL_6369359/ISIC_6303187.jpg,2,2,2,2,2
inference_data/milk10k/MILK10k_Training_Input/IL_6369658/ISIC_2177016.jpg,2,2,2,2,2
inference_data/milk10k/MILK10k_Training_Input/IL_6369658/ISIC_3770337.jpg,2,1,2,2,2
inference_data/milk10k/MILK10k_Training_Input/IL_6370707/ISIC_6069821.jpg,3,2,3,3,3
inference_data/milk10k/MILK10k_Training_Input/IL_6370707/ISIC_2615324.jpg,2,2,2,2,2
inference_data/milk10k/MILK10k_Training_Input/IL_6370742/ISIC_0575879.jpg,2,2,1,2,2
inference_data/milk10k/MILK10k_Training_Input/IL_6370742/ISIC_6945898.jpg,1,1,1,1,1
inference_data/milk10k/MILK10k_Training_Input/IL_6372731/ISIC_6918071.jpg,2,2,2,2,2
inference_data/milk10k/MILK10k_Training_Input/IL_6372731/ISIC_2891101.jpg,3,2,3,2,2
inference_data/milk10k/MILK10k_Training_Input/IL_6372832/ISIC_9183026.jpg,3,2,3,3,2
inference_data/milk10k/MILK10k_Training_Input/IL_6372832/ISIC_4916643.jpg,2,1,1,2,2
inference_data/milk10k/MILK10k_Training_Input/IL_6374062/ISIC_8107716.jpg,2,2,2,2,2
inference_data/milk10k/MILK10k_Training_Input/IL_6374062/ISIC_8685453.jpg,1,1,0,1,1
inference_data/milk10k/MILK10k_Training_Input/IL_6380251/ISIC_5121192.jpg,3,3,3,3,3
inference_data/milk10k/MILK10k_Training_Input/IL_6380251/ISIC_6730312.jpg,1,1,1,1,1
inference_data/milk10k/MILK10k_Training_Input/IL_6381274/ISIC_1860926.jpg,2,2,2,2,2
inference_data/milk10k/MILK10k_Training_Input/IL_6381274/ISIC_2329035.jpg,2,1,1,1,2
inference_data/milk10k/MILK10k_Training_Input/IL_6383449/ISIC_4533084.jpg,3,3,3,3,3
inference_data/milk10k/MILK10k_Training_Input/IL_6383449/ISIC_3298166.jpg,1,1,1,1,1
inference_data/milk10k/MILK10k_Training_Input/IL_6384102/ISIC_0955574.jpg,2,2,3,3,2
inference_data/milk10k/MILK10k_Training_Input/IL_6384102/ISIC_9277601.jpg,2,2,2,2,2
inference_data/milk10k/MILK10k_Training_Input/IL_6384302/ISIC_3897449.jpg,2,2,2,2,2
inference_data/milk10k/MILK10k_Training_Input/IL_6384302/ISIC_8528570.jpg,2,2,2,2,2
inference_data/milk10k/MILK10k_Training_Input/IL_6386977/ISIC_8531002.jpg,3,2,2,2,2
inference_data/milk10k/MILK10k_Training_Input/IL_6386977/ISIC_6747251.jpg,1,1,0,1,1
inference_data/milk10k/MILK10k_Training_Input/IL_6389219/ISIC_2668678.jpg,3,2,3,3,2
inference_data/milk10k/MILK10k_Training_Input/IL_6389219/ISIC_7029533.jpg,1,1,1,1,1
inference_data/milk10k/MILK10k_Training_Input/IL_6390381/ISIC_2412335.jpg,2,2,2,2,2
inference_data/milk10k/MILK10k_Training_Input/IL_6390381/ISIC_8001737.jpg,2,2,3,2,2
inference_data/milk10k/MILK10k_Training_Input/IL_6393566/ISIC_0169510.jpg,3,2,2,3,2
inference_data/milk10k/MILK10k_Training_Input/IL_6393566/ISIC_5866736.jpg,1,1,1,1,1
inference_data/milk10k/MILK10k_Training_Input/IL_6393751/ISIC_0654229.jpg,2,2,2,2,2
inference_data/milk10k/MILK10k_Training_Input/IL_6393751/ISIC_1816373.jpg,1,1,1,1,1
inference_data/milk10k/MILK10k_Training_Input/IL_6393969/ISIC_7505667.jpg,2,2,2,2,2
inference_data/milk10k/MILK10k_Training_Input/IL_6393969/ISIC_8612251.jpg,1,1,0,1,1
inference_data/milk10k/MILK10k_Training_Input/IL_6398771/ISIC_7755525.jpg,3,2,3,3,3
inference_data/milk10k/MILK10k_Training_Input/IL_6398771/ISIC_0307669.jpg,2,2,3,3,3
inference_data/milk10k/MILK10k_Training_Input/IL_6408457/ISIC_7827983.jpg,2,2,2,2,2
inference_data/milk10k/MILK10k_Training_Input/IL_6408457/ISIC_0583409.jpg,1,1,1,1,1
inference_data/milk10k/MILK10k_Training_Input/IL_6410644/ISIC_7097983.jpg,3,2,3,3,2
inference_data/milk10k/MILK10k_Training_Input/IL_6410644/ISIC_7632373.jpg,1,1,1,1,1
inference_data/milk10k/MILK10k_Training_Input/IL_6412076/ISIC_5846820.jpg,1,1,1,1,1
inference_data/milk10k/MILK10k_Training_Input/IL_6412076/ISIC_9995871.jpg,2,1,2,2,2
inference_data/milk10k/MILK10k_Training_Input/IL_6413155/ISIC_5826859.jpg,1,1,1,1,1
inference_data/milk10k/MILK10k_Training_Input/IL_6413155/ISIC_4773028.jpg,2,2,2,2,2
inference_data/milk10k/MILK10k_Training_Input/IL_6413460/ISIC_2931409.jpg,3,2,3,3,3
inference_data/milk10k/MILK10k_Training_Input/IL_6413460/ISIC_6532286.jpg,2,1,1,2,2
inference_data/milk10k/MILK10k_Training_Input/IL_6418149/ISIC_4775207.jpg,3,2,2,3,2
inference_data/milk10k/MILK10k_Training_Input/IL_6418149/ISIC_2377324.jpg,1,1,0,1,1
inference_data/milk10k/MILK10k_Training_Input/IL_6419934/ISIC_4886585.jpg,3,3,3,3,3
inference_data/milk10k/MILK10k_Training_Input/IL_6419934/ISIC_9866460.jpg,1,1,1,1,1
inference_data/milk10k/MILK10k_Training_Input/IL_6420001/ISIC_4343144.jpg,3,3,3,3,3
inference_data/milk10k/MILK10k_Training_Input/IL_6420001/ISIC_5686692.jpg,2,2,2,2,2
inference_data/milk10k/MILK10k_Training_Input/IL_6421981/ISIC_5739546.jpg,2,2,2,2,2
inference_data/milk10k/MILK10k_Training_Input/IL_6421981/ISIC_3663283.jpg,2,2,1,2,2
inference_data/milk10k/MILK10k_Training_Input/IL_6425993/ISIC_7961554.jpg,2,2,2,2,2
inference_data/milk10k/MILK10k_Training_Input/IL_6425993/ISIC_3168018.jpg,1,1,1,1,1
inference_data/milk10k/MILK10k_Training_Input/IL_6427122/ISIC_0488771.jpg,3,3,3,3,3
inference_data/milk10k/MILK10k_Training_Input/IL_6427122/ISIC_2162606.jpg,2,2,2,2,2
inference_data/milk10k/MILK10k_Training_Input/IL_6427457/ISIC_0202768.jpg,2,2,2,2,2
inference_data/milk10k/MILK10k_Training_Input/IL_6427457/ISIC_0940771.jpg,2,1,1,2,2
inference_data/milk10k/MILK10k_Training_Input/IL_6427581/ISIC_7237752.jpg,2,2,2,2,2
inference_data/milk10k/MILK10k_Training_Input/IL_6427581/ISIC_5678147.jpg,1,1,1,1,1
inference_data/milk10k/MILK10k_Training_Input/IL_6430052/ISIC_1089519.jpg,2,2,2,2,2
inference_data/milk10k/MILK10k_Training_Input/IL_6430052/ISIC_5186218.jpg,2,2,2,2,2
inference_data/milk10k/MILK10k_Training_Input/IL_6430136/ISIC_6760472.jpg,3,2,3,3,3
inference_data/milk10k/MILK10k_Training_Input/IL_6430136/ISIC_1548274.jpg,2,2,2,2,2
inference_data/milk10k/MILK10k_Training_Input/IL_6431723/ISIC_7717657.jpg,2,2,2,2,2
inference_data/milk10k/MILK10k_Training_Input/IL_6431723/ISIC_9506376.jpg,1,1,1,1,1
inference_data/milk10k/MILK10k_Training_Input/IL_6434551/ISIC_0725098.jpg,4,3,4,4,4
inference_data/milk10k/MILK10k_Training_Input/IL_6434551/ISIC_3442836.jpg,1,1,1,1,1
inference_data/milk10k/MILK10k_Training_Input/IL_6439153/ISIC_7868229.jpg,1,1,1,1,1
inference_data/milk10k/MILK10k_Training_Input/IL_6439153/ISIC_2014865.jpg,2,2,1,2,2
inference_data/milk10k/MILK10k_Training_Input/IL_6440740/ISIC_5298792.jpg,3,3,3,3,3
inference_data/milk10k/MILK10k_Training_Input/IL_6440740/ISIC_4684676.jpg,2,2,2,2,2
inference_data/milk10k/MILK10k_Training_Input/IL_6441506/ISIC_4770601.jpg,1,1,1,1,1
inference_data/milk10k/MILK10k_Training_Input/IL_6441506/ISIC_2598537.jpg,1,1,1,1,1
inference_data/milk10k/MILK10k_Training_Input/IL_6442141/ISIC_4530809.jpg,3,3,3,3,3
inference_data/milk10k/MILK10k_Training_Input/IL_6442141/ISIC_9379057.jpg,2,2,1,2,2
inference_data/milk10k/MILK10k_Training_Input/IL_6442521/ISIC_4292605.jpg,2,2,2,2,2
inference_data/milk10k/MILK10k_Training_Input/IL_6442521/ISIC_6653326.jpg,1,1,1,1,1
inference_data/milk10k/MILK10k_Training_Input/IL_6446380/ISIC_7152699.jpg,1,2,1,1,1
inference_data/milk10k/MILK10k_Training_Input/IL_6446380/ISIC_1582241.jpg,1,1,1,1,1
inference_data/milk10k/MILK10k_Training_Input/IL_6448360/ISIC_3053943.jpg,2,2,2,2,2
inference_data/milk10k/MILK10k_Training_Input/IL_6448360/ISIC_0850383.jpg,1,1,1,1,1
inference_data/milk10k/MILK10k_Training_Input/IL_6449615/ISIC_3830454.jpg,3,3,4,3,3
inference_data/milk10k/MILK10k_Training_Input/IL_6449615/ISIC_6657446.jpg,1,1,1,1,1
inference_data/milk10k/MILK10k_Training_Input/IL_6450698/ISIC_6076049.jpg,3,3,3,3,3
inference_data/milk10k/MILK10k_Training_Input/IL_6450698/ISIC_6277878.jpg,3,2,3,2,3
inference_data/milk10k/MILK10k_Training_Input/IL_6451411/ISIC_5527533.jpg,3,2,3,3,3
inference_data/milk10k/MILK10k_Training_Input/IL_6451411/ISIC_4376280.jpg,2,1,1,2,2
inference_data/milk10k/MILK10k_Training_Input/IL_6452981/ISIC_4468660.jpg,2,1,1,2,2
inference_data/milk10k/MILK10k_Training_Input/IL_6452981/ISIC_5834421.jpg,2,2,2,2,2
inference_data/milk10k/MILK10k_Training_Input/IL_6455280/ISIC_1657968.jpg,2,1,2,2,2
inference_data/milk10k/MILK10k_Training_Input/IL_6455280/ISIC_7272721.jpg,1,1,1,1,1
inference_data/milk10k/MILK10k_Training_Input/IL_6455878/ISIC_6236784.jpg,3,2,3,3,3
inference_data/milk10k/MILK10k_Training_Input/IL_6455878/ISIC_3062370.jpg,1,1,1,2,2
inference_data/milk10k/MILK10k_Training_Input/IL_6458200/ISIC_2993511.jpg,2,2,2,2,2
inference_data/milk10k/MILK10k_Training_Input/IL_6458200/ISIC_0244875.jpg,1,1,0,1,1
inference_data/milk10k/MILK10k_Training_Input/IL_6462004/ISIC_7652679.jpg,2,2,2,2,2
inference_data/milk10k/MILK10k_Training_Input/IL_6462004/ISIC_7645755.jpg,2,2,1,2,2
inference_data/milk10k/MILK10k_Training_Input/IL_6464483/ISIC_9129838.jpg,2,2,2,2,2
inference_data/milk10k/MILK10k_Training_Input/IL_6464483/ISIC_6358504.jpg,2,2,2,2,2
inference_data/milk10k/MILK10k_Training_Input/IL_6466353/ISIC_4666384.jpg,1,1,1,1,1
inference_data/milk10k/MILK10k_Training_Input/IL_6466353/ISIC_0392480.jpg,2,2,1,1,2
inference_data/milk10k/MILK10k_Training_Input/IL_6475801/ISIC_1532756.jpg,2,2,2,2,2
inference_data/milk10k/MILK10k_Training_Input/IL_6475801/ISIC_4132905.jpg,2,1,2,2,2
inference_data/milk10k/MILK10k_Training_Input/IL_6477197/ISIC_6731532.jpg,1,1,1,1,1
inference_data/milk10k/MILK10k_Training_Input/IL_6477197/ISIC_5553849.jpg,2,2,2,2,2
inference_data/milk10k/MILK10k_Training_Input/IL_6478777/ISIC_9589958.jpg,3,3,3,3,3
inference_data/milk10k/MILK10k_Training_Input/IL_6478777/ISIC_9668533.jpg,1,1,1,1,1
inference_data/milk10k/MILK10k_Training_Input/IL_6480274/ISIC_6517818.jpg,3,2,2,3,2
inference_data/milk10k/MILK10k_Training_Input/IL_6480274/ISIC_3578842.jpg,1,1,1,1,1
inference_data/milk10k/MILK10k_Training_Input/IL_6480673/ISIC_1714713.jpg,3,3,3,3,3
inference_data/milk10k/MILK10k_Training_Input/IL_6480673/ISIC_0487104.jpg,2,2,2,2,2
inference_data/milk10k/MILK10k_Training_Input/IL_6481065/ISIC_2233787.jpg,3,2,3,3,2
inference_data/milk10k/MILK10k_Training_Input/IL_6481065/ISIC_1085792.jpg,0,0,0,0,0
inference_data/milk10k/MILK10k_Training_Input/IL_6481233/ISIC_3046799.jpg,2,2,2,2,2
inference_data/milk10k/MILK10k_Training_Input/IL_6481233/ISIC_2110451.jpg,1,1,1,1,1
inference_data/milk10k/MILK10k_Training_Input/IL_6481274/ISIC_3638194.jpg,3,2,2,3,2
inference_data/milk10k/MILK10k_Training_Input/IL_6481274/ISIC_0562738.jpg,1,1,1,1,1
inference_data/milk10k/MILK10k_Training_Input/IL_6481536/ISIC_2122406.jpg,2,2,2,3,2
inference_data/milk10k/MILK10k_Training_Input/IL_6481536/ISIC_2795308.jpg,1,1,1,1,1
inference_data/milk10k/MILK10k_Training_Input/IL_6484840/ISIC_6182960.jpg,3,2,3,3,2
inference_data/milk10k/MILK10k_Training_Input/IL_6484840/ISIC_5271791.jpg,1,1,1,1,1
inference_data/milk10k/MILK10k_Training_Input/IL_6491562/ISIC_3014783.jpg,1,1,1,1,1
inference_data/milk10k/MILK10k_Training_Input/IL_6491562/ISIC_1191996.jpg,1,2,2,1,2
inference_data/milk10k/MILK10k_Training_Input/IL_6491893/ISIC_1662993.jpg,2,2,2,2,2
inference_data/milk10k/MILK10k_Training_Input/IL_6491893/ISIC_6239365.jpg,2,2,1,1,2
inference_data/milk10k/MILK10k_Training_Input/IL_6493670/ISIC_4352572.jpg,2,2,2,2,2
inference_data/milk10k/MILK10k_Training_Input/IL_6493670/ISIC_6455558.jpg,0,1,0,0,1
inference_data/milk10k/MILK10k_Training_Input/IL_6497290/ISIC_1218245.jpg,3,2,2,3,2
inference_data/milk10k/MILK10k_Training_Input/IL_6497290/ISIC_8810868.jpg,1,1,1,1,1
inference_data/milk10k/MILK10k_Training_Input/IL_6498121/ISIC_5689912.jpg,3,3,3,3,3
inference_data/milk10k/MILK10k_Training_Input/IL_6498121/ISIC_3553315.jpg,2,2,2,2,2
inference_data/milk10k/MILK10k_Training_Input/IL_6498340/ISIC_9253237.jpg,2,2,2,2,2
inference_data/milk10k/MILK10k_Training_Input/IL_6498340/ISIC_5696465.jpg,1,1,1,2,2
inference_data/milk10k/MILK10k_Training_Input/IL_6498417/ISIC_7325787.jpg,3,2,3,3,3
inference_data/milk10k/MILK10k_Training_Input/IL_6498417/ISIC_5836740.jpg,2,2,2,2,2
inference_data/milk10k/MILK10k_Training_Input/IL_6499920/ISIC_6943109.jpg,2,2,2,2,2
inference_data/milk10k/MILK10k_Training_Input/IL_6499920/ISIC_3526427.jpg,1,1,1,1,1
inference_data/milk10k/MILK10k_Training_Input/IL_6502253/ISIC_5433214.jpg,2,2,2,2,2
inference_data/milk10k/MILK10k_Training_Input/IL_6502253/ISIC_5062776.jpg,2,2,1,2,2
inference_data/milk10k/MILK10k_Training_Input/IL_6502535/ISIC_5592478.jpg,3,3,3,3,3
inference_data/milk10k/MILK10k_Training_Input/IL_6502535/ISIC_3317643.jpg,2,2,2,2,2
inference_data/milk10k/MILK10k_Training_Input/IL_6503105/ISIC_9046790.jpg,3,2,3,3,2
inference_data/milk10k/MILK10k_Training_Input/IL_6503105/ISIC_7308959.jpg,1,1,0,1,1
inference_data/milk10k/MILK10k_Training_Input/IL_6505724/ISIC_2689111.jpg,3,2,3,3,3
inference_data/milk10k/MILK10k_Training_Input/IL_6505724/ISIC_4113429.jpg,2,2,2,2,2
inference_data/milk10k/MILK10k_Training_Input/IL_6506756/ISIC_9342460.jpg,1,1,1,1,1
inference_data/milk10k/MILK10k_Training_Input/IL_6506756/ISIC_1991989.jpg,1,1,0,1,1
inference_data/milk10k/MILK10k_Training_Input/IL_6507305/ISIC_5872506.jpg,1,1,1,1,1
inference_data/milk10k/MILK10k_Training_Input/IL_6507305/ISIC_2164571.jpg,1,1,1,1,1
inference_data/milk10k/MILK10k_Training_Input/IL_6509109/ISIC_7960659.jpg,2,2,2,2,2
inference_data/milk10k/MILK10k_Training_Input/IL_6509109/ISIC_0208357.jpg,1,1,1,1,1
inference_data/milk10k/MILK10k_Training_Input/IL_6511492/ISIC_7257043.jpg,2,2,3,2,2
inference_data/milk10k/MILK10k_Training_Input/IL_6511492/ISIC_0866872.jpg,4,4,4,3,4
inference_data/milk10k/MILK10k_Training_Input/IL_6512054/ISIC_6055280.jpg,2,2,2,2,2
inference_data/milk10k/MILK10k_Training_Input/IL_6512054/ISIC_5310763.jpg,4,4,4,4,4
inference_data/milk10k/MILK10k_Training_Input/IL_6514387/ISIC_5612498.jpg,3,3,3,3,3
inference_data/milk10k/MILK10k_Training_Input/IL_6514387/ISIC_4045574.jpg,1,1,0,1,1
inference_data/milk10k/MILK10k_Training_Input/IL_6518522/ISIC_4991395.jpg,3,2,3,3,3
inference_data/milk10k/MILK10k_Training_Input/IL_6518522/ISIC_3997102.jpg,2,1,1,1,1
inference_data/milk10k/MILK10k_Training_Input/IL_6520783/ISIC_0888116.jpg,1,1,1,1,1
inference_data/milk10k/MILK10k_Training_Input/IL_6520783/ISIC_2508643.jpg,1,1,1,1,1
inference_data/milk10k/MILK10k_Training_Input/IL_6525739/ISIC_9951505.jpg,3,2,3,3,2
inference_data/milk10k/MILK10k_Training_Input/IL_6525739/ISIC_2025971.jpg,2,1,1,2,2
inference_data/milk10k/MILK10k_Training_Input/IL_6527343/ISIC_7082655.jpg,4,4,4,4,4
inference_data/milk10k/MILK10k_Training_Input/IL_6527343/ISIC_3779625.jpg,0,1,0,1,1
inference_data/milk10k/MILK10k_Training_Input/IL_6527542/ISIC_7535873.jpg,4,4,3,3,3
inference_data/milk10k/MILK10k_Training_Input/IL_6527542/ISIC_4343848.jpg,2,2,2,2,2
inference_data/milk10k/MILK10k_Training_Input/IL_6528074/ISIC_1807722.jpg,2,2,2,2,2
inference_data/milk10k/MILK10k_Training_Input/IL_6528074/ISIC_4577203.jpg,2,2,2,2,2
inference_data/milk10k/MILK10k_Training_Input/IL_6528772/ISIC_1733540.jpg,3,3,3,3,3
inference_data/milk10k/MILK10k_Training_Input/IL_6528772/ISIC_1828562.jpg,1,1,0,1,1
inference_data/milk10k/MILK10k_Training_Input/IL_6532631/ISIC_6538197.jpg,3,3,3,3,3
inference_data/milk10k/MILK10k_Training_Input/IL_6532631/ISIC_6297733.jpg,1,1,1,1,1
inference_data/milk10k/MILK10k_Training_Input/IL_6536248/ISIC_8358859.jpg,3,3,3,3,3
inference_data/milk10k/MILK10k_Training_Input/IL_6536248/ISIC_2973605.jpg,2,1,1,2,2
inference_data/milk10k/MILK10k_Training_Input/IL_6546506/ISIC_7190000.jpg,2,2,2,2,2
inference_data/milk10k/MILK10k_Training_Input/IL_6546506/ISIC_4629088.jpg,2,2,2,2,2
inference_data/milk10k/MILK10k_Training_Input/IL_6550099/ISIC_1138088.jpg,3,2,3,2,3
inference_data/milk10k/MILK10k_Training_Input/IL_6550099/ISIC_9994191.jpg,1,2,1,2,2
inference_data/milk10k/MILK10k_Training_Input/IL_6550593/ISIC_1886909.jpg,2,2,2,2,2
inference_data/milk10k/MILK10k_Training_Input/IL_6550593/ISIC_3873824.jpg,1,1,1,1,1
inference_data/milk10k/MILK10k_Training_Input/IL_6552664/ISIC_1011069.jpg,3,2,3,2,2
inference_data/milk10k/MILK10k_Training_Input/IL_6552664/ISIC_5253746.jpg,1,2,1,1,2
inference_data/milk10k/MILK10k_Training_Input/IL_6552855/ISIC_2226952.jpg,3,3,3,3,3
inference_data/milk10k/MILK10k_Training_Input/IL_6552855/ISIC_8621381.jpg,2,2,2,2,2
inference_data/milk10k/MILK10k_Training_Input/IL_6555203/ISIC_5930151.jpg,2,2,1,2,2
inference_data/milk10k/MILK10k_Training_Input/IL_6555203/ISIC_4347690.jpg,2,2,2,2,2
inference_data/milk10k/MILK10k_Training_Input/IL_6555655/ISIC_8022914.jpg,3,3,2,3,2
inference_data/milk10k/MILK10k_Training_Input/IL_6555655/ISIC_5213643.jpg,2,2,1,2,2
inference_data/milk10k/MILK10k_Training_Input/IL_6556593/ISIC_5499953.jpg,3,3,3,3,3
inference_data/milk10k/MILK10k_Training_Input/IL_6556593/ISIC_4820255.jpg,1,1,1,1,1
inference_data/milk10k/MILK10k_Training_Input/IL_6558411/ISIC_0424515.jpg,2,2,2,2,2
inference_data/milk10k/MILK10k_Training_Input/IL_6558411/ISIC_8939939.jpg,2,2,2,2,2
inference_data/milk10k/MILK10k_Training_Input/IL_6559871/ISIC_2481693.jpg,2,2,2,2,2
inference_data/milk10k/MILK10k_Training_Input/IL_6559871/ISIC_4736865.jpg,1,1,1,1,2
inference_data/milk10k/MILK10k_Training_Input/IL_6560903/ISIC_9347140.jpg,2,2,2,3,2
inference_data/milk10k/MILK10k_Training_Input/IL_6560903/ISIC_1179992.jpg,2,2,2,2,2
inference_data/milk10k/MILK10k_Training_Input/IL_6575450/ISIC_9026609.jpg,1,1,1,1,2
inference_data/milk10k/MILK10k_Training_Input/IL_6575450/ISIC_4297812.jpg,2,2,2,2,2
inference_data/milk10k/MILK10k_Training_Input/IL_6578198/ISIC_7148211.jpg,2,2,2,2,2
inference_data/milk10k/MILK10k_Training_Input/IL_6578198/ISIC_6063074.jpg,2,2,2,2,2
inference_data/milk10k/MILK10k_Training_Input/IL_6580318/ISIC_4925038.jpg,3,2,3,3,3
inference_data/milk10k/MILK10k_Training_Input/IL_6580318/ISIC_1625882.jpg,3,2,3,3,3
inference_data/milk10k/MILK10k_Training_Input/IL_6581276/ISIC_9258545.jpg,2,2,2,2,2
inference_data/milk10k/MILK10k_Training_Input/IL_6581276/ISIC_6242110.jpg,1,1,1,1,1
inference_data/milk10k/MILK10k_Training_Input/IL_6582258/ISIC_6175610.jpg,2,3,3,3,2
inference_data/milk10k/MILK10k_Training_Input/IL_6582258/ISIC_3659324.jpg,1,1,0,1,1
inference_data/milk10k/MILK10k_Training_Input/IL_6583801/ISIC_7672873.jpg,3,3,3,3,3
inference_data/milk10k/MILK10k_Training_Input/IL_6583801/ISIC_3892538.jpg,2,2,2,2,2
inference_data/milk10k/MILK10k_Training_Input/IL_6585247/ISIC_9720285.jpg,2,1,2,2,2
inference_data/milk10k/MILK10k_Training_Input/IL_6585247/ISIC_3302093.jpg,2,1,2,2,2
inference_data/milk10k/MILK10k_Training_Input/IL_6586182/ISIC_9810068.jpg,4,4,4,4,4
inference_data/milk10k/MILK10k_Training_Input/IL_6586182/ISIC_8127734.jpg,2,2,2,2,2
inference_data/milk10k/MILK10k_Training_Input/IL_6587096/ISIC_3164080.jpg,3,3,3,3,3
inference_data/milk10k/MILK10k_Training_Input/IL_6587096/ISIC_0603818.jpg,2,2,2,2,2
inference_data/milk10k/MILK10k_Training_Input/IL_6588313/ISIC_8357891.jpg,2,2,2,3,2
inference_data/milk10k/MILK10k_Training_Input/IL_6588313/ISIC_6062128.jpg,2,2,2,2,2
inference_data/milk10k/MILK10k_Training_Input/IL_6591521/ISIC_9441092.jpg,3,3,4,4,3
inference_data/milk10k/MILK10k_Training_Input/IL_6591521/ISIC_6138103.jpg,2,2,2,2,2
inference_data/milk10k/MILK10k_Training_Input/IL_6591567/ISIC_4654961.jpg,2,3,2,2,2
inference_data/milk10k/MILK10k_Training_Input/IL_6591567/ISIC_0489274.jpg,2,2,2,2,2
inference_data/milk10k/MILK10k_Training_Input/IL_6592756/ISIC_9950919.jpg,3,3,3,3,3
inference_data/milk10k/MILK10k_Training_Input/IL_6592756/ISIC_5284704.jpg,4,3,4,3,3
inference_data/milk10k/MILK10k_Training_Input/IL_6592976/ISIC_5649736.jpg,3,2,3,3,2
inference_data/milk10k/MILK10k_Training_Input/IL_6592976/ISIC_5793548.jpg,2,2,1,2,2
inference_data/milk10k/MILK10k_Training_Input/IL_6594915/ISIC_7391184.jpg,2,2,2,2,2
inference_data/milk10k/MILK10k_Training_Input/IL_6594915/ISIC_4237744.jpg,1,1,1,2,1
inference_data/milk10k/MILK10k_Training_Input/IL_6595342/ISIC_0504075.jpg,2,2,2,2,2
inference_data/milk10k/MILK10k_Training_Input/IL_6595342/ISIC_4458763.jpg,1,1,1,1,2
inference_data/milk10k/MILK10k_Training_Input/IL_6598167/ISIC_4797688.jpg,1,2,1,2,1
inference_data/milk10k/MILK10k_Training_Input/IL_6598167/ISIC_1665727.jpg,1,1,1,2,2
inference_data/milk10k/MILK10k_Training_Input/IL_6599749/ISIC_0189659.jpg,2,2,2,2,2
inference_data/milk10k/MILK10k_Training_Input/IL_6599749/ISIC_3360186.jpg,1,1,1,1,1
inference_data/milk10k/MILK10k_Training_Input/IL_6600785/ISIC_4043291.jpg,3,2,2,3,3
inference_data/milk10k/MILK10k_Training_Input/IL_6600785/ISIC_3418246.jpg,1,2,1,1,1
inference_data/milk10k/MILK10k_Training_Input/IL_6605794/ISIC_9424114.jpg,2,2,2,2,2
inference_data/milk10k/MILK10k_Training_Input/IL_6605794/ISIC_8684482.jpg,1,1,1,1,1
inference_data/milk10k/MILK10k_Training_Input/IL_6606069/ISIC_2277641.jpg,1,1,1,1,1
inference_data/milk10k/MILK10k_Training_Input/IL_6606069/ISIC_8668985.jpg,1,1,1,1,1
inference_data/milk10k/MILK10k_Training_Input/IL_6607350/ISIC_2977955.jpg,4,3,4,4,4
inference_data/milk10k/MILK10k_Training_Input/IL_6607350/ISIC_1712861.jpg,1,1,1,1,1
inference_data/milk10k/MILK10k_Training_Input/IL_6607832/ISIC_8680621.jpg,2,2,2,2,2
inference_data/milk10k/MILK10k_Training_Input/IL_6607832/ISIC_9171793.jpg,2,2,2,2,2
inference_data/milk10k/MILK10k_Training_Input/IL_6609864/ISIC_5047126.jpg,2,2,2,2,2
inference_data/milk10k/MILK10k_Training_Input/IL_6609864/ISIC_2848487.jpg,1,1,0,1,1
inference_data/milk10k/MILK10k_Training_Input/IL_6613281/ISIC_4037796.jpg,3,2,2,3,2
inference_data/milk10k/MILK10k_Training_Input/IL_6613281/ISIC_7854881.jpg,2,1,1,1,2
inference_data/milk10k/MILK10k_Training_Input/IL_6613514/ISIC_0234148.jpg,3,2,3,3,3
inference_data/milk10k/MILK10k_Training_Input/IL_6613514/ISIC_0179367.jpg,3,2,3,3,3
inference_data/milk10k/MILK10k_Training_Input/IL_6615985/ISIC_9547201.jpg,2,1,1,2,2
inference_data/milk10k/MILK10k_Training_Input/IL_6615985/ISIC_6603451.jpg,1,1,1,1,2
inference_data/milk10k/MILK10k_Training_Input/IL_6616097/ISIC_0928029.jpg,3,2,3,3,2
inference_data/milk10k/MILK10k_Training_Input/IL_6616097/ISIC_8620236.jpg,1,1,1,1,1
inference_data/milk10k/MILK10k_Training_Input/IL_6616661/ISIC_2956586.jpg,2,2,2,2,2
inference_data/milk10k/MILK10k_Training_Input/IL_6616661/ISIC_4943359.jpg,1,1,1,1,1
inference_data/milk10k/MILK10k_Training_Input/IL_6617592/ISIC_4253845.jpg,3,3,3,4,3
inference_data/milk10k/MILK10k_Training_Input/IL_6617592/ISIC_4030354.jpg,1,2,1,1,1
inference_data/milk10k/MILK10k_Training_Input/IL_6618073/ISIC_8038275.jpg,2,2,2,2,2
inference_data/milk10k/MILK10k_Training_Input/IL_6618073/ISIC_4503581.jpg,1,1,1,1,1
inference_data/milk10k/MILK10k_Training_Input/IL_6622231/ISIC_1562789.jpg,3,2,3,3,2
inference_data/milk10k/MILK10k_Training_Input/IL_6622231/ISIC_6442452.jpg,1,1,1,1,1
inference_data/milk10k/MILK10k_Training_Input/IL_6622693/ISIC_8153909.jpg,2,2,2,2,2
inference_data/milk10k/MILK10k_Training_Input/IL_6622693/ISIC_6293492.jpg,1,1,1,1,1
inference_data/milk10k/MILK10k_Training_Input/IL_6627876/ISIC_7434991.jpg,3,2,3,3,2
inference_data/milk10k/MILK10k_Training_Input/IL_6627876/ISIC_4919280.jpg,2,2,3,2,3
inference_data/milk10k/MILK10k_Training_Input/IL_6629928/ISIC_9761409.jpg,2,2,2,2,2
inference_data/milk10k/MILK10k_Training_Input/IL_6629928/ISIC_1283766.jpg,1,1,1,1,1
inference_data/milk10k/MILK10k_Training_Input/IL_6632725/ISIC_4513123.jpg,2,2,2,2,2
inference_data/milk10k/MILK10k_Training_Input/IL_6632725/ISIC_7170025.jpg,1,1,1,1,1
inference_data/milk10k/MILK10k_Training_Input/IL_6634369/ISIC_2825735.jpg,2,2,2,2,2
inference_data/milk10k/MILK10k_Training_Input/IL_6634369/ISIC_6738813.jpg,2,1,1,1,2
inference_data/milk10k/MILK10k_Training_Input/IL_6635942/ISIC_6216368.jpg,3,3,3,4,3
inference_data/milk10k/MILK10k_Training_Input/IL_6635942/ISIC_9018696.jpg,1,1,1,1,1
inference_data/milk10k/MILK10k_Training_Input/IL_6636674/ISIC_2439000.jpg,2,2,2,2,2
inference_data/milk10k/MILK10k_Training_Input/IL_6636674/ISIC_4314742.jpg,1,1,1,1,1
inference_data/milk10k/MILK10k_Training_Input/IL_6638180/ISIC_8171205.jpg,2,2,1,2,2
inference_data/milk10k/MILK10k_Training_Input/IL_6638180/ISIC_6508531.jpg,1,1,1,2,2
inference_data/milk10k/MILK10k_Training_Input/IL_6638218/ISIC_8403731.jpg,2,2,2,3,2
inference_data/milk10k/MILK10k_Training_Input/IL_6638218/ISIC_5822186.jpg,1,1,1,1,1
inference_data/milk10k/MILK10k_Training_Input/IL_6639439/ISIC_7645646.jpg,2,2,3,3,2
inference_data/milk10k/MILK10k_Training_Input/IL_6639439/ISIC_9423469.jpg,1,1,1,1,1
inference_data/milk10k/MILK10k_Training_Input/IL_6639519/ISIC_6685057.jpg,2,2,2,2,2
inference_data/milk10k/MILK10k_Training_Input/IL_6639519/ISIC_7115768.jpg,2,2,2,2,2
inference_data/milk10k/MILK10k_Training_Input/IL_6646437/ISIC_5101807.jpg,4,4,4,4,4
inference_data/milk10k/MILK10k_Training_Input/IL_6646437/ISIC_4877646.jpg,2,1,1,2,2
inference_data/milk10k/MILK10k_Training_Input/IL_6647524/ISIC_9531638.jpg,2,2,2,2,2
inference_data/milk10k/MILK10k_Training_Input/IL_6647524/ISIC_9103397.jpg,2,2,2,2,2
inference_data/milk10k/MILK10k_Training_Input/IL_6647837/ISIC_6751695.jpg,2,2,2,2,2
inference_data/milk10k/MILK10k_Training_Input/IL_6647837/ISIC_8649350.jpg,2,2,2,2,2
inference_data/milk10k/MILK10k_Training_Input/IL_6649542/ISIC_7276894.jpg,2,2,2,2,2
inference_data/milk10k/MILK10k_Training_Input/IL_6649542/ISIC_9971064.jpg,2,2,2,2,2
inference_data/milk10k/MILK10k_Training_Input/IL_6650596/ISIC_1000918.jpg,2,2,2,2,2
inference_data/milk10k/MILK10k_Training_Input/IL_6650596/ISIC_4905525.jpg,1,1,1,1,1
inference_data/milk10k/MILK10k_Training_Input/IL_6653244/ISIC_6208118.jpg,4,4,4,4,4
inference_data/milk10k/MILK10k_Training_Input/IL_6653244/ISIC_0887284.jpg,2,2,2,2,2
inference_data/milk10k/MILK10k_Training_Input/IL_6654419/ISIC_8124386.jpg,2,2,2,2,2
inference_data/milk10k/MILK10k_Training_Input/IL_6654419/ISIC_1999632.jpg,2,2,2,2,2
inference_data/milk10k/MILK10k_Training_Input/IL_6654739/ISIC_8949217.jpg,1,1,1,1,1
inference_data/milk10k/MILK10k_Training_Input/IL_6654739/ISIC_8436376.jpg,1,1,0,1,1
inference_data/milk10k/MILK10k_Training_Input/IL_6655417/ISIC_0329283.jpg,2,2,2,2,2
inference_data/milk10k/MILK10k_Training_Input/IL_6655417/ISIC_1831934.jpg,1,1,1,1,1
inference_data/milk10k/MILK10k_Training_Input/IL_6657702/ISIC_0258020.jpg,3,3,3,3,3
inference_data/milk10k/MILK10k_Training_Input/IL_6657702/ISIC_5068413.jpg,1,2,1,1,2
inference_data/milk10k/MILK10k_Training_Input/IL_6658554/ISIC_5433476.jpg,2,1,2,2,1
inference_data/milk10k/MILK10k_Training_Input/IL_6658554/ISIC_2289203.jpg,2,2,2,2,2
inference_data/milk10k/MILK10k_Training_Input/IL_6659828/ISIC_5494529.jpg,1,1,1,1,1
inference_data/milk10k/MILK10k_Training_Input/IL_6659828/ISIC_7801345.jpg,2,2,2,2,2
inference_data/milk10k/MILK10k_Training_Input/IL_6660320/ISIC_2984850.jpg,2,2,2,2,2
inference_data/milk10k/MILK10k_Training_Input/IL_6660320/ISIC_3584809.jpg,1,1,0,1,1
inference_data/milk10k/MILK10k_Training_Input/IL_6660376/ISIC_3931844.jpg,1,2,1,1,1
inference_data/milk10k/MILK10k_Training_Input/IL_6660376/ISIC_8026822.jpg,1,2,1,1,1
inference_data/milk10k/MILK10k_Training_Input/IL_6662747/ISIC_9800865.jpg,2,1,2,2,1
inference_data/milk10k/MILK10k_Training_Input/IL_6662747/ISIC_6657890.jpg,1,1,1,1,1
inference_data/milk10k/MILK10k_Training_Input/IL_6665105/ISIC_4018978.jpg,2,2,2,2,2
inference_data/milk10k/MILK10k_Training_Input/IL_6665105/ISIC_4302597.jpg,1,1,0,1,1
inference_data/milk10k/MILK10k_Training_Input/IL_6665809/ISIC_9114356.jpg,1,1,1,1,1
inference_data/milk10k/MILK10k_Training_Input/IL_6665809/ISIC_0970615.jpg,1,1,1,1,1
inference_data/milk10k/MILK10k_Training_Input/IL_6673700/ISIC_0121050.jpg,3,3,3,3,3
inference_data/milk10k/MILK10k_Training_Input/IL_6673700/ISIC_5171808.jpg,2,2,1,2,2
inference_data/milk10k/MILK10k_Training_Input/IL_6676284/ISIC_8429175.jpg,2,2,2,2,2
inference_data/milk10k/MILK10k_Training_Input/IL_6676284/ISIC_8860235.jpg,1,1,0,1,1
inference_data/milk10k/MILK10k_Training_Input/IL_6677545/ISIC_8914881.jpg,3,2,3,3,3
inference_data/milk10k/MILK10k_Training_Input/IL_6677545/ISIC_0907555.jpg,2,2,2,2,2
inference_data/milk10k/MILK10k_Training_Input/IL_6677993/ISIC_2243897.jpg,2,2,2,2,2
inference_data/milk10k/MILK10k_Training_Input/IL_6677993/ISIC_2961437.jpg,1,1,1,1,1
inference_data/milk10k/MILK10k_Training_Input/IL_6679773/ISIC_0426781.jpg,2,2,2,3,2
inference_data/milk10k/MILK10k_Training_Input/IL_6679773/ISIC_7196937.jpg,1,1,1,1,1
inference_data/milk10k/MILK10k_Training_Input/IL_6680109/ISIC_6007784.jpg,2,2,2,2,2
inference_data/milk10k/MILK10k_Training_Input/IL_6680109/ISIC_5079694.jpg,1,1,1,1,2
inference_data/milk10k/MILK10k_Training_Input/IL_6681910/ISIC_2580507.jpg,2,2,3,3,2
inference_data/milk10k/MILK10k_Training_Input/IL_6681910/ISIC_4938829.jpg,2,2,1,2,2
inference_data/milk10k/MILK10k_Training_Input/IL_6684084/ISIC_0507617.jpg,3,3,3,3,3
inference_data/milk10k/MILK10k_Training_Input/IL_6684084/ISIC_9640662.jpg,2,2,2,2,2
inference_data/milk10k/MILK10k_Training_Input/IL_6684225/ISIC_8749451.jpg,3,2,3,3,3
inference_data/milk10k/MILK10k_Training_Input/IL_6684225/ISIC_7478833.jpg,1,1,1,2,2
inference_data/milk10k/MILK10k_Training_Input/IL_6686200/ISIC_7335684.jpg,2,2,2,3,2
inference_data/milk10k/MILK10k_Training_Input/IL_6686200/ISIC_6569850.jpg,1,1,1,1,1
inference_data/milk10k/MILK10k_Training_Input/IL_6687584/ISIC_3067376.jpg,3,3,3,3,3
inference_data/milk10k/MILK10k_Training_Input/IL_6687584/ISIC_7896976.jpg,2,2,2,2,3
inference_data/milk10k/MILK10k_Training_Input/IL_6687595/ISIC_9115621.jpg,3,3,3,3,3
inference_data/milk10k/MILK10k_Training_Input/IL_6687595/ISIC_2580974.jpg,2,2,2,2,2
inference_data/milk10k/MILK10k_Training_Input/IL_6690716/ISIC_4229124.jpg,3,2,3,3,2
inference_data/milk10k/MILK10k_Training_Input/IL_6690716/ISIC_6825359.jpg,2,2,2,2,2
inference_data/milk10k/MILK10k_Training_Input/IL_6691534/ISIC_9369364.jpg,2,2,2,2,2
inference_data/milk10k/MILK10k_Training_Input/IL_6691534/ISIC_0190959.jpg,1,1,0,1,1
inference_data/milk10k/MILK10k_Training_Input/IL_6691831/ISIC_1242913.jpg,3,3,3,3,3
inference_data/milk10k/MILK10k_Training_Input/IL_6691831/ISIC_4133448.jpg,2,2,1,2,2
inference_data/milk10k/MILK10k_Training_Input/IL_6692380/ISIC_2891524.jpg,2,3,2,3,2
inference_data/milk10k/MILK10k_Training_Input/IL_6692380/ISIC_9740592.jpg,2,2,2,2,2
inference_data/milk10k/MILK10k_Training_Input/IL_6693472/ISIC_0682339.jpg,2,2,2,2,2
inference_data/milk10k/MILK10k_Training_Input/IL_6693472/ISIC_2783831.jpg,1,1,1,1,1
inference_data/milk10k/MILK10k_Training_Input/IL_6695406/ISIC_7835980.jpg,2,2,2,2,2
inference_data/milk10k/MILK10k_Training_Input/IL_6695406/ISIC_6259246.jpg,1,1,1,1,1
inference_data/milk10k/MILK10k_Training_Input/IL_6695946/ISIC_7168635.jpg,2,2,2,3,2
inference_data/milk10k/MILK10k_Training_Input/IL_6695946/ISIC_6026183.jpg,1,1,1,1,2
inference_data/milk10k/MILK10k_Training_Input/IL_6705491/ISIC_5176734.jpg,3,3,3,3,3
inference_data/milk10k/MILK10k_Training_Input/IL_6705491/ISIC_9266057.jpg,1,1,1,1,1
inference_data/milk10k/MILK10k_Training_Input/IL_6706303/ISIC_6872166.jpg,2,2,3,3,2
inference_data/milk10k/MILK10k_Training_Input/IL_6706303/ISIC_7006091.jpg,3,3,3,3,3
inference_data/milk10k/MILK10k_Training_Input/IL_6710445/ISIC_6145727.jpg,2,2,2,3,2
inference_data/milk10k/MILK10k_Training_Input/IL_6710445/ISIC_3783849.jpg,1,1,1,1,1
inference_data/milk10k/MILK10k_Training_Input/IL_6711797/ISIC_9784837.jpg,3,2,3,3,3
inference_data/milk10k/MILK10k_Training_Input/IL_6711797/ISIC_9153141.jpg,2,1,1,1,2
inference_data/milk10k/MILK10k_Training_Input/IL_6717785/ISIC_6110252.jpg,2,2,2,2,2
inference_data/milk10k/MILK10k_Training_Input/IL_6717785/ISIC_5239106.jpg,1,1,1,1,1
inference_data/milk10k/MILK10k_Training_Input/IL_6718051/ISIC_5836804.jpg,2,2,2,3,2
inference_data/milk10k/MILK10k_Training_Input/IL_6718051/ISIC_4185934.jpg,1,1,1,1,1
inference_data/milk10k/MILK10k_Training_Input/IL_6719325/ISIC_6625754.jpg,2,2,2,2,2
inference_data/milk10k/MILK10k_Training_Input/IL_6719325/ISIC_5709448.jpg,1,1,1,1,1
inference_data/milk10k/MILK10k_Training_Input/IL_6727928/ISIC_4464487.jpg,2,2,2,2,2
inference_data/milk10k/MILK10k_Training_Input/IL_6727928/ISIC_1817508.jpg,2,2,2,2,2
inference_data/milk10k/MILK10k_Training_Input/IL_6728054/ISIC_1066863.jpg,2,2,2,2,2
inference_data/milk10k/MILK10k_Training_Input/IL_6728054/ISIC_7227677.jpg,3,3,3,3,3
inference_data/milk10k/MILK10k_Training_Input/IL_6731689/ISIC_4583576.jpg,3,3,3,3,2
inference_data/milk10k/MILK10k_Training_Input/IL_6731689/ISIC_8373214.jpg,1,1,1,1,1
inference_data/milk10k/MILK10k_Training_Input/IL_6731781/ISIC_4857675.jpg,2,2,2,3,2
inference_data/milk10k/MILK10k_Training_Input/IL_6731781/ISIC_0914647.jpg,1,1,1,1,1
inference_data/milk10k/MILK10k_Training_Input/IL_6732051/ISIC_3078783.jpg,3,2,3,3,3
inference_data/milk10k/MILK10k_Training_Input/IL_6732051/ISIC_2974995.jpg,1,1,1,1,1
inference_data/milk10k/MILK10k_Training_Input/IL_6733818/ISIC_4155762.jpg,3,3,3,3,3
inference_data/milk10k/MILK10k_Training_Input/IL_6733818/ISIC_9472474.jpg,2,2,2,2,2
inference_data/milk10k/MILK10k_Training_Input/IL_6738007/ISIC_9756777.jpg,2,2,2,2,2
inference_data/milk10k/MILK10k_Training_Input/IL_6738007/ISIC_8498076.jpg,1,1,1,1,2
inference_data/milk10k/MILK10k_Training_Input/IL_6741185/ISIC_3601752.jpg,2,2,2,2,2
inference_data/milk10k/MILK10k_Training_Input/IL_6741185/ISIC_3807230.jpg,1,1,0,1,1
inference_data/milk10k/MILK10k_Training_Input/IL_6743301/ISIC_8722591.jpg,2,2,2,2,2
inference_data/milk10k/MILK10k_Training_Input/IL_6743301/ISIC_0499568.jpg,1,1,1,1,1
inference_data/milk10k/MILK10k_Training_Input/IL_6751385/ISIC_4297082.jpg,3,2,3,3,2
inference_data/milk10k/MILK10k_Training_Input/IL_6751385/ISIC_7774559.jpg,2,2,2,2,2
inference_data/milk10k/MILK10k_Training_Input/IL_6752385/ISIC_2752952.jpg,3,2,3,3,2
inference_data/milk10k/MILK10k_Training_Input/IL_6752385/ISIC_3224359.jpg,1,1,1,1,1
inference_data/milk10k/MILK10k_Training_Input/IL_6753634/ISIC_0230558.jpg,1,1,1,1,1
inference_data/milk10k/MILK10k_Training_Input/IL_6753634/ISIC_9290748.jpg,1,1,1,1,1
inference_data/milk10k/MILK10k_Training_Input/IL_6755192/ISIC_0091575.jpg,3,3,3,3,3
inference_data/milk10k/MILK10k_Training_Input/IL_6755192/ISIC_5997076.jpg,1,1,1,1,2
inference_data/milk10k/MILK10k_Training_Input/IL_6762452/ISIC_7902533.jpg,2,2,2,2,2
inference_data/milk10k/MILK10k_Training_Input/IL_6762452/ISIC_5022439.jpg,1,1,1,1,2
inference_data/milk10k/MILK10k_Training_Input/IL_6764559/ISIC_4061158.jpg,2,2,1,2,2
inference_data/milk10k/MILK10k_Training_Input/IL_6764559/ISIC_8292493.jpg,2,2,2,2,2
inference_data/milk10k/MILK10k_Training_Input/IL_6765370/ISIC_5260184.jpg,2,2,1,2,2
inference_data/milk10k/MILK10k_Training_Input/IL_6765370/ISIC_7193606.jpg,1,1,1,1,1
inference_data/milk10k/MILK10k_Training_Input/IL_6767086/ISIC_6713718.jpg,1,1,1,1,1
inference_data/milk10k/MILK10k_Training_Input/IL_6767086/ISIC_7991319.jpg,2,2,2,3,2
inference_data/milk10k/MILK10k_Training_Input/IL_6767312/ISIC_0924690.jpg,3,3,3,3,3
inference_data/milk10k/MILK10k_Training_Input/IL_6767312/ISIC_2288348.jpg,2,1,2,2,2
inference_data/milk10k/MILK10k_Training_Input/IL_6768350/ISIC_9915675.jpg,2,2,2,2,2
inference_data/milk10k/MILK10k_Training_Input/IL_6768350/ISIC_6005450.jpg,2,1,1,2,2
inference_data/milk10k/MILK10k_Training_Input/IL_6770376/ISIC_9587357.jpg,2,2,2,2,2
inference_data/milk10k/MILK10k_Training_Input/IL_6770376/ISIC_4929247.jpg,2,1,2,2,2
inference_data/milk10k/MILK10k_Training_Input/IL_6777208/ISIC_1119486.jpg,2,2,2,3,2
inference_data/milk10k/MILK10k_Training_Input/IL_6777208/ISIC_2268118.jpg,2,2,1,1,2
inference_data/milk10k/MILK10k_Training_Input/IL_6780614/ISIC_0125985.jpg,3,3,3,3,3
inference_data/milk10k/MILK10k_Training_Input/IL_6780614/ISIC_8407534.jpg,1,1,1,1,1
inference_data/milk10k/MILK10k_Training_Input/IL_6780891/ISIC_8171954.jpg,2,2,1,2,2
inference_data/milk10k/MILK10k_Training_Input/IL_6780891/ISIC_0481541.jpg,1,1,1,1,1
inference_data/milk10k/MILK10k_Training_Input/IL_6781250/ISIC_8225518.jpg,3,3,3,4,3
inference_data/milk10k/MILK10k_Training_Input/IL_6781250/ISIC_9568577.jpg,2,2,2,2,2
inference_data/milk10k/MILK10k_Training_Input/IL_6783043/ISIC_7919661.jpg,3,3,3,3,3
inference_data/milk10k/MILK10k_Training_Input/IL_6783043/ISIC_1012530.jpg,1,1,1,1,1
inference_data/milk10k/MILK10k_Training_Input/IL_6783933/ISIC_9739600.jpg,4,3,4,4,4
inference_data/milk10k/MILK10k_Training_Input/IL_6783933/ISIC_7288734.jpg,4,3,4,4,3
inference_data/milk10k/MILK10k_Training_Input/IL_6784777/ISIC_2882147.jpg,3,3,3,3,3
inference_data/milk10k/MILK10k_Training_Input/IL_6784777/ISIC_7706527.jpg,2,2,2,2,2
inference_data/milk10k/MILK10k_Training_Input/IL_6787106/ISIC_2443273.jpg,3,3,3,3,3
inference_data/milk10k/MILK10k_Training_Input/IL_6787106/ISIC_5275192.jpg,2,1,2,2,2
inference_data/milk10k/MILK10k_Training_Input/IL_6788244/ISIC_2222551.jpg,3,2,3,3,3
inference_data/milk10k/MILK10k_Training_Input/IL_6788244/ISIC_8112188.jpg,1,1,1,1,1
inference_data/milk10k/MILK10k_Training_Input/IL_6790433/ISIC_5281912.jpg,2,2,2,3,2
inference_data/milk10k/MILK10k_Training_Input/IL_6790433/ISIC_8612060.jpg,2,2,2,2,2
inference_data/milk10k/MILK10k_Training_Input/IL_6793597/ISIC_1751483.jpg,0,0,0,0,0
inference_data/milk10k/MILK10k_Training_Input/IL_6793597/ISIC_5983030.jpg,2,2,2,2,2
inference_data/milk10k/MILK10k_Training_Input/IL_6800675/ISIC_8879612.jpg,2,2,2,2,2
inference_data/milk10k/MILK10k_Training_Input/IL_6800675/ISIC_4687962.jpg,2,2,2,2,2
inference_data/milk10k/MILK10k_Training_Input/IL_6802570/ISIC_7336445.jpg,2,2,2,2,2
inference_data/milk10k/MILK10k_Training_Input/IL_6802570/ISIC_8900097.jpg,1,1,1,1,1
inference_data/milk10k/MILK10k_Training_Input/IL_6802806/ISIC_3431588.jpg,2,2,2,2,2
inference_data/milk10k/MILK10k_Training_Input/IL_6802806/ISIC_4236187.jpg,1,1,0,1,1
inference_data/milk10k/MILK10k_Training_Input/IL_6803383/ISIC_8383870.jpg,3,3,3,3,3
inference_data/milk10k/MILK10k_Training_Input/IL_6803383/ISIC_0907354.jpg,1,1,1,1,1
inference_data/milk10k/MILK10k_Training_Input/IL_6806231/ISIC_2766210.jpg,3,3,4,3,3
inference_data/milk10k/MILK10k_Training_Input/IL_6806231/ISIC_2205187.jpg,2,2,2,2,2
inference_data/milk10k/MILK10k_Training_Input/IL_6806894/ISIC_7397866.jpg,2,2,2,2,2
inference_data/milk10k/MILK10k_Training_Input/IL_6806894/ISIC_1589936.jpg,3,3,2,2,3
inference_data/milk10k/MILK10k_Training_Input/IL_6812104/ISIC_4962195.jpg,3,3,3,3,3
inference_data/milk10k/MILK10k_Training_Input/IL_6812104/ISIC_2826779.jpg,2,2,2,2,2
inference_data/milk10k/MILK10k_Training_Input/IL_6812828/ISIC_0159106.jpg,2,2,2,2,2
inference_data/milk10k/MILK10k_Training_Input/IL_6812828/ISIC_6590580.jpg,1,1,1,1,1
inference_data/milk10k/MILK10k_Training_Input/IL_6816104/ISIC_5076767.jpg,1,1,0,1,1
inference_data/milk10k/MILK10k_Training_Input/IL_6816104/ISIC_6402943.jpg,2,2,1,2,2
inference_data/milk10k/MILK10k_Training_Input/IL_6816811/ISIC_7386871.jpg,3,3,3,3,3
inference_data/milk10k/MILK10k_Training_Input/IL_6816811/ISIC_3675396.jpg,2,1,1,1,2
inference_data/milk10k/MILK10k_Training_Input/IL_6816964/ISIC_4735270.jpg,2,2,1,2,2
inference_data/milk10k/MILK10k_Training_Input/IL_6816964/ISIC_9497415.jpg,1,1,1,2,2
inference_data/milk10k/MILK10k_Training_Input/IL_6820116/ISIC_0371990.jpg,2,2,2,2,2
inference_data/milk10k/MILK10k_Training_Input/IL_6820116/ISIC_1177251.jpg,2,2,2,2,2
inference_data/milk10k/MILK10k_Training_Input/IL_6820172/ISIC_6424694.jpg,3,3,3,3,3
inference_data/milk10k/MILK10k_Training_Input/IL_6820172/ISIC_7987042.jpg,2,1,1,2,2
inference_data/milk10k/MILK10k_Training_Input/IL_6825163/ISIC_8342006.jpg,2,2,2,2,2
inference_data/milk10k/MILK10k_Training_Input/IL_6825163/ISIC_8782095.jpg,1,1,1,1,1
inference_data/milk10k/MILK10k_Training_Input/IL_6826946/ISIC_5785000.jpg,2,2,2,2,2
inference_data/milk10k/MILK10k_Training_Input/IL_6826946/ISIC_4485874.jpg,1,1,0,1,1
inference_data/milk10k/MILK10k_Training_Input/IL_6827791/ISIC_8786149.jpg,3,3,3,3,3
inference_data/milk10k/MILK10k_Training_Input/IL_6827791/ISIC_3050416.jpg,2,2,1,2,2
inference_data/milk10k/MILK10k_Training_Input/IL_6829628/ISIC_3168049.jpg,4,4,4,4,4
inference_data/milk10k/MILK10k_Training_Input/IL_6829628/ISIC_5962854.jpg,2,2,2,2,2
inference_data/milk10k/MILK10k_Training_Input/IL_6831423/ISIC_3033593.jpg,2,2,2,3,2
inference_data/milk10k/MILK10k_Training_Input/IL_6831423/ISIC_5602759.jpg,1,1,0,1,1
inference_data/milk10k/MILK10k_Training_Input/IL_6832488/ISIC_3933356.jpg,2,2,2,2,2
inference_data/milk10k/MILK10k_Training_Input/IL_6832488/ISIC_7886084.jpg,2,2,1,2,2
inference_data/milk10k/MILK10k_Training_Input/IL_6833958/ISIC_0895842.jpg,1,1,1,2,1
inference_data/milk10k/MILK10k_Training_Input/IL_6833958/ISIC_0605910.jpg,2,2,2,3,2
inference_data/milk10k/MILK10k_Training_Input/IL_6834280/ISIC_1942943.jpg,2,2,1,2,2
inference_data/milk10k/MILK10k_Training_Input/IL_6834280/ISIC_6072797.jpg,2,1,1,1,1
inference_data/milk10k/MILK10k_Training_Input/IL_6834343/ISIC_2508300.jpg,2,2,2,2,2
inference_data/milk10k/MILK10k_Training_Input/IL_6834343/ISIC_1587160.jpg,2,2,2,3,2
inference_data/milk10k/MILK10k_Training_Input/IL_6836295/ISIC_2276012.jpg,2,2,2,2,2
inference_data/milk10k/MILK10k_Training_Input/IL_6836295/ISIC_7042361.jpg,1,1,1,1,1
inference_data/milk10k/MILK10k_Training_Input/IL_6836759/ISIC_1583880.jpg,1,1,1,2,1
inference_data/milk10k/MILK10k_Training_Input/IL_6836759/ISIC_6580622.jpg,1,1,1,1,1
inference_data/milk10k/MILK10k_Training_Input/IL_6836938/ISIC_3560001.jpg,1,1,1,1,1
inference_data/milk10k/MILK10k_Training_Input/IL_6836938/ISIC_7139592.jpg,1,1,1,1,1
inference_data/milk10k/MILK10k_Training_Input/IL_6839518/ISIC_8025365.jpg,2,2,2,2,2
inference_data/milk10k/MILK10k_Training_Input/IL_6839518/ISIC_1146594.jpg,2,2,2,2,2
inference_data/milk10k/MILK10k_Training_Input/IL_6841105/ISIC_2886088.jpg,2,2,2,2,2
inference_data/milk10k/MILK10k_Training_Input/IL_6841105/ISIC_9390664.jpg,2,2,2,2,2
inference_data/milk10k/MILK10k_Training_Input/IL_6845657/ISIC_2099638.jpg,2,2,1,2,2
inference_data/milk10k/MILK10k_Training_Input/IL_6845657/ISIC_0472359.jpg,1,1,0,1,1
inference_data/milk10k/MILK10k_Training_Input/IL_6847142/ISIC_5308424.jpg,2,2,2,2,2
inference_data/milk10k/MILK10k_Training_Input/IL_6847142/ISIC_7030907.jpg,1,1,1,1,1
inference_data/milk10k/MILK10k_Training_Input/IL_6847557/ISIC_4117941.jpg,3,2,3,3,3
inference_data/milk10k/MILK10k_Training_Input/IL_6847557/ISIC_4548708.jpg,1,1,1,1,1
inference_data/milk10k/MILK10k_Training_Input/IL_6847653/ISIC_0661387.jpg,3,3,3,4,3
inference_data/milk10k/MILK10k_Training_Input/IL_6847653/ISIC_3938095.jpg,2,2,2,2,2
inference_data/milk10k/MILK10k_Training_Input/IL_6849118/ISIC_0230992.jpg,2,2,2,3,2
inference_data/milk10k/MILK10k_Training_Input/IL_6849118/ISIC_8257388.jpg,1,1,1,2,2
inference_data/milk10k/MILK10k_Training_Input/IL_6850540/ISIC_3072984.jpg,3,3,3,3,3
inference_data/milk10k/MILK10k_Training_Input/IL_6850540/ISIC_1992710.jpg,1,1,1,1,2
inference_data/milk10k/MILK10k_Training_Input/IL_6852784/ISIC_3535393.jpg,2,2,2,3,2
inference_data/milk10k/MILK10k_Training_Input/IL_6852784/ISIC_8984180.jpg,1,1,1,1,2
inference_data/milk10k/MILK10k_Training_Input/IL_6853458/ISIC_4821829.jpg,2,2,2,2,2
inference_data/milk10k/MILK10k_Training_Input/IL_6853458/ISIC_4490552.jpg,2,2,2,2,2
inference_data/milk10k/MILK10k_Training_Input/IL_6853764/ISIC_4460423.jpg,2,2,2,2,2
inference_data/milk10k/MILK10k_Training_Input/IL_6853764/ISIC_5242239.jpg,2,2,2,2,2
inference_data/milk10k/MILK10k_Training_Input/IL_6860509/ISIC_0635424.jpg,2,2,1,1,2
inference_data/milk10k/MILK10k_Training_Input/IL_6860509/ISIC_3587898.jpg,1,1,1,1,1
inference_data/milk10k/MILK10k_Training_Input/IL_6862607/ISIC_8044922.jpg,3,2,3,3,3
inference_data/milk10k/MILK10k_Training_Input/IL_6862607/ISIC_7143359.jpg,1,1,1,1,1
inference_data/milk10k/MILK10k_Training_Input/IL_6863139/ISIC_6756079.jpg,3,2,3,3,3
inference_data/milk10k/MILK10k_Training_Input/IL_6863139/ISIC_0770132.jpg,1,1,1,1,2
inference_data/milk10k/MILK10k_Training_Input/IL_6865850/ISIC_8921737.jpg,2,1,2,2,2
inference_data/milk10k/MILK10k_Training_Input/IL_6865850/ISIC_6389514.jpg,2,2,2,2,2
inference_data/milk10k/MILK10k_Training_Input/IL_6867211/ISIC_2659768.jpg,2,2,1,2,2
inference_data/milk10k/MILK10k_Training_Input/IL_6867211/ISIC_6444211.jpg,1,1,1,1,1
inference_data/milk10k/MILK10k_Training_Input/IL_6868637/ISIC_5904770.jpg,2,2,2,2,2
inference_data/milk10k/MILK10k_Training_Input/IL_6868637/ISIC_8274052.jpg,1,1,1,1,1
inference_data/milk10k/MILK10k_Training_Input/IL_6869608/ISIC_9172622.jpg,2,2,2,2,2
inference_data/milk10k/MILK10k_Training_Input/IL_6869608/ISIC_0628522.jpg,1,1,1,1,1
inference_data/milk10k/MILK10k_Training_Input/IL_6873122/ISIC_4082323.jpg,1,2,1,1,1
inference_data/milk10k/MILK10k_Training_Input/IL_6873122/ISIC_7451740.jpg,1,1,0,1,1
inference_data/milk10k/MILK10k_Training_Input/IL_6877500/ISIC_8853941.jpg,2,1,1,2,2
inference_data/milk10k/MILK10k_Training_Input/IL_6877500/ISIC_8072870.jpg,2,2,2,2,2
inference_data/milk10k/MILK10k_Training_Input/IL_6877594/ISIC_6786577.jpg,2,2,2,2,2
inference_data/milk10k/MILK10k_Training_Input/IL_6877594/ISIC_9179884.jpg,3,3,3,3,3
inference_data/milk10k/MILK10k_Training_Input/IL_6879944/ISIC_8256652.jpg,1,1,1,1,1
inference_data/milk10k/MILK10k_Training_Input/IL_6879944/ISIC_6645684.jpg,2,1,2,2,2
inference_data/milk10k/MILK10k_Training_Input/IL_6881549/ISIC_9586593.jpg,3,3,3,3,3
inference_data/milk10k/MILK10k_Training_Input/IL_6881549/ISIC_4444976.jpg,1,1,1,1,1
inference_data/milk10k/MILK10k_Training_Input/IL_6887782/ISIC_3636477.jpg,2,2,2,2,2
inference_data/milk10k/MILK10k_Training_Input/IL_6887782/ISIC_6801081.jpg,1,2,1,1,1
inference_data/milk10k/MILK10k_Training_Input/IL_6888709/ISIC_1364908.jpg,2,3,2,3,2
inference_data/milk10k/MILK10k_Training_Input/IL_6888709/ISIC_2627340.jpg,1,1,1,1,1
inference_data/milk10k/MILK10k_Training_Input/IL_6889294/ISIC_1249178.jpg,2,2,2,3,2
inference_data/milk10k/MILK10k_Training_Input/IL_6889294/ISIC_6773668.jpg,1,1,1,1,1
inference_data/milk10k/MILK10k_Training_Input/IL_6890613/ISIC_7648987.jpg,2,2,2,2,2
inference_data/milk10k/MILK10k_Training_Input/IL_6890613/ISIC_1217127.jpg,1,1,1,1,1
inference_data/milk10k/MILK10k_Training_Input/IL_6891715/ISIC_0441765.jpg,2,2,2,2,2
inference_data/milk10k/MILK10k_Training_Input/IL_6891715/ISIC_4316947.jpg,2,2,1,2,2
inference_data/milk10k/MILK10k_Training_Input/IL_6893390/ISIC_5688333.jpg,2,2,2,2,2
inference_data/milk10k/MILK10k_Training_Input/IL_6893390/ISIC_9845346.jpg,2,2,1,1,2
inference_data/milk10k/MILK10k_Training_Input/IL_6893895/ISIC_7395651.jpg,2,2,2,2,2
inference_data/milk10k/MILK10k_Training_Input/IL_6893895/ISIC_4042132.jpg,2,2,1,2,2
inference_data/milk10k/MILK10k_Training_Input/IL_6897591/ISIC_9309251.jpg,2,2,2,2,2
inference_data/milk10k/MILK10k_Training_Input/IL_6897591/ISIC_0783408.jpg,1,1,1,1,1
inference_data/milk10k/MILK10k_Training_Input/IL_6900005/ISIC_2736440.jpg,2,2,2,2,2
inference_data/milk10k/MILK10k_Training_Input/IL_6900005/ISIC_1424240.jpg,2,2,1,1,2
inference_data/milk10k/MILK10k_Training_Input/IL_6901137/ISIC_6412771.jpg,3,2,3,3,3
inference_data/milk10k/MILK10k_Training_Input/IL_6901137/ISIC_7105831.jpg,1,1,1,1,1
inference_data/milk10k/MILK10k_Training_Input/IL_6904251/ISIC_0637039.jpg,3,3,3,4,3
inference_data/milk10k/MILK10k_Training_Input/IL_6904251/ISIC_3667052.jpg,2,2,1,1,2
inference_data/milk10k/MILK10k_Training_Input/IL_6907035/ISIC_6194754.jpg,2,2,2,2,2
inference_data/milk10k/MILK10k_Training_Input/IL_6907035/ISIC_2039556.jpg,2,2,2,2,2
inference_data/milk10k/MILK10k_Training_Input/IL_6907846/ISIC_0365517.jpg,3,2,3,3,3
inference_data/milk10k/MILK10k_Training_Input/IL_6907846/ISIC_4876540.jpg,2,2,2,2,2
inference_data/milk10k/MILK10k_Training_Input/IL_6910887/ISIC_0497671.jpg,2,2,2,2,2
inference_data/milk10k/MILK10k_Training_Input/IL_6910887/ISIC_8657483.jpg,2,2,2,2,2
inference_data/milk10k/MILK10k_Training_Input/IL_6914353/ISIC_2648102.jpg,4,3,4,4,3
inference_data/milk10k/MILK10k_Training_Input/IL_6914353/ISIC_5013822.jpg,2,2,1,2,2
inference_data/milk10k/MILK10k_Training_Input/IL_6916787/ISIC_4113126.jpg,3,3,4,4,3
inference_data/milk10k/MILK10k_Training_Input/IL_6916787/ISIC_2710427.jpg,1,2,1,1,1
inference_data/milk10k/MILK10k_Training_Input/IL_6918825/ISIC_7466654.jpg,2,2,1,1,2
inference_data/milk10k/MILK10k_Training_Input/IL_6918825/ISIC_0308676.jpg,1,1,1,1,1
inference_data/milk10k/MILK10k_Training_Input/IL_6920562/ISIC_2909896.jpg,3,3,3,3,3
inference_data/milk10k/MILK10k_Training_Input/IL_6920562/ISIC_8759947.jpg,2,2,2,2,2
inference_data/milk10k/MILK10k_Training_Input/IL_6921234/ISIC_6112946.jpg,2,2,2,2,2
inference_data/milk10k/MILK10k_Training_Input/IL_6921234/ISIC_5977103.jpg,2,2,2,3,2
inference_data/milk10k/MILK10k_Training_Input/IL_6921814/ISIC_3645026.jpg,2,2,2,2,2
inference_data/milk10k/MILK10k_Training_Input/IL_6921814/ISIC_0939581.jpg,1,2,1,1,1
inference_data/milk10k/MILK10k_Training_Input/IL_6922157/ISIC_7718433.jpg,3,2,3,3,3
inference_data/milk10k/MILK10k_Training_Input/IL_6922157/ISIC_5787999.jpg,1,1,1,1,2
inference_data/milk10k/MILK10k_Training_Input/IL_6923101/ISIC_3830802.jpg,4,4,4,4,4
inference_data/milk10k/MILK10k_Training_Input/IL_6923101/ISIC_6045266.jpg,1,1,0,1,1
inference_data/milk10k/MILK10k_Training_Input/IL_6926663/ISIC_1293046.jpg,3,3,3,3,3
inference_data/milk10k/MILK10k_Training_Input/IL_6926663/ISIC_6545015.jpg,1,1,1,1,1
inference_data/milk10k/MILK10k_Training_Input/IL_6931875/ISIC_1141942.jpg,1,1,1,1,1
inference_data/milk10k/MILK10k_Training_Input/IL_6931875/ISIC_0386589.jpg,1,1,1,1,1
inference_data/milk10k/MILK10k_Training_Input/IL_6934051/ISIC_9339729.jpg,2,2,2,3,2
inference_data/milk10k/MILK10k_Training_Input/IL_6934051/ISIC_7806895.jpg,2,2,1,2,2
inference_data/milk10k/MILK10k_Training_Input/IL_6935621/ISIC_6303646.jpg,2,2,2,2,2
inference_data/milk10k/MILK10k_Training_Input/IL_6935621/ISIC_5419605.jpg,2,1,1,2,2
inference_data/milk10k/MILK10k_Training_Input/IL_6938296/ISIC_5163313.jpg,1,1,1,1,1
inference_data/milk10k/MILK10k_Training_Input/IL_6938296/ISIC_8532508.jpg,0,1,0,0,1
inference_data/milk10k/MILK10k_Training_Input/IL_6940421/ISIC_7241087.jpg,2,2,1,2,1
inference_data/milk10k/MILK10k_Training_Input/IL_6940421/ISIC_2952204.jpg,1,1,1,1,1
inference_data/milk10k/MILK10k_Training_Input/IL_6942277/ISIC_5842417.jpg,2,2,2,3,2
inference_data/milk10k/MILK10k_Training_Input/IL_6942277/ISIC_9255841.jpg,1,1,1,1,2
inference_data/milk10k/MILK10k_Training_Input/IL_6943395/ISIC_2538950.jpg,1,1,1,2,1
inference_data/milk10k/MILK10k_Training_Input/IL_6943395/ISIC_7507040.jpg,1,1,0,1,1
inference_data/milk10k/MILK10k_Training_Input/IL_6943696/ISIC_7096753.jpg,1,1,1,1,1
inference_data/milk10k/MILK10k_Training_Input/IL_6943696/ISIC_3511086.jpg,1,2,1,1,1
inference_data/milk10k/MILK10k_Training_Input/IL_6944538/ISIC_9261289.jpg,2,2,2,2,2
inference_data/milk10k/MILK10k_Training_Input/IL_6944538/ISIC_3799041.jpg,1,1,1,1,2
inference_data/milk10k/MILK10k_Training_Input/IL_6946441/ISIC_3761563.jpg,2,2,1,2,2
inference_data/milk10k/MILK10k_Training_Input/IL_6946441/ISIC_9329600.jpg,1,1,1,1,1
inference_data/milk10k/MILK10k_Training_Input/IL_6947198/ISIC_2608904.jpg,2,2,2,2,2
inference_data/milk10k/MILK10k_Training_Input/IL_6947198/ISIC_6875407.jpg,2,2,2,2,2
inference_data/milk10k/MILK10k_Training_Input/IL_6947307/ISIC_5212180.jpg,2,2,2,2,2
inference_data/milk10k/MILK10k_Training_Input/IL_6947307/ISIC_7501825.jpg,1,1,1,1,1
inference_data/milk10k/MILK10k_Training_Input/IL_6950082/ISIC_5353872.jpg,3,2,3,3,3
inference_data/milk10k/MILK10k_Training_Input/IL_6950082/ISIC_8668491.jpg,2,1,1,2,2
inference_data/milk10k/MILK10k_Training_Input/IL_6950574/ISIC_3043432.jpg,4,3,4,4,3
inference_data/milk10k/MILK10k_Training_Input/IL_6950574/ISIC_5310585.jpg,2,2,2,2,2
inference_data/milk10k/MILK10k_Training_Input/IL_6952283/ISIC_1868456.jpg,2,2,3,3,2
inference_data/milk10k/MILK10k_Training_Input/IL_6952283/ISIC_6759359.jpg,1,1,1,1,1
inference_data/milk10k/MILK10k_Training_Input/IL_6953253/ISIC_5282437.jpg,4,3,4,4,3
inference_data/milk10k/MILK10k_Training_Input/IL_6953253/ISIC_2122704.jpg,1,1,1,1,1
inference_data/milk10k/MILK10k_Training_Input/IL_6954282/ISIC_6595206.jpg,3,2,3,3,3
inference_data/milk10k/MILK10k_Training_Input/IL_6954282/ISIC_2035169.jpg,2,2,2,2,2
inference_data/milk10k/MILK10k_Training_Input/IL_6955894/ISIC_8326686.jpg,2,2,2,2,2
inference_data/milk10k/MILK10k_Training_Input/IL_6955894/ISIC_2336235.jpg,2,2,1,1,2
inference_data/milk10k/MILK10k_Training_Input/IL_6955950/ISIC_4441956.jpg,2,2,2,2,2
inference_data/milk10k/MILK10k_Training_Input/IL_6955950/ISIC_2731701.jpg,1,1,1,1,1
inference_data/milk10k/MILK10k_Training_Input/IL_6960759/ISIC_8596125.jpg,1,1,1,1,1
inference_data/milk10k/MILK10k_Training_Input/IL_6960759/ISIC_7053064.jpg,1,1,1,1,1
inference_data/milk10k/MILK10k_Training_Input/IL_6962056/ISIC_9264413.jpg,2,2,2,2,2
inference_data/milk10k/MILK10k_Training_Input/IL_6962056/ISIC_8934759.jpg,2,2,2,3,2
inference_data/milk10k/MILK10k_Training_Input/IL_6962518/ISIC_6419369.jpg,2,2,2,2,2
inference_data/milk10k/MILK10k_Training_Input/IL_6962518/ISIC_1375994.jpg,1,1,1,1,1
inference_data/milk10k/MILK10k_Training_Input/IL_6962525/ISIC_7764869.jpg,3,2,3,3,3
inference_data/milk10k/MILK10k_Training_Input/IL_6962525/ISIC_9399586.jpg,1,1,1,1,1
inference_data/milk10k/MILK10k_Training_Input/IL_6964615/ISIC_2458155.jpg,2,2,1,1,2
inference_data/milk10k/MILK10k_Training_Input/IL_6964615/ISIC_4146633.jpg,1,1,1,1,1
inference_data/milk10k/MILK10k_Training_Input/IL_6967466/ISIC_5031508.jpg,3,3,3,3,2
inference_data/milk10k/MILK10k_Training_Input/IL_6967466/ISIC_8058034.jpg,2,2,1,1,2
inference_data/milk10k/MILK10k_Training_Input/IL_6968028/ISIC_8698202.jpg,3,2,3,3,2
inference_data/milk10k/MILK10k_Training_Input/IL_6968028/ISIC_6843700.jpg,1,1,1,1,1
inference_data/milk10k/MILK10k_Training_Input/IL_6970769/ISIC_2835239.jpg,2,2,2,2,2
inference_data/milk10k/MILK10k_Training_Input/IL_6970769/ISIC_9490027.jpg,1,1,1,1,1
inference_data/milk10k/MILK10k_Training_Input/IL_6970839/ISIC_6966608.jpg,2,2,2,2,2
inference_data/milk10k/MILK10k_Training_Input/IL_6970839/ISIC_7308323.jpg,2,2,2,2,2
inference_data/milk10k/MILK10k_Training_Input/IL_6971040/ISIC_0965611.jpg,1,1,1,1,1
inference_data/milk10k/MILK10k_Training_Input/IL_6971040/ISIC_5953259.jpg,1,1,0,1,1
inference_data/milk10k/MILK10k_Training_Input/IL_6972994/ISIC_2771215.jpg,3,3,3,3,3
inference_data/milk10k/MILK10k_Training_Input/IL_6972994/ISIC_9594263.jpg,2,2,1,1,1
inference_data/milk10k/MILK10k_Training_Input/IL_6975771/ISIC_0988479.jpg,2,2,1,2,2
inference_data/milk10k/MILK10k_Training_Input/IL_6975771/ISIC_7188767.jpg,1,1,1,1,1
inference_data/milk10k/MILK10k_Training_Input/IL_6976997/ISIC_8898114.jpg,3,3,3,3,3
inference_data/milk10k/MILK10k_Training_Input/IL_6976997/ISIC_8789412.jpg,2,2,2,2,2
inference_data/milk10k/MILK10k_Training_Input/IL_6980799/ISIC_5663141.jpg,1,1,1,2,1
inference_data/milk10k/MILK10k_Training_Input/IL_6980799/ISIC_3869672.jpg,1,1,1,1,1
inference_data/milk10k/MILK10k_Training_Input/IL_6981677/ISIC_2070258.jpg,3,3,3,3,3
inference_data/milk10k/MILK10k_Training_Input/IL_6981677/ISIC_9566721.jpg,2,2,1,2,2
inference_data/milk10k/MILK10k_Training_Input/IL_6982257/ISIC_2313224.jpg,3,3,3,3,3
inference_data/milk10k/MILK10k_Training_Input/IL_6982257/ISIC_7889425.jpg,2,2,2,2,2
inference_data/milk10k/MILK10k_Training_Input/IL_6983089/ISIC_8895392.jpg,3,2,3,3,3
inference_data/milk10k/MILK10k_Training_Input/IL_6983089/ISIC_8260085.jpg,1,1,1,1,1
inference_data/milk10k/MILK10k_Training_Input/IL_6985784/ISIC_7495478.jpg,2,2,2,2,2
inference_data/milk10k/MILK10k_Training_Input/IL_6985784/ISIC_9814156.jpg,1,2,1,1,2
inference_data/milk10k/MILK10k_Training_Input/IL_6987623/ISIC_4222832.jpg,2,2,2,2,2
inference_data/milk10k/MILK10k_Training_Input/IL_6987623/ISIC_5348732.jpg,3,2,3,3,2
inference_data/milk10k/MILK10k_Training_Input/IL_6994946/ISIC_7905939.jpg,2,2,1,2,2
inference_data/milk10k/MILK10k_Training_Input/IL_6994946/ISIC_1099345.jpg,1,1,1,1,1
inference_data/milk10k/MILK10k_Training_Input/IL_6995611/ISIC_9690596.jpg,2,2,2,3,2
inference_data/milk10k/MILK10k_Training_Input/IL_6995611/ISIC_7126369.jpg,2,1,1,1,2
inference_data/milk10k/MILK10k_Training_Input/IL_6995800/ISIC_9460306.jpg,2,2,2,2,2
inference_data/milk10k/MILK10k_Training_Input/IL_6995800/ISIC_2821063.jpg,1,1,1,1,2
inference_data/milk10k/MILK10k_Training_Input/IL_7001999/ISIC_2012204.jpg,2,1,1,2,1
inference_data/milk10k/MILK10k_Training_Input/IL_7001999/ISIC_5398617.jpg,1,1,1,1,1
inference_data/milk10k/MILK10k_Training_Input/IL_7002218/ISIC_1858857.jpg,2,2,2,2,2
inference_data/milk10k/MILK10k_Training_Input/IL_7002218/ISIC_7101608.jpg,1,1,1,1,1
inference_data/milk10k/MILK10k_Training_Input/IL_7009317/ISIC_8172746.jpg,3,2,3,3,2
inference_data/milk10k/MILK10k_Training_Input/IL_7009317/ISIC_6550575.jpg,1,1,1,1,1
inference_data/milk10k/MILK10k_Training_Input/IL_7010716/ISIC_6720121.jpg,2,2,2,2,2
inference_data/milk10k/MILK10k_Training_Input/IL_7010716/ISIC_5272574.jpg,1,1,1,1,1
inference_data/milk10k/MILK10k_Training_Input/IL_7018812/ISIC_5138739.jpg,3,3,3,3,3
inference_data/milk10k/MILK10k_Training_Input/IL_7018812/ISIC_4604978.jpg,2,2,2,2,2
inference_data/milk10k/MILK10k_Training_Input/IL_7020464/ISIC_5398729.jpg,3,3,3,3,3
inference_data/milk10k/MILK10k_Training_Input/IL_7020464/ISIC_5978873.jpg,2,2,1,2,2
inference_data/milk10k/MILK10k_Training_Input/IL_7021252/ISIC_2260553.jpg,2,2,2,2,2
inference_data/milk10k/MILK10k_Training_Input/IL_7021252/ISIC_9333834.jpg,2,2,1,2,2
inference_data/milk10k/MILK10k_Training_Input/IL_7023343/ISIC_7044269.jpg,3,2,3,3,3
inference_data/milk10k/MILK10k_Training_Input/IL_7023343/ISIC_7798660.jpg,2,2,2,2,2
inference_data/milk10k/MILK10k_Training_Input/IL_7023776/ISIC_8224925.jpg,3,3,3,3,3
inference_data/milk10k/MILK10k_Training_Input/IL_7023776/ISIC_0303344.jpg,2,2,1,2,2
inference_data/milk10k/MILK10k_Training_Input/IL_7025715/ISIC_8375920.jpg,2,2,2,3,2
inference_data/milk10k/MILK10k_Training_Input/IL_7025715/ISIC_4891974.jpg,1,1,1,1,1
inference_data/milk10k/MILK10k_Training_Input/IL_7034228/ISIC_3782737.jpg,1,1,1,1,1
inference_data/milk10k/MILK10k_Training_Input/IL_7034228/ISIC_5980977.jpg,1,1,1,1,1
inference_data/milk10k/MILK10k_Training_Input/IL_7034758/ISIC_4860957.jpg,2,2,2,2,2
inference_data/milk10k/MILK10k_Training_Input/IL_7034758/ISIC_6314287.jpg,2,2,1,2,2
inference_data/milk10k/MILK10k_Training_Input/IL_7037144/ISIC_5908271.jpg,2,1,2,2,2
inference_data/milk10k/MILK10k_Training_Input/IL_7037144/ISIC_0796884.jpg,1,1,1,1,2
inference_data/milk10k/MILK10k_Training_Input/IL_7041328/ISIC_4718280.jpg,3,3,3,3,3
inference_data/milk10k/MILK10k_Training_Input/IL_7041328/ISIC_3023055.jpg,2,2,2,3,2
inference_data/milk10k/MILK10k_Training_Input/IL_7047069/ISIC_9802702.jpg,3,3,3,3,3
inference_data/milk10k/MILK10k_Training_Input/IL_7047069/ISIC_1252883.jpg,1,1,1,1,1
inference_data/milk10k/MILK10k_Training_Input/IL_7048697/ISIC_5390171.jpg,2,2,1,2,2
inference_data/milk10k/MILK10k_Training_Input/IL_7048697/ISIC_2516006.jpg,1,2,1,1,1
inference_data/milk10k/MILK10k_Training_Input/IL_7050947/ISIC_9208623.jpg,3,3,3,4,3
inference_data/milk10k/MILK10k_Training_Input/IL_7050947/ISIC_6757914.jpg,1,1,1,1,1
inference_data/milk10k/MILK10k_Training_Input/IL_7052424/ISIC_2611411.jpg,3,3,3,3,3
inference_data/milk10k/MILK10k_Training_Input/IL_7052424/ISIC_1460132.jpg,2,2,1,1,1
inference_data/milk10k/MILK10k_Training_Input/IL_7059623/ISIC_8349907.jpg,1,1,1,2,1
inference_data/milk10k/MILK10k_Training_Input/IL_7059623/ISIC_9153724.jpg,1,1,0,1,1
inference_data/milk10k/MILK10k_Training_Input/IL_7060630/ISIC_2426618.jpg,2,2,3,2,2
inference_data/milk10k/MILK10k_Training_Input/IL_7060630/ISIC_1917329.jpg,3,3,3,3,3
inference_data/milk10k/MILK10k_Training_Input/IL_7061463/ISIC_9909995.jpg,2,2,2,2,2
inference_data/milk10k/MILK10k_Training_Input/IL_7061463/ISIC_9232753.jpg,2,1,1,2,2
inference_data/milk10k/MILK10k_Training_Input/IL_7062666/ISIC_9933283.jpg,3,3,3,3,3
inference_data/milk10k/MILK10k_Training_Input/IL_7062666/ISIC_7588660.jpg,2,2,2,2,2
inference_data/milk10k/MILK10k_Training_Input/IL_7063855/ISIC_1936960.jpg,2,2,2,2,2
inference_data/milk10k/MILK10k_Training_Input/IL_7063855/ISIC_2323901.jpg,2,2,1,2,2
inference_data/milk10k/MILK10k_Training_Input/IL_7064564/ISIC_6932479.jpg,1,1,1,1,1
inference_data/milk10k/MILK10k_Training_Input/IL_7064564/ISIC_8240527.jpg,1,1,1,1,1
inference_data/milk10k/MILK10k_Training_Input/IL_7068236/ISIC_8932910.jpg,2,2,2,2,2
inference_data/milk10k/MILK10k_Training_Input/IL_7068236/ISIC_2272478.jpg,2,2,2,2,2
inference_data/milk10k/MILK10k_Training_Input/IL_7070259/ISIC_1577177.jpg,2,2,2,2,2
inference_data/milk10k/MILK10k_Training_Input/IL_7070259/ISIC_1329019.jpg,2,2,1,2,2
inference_data/milk10k/MILK10k_Training_Input/IL_7071169/ISIC_2062545.jpg,2,2,2,2,2
inference_data/milk10k/MILK10k_Training_Input/IL_7071169/ISIC_3513821.jpg,2,2,2,2,2
inference_data/milk10k/MILK10k_Training_Input/IL_7072256/ISIC_2114322.jpg,2,2,2,2,2
inference_data/milk10k/MILK10k_Training_Input/IL_7072256/ISIC_4581129.jpg,1,1,1,1,1
inference_data/milk10k/MILK10k_Training_Input/IL_7074375/ISIC_7286255.jpg,3,2,3,3,2
inference_data/milk10k/MILK10k_Training_Input/IL_7074375/ISIC_4583761.jpg,1,1,1,1,1
inference_data/milk10k/MILK10k_Training_Input/IL_7075634/ISIC_7550843.jpg,2,2,2,2,2
inference_data/milk10k/MILK10k_Training_Input/IL_7075634/ISIC_5221340.jpg,3,3,2,2,3
inference_data/milk10k/MILK10k_Training_Input/IL_7077656/ISIC_9778028.jpg,2,2,1,1,2
inference_data/milk10k/MILK10k_Training_Input/IL_7077656/ISIC_8229493.jpg,2,1,1,2,2
inference_data/milk10k/MILK10k_Training_Input/IL_7084309/ISIC_8764700.jpg,2,2,2,3,2
inference_data/milk10k/MILK10k_Training_Input/IL_7084309/ISIC_6396169.jpg,1,1,1,1,1
inference_data/milk10k/MILK10k_Training_Input/IL_7085147/ISIC_0325053.jpg,2,2,2,2,2
inference_data/milk10k/MILK10k_Training_Input/IL_7085147/ISIC_8905603.jpg,1,1,1,1,1
inference_data/milk10k/MILK10k_Training_Input/IL_7085786/ISIC_5395930.jpg,2,2,2,2,2
inference_data/milk10k/MILK10k_Training_Input/IL_7085786/ISIC_0141332.jpg,3,2,2,3,3
inference_data/milk10k/MILK10k_Training_Input/IL_7092034/ISIC_5517639.jpg,2,2,2,2,2
inference_data/milk10k/MILK10k_Training_Input/IL_7092034/ISIC_5128796.jpg,2,1,2,2,2
inference_data/milk10k/MILK10k_Training_Input/IL_7093777/ISIC_9706184.jpg,3,3,3,3,3
inference_data/milk10k/MILK10k_Training_Input/IL_7093777/ISIC_6631462.jpg,2,2,2,2,2
inference_data/milk10k/MILK10k_Training_Input/IL_7096412/ISIC_0217174.jpg,3,3,3,3,3
inference_data/milk10k/MILK10k_Training_Input/IL_7096412/ISIC_0720537.jpg,1,1,1,1,1
inference_data/milk10k/MILK10k_Training_Input/IL_7099045/ISIC_7838099.jpg,2,2,2,2,2
inference_data/milk10k/MILK10k_Training_Input/IL_7099045/ISIC_7705901.jpg,2,2,2,2,2
inference_data/milk10k/MILK10k_Training_Input/IL_7101016/ISIC_9072692.jpg,1,1,1,2,1
inference_data/milk10k/MILK10k_Training_Input/IL_7101016/ISIC_5064090.jpg,1,1,1,1,1
inference_data/milk10k/MILK10k_Training_Input/IL_7103139/ISIC_0350911.jpg,2,1,2,2,1
inference_data/milk10k/MILK10k_Training_Input/IL_7103139/ISIC_9688192.jpg,1,2,1,1,1
inference_data/milk10k/MILK10k_Training_Input/IL_7103424/ISIC_2233726.jpg,3,2,3,3,2
inference_data/milk10k/MILK10k_Training_Input/IL_7103424/ISIC_4807163.jpg,2,2,2,2,2
inference_data/milk10k/MILK10k_Training_Input/IL_7108184/ISIC_0817963.jpg,3,3,3,3,3
inference_data/milk10k/MILK10k_Training_Input/IL_7108184/ISIC_6484938.jpg,2,2,1,1,2
inference_data/milk10k/MILK10k_Training_Input/IL_7110419/ISIC_5648712.jpg,4,4,4,4,4
inference_data/milk10k/MILK10k_Training_Input/IL_7110419/ISIC_4582043.jpg,2,2,2,2,2
inference_data/milk10k/MILK10k_Training_Input/IL_7110951/ISIC_5943733.jpg,2,2,2,2,2
inference_data/milk10k/MILK10k_Training_Input/IL_7110951/ISIC_5352626.jpg,1,1,1,1,1
inference_data/milk10k/MILK10k_Training_Input/IL_7113968/ISIC_4004241.jpg,3,2,2,3,2
inference_data/milk10k/MILK10k_Training_Input/IL_7113968/ISIC_4552842.jpg,2,2,2,2,2
inference_data/milk10k/MILK10k_Training_Input/IL_7115746/ISIC_3432469.jpg,2,2,2,3,2
inference_data/milk10k/MILK10k_Training_Input/IL_7115746/ISIC_2324920.jpg,2,2,2,2,2
inference_data/milk10k/MILK10k_Training_Input/IL_7117274/ISIC_0987929.jpg,3,3,3,3,3
inference_data/milk10k/MILK10k_Training_Input/IL_7117274/ISIC_0319894.jpg,2,2,2,2,2
inference_data/milk10k/MILK10k_Training_Input/IL_7117904/ISIC_2240444.jpg,3,3,3,3,3
inference_data/milk10k/MILK10k_Training_Input/IL_7117904/ISIC_8627295.jpg,1,1,1,1,2
inference_data/milk10k/MILK10k_Training_Input/IL_7119358/ISIC_6070696.jpg,3,3,3,3,3
inference_data/milk10k/MILK10k_Training_Input/IL_7119358/ISIC_4363100.jpg,2,2,2,2,2
inference_data/milk10k/MILK10k_Training_Input/IL_7124552/ISIC_5562574.jpg,3,2,2,3,2
inference_data/milk10k/MILK10k_Training_Input/IL_7124552/ISIC_1604088.jpg,1,1,0,1,1
inference_data/milk10k/MILK10k_Training_Input/IL_7126907/ISIC_2022573.jpg,2,2,2,2,2
inference_data/milk10k/MILK10k_Training_Input/IL_7126907/ISIC_3826563.jpg,2,1,2,2,2
inference_data/milk10k/MILK10k_Training_Input/IL_7127568/ISIC_5605119.jpg,2,2,2,2,2
inference_data/milk10k/MILK10k_Training_Input/IL_7127568/ISIC_3184893.jpg,1,1,1,1,1
inference_data/milk10k/MILK10k_Training_Input/IL_7130960/ISIC_3827392.jpg,2,2,2,2,2
inference_data/milk10k/MILK10k_Training_Input/IL_7130960/ISIC_7302180.jpg,1,2,1,1,2
inference_data/milk10k/MILK10k_Training_Input/IL_7131133/ISIC_1468532.jpg,1,2,1,2,1
inference_data/milk10k/MILK10k_Training_Input/IL_7131133/ISIC_7882504.jpg,1,1,1,1,1
inference_data/milk10k/MILK10k_Training_Input/IL_7133935/ISIC_3037740.jpg,2,1,2,2,2
inference_data/milk10k/MILK10k_Training_Input/IL_7133935/ISIC_0095743.jpg,1,1,1,1,1
inference_data/milk10k/MILK10k_Training_Input/IL_7135513/ISIC_8878792.jpg,2,2,2,2,2
inference_data/milk10k/MILK10k_Training_Input/IL_7135513/ISIC_5217075.jpg,1,1,1,1,1
inference_data/milk10k/MILK10k_Training_Input/IL_7136184/ISIC_7821426.jpg,4,3,4,4,3
inference_data/milk10k/MILK10k_Training_Input/IL_7136184/ISIC_2604782.jpg,2,2,2,2,2
inference_data/milk10k/MILK10k_Training_Input/IL_7136276/ISIC_1157338.jpg,3,3,3,3,2
inference_data/milk10k/MILK10k_Training_Input/IL_7136276/ISIC_4222750.jpg,1,1,1,1,1
inference_data/milk10k/MILK10k_Training_Input/IL_7137624/ISIC_1119141.jpg,2,2,1,2,2
inference_data/milk10k/MILK10k_Training_Input/IL_7137624/ISIC_6932845.jpg,2,2,2,2,2
inference_data/milk10k/MILK10k_Training_Input/IL_7140483/ISIC_5425472.jpg,2,2,2,2,2
inference_data/milk10k/MILK10k_Training_Input/IL_7140483/ISIC_2880667.jpg,1,2,1,2,2
inference_data/milk10k/MILK10k_Training_Input/IL_7140493/ISIC_5855684.jpg,2,2,2,2,2
inference_data/milk10k/MILK10k_Training_Input/IL_7140493/ISIC_0761359.jpg,1,1,1,1,2
inference_data/milk10k/MILK10k_Training_Input/IL_7141559/ISIC_8078817.jpg,2,2,2,2,2
inference_data/milk10k/MILK10k_Training_Input/IL_7141559/ISIC_4881815.jpg,2,2,2,2,2
inference_data/milk10k/MILK10k_Training_Input/IL_7142205/ISIC_4892815.jpg,3,2,3,3,3
inference_data/milk10k/MILK10k_Training_Input/IL_7142205/ISIC_0769255.jpg,1,2,1,1,1
inference_data/milk10k/MILK10k_Training_Input/IL_7144691/ISIC_5992256.jpg,2,2,2,3,2
inference_data/milk10k/MILK10k_Training_Input/IL_7144691/ISIC_5901264.jpg,1,1,1,1,2
inference_data/milk10k/MILK10k_Training_Input/IL_7145393/ISIC_9562167.jpg,4,4,4,4,4
inference_data/milk10k/MILK10k_Training_Input/IL_7145393/ISIC_8815594.jpg,2,2,2,2,2
inference_data/milk10k/MILK10k_Training_Input/IL_7146228/ISIC_8283268.jpg,2,2,1,3,2
inference_data/milk10k/MILK10k_Training_Input/IL_7146228/ISIC_6454913.jpg,1,1,1,1,1
inference_data/milk10k/MILK10k_Training_Input/IL_7147534/ISIC_9820560.jpg,2,2,2,3,2
inference_data/milk10k/MILK10k_Training_Input/IL_7147534/ISIC_4536103.jpg,1,1,1,1,2
inference_data/milk10k/MILK10k_Training_Input/IL_7147688/ISIC_2617383.jpg,2,2,2,3,2
inference_data/milk10k/MILK10k_Training_Input/IL_7147688/ISIC_3009842.jpg,1,1,1,1,1
inference_data/milk10k/MILK10k_Training_Input/IL_7148705/ISIC_6966227.jpg,2,2,2,2,2
inference_data/milk10k/MILK10k_Training_Input/IL_7148705/ISIC_9477090.jpg,3,3,3,3,3
inference_data/milk10k/MILK10k_Training_Input/IL_7148774/ISIC_7138482.jpg,1,1,1,2,1
inference_data/milk10k/MILK10k_Training_Input/IL_7148774/ISIC_1344587.jpg,1,1,1,1,1
inference_data/milk10k/MILK10k_Training_Input/IL_7151010/ISIC_1784132.jpg,3,3,3,3,3
inference_data/milk10k/MILK10k_Training_Input/IL_7151010/ISIC_6959082.jpg,2,2,1,2,2
inference_data/milk10k/MILK10k_Training_Input/IL_7154137/ISIC_7645695.jpg,4,3,3,4,3
inference_data/milk10k/MILK10k_Training_Input/IL_7154137/ISIC_3203799.jpg,1,1,1,1,1
inference_data/milk10k/MILK10k_Training_Input/IL_7159942/ISIC_5519093.jpg,2,2,2,2,2
inference_data/milk10k/MILK10k_Training_Input/IL_7159942/ISIC_6550801.jpg,1,1,1,1,2
inference_data/milk10k/MILK10k_Training_Input/IL_7161164/ISIC_1621985.jpg,2,2,2,2,2
inference_data/milk10k/MILK10k_Training_Input/IL_7161164/ISIC_9473743.jpg,1,1,1,1,2
inference_data/milk10k/MILK10k_Training_Input/IL_7164412/ISIC_1934403.jpg,2,2,2,2,2
inference_data/milk10k/MILK10k_Training_Input/IL_7164412/ISIC_4982700.jpg,1,1,0,1,1
inference_data/milk10k/MILK10k_Training_Input/IL_7165616/ISIC_9730737.jpg,3,2,3,3,2
inference_data/milk10k/MILK10k_Training_Input/IL_7165616/ISIC_7356122.jpg,1,1,1,1,1
inference_data/milk10k/MILK10k_Training_Input/IL_7167860/ISIC_9312951.jpg,5,4,5,5,4
inference_data/milk10k/MILK10k_Training_Input/IL_7167860/ISIC_3602145.jpg,5,5,5,5,5
inference_data/milk10k/MILK10k_Training_Input/IL_7168178/ISIC_6503857.jpg,3,3,3,3,3
inference_data/milk10k/MILK10k_Training_Input/IL_7168178/ISIC_5597408.jpg,2,2,3,3,3
inference_data/milk10k/MILK10k_Training_Input/IL_7168991/ISIC_5871089.jpg,2,3,2,2,2
inference_data/milk10k/MILK10k_Training_Input/IL_7168991/ISIC_4597469.jpg,1,1,0,1,1
inference_data/milk10k/MILK10k_Training_Input/IL_7170892/ISIC_0148805.jpg,2,2,3,3,2
inference_data/milk10k/MILK10k_Training_Input/IL_7170892/ISIC_9218783.jpg,2,2,2,2,2
inference_data/milk10k/MILK10k_Training_Input/IL_7173541/ISIC_6449173.jpg,2,2,2,2,2
inference_data/milk10k/MILK10k_Training_Input/IL_7173541/ISIC_6272878.jpg,1,1,1,2,2
inference_data/milk10k/MILK10k_Training_Input/IL_7173573/ISIC_0989126.jpg,2,2,2,2,2
inference_data/milk10k/MILK10k_Training_Input/IL_7173573/ISIC_3362091.jpg,1,1,1,1,1
inference_data/milk10k/MILK10k_Training_Input/IL_7178513/ISIC_9798470.jpg,2,2,1,2,2
inference_data/milk10k/MILK10k_Training_Input/IL_7178513/ISIC_3042456.jpg,1,1,1,1,1
inference_data/milk10k/MILK10k_Training_Input/IL_7181510/ISIC_9318888.jpg,3,2,3,3,3
inference_data/milk10k/MILK10k_Training_Input/IL_7181510/ISIC_3774225.jpg,1,1,1,1,1
inference_data/milk10k/MILK10k_Training_Input/IL_7182568/ISIC_5753091.jpg,1,1,1,1,1
inference_data/milk10k/MILK10k_Training_Input/IL_7182568/ISIC_9688065.jpg,1,1,1,1,1
inference_data/milk10k/MILK10k_Training_Input/IL_7183355/ISIC_6934851.jpg,2,2,2,2,2
inference_data/milk10k/MILK10k_Training_Input/IL_7183355/ISIC_3520227.jpg,1,1,1,1,1
inference_data/milk10k/MILK10k_Training_Input/IL_7186549/ISIC_4494081.jpg,3,3,3,3,3
inference_data/milk10k/MILK10k_Training_Input/IL_7186549/ISIC_0197527.jpg,2,2,2,2,2
inference_data/milk10k/MILK10k_Training_Input/IL_7193768/ISIC_4491147.jpg,1,1,0,1,1
inference_data/milk10k/MILK10k_Training_Input/IL_7193768/ISIC_5767646.jpg,1,2,1,1,1
inference_data/milk10k/MILK10k_Training_Input/IL_7197131/ISIC_9728651.jpg,3,3,3,3,3
inference_data/milk10k/MILK10k_Training_Input/IL_7197131/ISIC_3346679.jpg,2,1,1,2,2
inference_data/milk10k/MILK10k_Training_Input/IL_7198144/ISIC_7957331.jpg,2,2,2,3,2
inference_data/milk10k/MILK10k_Training_Input/IL_7198144/ISIC_4080973.jpg,2,1,1,2,2
inference_data/milk10k/MILK10k_Training_Input/IL_7199069/ISIC_1386079.jpg,2,2,2,2,2
inference_data/milk10k/MILK10k_Training_Input/IL_7199069/ISIC_4051799.jpg,1,1,1,1,1
inference_data/milk10k/MILK10k_Training_Input/IL_7204368/ISIC_3727364.jpg,2,2,2,2,2
inference_data/milk10k/MILK10k_Training_Input/IL_7204368/ISIC_1984602.jpg,2,1,1,2,2
inference_data/milk10k/MILK10k_Training_Input/IL_7206184/ISIC_4135378.jpg,2,2,1,2,2
inference_data/milk10k/MILK10k_Training_Input/IL_7206184/ISIC_5056247.jpg,2,2,2,2,2
inference_data/milk10k/MILK10k_Training_Input/IL_7206391/ISIC_9660882.jpg,2,2,2,2,2
inference_data/milk10k/MILK10k_Training_Input/IL_7206391/ISIC_7668414.jpg,1,1,1,1,1
inference_data/milk10k/MILK10k_Training_Input/IL_7208264/ISIC_5317598.jpg,2,2,1,2,2
inference_data/milk10k/MILK10k_Training_Input/IL_7208264/ISIC_9686538.jpg,1,1,1,1,1
inference_data/milk10k/MILK10k_Training_Input/IL_7209123/ISIC_7247659.jpg,3,2,3,3,2
inference_data/milk10k/MILK10k_Training_Input/IL_7209123/ISIC_3527498.jpg,2,2,1,2,2
inference_data/milk10k/MILK10k_Training_Input/IL_7210800/ISIC_5706903.jpg,3,3,3,2,3
inference_data/milk10k/MILK10k_Training_Input/IL_7210800/ISIC_6048752.jpg,1,1,1,1,1
inference_data/milk10k/MILK10k_Training_Input/IL_7210952/ISIC_0855130.jpg,4,4,4,4,4
inference_data/milk10k/MILK10k_Training_Input/IL_7210952/ISIC_7116804.jpg,1,1,1,1,1
inference_data/milk10k/MILK10k_Training_Input/IL_7212919/ISIC_8556689.jpg,2,1,2,2,2
inference_data/milk10k/MILK10k_Training_Input/IL_7212919/ISIC_8344146.jpg,2,2,2,2,2
inference_data/milk10k/MILK10k_Training_Input/IL_7213317/ISIC_0963883.jpg,1,1,1,1,1
inference_data/milk10k/MILK10k_Training_Input/IL_7213317/ISIC_7332242.jpg,1,1,1,1,1
inference_data/milk10k/MILK10k_Training_Input/IL_7213774/ISIC_6481562.jpg,3,3,3,3,3
inference_data/milk10k/MILK10k_Training_Input/IL_7213774/ISIC_7858765.jpg,2,2,2,2,2
inference_data/milk10k/MILK10k_Training_Input/IL_7215009/ISIC_5719893.jpg,3,3,3,3,3
inference_data/milk10k/MILK10k_Training_Input/IL_7215009/ISIC_9419736.jpg,1,1,1,1,1
inference_data/milk10k/MILK10k_Training_Input/IL_7216182/ISIC_0185719.jpg,2,2,2,2,2
inference_data/milk10k/MILK10k_Training_Input/IL_7216182/ISIC_4482209.jpg,2,2,1,2,2
inference_data/milk10k/MILK10k_Training_Input/IL_7216660/ISIC_1424951.jpg,2,2,3,2,2
inference_data/milk10k/MILK10k_Training_Input/IL_7216660/ISIC_1430481.jpg,1,1,1,1,1
inference_data/milk10k/MILK10k_Training_Input/IL_7217453/ISIC_3672834.jpg,3,2,3,3,3
inference_data/milk10k/MILK10k_Training_Input/IL_7217453/ISIC_7391014.jpg,1,1,1,1,1
inference_data/milk10k/MILK10k_Training_Input/IL_7219424/ISIC_7632213.jpg,1,1,1,1,1
inference_data/milk10k/MILK10k_Training_Input/IL_7219424/ISIC_7793572.jpg,1,1,0,1,1
inference_data/milk10k/MILK10k_Training_Input/IL_7224392/ISIC_2414931.jpg,3,2,3,3,3
inference_data/milk10k/MILK10k_Training_Input/IL_7224392/ISIC_1182747.jpg,2,2,1,2,2
inference_data/milk10k/MILK10k_Training_Input/IL_7227279/ISIC_0831021.jpg,2,2,2,2,2
inference_data/milk10k/MILK10k_Training_Input/IL_7227279/ISIC_9824186.jpg,1,1,1,1,1
inference_data/milk10k/MILK10k_Training_Input/IL_7229080/ISIC_5110194.jpg,4,4,4,4,4
inference_data/milk10k/MILK10k_Training_Input/IL_7229080/ISIC_8508207.jpg,2,2,1,2,2
inference_data/milk10k/MILK10k_Training_Input/IL_7230035/ISIC_3288726.jpg,1,1,1,1,1
inference_data/milk10k/MILK10k_Training_Input/IL_7230035/ISIC_9546502.jpg,1,1,0,1,1
inference_data/milk10k/MILK10k_Training_Input/IL_7230788/ISIC_0286860.jpg,3,2,3,3,3
inference_data/milk10k/MILK10k_Training_Input/IL_7230788/ISIC_1954444.jpg,1,1,1,1,1
inference_data/milk10k/MILK10k_Training_Input/IL_7232316/ISIC_5301687.jpg,3,3,2,3,2
inference_data/milk10k/MILK10k_Training_Input/IL_7232316/ISIC_6366384.jpg,1,1,1,1,1
inference_data/milk10k/MILK10k_Training_Input/IL_7232351/ISIC_2230113.jpg,1,1,1,1,1
inference_data/milk10k/MILK10k_Training_Input/IL_7232351/ISIC_3022261.jpg,1,2,1,1,1
inference_data/milk10k/MILK10k_Training_Input/IL_7234452/ISIC_9219836.jpg,2,1,2,2,1
inference_data/milk10k/MILK10k_Training_Input/IL_7234452/ISIC_4889821.jpg,3,3,2,2,2
inference_data/milk10k/MILK10k_Training_Input/IL_7235681/ISIC_5494556.jpg,2,2,2,2,2
inference_data/milk10k/MILK10k_Training_Input/IL_7235681/ISIC_6212400.jpg,1,1,1,1,1
inference_data/milk10k/MILK10k_Training_Input/IL_7237834/ISIC_4158420.jpg,3,2,3,3,3
inference_data/milk10k/MILK10k_Training_Input/IL_7237834/ISIC_2857248.jpg,2,2,2,2,2
inference_data/milk10k/MILK10k_Training_Input/IL_7237859/ISIC_7202617.jpg,2,2,2,3,2
inference_data/milk10k/MILK10k_Training_Input/IL_7237859/ISIC_2918081.jpg,2,2,2,2,2
inference_data/milk10k/MILK10k_Training_Input/IL_7238711/ISIC_9568205.jpg,3,3,3,3,3
inference_data/milk10k/MILK10k_Training_Input/IL_7238711/ISIC_4853537.jpg,2,2,2,2,2
inference_data/milk10k/MILK10k_Training_Input/IL_7239273/ISIC_4138560.jpg,3,3,3,3,3
inference_data/milk10k/MILK10k_Training_Input/IL_7239273/ISIC_7788766.jpg,2,2,2,2,2
inference_data/milk10k/MILK10k_Training_Input/IL_7240190/ISIC_0863711.jpg,3,2,3,3,3
inference_data/milk10k/MILK10k_Training_Input/IL_7240190/ISIC_9447530.jpg,2,2,2,2,2
inference_data/milk10k/MILK10k_Training_Input/IL_7240345/ISIC_0127934.jpg,2,2,2,2,2
inference_data/milk10k/MILK10k_Training_Input/IL_7240345/ISIC_7973098.jpg,2,2,1,2,2
inference_data/milk10k/MILK10k_Training_Input/IL_7242208/ISIC_3252878.jpg,4,3,4,4,4
inference_data/milk10k/MILK10k_Training_Input/IL_7242208/ISIC_9526087.jpg,1,1,1,1,1
inference_data/milk10k/MILK10k_Training_Input/IL_7242669/ISIC_5280186.jpg,2,2,2,2,2
inference_data/milk10k/MILK10k_Training_Input/IL_7242669/ISIC_4204876.jpg,2,2,2,2,2
inference_data/milk10k/MILK10k_Training_Input/IL_7243389/ISIC_8884437.jpg,1,1,0,1,1
inference_data/milk10k/MILK10k_Training_Input/IL_7243389/ISIC_7615308.jpg,1,1,1,1,1
inference_data/milk10k/MILK10k_Training_Input/IL_7244140/ISIC_1644843.jpg,1,1,1,1,1
inference_data/milk10k/MILK10k_Training_Input/IL_7244140/ISIC_5207549.jpg,2,2,2,2,2
inference_data/milk10k/MILK10k_Training_Input/IL_7244270/ISIC_7032433.jpg,2,2,2,2,2
inference_data/milk10k/MILK10k_Training_Input/IL_7244270/ISIC_9774801.jpg,2,1,2,2,2
inference_data/milk10k/MILK10k_Training_Input/IL_7251492/ISIC_8458042.jpg,2,2,2,2,2
inference_data/milk10k/MILK10k_Training_Input/IL_7251492/ISIC_6600475.jpg,2,2,1,2,2
inference_data/milk10k/MILK10k_Training_Input/IL_7252139/ISIC_3159993.jpg,3,3,3,3,3
inference_data/milk10k/MILK10k_Training_Input/IL_7252139/ISIC_1607224.jpg,2,2,2,2,2
inference_data/milk10k/MILK10k_Training_Input/IL_7253119/ISIC_2447346.jpg,2,2,2,3,2
inference_data/milk10k/MILK10k_Training_Input/IL_7253119/ISIC_7383339.jpg,2,2,2,2,2
inference_data/milk10k/MILK10k_Training_Input/IL_7253924/ISIC_5967951.jpg,1,1,1,1,1
inference_data/milk10k/MILK10k_Training_Input/IL_7253924/ISIC_0746908.jpg,1,1,1,1,1
inference_data/milk10k/MILK10k_Training_Input/IL_7257166/ISIC_4109800.jpg,2,2,2,2,2
inference_data/milk10k/MILK10k_Training_Input/IL_7257166/ISIC_2628667.jpg,3,2,3,3,2
inference_data/milk10k/MILK10k_Training_Input/IL_7257549/ISIC_7479360.jpg,2,2,2,2,2
inference_data/milk10k/MILK10k_Training_Input/IL_7257549/ISIC_3888868.jpg,2,2,2,2,2
inference_data/milk10k/MILK10k_Training_Input/IL_7263910/ISIC_9973095.jpg,2,2,2,2,2
inference_data/milk10k/MILK10k_Training_Input/IL_7263910/ISIC_9428829.jpg,2,2,2,2,2
inference_data/milk10k/MILK10k_Training_Input/IL_7270407/ISIC_2006791.jpg,2,2,2,2,2
inference_data/milk10k/MILK10k_Training_Input/IL_7270407/ISIC_0143535.jpg,1,1,1,1,1
inference_data/milk10k/MILK10k_Training_Input/IL_7273243/ISIC_3974637.jpg,3,3,3,3,3
inference_data/milk10k/MILK10k_Training_Input/IL_7273243/ISIC_9287993.jpg,1,1,1,1,1
inference_data/milk10k/MILK10k_Training_Input/IL_7274856/ISIC_4171190.jpg,3,2,2,3,2
inference_data/milk10k/MILK10k_Training_Input/IL_7274856/ISIC_5027597.jpg,2,2,2,2,2
inference_data/milk10k/MILK10k_Training_Input/IL_7278606/ISIC_0307392.jpg,3,2,3,3,3
inference_data/milk10k/MILK10k_Training_Input/IL_7278606/ISIC_3395616.jpg,2,2,3,3,2
inference_data/milk10k/MILK10k_Training_Input/IL_7281878/ISIC_3642409.jpg,2,2,2,2,2
inference_data/milk10k/MILK10k_Training_Input/IL_7281878/ISIC_2866719.jpg,2,2,1,2,2
inference_data/milk10k/MILK10k_Training_Input/IL_7287548/ISIC_2767026.jpg,2,3,2,3,2
inference_data/milk10k/MILK10k_Training_Input/IL_7287548/ISIC_1477042.jpg,2,2,2,3,2
inference_data/milk10k/MILK10k_Training_Input/IL_7288279/ISIC_8531625.jpg,4,3,4,4,4
inference_data/milk10k/MILK10k_Training_Input/IL_7288279/ISIC_2062148.jpg,1,1,1,1,1
inference_data/milk10k/MILK10k_Training_Input/IL_7288845/ISIC_0798109.jpg,2,2,2,2,2
inference_data/milk10k/MILK10k_Training_Input/IL_7288845/ISIC_8551756.jpg,1,1,1,1,1
inference_data/milk10k/MILK10k_Training_Input/IL_7289099/ISIC_6724521.jpg,3,2,3,3,3
inference_data/milk10k/MILK10k_Training_Input/IL_7289099/ISIC_6254065.jpg,1,1,1,1,1
inference_data/milk10k/MILK10k_Training_Input/IL_7291887/ISIC_7616494.jpg,3,3,3,3,3
inference_data/milk10k/MILK10k_Training_Input/IL_7291887/ISIC_6315760.jpg,1,1,0,1,1
inference_data/milk10k/MILK10k_Training_Input/IL_7292405/ISIC_1801884.jpg,2,2,1,2,2
inference_data/milk10k/MILK10k_Training_Input/IL_7292405/ISIC_9145770.jpg,1,2,1,2,2
inference_data/milk10k/MILK10k_Training_Input/IL_7294235/ISIC_9522896.jpg,2,2,2,2,2
inference_data/milk10k/MILK10k_Training_Input/IL_7294235/ISIC_4427785.jpg,1,1,1,1,1
inference_data/milk10k/MILK10k_Training_Input/IL_7294930/ISIC_2664046.jpg,1,1,1,1,1
inference_data/milk10k/MILK10k_Training_Input/IL_7294930/ISIC_9611388.jpg,1,1,1,1,1
inference_data/milk10k/MILK10k_Training_Input/IL_7295306/ISIC_8375466.jpg,2,2,2,2,2
inference_data/milk10k/MILK10k_Training_Input/IL_7295306/ISIC_9543842.jpg,2,2,1,2,2
inference_data/milk10k/MILK10k_Training_Input/IL_7296591/ISIC_5967560.jpg,2,2,2,2,2
inference_data/milk10k/MILK10k_Training_Input/IL_7296591/ISIC_1207350.jpg,2,2,2,2,2
inference_data/milk10k/MILK10k_Training_Input/IL_7297013/ISIC_0557709.jpg,3,3,4,3,3
inference_data/milk10k/MILK10k_Training_Input/IL_7297013/ISIC_2793180.jpg,3,2,2,1,2
inference_data/milk10k/MILK10k_Training_Input/IL_7304734/ISIC_4689149.jpg,2,2,2,2,2
inference_data/milk10k/MILK10k_Training_Input/IL_7304734/ISIC_6044250.jpg,3,3,3,3,2
inference_data/milk10k/MILK10k_Training_Input/IL_7308703/ISIC_7865678.jpg,2,2,2,2,2
inference_data/milk10k/MILK10k_Training_Input/IL_7308703/ISIC_9136283.jpg,1,1,1,1,1
inference_data/milk10k/MILK10k_Training_Input/IL_7308979/ISIC_5291074.jpg,2,2,2,2,2
inference_data/milk10k/MILK10k_Training_Input/IL_7308979/ISIC_5636046.jpg,1,1,1,1,1
inference_data/milk10k/MILK10k_Training_Input/IL_7309398/ISIC_1559307.jpg,2,2,2,2,2
inference_data/milk10k/MILK10k_Training_Input/IL_7309398/ISIC_1537765.jpg,0,1,0,1,1
inference_data/milk10k/MILK10k_Training_Input/IL_7319157/ISIC_6679416.jpg,3,2,3,3,3
inference_data/milk10k/MILK10k_Training_Input/IL_7319157/ISIC_2020122.jpg,2,2,1,2,2
inference_data/milk10k/MILK10k_Training_Input/IL_7320172/ISIC_1359419.jpg,2,2,2,2,2
inference_data/milk10k/MILK10k_Training_Input/IL_7320172/ISIC_4282860.jpg,1,2,1,1,1
inference_data/milk10k/MILK10k_Training_Input/IL_7327250/ISIC_8684025.jpg,3,2,3,3,2
inference_data/milk10k/MILK10k_Training_Input/IL_7327250/ISIC_6079632.jpg,1,1,1,1,1
inference_data/milk10k/MILK10k_Training_Input/IL_7329436/ISIC_3250445.jpg,3,2,3,3,3
inference_data/milk10k/MILK10k_Training_Input/IL_7329436/ISIC_1106208.jpg,2,1,1,2,2
inference_data/milk10k/MILK10k_Training_Input/IL_7331550/ISIC_4520270.jpg,2,2,2,2,2
inference_data/milk10k/MILK10k_Training_Input/IL_7331550/ISIC_5335240.jpg,1,1,1,1,1
inference_data/milk10k/MILK10k_Training_Input/IL_7331633/ISIC_1869252.jpg,2,2,2,2,2
inference_data/milk10k/MILK10k_Training_Input/IL_7331633/ISIC_6119847.jpg,2,2,2,3,2
inference_data/milk10k/MILK10k_Training_Input/IL_7332620/ISIC_5083751.jpg,2,2,2,2,2
inference_data/milk10k/MILK10k_Training_Input/IL_7332620/ISIC_9263753.jpg,2,2,2,2,2
inference_data/milk10k/MILK10k_Training_Input/IL_7333819/ISIC_4987638.jpg,3,3,3,3,3
inference_data/milk10k/MILK10k_Training_Input/IL_7333819/ISIC_0444953.jpg,2,2,2,2,2
inference_data/milk10k/MILK10k_Training_Input/IL_7333978/ISIC_2972264.jpg,2,1,2,2,2
inference_data/milk10k/MILK10k_Training_Input/IL_7333978/ISIC_5602394.jpg,1,2,1,1,1
inference_data/milk10k/MILK10k_Training_Input/IL_7335735/ISIC_7747685.jpg,3,2,3,3,2
inference_data/milk10k/MILK10k_Training_Input/IL_7335735/ISIC_8776361.jpg,2,1,1,2,2
inference_data/milk10k/MILK10k_Training_Input/IL_7336042/ISIC_5775199.jpg,2,2,2,2,2
inference_data/milk10k/MILK10k_Training_Input/IL_7336042/ISIC_9594679.jpg,1,1,1,1,1
inference_data/milk10k/MILK10k_Training_Input/IL_7336420/ISIC_4987986.jpg,5,4,5,5,4
inference_data/milk10k/MILK10k_Training_Input/IL_7336420/ISIC_8718627.jpg,1,2,1,1,1
inference_data/milk10k/MILK10k_Training_Input/IL_7336538/ISIC_3610123.jpg,3,2,3,3,2
inference_data/milk10k/MILK10k_Training_Input/IL_7336538/ISIC_8483907.jpg,1,1,1,1,2
inference_data/milk10k/MILK10k_Training_Input/IL_7337481/ISIC_9559910.jpg,2,2,2,2,2
inference_data/milk10k/MILK10k_Training_Input/IL_7337481/ISIC_4565417.jpg,1,1,1,1,1
inference_data/milk10k/MILK10k_Training_Input/IL_7337548/ISIC_1389612.jpg,2,2,2,3,2
inference_data/milk10k/MILK10k_Training_Input/IL_7337548/ISIC_0529050.jpg,1,1,1,1,1
inference_data/milk10k/MILK10k_Training_Input/IL_7340279/ISIC_5406917.jpg,2,2,1,2,2
inference_data/milk10k/MILK10k_Training_Input/IL_7340279/ISIC_2199762.jpg,1,1,1,1,1
inference_data/milk10k/MILK10k_Training_Input/IL_7340563/ISIC_2110641.jpg,1,1,1,1,1
inference_data/milk10k/MILK10k_Training_Input/IL_7340563/ISIC_2759533.jpg,1,1,1,1,1
inference_data/milk10k/MILK10k_Training_Input/IL_7343687/ISIC_0391153.jpg,2,2,2,2,2
inference_data/milk10k/MILK10k_Training_Input/IL_7343687/ISIC_6508737.jpg,3,3,2,2,3
inference_data/milk10k/MILK10k_Training_Input/IL_7344766/ISIC_0859627.jpg,2,1,1,2,1
inference_data/milk10k/MILK10k_Training_Input/IL_7344766/ISIC_7921865.jpg,1,1,1,1,1
inference_data/milk10k/MILK10k_Training_Input/IL_7348200/ISIC_5058400.jpg,2,2,1,2,2
inference_data/milk10k/MILK10k_Training_Input/IL_7348200/ISIC_4591575.jpg,2,2,1,2,2
inference_data/milk10k/MILK10k_Training_Input/IL_7348404/ISIC_1950578.jpg,3,2,3,3,3
inference_data/milk10k/MILK10k_Training_Input/IL_7348404/ISIC_5274972.jpg,2,2,2,2,2
inference_data/milk10k/MILK10k_Training_Input/IL_7348450/ISIC_5676014.jpg,3,2,3,3,2
inference_data/milk10k/MILK10k_Training_Input/IL_7348450/ISIC_7227216.jpg,3,2,3,3,3
inference_data/milk10k/MILK10k_Training_Input/IL_7350361/ISIC_7730161.jpg,2,2,2,3,2
inference_data/milk10k/MILK10k_Training_Input/IL_7350361/ISIC_4218751.jpg,1,1,1,1,1
inference_data/milk10k/MILK10k_Training_Input/IL_7353062/ISIC_1711017.jpg,3,3,3,3,3
inference_data/milk10k/MILK10k_Training_Input/IL_7353062/ISIC_0738113.jpg,0,1,0,1,1
inference_data/milk10k/MILK10k_Training_Input/IL_7356109/ISIC_4894144.jpg,2,2,2,2,2
inference_data/milk10k/MILK10k_Training_Input/IL_7356109/ISIC_4977351.jpg,1,1,1,2,2
inference_data/milk10k/MILK10k_Training_Input/IL_7356292/ISIC_0829445.jpg,3,3,3,3,3
inference_data/milk10k/MILK10k_Training_Input/IL_7356292/ISIC_0153376.jpg,1,1,1,1,1
inference_data/milk10k/MILK10k_Training_Input/IL_7358979/ISIC_1958652.jpg,2,2,2,2,2
inference_data/milk10k/MILK10k_Training_Input/IL_7358979/ISIC_0951274.jpg,3,3,2,3,2
inference_data/milk10k/MILK10k_Training_Input/IL_7360885/ISIC_2998511.jpg,2,2,2,2,2
inference_data/milk10k/MILK10k_Training_Input/IL_7360885/ISIC_7742545.jpg,1,1,1,1,1
inference_data/milk10k/MILK10k_Training_Input/IL_7361065/ISIC_3640695.jpg,1,1,1,1,1
inference_data/milk10k/MILK10k_Training_Input/IL_7361065/ISIC_2288726.jpg,2,2,3,3,3
inference_data/milk10k/MILK10k_Training_Input/IL_7361410/ISIC_3716373.jpg,1,1,1,1,1
inference_data/milk10k/MILK10k_Training_Input/IL_7361410/ISIC_8361955.jpg,1,1,1,1,1
inference_data/milk10k/MILK10k_Training_Input/IL_7361836/ISIC_1391601.jpg,2,1,1,2,2
inference_data/milk10k/MILK10k_Training_Input/IL_7361836/ISIC_6755281.jpg,2,2,2,2,2
inference_data/milk10k/MILK10k_Training_Input/IL_7363229/ISIC_6706263.jpg,2,1,1,2,1
inference_data/milk10k/MILK10k_Training_Input/IL_7363229/ISIC_7517022.jpg,1,2,1,2,2
inference_data/milk10k/MILK10k_Training_Input/IL_7363364/ISIC_4958487.jpg,2,2,2,2,2
inference_data/milk10k/MILK10k_Training_Input/IL_7363364/ISIC_1597752.jpg,1,1,0,1,1
inference_data/milk10k/MILK10k_Training_Input/IL_7363444/ISIC_7775105.jpg,3,2,3,3,3
inference_data/milk10k/MILK10k_Training_Input/IL_7363444/ISIC_4662348.jpg,2,2,2,2,2
inference_data/milk10k/MILK10k_Training_Input/IL_7363602/ISIC_5804154.jpg,4,3,4,4,3
inference_data/milk10k/MILK10k_Training_Input/IL_7363602/ISIC_2282699.jpg,2,1,1,2,2
inference_data/milk10k/MILK10k_Training_Input/IL_7364791/ISIC_7745898.jpg,2,2,2,3,2
inference_data/milk10k/MILK10k_Training_Input/IL_7364791/ISIC_7760822.jpg,1,1,1,1,1
inference_data/milk10k/MILK10k_Training_Input/IL_7366789/ISIC_2340328.jpg,2,2,2,2,2
inference_data/milk10k/MILK10k_Training_Input/IL_7366789/ISIC_5151650.jpg,1,1,1,2,2
inference_data/milk10k/MILK10k_Training_Input/IL_7367397/ISIC_0629020.jpg,2,2,3,3,2
inference_data/milk10k/MILK10k_Training_Input/IL_7367397/ISIC_1124994.jpg,2,1,2,2,2
inference_data/milk10k/MILK10k_Training_Input/IL_7368324/ISIC_0966559.jpg,2,2,1,2,2
inference_data/milk10k/MILK10k_Training_Input/IL_7368324/ISIC_8391328.jpg,1,1,2,2,2
inference_data/milk10k/MILK10k_Training_Input/IL_7369841/ISIC_4560761.jpg,4,3,4,4,4
inference_data/milk10k/MILK10k_Training_Input/IL_7369841/ISIC_7978498.jpg,2,2,2,2,2
inference_data/milk10k/MILK10k_Training_Input/IL_7372717/ISIC_7767475.jpg,2,2,3,3,2
inference_data/milk10k/MILK10k_Training_Input/IL_7372717/ISIC_8352723.jpg,1,1,1,1,1
inference_data/milk10k/MILK10k_Training_Input/IL_7373612/ISIC_4564343.jpg,2,2,2,2,2
inference_data/milk10k/MILK10k_Training_Input/IL_7373612/ISIC_5434141.jpg,2,2,1,2,2
inference_data/milk10k/MILK10k_Training_Input/IL_7376173/ISIC_0169534.jpg,1,1,1,1,2
inference_data/milk10k/MILK10k_Training_Input/IL_7376173/ISIC_7716315.jpg,0,0,0,0,1
inference_data/milk10k/MILK10k_Training_Input/IL_7376850/ISIC_8478651.jpg,2,2,2,2,2
inference_data/milk10k/MILK10k_Training_Input/IL_7376850/ISIC_6248808.jpg,2,2,2,2,2
inference_data/milk10k/MILK10k_Training_Input/IL_7377156/ISIC_4424871.jpg,2,2,1,2,2
inference_data/milk10k/MILK10k_Training_Input/IL_7377156/ISIC_4859968.jpg,2,2,1,1,2
inference_data/milk10k/MILK10k_Training_Input/IL_7382399/ISIC_1415038.jpg,4,4,4,4,4
inference_data/milk10k/MILK10k_Training_Input/IL_7382399/ISIC_8566440.jpg,1,1,1,1,1
inference_data/milk10k/MILK10k_Training_Input/IL_7385795/ISIC_9210156.jpg,3,2,3,3,3
inference_data/milk10k/MILK10k_Training_Input/IL_7385795/ISIC_8825637.jpg,1,1,1,1,2
inference_data/milk10k/MILK10k_Training_Input/IL_7385851/ISIC_3100261.jpg,2,2,1,2,2
inference_data/milk10k/MILK10k_Training_Input/IL_7385851/ISIC_7326842.jpg,1,1,1,1,1
inference_data/milk10k/MILK10k_Training_Input/IL_7387291/ISIC_7789436.jpg,2,2,2,2,2
inference_data/milk10k/MILK10k_Training_Input/IL_7387291/ISIC_5788717.jpg,2,2,2,2,2
inference_data/milk10k/MILK10k_Training_Input/IL_7389782/ISIC_1245273.jpg,3,3,3,3,3
inference_data/milk10k/MILK10k_Training_Input/IL_7389782/ISIC_4158219.jpg,2,1,1,1,2
inference_data/milk10k/MILK10k_Training_Input/IL_7390451/ISIC_8745622.jpg,4,3,4,4,3
inference_data/milk10k/MILK10k_Training_Input/IL_7390451/ISIC_7372306.jpg,1,1,1,1,1
inference_data/milk10k/MILK10k_Training_Input/IL_7394402/ISIC_5759990.jpg,2,2,3,3,2
inference_data/milk10k/MILK10k_Training_Input/IL_7394402/ISIC_6664237.jpg,2,2,2,2,2
inference_data/milk10k/MILK10k_Training_Input/IL_7397211/ISIC_4888153.jpg,1,1,1,1,2
inference_data/milk10k/MILK10k_Training_Input/IL_7397211/ISIC_8734016.jpg,1,2,1,1,1
inference_data/milk10k/MILK10k_Training_Input/IL_7397466/ISIC_7626679.jpg,4,3,4,4,4
inference_data/milk10k/MILK10k_Training_Input/IL_7397466/ISIC_9759173.jpg,1,1,1,2,2
inference_data/milk10k/MILK10k_Training_Input/IL_7397642/ISIC_7472074.jpg,3,2,3,3,3
inference_data/milk10k/MILK10k_Training_Input/IL_7397642/ISIC_7623387.jpg,2,2,2,2,2
inference_data/milk10k/MILK10k_Training_Input/IL_7398845/ISIC_6901509.jpg,3,3,3,3,3
inference_data/milk10k/MILK10k_Training_Input/IL_7398845/ISIC_6074880.jpg,2,2,2,2,2
inference_data/milk10k/MILK10k_Training_Input/IL_7400064/ISIC_4635975.jpg,3,3,3,3,3
inference_data/milk10k/MILK10k_Training_Input/IL_7400064/ISIC_5149324.jpg,1,1,0,1,1
inference_data/milk10k/MILK10k_Training_Input/IL_7402046/ISIC_5763649.jpg,3,2,3,3,2
inference_data/milk10k/MILK10k_Training_Input/IL_7402046/ISIC_2611469.jpg,2,2,2,2,2
inference_data/milk10k/MILK10k_Training_Input/IL_7402183/ISIC_6939444.jpg,2,2,1,2,2
inference_data/milk10k/MILK10k_Training_Input/IL_7402183/ISIC_4626097.jpg,2,2,2,2,2
inference_data/milk10k/MILK10k_Training_Input/IL_7402756/ISIC_1506683.jpg,3,2,3,3,3
inference_data/milk10k/MILK10k_Training_Input/IL_7402756/ISIC_5469285.jpg,2,2,2,2,2
inference_data/milk10k/MILK10k_Training_Input/IL_7402808/ISIC_0327776.jpg,2,2,2,2,2
inference_data/milk10k/MILK10k_Training_Input/IL_7402808/ISIC_4581953.jpg,2,1,1,1,2
inference_data/milk10k/MILK10k_Training_Input/IL_7406040/ISIC_9127714.jpg,2,2,2,2,2
inference_data/milk10k/MILK10k_Training_Input/IL_7406040/ISIC_2578355.jpg,1,1,1,1,1
inference_data/milk10k/MILK10k_Training_Input/IL_7408764/ISIC_5399116.jpg,2,2,2,2,2
inference_data/milk10k/MILK10k_Training_Input/IL_7408764/ISIC_5996846.jpg,1,1,0,1,1
inference_data/milk10k/MILK10k_Training_Input/IL_7416189/ISIC_8363273.jpg,2,2,2,3,2
inference_data/milk10k/MILK10k_Training_Input/IL_7416189/ISIC_8854712.jpg,1,2,1,1,2
inference_data/milk10k/MILK10k_Training_Input/IL_7417538/ISIC_3973393.jpg,4,3,4,4,3
inference_data/milk10k/MILK10k_Training_Input/IL_7417538/ISIC_8285122.jpg,1,1,1,1,1
inference_data/milk10k/MILK10k_Training_Input/IL_7418665/ISIC_7936930.jpg,2,2,2,2,2
inference_data/milk10k/MILK10k_Training_Input/IL_7418665/ISIC_9736851.jpg,1,1,1,1,1
inference_data/milk10k/MILK10k_Training_Input/IL_7423062/ISIC_7808824.jpg,3,2,3,3,2
inference_data/milk10k/MILK10k_Training_Input/IL_7423062/ISIC_1234193.jpg,2,2,1,2,2
inference_data/milk10k/MILK10k_Training_Input/IL_7424810/ISIC_2323046.jpg,2,2,1,1,2
inference_data/milk10k/MILK10k_Training_Input/IL_7424810/ISIC_6559313.jpg,1,1,1,1,1
inference_data/milk10k/MILK10k_Training_Input/IL_7425145/ISIC_5957176.jpg,2,2,2,2,2
inference_data/milk10k/MILK10k_Training_Input/IL_7425145/ISIC_9460959.jpg,2,2,2,2,2
inference_data/milk10k/MILK10k_Training_Input/IL_7426204/ISIC_1623626.jpg,2,2,1,2,2
inference_data/milk10k/MILK10k_Training_Input/IL_7426204/ISIC_7734472.jpg,1,1,1,1,1
inference_data/milk10k/MILK10k_Training_Input/IL_7428104/ISIC_7569602.jpg,3,3,4,4,3
inference_data/milk10k/MILK10k_Training_Input/IL_7428104/ISIC_6488682.jpg,2,1,1,1,2
inference_data/milk10k/MILK10k_Training_Input/IL_7431688/ISIC_6888436.jpg,3,3,2,3,2
inference_data/milk10k/MILK10k_Training_Input/IL_7431688/ISIC_4075850.jpg,1,1,1,1,1
inference_data/milk10k/MILK10k_Training_Input/IL_7434637/ISIC_2903895.jpg,2,2,2,2,2
inference_data/milk10k/MILK10k_Training_Input/IL_7434637/ISIC_2613076.jpg,1,1,1,1,1
inference_data/milk10k/MILK10k_Training_Input/IL_7437076/ISIC_8274729.jpg,2,2,2,2,2
inference_data/milk10k/MILK10k_Training_Input/IL_7437076/ISIC_6241374.jpg,1,1,1,1,1
inference_data/milk10k/MILK10k_Training_Input/IL_7437846/ISIC_7885893.jpg,2,2,2,2,2
inference_data/milk10k/MILK10k_Training_Input/IL_7437846/ISIC_1446269.jpg,1,1,1,1,1
inference_data/milk10k/MILK10k_Training_Input/IL_7438148/ISIC_6581346.jpg,2,2,2,2,2
inference_data/milk10k/MILK10k_Training_Input/IL_7438148/ISIC_3302562.jpg,2,2,1,2,2
inference_data/milk10k/MILK10k_Training_Input/IL_7439441/ISIC_0830502.jpg,2,2,2,2,2
inference_data/milk10k/MILK10k_Training_Input/IL_7439441/ISIC_6953221.jpg,1,1,1,1,1
inference_data/milk10k/MILK10k_Training_Input/IL_7439967/ISIC_6365827.jpg,3,2,3,3,2
inference_data/milk10k/MILK10k_Training_Input/IL_7439967/ISIC_4232474.jpg,2,2,1,2,2
inference_data/milk10k/MILK10k_Training_Input/IL_7440371/ISIC_3306550.jpg,3,2,2,3,2
inference_data/milk10k/MILK10k_Training_Input/IL_7440371/ISIC_5879011.jpg,2,2,2,2,2
inference_data/milk10k/MILK10k_Training_Input/IL_7443254/ISIC_1967763.jpg,3,3,3,3,3
inference_data/milk10k/MILK10k_Training_Input/IL_7443254/ISIC_2770352.jpg,2,2,2,2,2
inference_data/milk10k/MILK10k_Training_Input/IL_7443834/ISIC_4042084.jpg,2,2,2,3,2
inference_data/milk10k/MILK10k_Training_Input/IL_7443834/ISIC_3483103.jpg,1,1,1,2,2
inference_data/milk10k/MILK10k_Training_Input/IL_7444227/ISIC_4299958.jpg,3,2,2,3,2
inference_data/milk10k/MILK10k_Training_Input/IL_7444227/ISIC_1764656.jpg,1,2,1,1,1
inference_data/milk10k/MILK10k_Training_Input/IL_7444377/ISIC_2360770.jpg,2,1,1,2,2
inference_data/milk10k/MILK10k_Training_Input/IL_7444377/ISIC_2490728.jpg,2,2,1,2,2
inference_data/milk10k/MILK10k_Training_Input/IL_7447582/ISIC_9976872.jpg,3,3,3,3,3
inference_data/milk10k/MILK10k_Training_Input/IL_7447582/ISIC_4353551.jpg,1,1,1,1,1
inference_data/milk10k/MILK10k_Training_Input/IL_7451238/ISIC_6566959.jpg,3,3,3,3,3
inference_data/milk10k/MILK10k_Training_Input/IL_7451238/ISIC_5897869.jpg,2,2,2,2,2
inference_data/milk10k/MILK10k_Training_Input/IL_7451964/ISIC_7050719.jpg,2,2,2,2,2
inference_data/milk10k/MILK10k_Training_Input/IL_7451964/ISIC_1094830.jpg,2,2,1,2,2
inference_data/milk10k/MILK10k_Training_Input/IL_7452533/ISIC_6613152.jpg,2,2,2,2,2
inference_data/milk10k/MILK10k_Training_Input/IL_7452533/ISIC_1818416.jpg,2,1,2,2,2
inference_data/milk10k/MILK10k_Training_Input/IL_7453995/ISIC_0904295.jpg,3,2,3,3,2
inference_data/milk10k/MILK10k_Training_Input/IL_7453995/ISIC_6760541.jpg,1,1,1,2,2
inference_data/milk10k/MILK10k_Training_Input/IL_7459473/ISIC_0211830.jpg,2,2,2,2,2
inference_data/milk10k/MILK10k_Training_Input/IL_7459473/ISIC_3101169.jpg,2,2,2,2,2
inference_data/milk10k/MILK10k_Training_Input/IL_7462032/ISIC_3632192.jpg,2,2,1,2,2
inference_data/milk10k/MILK10k_Training_Input/IL_7462032/ISIC_4215075.jpg,1,1,1,1,1
inference_data/milk10k/MILK10k_Training_Input/IL_7464523/ISIC_4612891.jpg,1,1,1,1,1
inference_data/milk10k/MILK10k_Training_Input/IL_7464523/ISIC_1056095.jpg,2,2,1,2,2
inference_data/milk10k/MILK10k_Training_Input/IL_7464874/ISIC_2787372.jpg,1,1,1,2,1
inference_data/milk10k/MILK10k_Training_Input/IL_7464874/ISIC_8723086.jpg,1,1,1,1,1
inference_data/milk10k/MILK10k_Training_Input/IL_7465840/ISIC_9107881.jpg,3,3,3,3,3
inference_data/milk10k/MILK10k_Training_Input/IL_7465840/ISIC_1855151.jpg,1,2,1,2,2
inference_data/milk10k/MILK10k_Training_Input/IL_7466506/ISIC_1500076.jpg,2,2,2,2,2
inference_data/milk10k/MILK10k_Training_Input/IL_7466506/ISIC_5116668.jpg,2,1,2,2,2
inference_data/milk10k/MILK10k_Training_Input/IL_7469546/ISIC_8088100.jpg,2,2,2,2,2
inference_data/milk10k/MILK10k_Training_Input/IL_7469546/ISIC_4588970.jpg,2,2,2,2,2
inference_data/milk10k/MILK10k_Training_Input/IL_7471218/ISIC_0424607.jpg,2,2,2,2,2
inference_data/milk10k/MILK10k_Training_Input/IL_7471218/ISIC_8790887.jpg,2,2,2,2,2
inference_data/milk10k/MILK10k_Training_Input/IL_7471558/ISIC_0686429.jpg,3,3,3,3,3
inference_data/milk10k/MILK10k_Training_Input/IL_7471558/ISIC_1454751.jpg,1,1,1,1,1
inference_data/milk10k/MILK10k_Training_Input/IL_7474908/ISIC_5731785.jpg,3,2,3,3,3
inference_data/milk10k/MILK10k_Training_Input/IL_7474908/ISIC_5129863.jpg,2,2,2,2,2
inference_data/milk10k/MILK10k_Training_Input/IL_7478633/ISIC_9173490.jpg,2,2,2,2,2
inference_data/milk10k/MILK10k_Training_Input/IL_7478633/ISIC_0202283.jpg,1,1,0,1,1
inference_data/milk10k/MILK10k_Training_Input/IL_7478637/ISIC_4516929.jpg,3,3,4,4,3
inference_data/milk10k/MILK10k_Training_Input/IL_7478637/ISIC_1636355.jpg,1,1,1,1,1
inference_data/milk10k/MILK10k_Training_Input/IL_7480471/ISIC_4091147.jpg,3,3,3,3,3
inference_data/milk10k/MILK10k_Training_Input/IL_7480471/ISIC_3675883.jpg,1,1,1,2,2
inference_data/milk10k/MILK10k_Training_Input/IL_7481126/ISIC_9225499.jpg,2,2,1,2,1
inference_data/milk10k/MILK10k_Training_Input/IL_7481126/ISIC_0212251.jpg,2,3,2,2,2
inference_data/milk10k/MILK10k_Training_Input/IL_7483628/ISIC_7780780.jpg,1,2,1,1,1
inference_data/milk10k/MILK10k_Training_Input/IL_7483628/ISIC_7292116.jpg,1,1,1,1,1
inference_data/milk10k/MILK10k_Training_Input/IL_7484711/ISIC_6366299.jpg,3,2,3,3,3
inference_data/milk10k/MILK10k_Training_Input/IL_7484711/ISIC_7763661.jpg,2,2,2,3,3
inference_data/milk10k/MILK10k_Training_Input/IL_7487058/ISIC_1700566.jpg,2,2,2,2,2
inference_data/milk10k/MILK10k_Training_Input/IL_7487058/ISIC_1163815.jpg,2,2,1,2,2
inference_data/milk10k/MILK10k_Training_Input/IL_7488705/ISIC_2350590.jpg,2,2,2,2,2
inference_data/milk10k/MILK10k_Training_Input/IL_7488705/ISIC_2126637.jpg,3,3,3,3,3
inference_data/milk10k/MILK10k_Training_Input/IL_7490546/ISIC_3206478.jpg,2,2,1,2,1
inference_data/milk10k/MILK10k_Training_Input/IL_7490546/ISIC_0964556.jpg,1,1,1,1,2
inference_data/milk10k/MILK10k_Training_Input/IL_7494236/ISIC_0807781.jpg,2,2,2,2,2
inference_data/milk10k/MILK10k_Training_Input/IL_7494236/ISIC_5987390.jpg,1,1,1,1,1
inference_data/milk10k/MILK10k_Training_Input/IL_7496538/ISIC_5433961.jpg,1,1,1,1,1
inference_data/milk10k/MILK10k_Training_Input/IL_7496538/ISIC_5232516.jpg,2,2,2,2,2
inference_data/milk10k/MILK10k_Training_Input/IL_7502626/ISIC_0236351.jpg,2,2,2,2,2
inference_data/milk10k/MILK10k_Training_Input/IL_7502626/ISIC_4325688.jpg,2,2,2,2,2
inference_data/milk10k/MILK10k_Training_Input/IL_7502658/ISIC_8709148.jpg,2,2,2,2,2
inference_data/milk10k/MILK10k_Training_Input/IL_7502658/ISIC_1384590.jpg,2,2,1,2,2
inference_data/milk10k/MILK10k_Training_Input/IL_7503105/ISIC_3097252.jpg,3,2,2,3,2
inference_data/milk10k/MILK10k_Training_Input/IL_7503105/ISIC_2666138.jpg,2,2,2,2,2
inference_data/milk10k/MILK10k_Training_Input/IL_7504517/ISIC_3408569.jpg,1,1,1,1,1
inference_data/milk10k/MILK10k_Training_Input/IL_7504517/ISIC_0478881.jpg,1,1,1,1,1
inference_data/milk10k/MILK10k_Training_Input/IL_7508882/ISIC_3475953.jpg,2,2,2,2,2
inference_data/milk10k/MILK10k_Training_Input/IL_7508882/ISIC_5778552.jpg,1,1,1,2,2
inference_data/milk10k/MILK10k_Training_Input/IL_7509121/ISIC_4103277.jpg,2,2,2,2,2
inference_data/milk10k/MILK10k_Training_Input/IL_7509121/ISIC_3236056.jpg,1,2,1,1,2
inference_data/milk10k/MILK10k_Training_Input/IL_7510888/ISIC_3748838.jpg,2,2,2,2,2
inference_data/milk10k/MILK10k_Training_Input/IL_7510888/ISIC_3688805.jpg,1,1,1,1,1
inference_data/milk10k/MILK10k_Training_Input/IL_7511780/ISIC_5203294.jpg,3,3,3,3,3
inference_data/milk10k/MILK10k_Training_Input/IL_7511780/ISIC_8119167.jpg,1,1,1,1,1
inference_data/milk10k/MILK10k_Training_Input/IL_7514466/ISIC_3370385.jpg,3,2,3,3,2
inference_data/milk10k/MILK10k_Training_Input/IL_7514466/ISIC_1327315.jpg,1,1,1,1,1
inference_data/milk10k/MILK10k_Training_Input/IL_7518108/ISIC_0683612.jpg,2,1,1,2,2
inference_data/milk10k/MILK10k_Training_Input/IL_7518108/ISIC_9945680.jpg,4,4,4,4,4
inference_data/milk10k/MILK10k_Training_Input/IL_7520966/ISIC_1075770.jpg,2,2,2,2,2
inference_data/milk10k/MILK10k_Training_Input/IL_7520966/ISIC_9067523.jpg,2,2,2,2,2
inference_data/milk10k/MILK10k_Training_Input/IL_7523112/ISIC_4081526.jpg,2,2,2,2,2
inference_data/milk10k/MILK10k_Training_Input/IL_7523112/ISIC_3788989.jpg,2,1,2,2,2
inference_data/milk10k/MILK10k_Training_Input/IL_7523835/ISIC_2628160.jpg,2,2,2,2,2
inference_data/milk10k/MILK10k_Training_Input/IL_7523835/ISIC_2641644.jpg,1,1,1,1,1
inference_data/milk10k/MILK10k_Training_Input/IL_7525754/ISIC_1411585.jpg,3,3,3,3,3
inference_data/milk10k/MILK10k_Training_Input/IL_7525754/ISIC_9992648.jpg,1,1,1,1,1
inference_data/milk10k/MILK10k_Training_Input/IL_7527529/ISIC_8741300.jpg,3,2,3,3,3
inference_data/milk10k/MILK10k_Training_Input/IL_7527529/ISIC_8410820.jpg,2,2,2,2,2
inference_data/milk10k/MILK10k_Training_Input/IL_7528128/ISIC_3581058.jpg,2,2,2,2,2
inference_data/milk10k/MILK10k_Training_Input/IL_7528128/ISIC_6622403.jpg,2,1,1,2,1
inference_data/milk10k/MILK10k_Training_Input/IL_7528709/ISIC_0278827.jpg,2,2,2,2,2
inference_data/milk10k/MILK10k_Training_Input/IL_7528709/ISIC_1581919.jpg,1,1,1,1,2
inference_data/milk10k/MILK10k_Training_Input/IL_7532219/ISIC_3125449.jpg,3,3,3,3,3
inference_data/milk10k/MILK10k_Training_Input/IL_7532219/ISIC_9408905.jpg,2,2,3,3,3
inference_data/milk10k/MILK10k_Training_Input/IL_7532764/ISIC_8979552.jpg,3,3,3,3,3
inference_data/milk10k/MILK10k_Training_Input/IL_7532764/ISIC_4486341.jpg,2,2,2,2,2
inference_data/milk10k/MILK10k_Training_Input/IL_7533213/ISIC_0912606.jpg,2,2,2,2,2
inference_data/milk10k/MILK10k_Training_Input/IL_7533213/ISIC_3933736.jpg,2,2,2,2,2
inference_data/milk10k/MILK10k_Training_Input/IL_7534180/ISIC_7248341.jpg,3,3,3,3,3
inference_data/milk10k/MILK10k_Training_Input/IL_7534180/ISIC_2334810.jpg,2,2,2,2,2
inference_data/milk10k/MILK10k_Training_Input/IL_7534486/ISIC_4516611.jpg,1,1,1,1,1
inference_data/milk10k/MILK10k_Training_Input/IL_7534486/ISIC_4345415.jpg,2,2,1,2,2
inference_data/milk10k/MILK10k_Training_Input/IL_7535294/ISIC_4186049.jpg,4,3,4,4,3
inference_data/milk10k/MILK10k_Training_Input/IL_7535294/ISIC_7307945.jpg,2,2,1,1,1
inference_data/milk10k/MILK10k_Training_Input/IL_7537645/ISIC_4532622.jpg,4,3,4,4,4
inference_data/milk10k/MILK10k_Training_Input/IL_7537645/ISIC_3223440.jpg,1,1,1,1,1
inference_data/milk10k/MILK10k_Training_Input/IL_7539443/ISIC_6097869.jpg,1,1,1,1,1
inference_data/milk10k/MILK10k_Training_Input/IL_7539443/ISIC_4281048.jpg,1,1,1,1,1
inference_data/milk10k/MILK10k_Training_Input/IL_7540497/ISIC_8499730.jpg,2,2,2,2,2
inference_data/milk10k/MILK10k_Training_Input/IL_7540497/ISIC_8038497.jpg,2,2,2,2,2
inference_data/milk10k/MILK10k_Training_Input/IL_7549554/ISIC_5435390.jpg,2,2,2,2,2
inference_data/milk10k/MILK10k_Training_Input/IL_7549554/ISIC_2216126.jpg,1,1,2,2,1
inference_data/milk10k/MILK10k_Training_Input/IL_7550405/ISIC_3619795.jpg,2,2,2,2,2
inference_data/milk10k/MILK10k_Training_Input/IL_7550405/ISIC_0301368.jpg,1,1,1,1,1
inference_data/milk10k/MILK10k_Training_Input/IL_7550838/ISIC_0888295.jpg,2,2,2,2,2
inference_data/milk10k/MILK10k_Training_Input/IL_7550838/ISIC_0818540.jpg,2,2,2,2,2
inference_data/milk10k/MILK10k_Training_Input/IL_7552971/ISIC_1907930.jpg,2,2,2,2,2
inference_data/milk10k/MILK10k_Training_Input/IL_7552971/ISIC_0968530.jpg,2,1,1,1,2
inference_data/milk10k/MILK10k_Training_Input/IL_7553488/ISIC_9346486.jpg,3,3,3,3,3
inference_data/milk10k/MILK10k_Training_Input/IL_7553488/ISIC_4509108.jpg,1,2,1,1,1
inference_data/milk10k/MILK10k_Training_Input/IL_7555285/ISIC_9239381.jpg,3,2,3,3,3
inference_data/milk10k/MILK10k_Training_Input/IL_7555285/ISIC_3852630.jpg,2,1,2,2,2
inference_data/milk10k/MILK10k_Training_Input/IL_7560390/ISIC_8383673.jpg,2,2,3,3,2
inference_data/milk10k/MILK10k_Training_Input/IL_7560390/ISIC_4391368.jpg,1,1,1,1,1
inference_data/milk10k/MILK10k_Training_Input/IL_7564566/ISIC_7849821.jpg,3,2,3,3,2
inference_data/milk10k/MILK10k_Training_Input/IL_7564566/ISIC_4983893.jpg,1,1,1,1,1
inference_data/milk10k/MILK10k_Training_Input/IL_7565291/ISIC_4834358.jpg,3,3,3,3,3
inference_data/milk10k/MILK10k_Training_Input/IL_7565291/ISIC_1738383.jpg,2,2,2,2,2
inference_data/milk10k/MILK10k_Training_Input/IL_7566377/ISIC_4767902.jpg,3,3,3,3,3
inference_data/milk10k/MILK10k_Training_Input/IL_7566377/ISIC_8639708.jpg,1,1,0,1,1
inference_data/milk10k/MILK10k_Training_Input/IL_7570167/ISIC_2716370.jpg,4,3,3,3,3
inference_data/milk10k/MILK10k_Training_Input/IL_7570167/ISIC_2750525.jpg,3,3,3,3,3
inference_data/milk10k/MILK10k_Training_Input/IL_7570811/ISIC_9719495.jpg,3,3,3,3,3
inference_data/milk10k/MILK10k_Training_Input/IL_7570811/ISIC_3869200.jpg,2,2,2,2,2
inference_data/milk10k/MILK10k_Training_Input/IL_7571099/ISIC_7209186.jpg,3,3,3,3,3
inference_data/milk10k/MILK10k_Training_Input/IL_7571099/ISIC_0855454.jpg,2,1,1,2,2
inference_data/milk10k/MILK10k_Training_Input/IL_7571308/ISIC_0820547.jpg,2,2,2,2,2
inference_data/milk10k/MILK10k_Training_Input/IL_7571308/ISIC_6202224.jpg,1,1,1,1,1
inference_data/milk10k/MILK10k_Training_Input/IL_7573989/ISIC_1290781.jpg,1,1,1,1,1
inference_data/milk10k/MILK10k_Training_Input/IL_7573989/ISIC_6934396.jpg,2,1,1,1,2
inference_data/milk10k/MILK10k_Training_Input/IL_7577530/ISIC_8951979.jpg,2,1,1,1,1
inference_data/milk10k/MILK10k_Training_Input/IL_7577530/ISIC_1029957.jpg,1,1,0,1,1
inference_data/milk10k/MILK10k_Training_Input/IL_7581043/ISIC_1377073.jpg,3,3,2,2,3
inference_data/milk10k/MILK10k_Training_Input/IL_7581043/ISIC_0867368.jpg,1,1,1,1,1
inference_data/milk10k/MILK10k_Training_Input/IL_7582740/ISIC_5833727.jpg,3,3,3,3,3
inference_data/milk10k/MILK10k_Training_Input/IL_7582740/ISIC_9256618.jpg,2,2,2,2,2
inference_data/milk10k/MILK10k_Training_Input/IL_7591530/ISIC_5037023.jpg,3,2,3,3,2
inference_data/milk10k/MILK10k_Training_Input/IL_7591530/ISIC_5745809.jpg,1,1,0,1,0
inference_data/milk10k/MILK10k_Training_Input/IL_7594910/ISIC_8295638.jpg,3,3,3,3,3
inference_data/milk10k/MILK10k_Training_Input/IL_7594910/ISIC_1556864.jpg,2,2,2,2,2
inference_data/milk10k/MILK10k_Training_Input/IL_7595050/ISIC_6954599.jpg,2,2,2,2,2
inference_data/milk10k/MILK10k_Training_Input/IL_7595050/ISIC_9178763.jpg,2,1,1,1,1
inference_data/milk10k/MILK10k_Training_Input/IL_7601833/ISIC_9804365.jpg,4,4,3,4,3
inference_data/milk10k/MILK10k_Training_Input/IL_7601833/ISIC_6351671.jpg,2,3,1,2,2
inference_data/milk10k/MILK10k_Training_Input/IL_7602134/ISIC_3145046.jpg,3,3,3,3,3
inference_data/milk10k/MILK10k_Training_Input/IL_7602134/ISIC_5728378.jpg,2,2,2,2,2
inference_data/milk10k/MILK10k_Training_Input/IL_7602662/ISIC_1739677.jpg,2,2,1,2,2
inference_data/milk10k/MILK10k_Training_Input/IL_7602662/ISIC_3151108.jpg,2,2,2,2,2
inference_data/milk10k/MILK10k_Training_Input/IL_7604860/ISIC_9725159.jpg,3,2,3,3,2
inference_data/milk10k/MILK10k_Training_Input/IL_7604860/ISIC_2907125.jpg,2,2,2,2,2
inference_data/milk10k/MILK10k_Training_Input/IL_7610789/ISIC_2388998.jpg,2,2,1,2,1
inference_data/milk10k/MILK10k_Training_Input/IL_7610789/ISIC_4473773.jpg,2,2,2,2,2
inference_data/milk10k/MILK10k_Training_Input/IL_7611472/ISIC_0720115.jpg,2,1,1,2,1
inference_data/milk10k/MILK10k_Training_Input/IL_7611472/ISIC_9588487.jpg,2,2,1,2,2
inference_data/milk10k/MILK10k_Training_Input/IL_7613691/ISIC_6969322.jpg,2,1,1,2,2
inference_data/milk10k/MILK10k_Training_Input/IL_7613691/ISIC_1272616.jpg,1,1,0,1,1
inference_data/milk10k/MILK10k_Training_Input/IL_7616901/ISIC_4391247.jpg,3,3,3,3,3
inference_data/milk10k/MILK10k_Training_Input/IL_7616901/ISIC_1639468.jpg,2,2,2,2,2
inference_data/milk10k/MILK10k_Training_Input/IL_7617195/ISIC_1809128.jpg,2,2,2,2,2
inference_data/milk10k/MILK10k_Training_Input/IL_7617195/ISIC_1445820.jpg,2,2,1,2,2
inference_data/milk10k/MILK10k_Training_Input/IL_7619356/ISIC_6665062.jpg,4,3,4,4,4
inference_data/milk10k/MILK10k_Training_Input/IL_7619356/ISIC_3612044.jpg,1,1,1,1,1
inference_data/milk10k/MILK10k_Training_Input/IL_7619884/ISIC_6854833.jpg,2,2,2,2,2
inference_data/milk10k/MILK10k_Training_Input/IL_7619884/ISIC_5378143.jpg,2,2,2,2,2
inference_data/milk10k/MILK10k_Training_Input/IL_7620308/ISIC_3603310.jpg,1,1,0,1,1
inference_data/milk10k/MILK10k_Training_Input/IL_7620308/ISIC_8894147.jpg,1,1,1,1,1
inference_data/milk10k/MILK10k_Training_Input/IL_7621728/ISIC_1167183.jpg,2,2,2,2,2
inference_data/milk10k/MILK10k_Training_Input/IL_7621728/ISIC_7640631.jpg,1,1,1,1,1
inference_data/milk10k/MILK10k_Training_Input/IL_7625524/ISIC_5641672.jpg,2,2,2,2,2
inference_data/milk10k/MILK10k_Training_Input/IL_7625524/ISIC_2597603.jpg,1,1,1,1,1
inference_data/milk10k/MILK10k_Training_Input/IL_7627214/ISIC_5889637.jpg,2,2,2,2,2
inference_data/milk10k/MILK10k_Training_Input/IL_7627214/ISIC_5185179.jpg,2,2,1,2,2
inference_data/milk10k/MILK10k_Training_Input/IL_7627926/ISIC_3093760.jpg,2,2,2,2,2
inference_data/milk10k/MILK10k_Training_Input/IL_7627926/ISIC_7274523.jpg,1,1,1,1,1
inference_data/milk10k/MILK10k_Training_Input/IL_7628990/ISIC_7449425.jpg,3,2,3,3,3
inference_data/milk10k/MILK10k_Training_Input/IL_7628990/ISIC_8731413.jpg,1,1,1,1,1
inference_data/milk10k/MILK10k_Training_Input/IL_7629358/ISIC_8546677.jpg,2,2,2,2,2
inference_data/milk10k/MILK10k_Training_Input/IL_7629358/ISIC_7799008.jpg,1,1,1,1,2
inference_data/milk10k/MILK10k_Training_Input/IL_7631753/ISIC_3961758.jpg,2,2,2,3,2
inference_data/milk10k/MILK10k_Training_Input/IL_7631753/ISIC_1663532.jpg,2,1,1,1,2
inference_data/milk10k/MILK10k_Training_Input/IL_7633169/ISIC_1827820.jpg,3,3,3,3,3
inference_data/milk10k/MILK10k_Training_Input/IL_7633169/ISIC_2048164.jpg,2,2,2,2,2
inference_data/milk10k/MILK10k_Training_Input/IL_7635168/ISIC_9788437.jpg,3,3,3,3,3
inference_data/milk10k/MILK10k_Training_Input/IL_7635168/ISIC_0681143.jpg,2,2,1,2,2
inference_data/milk10k/MILK10k_Training_Input/IL_7635257/ISIC_4992936.jpg,2,2,2,2,2
inference_data/milk10k/MILK10k_Training_Input/IL_7635257/ISIC_6212007.jpg,3,3,2,3,3
inference_data/milk10k/MILK10k_Training_Input/IL_7636266/ISIC_2957330.jpg,3,3,3,3,3
inference_data/milk10k/MILK10k_Training_Input/IL_7636266/ISIC_0696597.jpg,2,2,1,2,2
inference_data/milk10k/MILK10k_Training_Input/IL_7637408/ISIC_6214871.jpg,1,1,1,1,1
inference_data/milk10k/MILK10k_Training_Input/IL_7637408/ISIC_8334167.jpg,3,3,2,3,3
inference_data/milk10k/MILK10k_Training_Input/IL_7639088/ISIC_8745325.jpg,3,3,3,3,3
inference_data/milk10k/MILK10k_Training_Input/IL_7639088/ISIC_8025582.jpg,1,1,1,1,1
inference_data/milk10k/MILK10k_Training_Input/IL_7642375/ISIC_1594200.jpg,3,2,3,3,3
inference_data/milk10k/MILK10k_Training_Input/IL_7642375/ISIC_7646924.jpg,1,1,0,1,1
inference_data/milk10k/MILK10k_Training_Input/IL_7642470/ISIC_8119943.jpg,3,2,3,3,3
inference_data/milk10k/MILK10k_Training_Input/IL_7642470/ISIC_8372465.jpg,1,1,1,1,2
inference_data/milk10k/MILK10k_Training_Input/IL_7643316/ISIC_6862838.jpg,3,3,3,3,3
inference_data/milk10k/MILK10k_Training_Input/IL_7643316/ISIC_4254772.jpg,1,1,1,1,1
inference_data/milk10k/MILK10k_Training_Input/IL_7643911/ISIC_4502250.jpg,1,1,1,1,1
inference_data/milk10k/MILK10k_Training_Input/IL_7643911/ISIC_1653372.jpg,1,1,1,1,1
inference_data/milk10k/MILK10k_Training_Input/IL_7644986/ISIC_9314032.jpg,3,3,3,3,3
inference_data/milk10k/MILK10k_Training_Input/IL_7644986/ISIC_3032522.jpg,2,1,1,1,2
inference_data/milk10k/MILK10k_Training_Input/IL_7647524/ISIC_5800499.jpg,2,2,2,2,2
inference_data/milk10k/MILK10k_Training_Input/IL_7647524/ISIC_9175575.jpg,1,2,1,1,1
inference_data/milk10k/MILK10k_Training_Input/IL_7648994/ISIC_8851382.jpg,1,1,1,2,2
inference_data/milk10k/MILK10k_Training_Input/IL_7648994/ISIC_8268192.jpg,2,2,2,2,2
inference_data/milk10k/MILK10k_Training_Input/IL_7649992/ISIC_9642936.jpg,2,2,1,2,1
inference_data/milk10k/MILK10k_Training_Input/IL_7649992/ISIC_6791466.jpg,1,1,1,1,1
inference_data/milk10k/MILK10k_Training_Input/IL_7650602/ISIC_3646755.jpg,2,1,1,2,1
inference_data/milk10k/MILK10k_Training_Input/IL_7650602/ISIC_3934885.jpg,1,1,1,1,1
inference_data/milk10k/MILK10k_Training_Input/IL_7652961/ISIC_1999040.jpg,1,2,1,2,2
inference_data/milk10k/MILK10k_Training_Input/IL_7652961/ISIC_3050521.jpg,1,1,1,1,1
inference_data/milk10k/MILK10k_Training_Input/IL_7653394/ISIC_5778156.jpg,3,2,3,3,2
inference_data/milk10k/MILK10k_Training_Input/IL_7653394/ISIC_4721060.jpg,2,2,2,2,2
inference_data/milk10k/MILK10k_Training_Input/IL_7653541/ISIC_5305591.jpg,2,2,2,3,2
inference_data/milk10k/MILK10k_Training_Input/IL_7653541/ISIC_5819591.jpg,2,2,1,2,2
inference_data/milk10k/MILK10k_Training_Input/IL_7653735/ISIC_3368184.jpg,2,2,2,2,2
inference_data/milk10k/MILK10k_Training_Input/IL_7653735/ISIC_1386264.jpg,1,1,1,1,2
inference_data/milk10k/MILK10k_Training_Input/IL_7657501/ISIC_9221083.jpg,2,1,2,2,2
inference_data/milk10k/MILK10k_Training_Input/IL_7657501/ISIC_1997951.jpg,2,2,1,2,2
inference_data/milk10k/MILK10k_Training_Input/IL_7657935/ISIC_3743625.jpg,1,1,1,1,1
inference_data/milk10k/MILK10k_Training_Input/IL_7657935/ISIC_1464557.jpg,1,1,1,1,1
inference_data/milk10k/MILK10k_Training_Input/IL_7660180/ISIC_1977334.jpg,3,2,3,3,2
inference_data/milk10k/MILK10k_Training_Input/IL_7660180/ISIC_7034620.jpg,1,1,1,1,1
inference_data/milk10k/MILK10k_Training_Input/IL_7660724/ISIC_1722763.jpg,1,1,1,1,1
inference_data/milk10k/MILK10k_Training_Input/IL_7660724/ISIC_3317755.jpg,2,2,2,2,2
inference_data/milk10k/MILK10k_Training_Input/IL_7663588/ISIC_2414850.jpg,2,2,2,3,2
inference_data/milk10k/MILK10k_Training_Input/IL_7663588/ISIC_9204844.jpg,2,1,1,1,2
inference_data/milk10k/MILK10k_Training_Input/IL_7667503/ISIC_7151845.jpg,2,1,2,2,2
inference_data/milk10k/MILK10k_Training_Input/IL_7667503/ISIC_6451701.jpg,2,2,1,2,2
inference_data/milk10k/MILK10k_Training_Input/IL_7669534/ISIC_5722582.jpg,1,2,1,1,1
inference_data/milk10k/MILK10k_Training_Input/IL_7669534/ISIC_5258143.jpg,1,1,1,1,1
inference_data/milk10k/MILK10k_Training_Input/IL_7671160/ISIC_6193755.jpg,1,1,1,2,1
inference_data/milk10k/MILK10k_Training_Input/IL_7671160/ISIC_3454940.jpg,1,1,0,1,1
inference_data/milk10k/MILK10k_Training_Input/IL_7672692/ISIC_9991793.jpg,3,3,3,3,3
inference_data/milk10k/MILK10k_Training_Input/IL_7672692/ISIC_3606192.jpg,2,1,1,1,2
inference_data/milk10k/MILK10k_Training_Input/IL_7675373/ISIC_9679564.jpg,1,1,1,1,1
inference_data/milk10k/MILK10k_Training_Input/IL_7675373/ISIC_1649554.jpg,1,1,1,1,1
inference_data/milk10k/MILK10k_Training_Input/IL_7678083/ISIC_0590248.jpg,3,3,3,3,3
inference_data/milk10k/MILK10k_Training_Input/IL_7678083/ISIC_3906512.jpg,2,2,2,2,2
inference_data/milk10k/MILK10k_Training_Input/IL_7680200/ISIC_5806581.jpg,1,1,1,2,1
inference_data/milk10k/MILK10k_Training_Input/IL_7680200/ISIC_4648640.jpg,2,2,1,2,2
inference_data/milk10k/MILK10k_Training_Input/IL_7682560/ISIC_2183840.jpg,2,2,2,2,2
inference_data/milk10k/MILK10k_Training_Input/IL_7682560/ISIC_9532049.jpg,2,3,2,2,2
inference_data/milk10k/MILK10k_Training_Input/IL_7685934/ISIC_2429951.jpg,2,2,2,2,2
inference_data/milk10k/MILK10k_Training_Input/IL_7685934/ISIC_6749742.jpg,2,2,1,2,2
inference_data/milk10k/MILK10k_Training_Input/IL_7687091/ISIC_7503610.jpg,3,3,3,3,3
inference_data/milk10k/MILK10k_Training_Input/IL_7687091/ISIC_1558061.jpg,2,2,2,2,2
inference_data/milk10k/MILK10k_Training_Input/IL_7687935/ISIC_6551157.jpg,3,3,2,3,3
inference_data/milk10k/MILK10k_Training_Input/IL_7687935/ISIC_6141128.jpg,1,2,1,1,1
inference_data/milk10k/MILK10k_Training_Input/IL_7687991/ISIC_1145018.jpg,2,2,1,2,2
inference_data/milk10k/MILK10k_Training_Input/IL_7687991/ISIC_7242927.jpg,1,1,1,1,1
inference_data/milk10k/MILK10k_Training_Input/IL_7689829/ISIC_3331894.jpg,3,2,3,3,2
inference_data/milk10k/MILK10k_Training_Input/IL_7689829/ISIC_5923153.jpg,2,2,1,2,2
inference_data/milk10k/MILK10k_Training_Input/IL_7699811/ISIC_7430438.jpg,2,1,2,2,2
inference_data/milk10k/MILK10k_Training_Input/IL_7699811/ISIC_8032507.jpg,1,1,1,1,1
inference_data/milk10k/MILK10k_Training_Input/IL_7705011/ISIC_6883494.jpg,4,3,4,4,3
inference_data/milk10k/MILK10k_Training_Input/IL_7705011/ISIC_3392397.jpg,2,2,2,2,2
inference_data/milk10k/MILK10k_Training_Input/IL_7707991/ISIC_1894495.jpg,2,2,2,3,2
inference_data/milk10k/MILK10k_Training_Input/IL_7707991/ISIC_6908533.jpg,1,1,1,1,1
inference_data/milk10k/MILK10k_Training_Input/IL_7708257/ISIC_6350988.jpg,2,2,2,3,2
inference_data/milk10k/MILK10k_Training_Input/IL_7708257/ISIC_1344355.jpg,1,1,1,1,2
inference_data/milk10k/MILK10k_Training_Input/IL_7709098/ISIC_7094095.jpg,3,3,3,3,2
inference_data/milk10k/MILK10k_Training_Input/IL_7709098/ISIC_3518720.jpg,1,1,1,1,1
inference_data/milk10k/MILK10k_Training_Input/IL_7709757/ISIC_3142156.jpg,2,2,2,3,2
inference_data/milk10k/MILK10k_Training_Input/IL_7709757/ISIC_2533333.jpg,3,3,3,3,3
inference_data/milk10k/MILK10k_Training_Input/IL_7711358/ISIC_4849294.jpg,2,2,2,2,2
inference_data/milk10k/MILK10k_Training_Input/IL_7711358/ISIC_1814482.jpg,2,2,2,2,2
inference_data/milk10k/MILK10k_Training_Input/IL_7712318/ISIC_6620223.jpg,4,3,4,4,4
inference_data/milk10k/MILK10k_Training_Input/IL_7712318/ISIC_0811266.jpg,1,1,1,1,1
inference_data/milk10k/MILK10k_Training_Input/IL_7713182/ISIC_4268667.jpg,3,3,3,3,3
inference_data/milk10k/MILK10k_Training_Input/IL_7713182/ISIC_3322515.jpg,1,1,0,0,1
inference_data/milk10k/MILK10k_Training_Input/IL_7713888/ISIC_4541978.jpg,3,2,2,3,2
inference_data/milk10k/MILK10k_Training_Input/IL_7713888/ISIC_7646698.jpg,1,1,1,1,1
inference_data/milk10k/MILK10k_Training_Input/IL_7713960/ISIC_8707995.jpg,2,2,2,2,2
inference_data/milk10k/MILK10k_Training_Input/IL_7713960/ISIC_1564298.jpg,1,1,1,1,1
inference_data/milk10k/MILK10k_Training_Input/IL_7714849/ISIC_3057442.jpg,2,2,2,2,2
inference_data/milk10k/MILK10k_Training_Input/IL_7714849/ISIC_4851185.jpg,1,1,1,1,1
inference_data/milk10k/MILK10k_Training_Input/IL_7716473/ISIC_8623479.jpg,2,2,2,3,2
inference_data/milk10k/MILK10k_Training_Input/IL_7716473/ISIC_5350286.jpg,1,1,1,1,1
inference_data/milk10k/MILK10k_Training_Input/IL_7717192/ISIC_6983648.jpg,3,3,3,3,3
inference_data/milk10k/MILK10k_Training_Input/IL_7717192/ISIC_3122147.jpg,1,1,1,1,1
inference_data/milk10k/MILK10k_Training_Input/IL_7718572/ISIC_0338405.jpg,3,2,3,3,3
inference_data/milk10k/MILK10k_Training_Input/IL_7718572/ISIC_9710618.jpg,2,2,2,2,2
inference_data/milk10k/MILK10k_Training_Input/IL_7718928/ISIC_8830503.jpg,2,2,1,2,2
inference_data/milk10k/MILK10k_Training_Input/IL_7718928/ISIC_7006889.jpg,2,2,1,2,2
inference_data/milk10k/MILK10k_Training_Input/IL_7719252/ISIC_0265983.jpg,2,2,2,2,2
inference_data/milk10k/MILK10k_Training_Input/IL_7719252/ISIC_4988567.jpg,2,1,1,2,2
inference_data/milk10k/MILK10k_Training_Input/IL_7719893/ISIC_2005939.jpg,2,2,2,2,2
inference_data/milk10k/MILK10k_Training_Input/IL_7719893/ISIC_2567983.jpg,2,1,1,2,2
inference_data/milk10k/MILK10k_Training_Input/IL_7724286/ISIC_3179593.jpg,3,3,3,3,3
inference_data/milk10k/MILK10k_Training_Input/IL_7724286/ISIC_4191448.jpg,2,2,2,2,2
inference_data/milk10k/MILK10k_Training_Input/IL_7725832/ISIC_5299228.jpg,4,4,4,4,4
inference_data/milk10k/MILK10k_Training_Input/IL_7725832/ISIC_3836648.jpg,2,2,2,2,2
inference_data/milk10k/MILK10k_Training_Input/IL_7726867/ISIC_4424010.jpg,3,3,3,3,3
inference_data/milk10k/MILK10k_Training_Input/IL_7726867/ISIC_5909840.jpg,1,1,0,1,1
inference_data/milk10k/MILK10k_Training_Input/IL_7727406/ISIC_9560522.jpg,4,4,4,4,4
inference_data/milk10k/MILK10k_Training_Input/IL_7727406/ISIC_4345273.jpg,4,3,3,3,4
inference_data/milk10k/MILK10k_Training_Input/IL_7727420/ISIC_3503789.jpg,2,2,2,2,2
inference_data/milk10k/MILK10k_Training_Input/IL_7727420/ISIC_1066229.jpg,1,1,1,2,2
inference_data/milk10k/MILK10k_Training_Input/IL_7727942/ISIC_4426986.jpg,1,1,1,1,1
inference_data/milk10k/MILK10k_Training_Input/IL_7727942/ISIC_3741929.jpg,2,2,2,2,2
inference_data/milk10k/MILK10k_Training_Input/IL_7728246/ISIC_1498924.jpg,2,2,2,2,2
inference_data/milk10k/MILK10k_Training_Input/IL_7728246/ISIC_5197331.jpg,1,1,1,1,1
inference_data/milk10k/MILK10k_Training_Input/IL_7728515/ISIC_7406916.jpg,2,2,2,2,2
inference_data/milk10k/MILK10k_Training_Input/IL_7728515/ISIC_0450405.jpg,1,1,1,1,1
inference_data/milk10k/MILK10k_Training_Input/IL_7728761/ISIC_7119768.jpg,3,2,3,3,3
inference_data/milk10k/MILK10k_Training_Input/IL_7728761/ISIC_4167447.jpg,1,1,1,2,2
inference_data/milk10k/MILK10k_Training_Input/IL_7735449/ISIC_7110078.jpg,3,2,3,3,2
inference_data/milk10k/MILK10k_Training_Input/IL_7735449/ISIC_7702191.jpg,1,1,1,1,1
inference_data/milk10k/MILK10k_Training_Input/IL_7736241/ISIC_2977779.jpg,2,2,1,2,2
inference_data/milk10k/MILK10k_Training_Input/IL_7736241/ISIC_6462791.jpg,1,1,1,1,1
inference_data/milk10k/MILK10k_Training_Input/IL_7738842/ISIC_7247605.jpg,2,2,2,2,2
inference_data/milk10k/MILK10k_Training_Input/IL_7738842/ISIC_0124764.jpg,1,1,1,1,1
inference_data/milk10k/MILK10k_Training_Input/IL_7740320/ISIC_7273308.jpg,1,1,1,1,1
inference_data/milk10k/MILK10k_Training_Input/IL_7740320/ISIC_0569067.jpg,2,2,1,2,2
inference_data/milk10k/MILK10k_Training_Input/IL_7741201/ISIC_8376392.jpg,2,2,2,3,2
inference_data/milk10k/MILK10k_Training_Input/IL_7741201/ISIC_8159052.jpg,1,1,2,2,2
inference_data/milk10k/MILK10k_Training_Input/IL_7743352/ISIC_5305490.jpg,2,2,2,2,2
inference_data/milk10k/MILK10k_Training_Input/IL_7743352/ISIC_2501558.jpg,1,1,1,1,1
inference_data/milk10k/MILK10k_Training_Input/IL_7743393/ISIC_4264456.jpg,2,2,2,2,2
inference_data/milk10k/MILK10k_Training_Input/IL_7743393/ISIC_2156383.jpg,2,2,2,2,2
inference_data/milk10k/MILK10k_Training_Input/IL_7743686/ISIC_9577015.jpg,2,2,2,2,2
inference_data/milk10k/MILK10k_Training_Input/IL_7743686/ISIC_7101909.jpg,2,2,2,2,2
inference_data/milk10k/MILK10k_Training_Input/IL_7744787/ISIC_2936914.jpg,2,2,2,3,2
inference_data/milk10k/MILK10k_Training_Input/IL_7744787/ISIC_8488027.jpg,2,2,2,2,2
inference_data/milk10k/MILK10k_Training_Input/IL_7744889/ISIC_3185613.jpg,2,1,2,2,1
inference_data/milk10k/MILK10k_Training_Input/IL_7744889/ISIC_2973118.jpg,1,1,1,1,1
inference_data/milk10k/MILK10k_Training_Input/IL_7744965/ISIC_3203845.jpg,3,3,3,3,3
inference_data/milk10k/MILK10k_Training_Input/IL_7744965/ISIC_3427526.jpg,2,1,2,2,2
inference_data/milk10k/MILK10k_Training_Input/IL_7746701/ISIC_8424804.jpg,3,3,3,3,3
inference_data/milk10k/MILK10k_Training_Input/IL_7746701/ISIC_2683795.jpg,1,1,1,1,2
inference_data/milk10k/MILK10k_Training_Input/IL_7748792/ISIC_7844519.jpg,1,1,1,1,1
inference_data/milk10k/MILK10k_Training_Input/IL_7748792/ISIC_8040056.jpg,1,1,1,1,1
inference_data/milk10k/MILK10k_Training_Input/IL_7749269/ISIC_8745861.jpg,2,2,2,3,2
inference_data/milk10k/MILK10k_Training_Input/IL_7749269/ISIC_3392380.jpg,1,2,1,1,1
inference_data/milk10k/MILK10k_Training_Input/IL_7749635/ISIC_9058731.jpg,2,2,2,2,2
inference_data/milk10k/MILK10k_Training_Input/IL_7749635/ISIC_8738126.jpg,2,2,2,2,2
inference_data/milk10k/MILK10k_Training_Input/IL_7749709/ISIC_2808502.jpg,3,3,3,3,3
inference_data/milk10k/MILK10k_Training_Input/IL_7749709/ISIC_2608885.jpg,1,2,1,2,2
inference_data/milk10k/MILK10k_Training_Input/IL_7749892/ISIC_1161165.jpg,2,2,3,3,2
inference_data/milk10k/MILK10k_Training_Input/IL_7749892/ISIC_2866672.jpg,2,2,2,2,2
inference_data/milk10k/MILK10k_Training_Input/IL_7750546/ISIC_4316216.jpg,2,2,2,2,2
inference_data/milk10k/MILK10k_Training_Input/IL_7750546/ISIC_7704554.jpg,1,1,1,1,1
inference_data/milk10k/MILK10k_Training_Input/IL_7753719/ISIC_5892371.jpg,3,2,3,3,3
inference_data/milk10k/MILK10k_Training_Input/IL_7753719/ISIC_7458610.jpg,2,2,2,2,2
inference_data/milk10k/MILK10k_Training_Input/IL_7755452/ISIC_8470753.jpg,2,2,1,2,2
inference_data/milk10k/MILK10k_Training_Input/IL_7755452/ISIC_7236730.jpg,2,2,2,2,2
inference_data/milk10k/MILK10k_Training_Input/IL_7755497/ISIC_6385276.jpg,4,3,3,4,3
inference_data/milk10k/MILK10k_Training_Input/IL_7755497/ISIC_3636991.jpg,2,2,1,2,2
inference_data/milk10k/MILK10k_Training_Input/IL_7756506/ISIC_8394448.jpg,2,2,2,2,2
inference_data/milk10k/MILK10k_Training_Input/IL_7756506/ISIC_0454057.jpg,1,1,1,1,1
inference_data/milk10k/MILK10k_Training_Input/IL_7759035/ISIC_3719395.jpg,3,2,3,3,3
inference_data/milk10k/MILK10k_Training_Input/IL_7759035/ISIC_7003219.jpg,1,2,1,1,1
inference_data/milk10k/MILK10k_Training_Input/IL_7760064/ISIC_9831775.jpg,2,2,2,2,2
inference_data/milk10k/MILK10k_Training_Input/IL_7760064/ISIC_4534460.jpg,2,2,2,2,2
inference_data/milk10k/MILK10k_Training_Input/IL_7760285/ISIC_6914336.jpg,2,2,1,2,2
inference_data/milk10k/MILK10k_Training_Input/IL_7760285/ISIC_1346867.jpg,2,2,1,1,2
inference_data/milk10k/MILK10k_Training_Input/IL_7760454/ISIC_1441409.jpg,2,2,2,3,2
inference_data/milk10k/MILK10k_Training_Input/IL_7760454/ISIC_4656199.jpg,1,1,1,1,1
inference_data/milk10k/MILK10k_Training_Input/IL_7760506/ISIC_0790292.jpg,2,2,2,2,2
inference_data/milk10k/MILK10k_Training_Input/IL_7760506/ISIC_0738994.jpg,2,2,2,2,2
inference_data/milk10k/MILK10k_Training_Input/IL_7762998/ISIC_7119069.jpg,2,2,2,2,2
inference_data/milk10k/MILK10k_Training_Input/IL_7762998/ISIC_4849906.jpg,1,1,1,1,1
inference_data/milk10k/MILK10k_Training_Input/IL_7764430/ISIC_3386852.jpg,3,2,3,3,2
inference_data/milk10k/MILK10k_Training_Input/IL_7764430/ISIC_6993040.jpg,1,1,1,1,2
inference_data/milk10k/MILK10k_Training_Input/IL_7768823/ISIC_2970872.jpg,3,3,3,3,3
inference_data/milk10k/MILK10k_Training_Input/IL_7768823/ISIC_1513850.jpg,2,2,2,2,2
inference_data/milk10k/MILK10k_Training_Input/IL_7769100/ISIC_5086729.jpg,2,2,3,3,2
inference_data/milk10k/MILK10k_Training_Input/IL_7769100/ISIC_9721840.jpg,1,2,1,1,2
inference_data/milk10k/MILK10k_Training_Input/IL_7769284/ISIC_3985588.jpg,2,2,2,2,2
inference_data/milk10k/MILK10k_Training_Input/IL_7769284/ISIC_6738908.jpg,2,2,2,2,2
inference_data/milk10k/MILK10k_Training_Input/IL_7770574/ISIC_0418807.jpg,3,2,3,3,2
inference_data/milk10k/MILK10k_Training_Input/IL_7770574/ISIC_2996843.jpg,2,2,2,2,2
inference_data/milk10k/MILK10k_Training_Input/IL_7773272/ISIC_8696938.jpg,2,2,2,2,2
inference_data/milk10k/MILK10k_Training_Input/IL_7773272/ISIC_7749511.jpg,1,2,1,2,2
inference_data/milk10k/MILK10k_Training_Input/IL_7775733/ISIC_9846956.jpg,2,2,3,3,2
inference_data/milk10k/MILK10k_Training_Input/IL_7775733/ISIC_5386166.jpg,2,2,2,2,2
inference_data/milk10k/MILK10k_Training_Input/IL_7776023/ISIC_9776738.jpg,2,2,2,3,2
inference_data/milk10k/MILK10k_Training_Input/IL_7776023/ISIC_9314988.jpg,2,2,1,2,2
inference_data/milk10k/MILK10k_Training_Input/IL_7776622/ISIC_7783388.jpg,1,1,1,1,1
inference_data/milk10k/MILK10k_Training_Input/IL_7776622/ISIC_2240330.jpg,4,4,4,3,4
inference_data/milk10k/MILK10k_Training_Input/IL_7780651/ISIC_2196622.jpg,2,3,2,3,2
inference_data/milk10k/MILK10k_Training_Input/IL_7780651/ISIC_8291456.jpg,3,2,3,3,3
inference_data/milk10k/MILK10k_Training_Input/IL_7781007/ISIC_5959720.jpg,1,1,1,1,1
inference_data/milk10k/MILK10k_Training_Input/IL_7781007/ISIC_7396751.jpg,1,1,1,1,1
inference_data/milk10k/MILK10k_Training_Input/IL_7784987/ISIC_6191034.jpg,3,2,3,3,3
inference_data/milk10k/MILK10k_Training_Input/IL_7784987/ISIC_5863516.jpg,2,2,1,1,2
inference_data/milk10k/MILK10k_Training_Input/IL_7785689/ISIC_0800437.jpg,3,3,3,4,3
inference_data/milk10k/MILK10k_Training_Input/IL_7785689/ISIC_4626190.jpg,1,2,1,2,2
inference_data/milk10k/MILK10k_Training_Input/IL_7789479/ISIC_1330675.jpg,2,2,2,2,2
inference_data/milk10k/MILK10k_Training_Input/IL_7789479/ISIC_4482208.jpg,2,2,2,2,2
inference_data/milk10k/MILK10k_Training_Input/IL_7790192/ISIC_7499602.jpg,2,2,2,2,2
inference_data/milk10k/MILK10k_Training_Input/IL_7790192/ISIC_3547942.jpg,2,2,2,2,2
inference_data/milk10k/MILK10k_Training_Input/IL_7792502/ISIC_9096776.jpg,1,1,1,1,1
inference_data/milk10k/MILK10k_Training_Input/IL_7792502/ISIC_6168277.jpg,1,1,1,1,1
inference_data/milk10k/MILK10k_Training_Input/IL_7793730/ISIC_8311956.jpg,3,3,3,3,4
inference_data/milk10k/MILK10k_Training_Input/IL_7793730/ISIC_5135443.jpg,1,1,0,1,1
inference_data/milk10k/MILK10k_Training_Input/IL_7795758/ISIC_5780905.jpg,2,1,2,2,2
inference_data/milk10k/MILK10k_Training_Input/IL_7795758/ISIC_2048857.jpg,1,1,1,1,1
inference_data/milk10k/MILK10k_Training_Input/IL_7798447/ISIC_4021072.jpg,2,2,2,2,2
inference_data/milk10k/MILK10k_Training_Input/IL_7798447/ISIC_5795871.jpg,2,2,2,3,2
inference_data/milk10k/MILK10k_Training_Input/IL_7798468/ISIC_8982555.jpg,4,4,4,4,3
inference_data/milk10k/MILK10k_Training_Input/IL_7798468/ISIC_8731377.jpg,1,1,1,1,1
inference_data/milk10k/MILK10k_Training_Input/IL_7800799/ISIC_0800961.jpg,2,2,1,2,2
inference_data/milk10k/MILK10k_Training_Input/IL_7800799/ISIC_8710450.jpg,2,2,1,2,2
inference_data/milk10k/MILK10k_Training_Input/IL_7803371/ISIC_9198253.jpg,2,2,2,3,2
inference_data/milk10k/MILK10k_Training_Input/IL_7803371/ISIC_5584967.jpg,1,1,1,1,1
inference_data/milk10k/MILK10k_Training_Input/IL_7804656/ISIC_2376778.jpg,2,2,2,2,2
inference_data/milk10k/MILK10k_Training_Input/IL_7804656/ISIC_7000928.jpg,2,2,2,2,2
inference_data/milk10k/MILK10k_Training_Input/IL_7806060/ISIC_8139051.jpg,3,2,2,3,2
inference_data/milk10k/MILK10k_Training_Input/IL_7806060/ISIC_6176256.jpg,2,2,2,2,2
inference_data/milk10k/MILK10k_Training_Input/IL_7808577/ISIC_8216483.jpg,1,1,1,1,1
inference_data/milk10k/MILK10k_Training_Input/IL_7808577/ISIC_0460586.jpg,2,2,2,2,2
inference_data/milk10k/MILK10k_Training_Input/IL_7811339/ISIC_9022996.jpg,2,2,2,3,2
inference_data/milk10k/MILK10k_Training_Input/IL_7811339/ISIC_5000414.jpg,2,2,2,2,2
inference_data/milk10k/MILK10k_Training_Input/IL_7817244/ISIC_5620416.jpg,1,1,1,1,1
inference_data/milk10k/MILK10k_Training_Input/IL_7817244/ISIC_3277305.jpg,1,1,1,1,1
inference_data/milk10k/MILK10k_Training_Input/IL_7818452/ISIC_1476847.jpg,3,2,3,3,3
inference_data/milk10k/MILK10k_Training_Input/IL_7818452/ISIC_7701592.jpg,2,1,1,2,2
inference_data/milk10k/MILK10k_Training_Input/IL_7820661/ISIC_9098536.jpg,3,3,3,3,3
inference_data/milk10k/MILK10k_Training_Input/IL_7820661/ISIC_0184224.jpg,1,1,1,1,1
inference_data/milk10k/MILK10k_Training_Input/IL_7821260/ISIC_6242060.jpg,1,1,1,1,1
inference_data/milk10k/MILK10k_Training_Input/IL_7821260/ISIC_1156133.jpg,2,2,2,2,2
inference_data/milk10k/MILK10k_Training_Input/IL_7825634/ISIC_0313013.jpg,1,1,1,1,1
inference_data/milk10k/MILK10k_Training_Input/IL_7825634/ISIC_3673744.jpg,1,1,1,1,1
inference_data/milk10k/MILK10k_Training_Input/IL_7825676/ISIC_3248460.jpg,2,2,1,2,2
inference_data/milk10k/MILK10k_Training_Input/IL_7825676/ISIC_7381608.jpg,1,1,1,2,2
inference_data/milk10k/MILK10k_Training_Input/IL_7825697/ISIC_0671005.jpg,2,2,2,2,2
inference_data/milk10k/MILK10k_Training_Input/IL_7825697/ISIC_3396463.jpg,3,3,3,2,3
inference_data/milk10k/MILK10k_Training_Input/IL_7825787/ISIC_4940435.jpg,3,3,3,3,3
inference_data/milk10k/MILK10k_Training_Input/IL_7825787/ISIC_7072857.jpg,2,2,3,3,3
inference_data/milk10k/MILK10k_Training_Input/IL_7828194/ISIC_7956828.jpg,2,2,2,2,2
inference_data/milk10k/MILK10k_Training_Input/IL_7828194/ISIC_7939427.jpg,2,1,2,2,2
inference_data/milk10k/MILK10k_Training_Input/IL_7829784/ISIC_0144213.jpg,3,2,3,3,2
inference_data/milk10k/MILK10k_Training_Input/IL_7829784/ISIC_5792872.jpg,1,1,1,1,2
inference_data/milk10k/MILK10k_Training_Input/IL_7832293/ISIC_4672310.jpg,3,2,3,3,3
inference_data/milk10k/MILK10k_Training_Input/IL_7832293/ISIC_0378725.jpg,2,2,2,2,2
inference_data/milk10k/MILK10k_Training_Input/IL_7833782/ISIC_7889192.jpg,2,2,2,2,2
inference_data/milk10k/MILK10k_Training_Input/IL_7833782/ISIC_0772256.jpg,1,1,1,1,1
inference_data/milk10k/MILK10k_Training_Input/IL_7834176/ISIC_7117747.jpg,2,2,2,2,2
inference_data/milk10k/MILK10k_Training_Input/IL_7834176/ISIC_8843537.jpg,2,1,1,1,2
inference_data/milk10k/MILK10k_Training_Input/IL_7834539/ISIC_7368145.jpg,2,2,2,2,2
inference_data/milk10k/MILK10k_Training_Input/IL_7834539/ISIC_9669577.jpg,2,2,2,2,2
inference_data/milk10k/MILK10k_Training_Input/IL_7842588/ISIC_2345535.jpg,3,2,3,3,3
inference_data/milk10k/MILK10k_Training_Input/IL_7842588/ISIC_7629948.jpg,2,2,2,3,3
inference_data/milk10k/MILK10k_Training_Input/IL_7845840/ISIC_1173037.jpg,3,2,3,3,3
inference_data/milk10k/MILK10k_Training_Input/IL_7845840/ISIC_4489686.jpg,2,2,2,2,2
inference_data/milk10k/MILK10k_Training_Input/IL_7853523/ISIC_6934066.jpg,1,1,2,2,1
inference_data/milk10k/MILK10k_Training_Input/IL_7853523/ISIC_0575130.jpg,1,2,1,1,1
inference_data/milk10k/MILK10k_Training_Input/IL_7855473/ISIC_6919900.jpg,2,2,2,2,2
inference_data/milk10k/MILK10k_Training_Input/IL_7855473/ISIC_4051514.jpg,4,4,4,3,4
inference_data/milk10k/MILK10k_Training_Input/IL_7857682/ISIC_9693907.jpg,4,4,4,4,4
inference_data/milk10k/MILK10k_Training_Input/IL_7857682/ISIC_7384530.jpg,1,1,1,1,1
inference_data/milk10k/MILK10k_Training_Input/IL_7859476/ISIC_4362166.jpg,2,2,2,3,2
inference_data/milk10k/MILK10k_Training_Input/IL_7859476/ISIC_9569670.jpg,2,2,2,2,2
inference_data/milk10k/MILK10k_Training_Input/IL_7864220/ISIC_3532225.jpg,2,2,2,2,2
inference_data/milk10k/MILK10k_Training_Input/IL_7864220/ISIC_0644098.jpg,1,1,1,1,2
inference_data/milk10k/MILK10k_Training_Input/IL_7865284/ISIC_3439175.jpg,3,3,3,3,3
inference_data/milk10k/MILK10k_Training_Input/IL_7865284/ISIC_4869343.jpg,3,2,3,2,3
inference_data/milk10k/MILK10k_Training_Input/IL_7867833/ISIC_3220453.jpg,3,3,3,3,3
inference_data/milk10k/MILK10k_Training_Input/IL_7867833/ISIC_9268987.jpg,2,2,2,2,2
inference_data/milk10k/MILK10k_Training_Input/IL_7869579/ISIC_5632058.jpg,3,2,3,3,2
inference_data/milk10k/MILK10k_Training_Input/IL_7869579/ISIC_3473807.jpg,2,1,2,2,2
inference_data/milk10k/MILK10k_Training_Input/IL_7871086/ISIC_8046525.jpg,1,1,1,2,1
inference_data/milk10k/MILK10k_Training_Input/IL_7871086/ISIC_3644082.jpg,1,1,1,1,1
inference_data/milk10k/MILK10k_Training_Input/IL_7871549/ISIC_1536147.jpg,3,3,3,3,3
inference_data/milk10k/MILK10k_Training_Input/IL_7871549/ISIC_0195374.jpg,2,2,2,2,2
inference_data/milk10k/MILK10k_Training_Input/IL_7871814/ISIC_8669932.jpg,2,2,2,2,2
inference_data/milk10k/MILK10k_Training_Input/IL_7871814/ISIC_4438725.jpg,2,2,2,2,2
inference_data/milk10k/MILK10k_Training_Input/IL_7884218/ISIC_1226932.jpg,3,2,3,3,3
inference_data/milk10k/MILK10k_Training_Input/IL_7884218/ISIC_6190757.jpg,2,1,1,1,1
inference_data/milk10k/MILK10k_Training_Input/IL_7884893/ISIC_4860954.jpg,1,1,1,1,2
inference_data/milk10k/MILK10k_Training_Input/IL_7884893/ISIC_8183159.jpg,1,1,1,1,1
inference_data/milk10k/MILK10k_Training_Input/IL_7885027/ISIC_8292731.jpg,2,2,2,2,2
inference_data/milk10k/MILK10k_Training_Input/IL_7885027/ISIC_6486784.jpg,1,2,1,1,1
inference_data/milk10k/MILK10k_Training_Input/IL_7885037/ISIC_2458475.jpg,1,1,1,1,1
inference_data/milk10k/MILK10k_Training_Input/IL_7885037/ISIC_8774868.jpg,2,2,2,2,2
inference_data/milk10k/MILK10k_Training_Input/IL_7885179/ISIC_0278402.jpg,1,1,1,2,1
inference_data/milk10k/MILK10k_Training_Input/IL_7885179/ISIC_1154162.jpg,2,1,1,2,2
inference_data/milk10k/MILK10k_Training_Input/IL_7894375/ISIC_8851360.jpg,2,2,1,2,1
inference_data/milk10k/MILK10k_Training_Input/IL_7894375/ISIC_8021500.jpg,1,1,1,1,1
inference_data/milk10k/MILK10k_Training_Input/IL_7894470/ISIC_6861920.jpg,2,2,2,2,2
inference_data/milk10k/MILK10k_Training_Input/IL_7894470/ISIC_3368991.jpg,1,1,1,1,1
inference_data/milk10k/MILK10k_Training_Input/IL_7894855/ISIC_9528989.jpg,2,2,2,3,2
inference_data/milk10k/MILK10k_Training_Input/IL_7894855/ISIC_2215472.jpg,1,1,1,1,1
inference_data/milk10k/MILK10k_Training_Input/IL_7896547/ISIC_6587157.jpg,3,2,3,3,2
inference_data/milk10k/MILK10k_Training_Input/IL_7896547/ISIC_7859130.jpg,1,2,1,1,1
inference_data/milk10k/MILK10k_Training_Input/IL_7898098/ISIC_3584546.jpg,3,2,3,3,2
inference_data/milk10k/MILK10k_Training_Input/IL_7898098/ISIC_6368798.jpg,1,1,1,1,2
inference_data/milk10k/MILK10k_Training_Input/IL_7900127/ISIC_7268085.jpg,2,2,2,2,2
inference_data/milk10k/MILK10k_Training_Input/IL_7900127/ISIC_9216609.jpg,2,1,1,2,2
inference_data/milk10k/MILK10k_Training_Input/IL_7908482/ISIC_6521283.jpg,2,2,2,2,2
inference_data/milk10k/MILK10k_Training_Input/IL_7908482/ISIC_5798737.jpg,1,1,1,1,1
inference_data/milk10k/MILK10k_Training_Input/IL_7910174/ISIC_4308394.jpg,3,2,3,3,3
inference_data/milk10k/MILK10k_Training_Input/IL_7910174/ISIC_9390065.jpg,2,2,1,2,2
inference_data/milk10k/MILK10k_Training_Input/IL_7910339/ISIC_8479950.jpg,2,2,2,3,2
inference_data/milk10k/MILK10k_Training_Input/IL_7910339/ISIC_7936557.jpg,2,2,1,2,2
inference_data/milk10k/MILK10k_Training_Input/IL_7911942/ISIC_4057179.jpg,2,2,2,3,2
inference_data/milk10k/MILK10k_Training_Input/IL_7911942/ISIC_6013412.jpg,2,1,1,2,2
inference_data/milk10k/MILK10k_Training_Input/IL_7912330/ISIC_5620717.jpg,2,2,1,2,2
inference_data/milk10k/MILK10k_Training_Input/IL_7912330/ISIC_7241253.jpg,2,1,1,2,2
inference_data/milk10k/MILK10k_Training_Input/IL_7913171/ISIC_4226769.jpg,2,2,2,2,2
inference_data/milk10k/MILK10k_Training_Input/IL_7913171/ISIC_3877513.jpg,1,1,1,1,2
inference_data/milk10k/MILK10k_Training_Input/IL_7913818/ISIC_8366620.jpg,2,2,2,2,2
inference_data/milk10k/MILK10k_Training_Input/IL_7913818/ISIC_2601688.jpg,2,2,1,2,2
inference_data/milk10k/MILK10k_Training_Input/IL_7914458/ISIC_7155383.jpg,2,2,2,2,2
inference_data/milk10k/MILK10k_Training_Input/IL_7914458/ISIC_8776679.jpg,2,2,1,2,2
inference_data/milk10k/MILK10k_Training_Input/IL_7917334/ISIC_6544356.jpg,3,3,3,3,3
inference_data/milk10k/MILK10k_Training_Input/IL_7917334/ISIC_6383214.jpg,2,2,1,2,2
inference_data/milk10k/MILK10k_Training_Input/IL_7917895/ISIC_0703597.jpg,3,3,3,3,3
inference_data/milk10k/MILK10k_Training_Input/IL_7917895/ISIC_6545294.jpg,1,1,1,1,1
inference_data/milk10k/MILK10k_Training_Input/IL_7918230/ISIC_4471703.jpg,2,2,2,3,2
inference_data/milk10k/MILK10k_Training_Input/IL_7918230/ISIC_8082083.jpg,1,1,1,1,1
inference_data/milk10k/MILK10k_Training_Input/IL_7921375/ISIC_0118496.jpg,2,2,2,2,2
inference_data/milk10k/MILK10k_Training_Input/IL_7921375/ISIC_1130368.jpg,2,1,1,2,2
inference_data/milk10k/MILK10k_Training_Input/IL_7923672/ISIC_1844525.jpg,3,2,3,3,3
inference_data/milk10k/MILK10k_Training_Input/IL_7923672/ISIC_4349272.jpg,2,2,1,2,2
inference_data/milk10k/MILK10k_Training_Input/IL_7925495/ISIC_2887419.jpg,3,3,3,4,3
inference_data/milk10k/MILK10k_Training_Input/IL_7925495/ISIC_0330089.jpg,1,1,1,2,1
inference_data/milk10k/MILK10k_Training_Input/IL_7926291/ISIC_7005364.jpg,2,2,2,2,2
inference_data/milk10k/MILK10k_Training_Input/IL_7926291/ISIC_0858555.jpg,2,2,1,1,1
inference_data/milk10k/MILK10k_Training_Input/IL_7928790/ISIC_4034716.jpg,2,2,2,2,2
inference_data/milk10k/MILK10k_Training_Input/IL_7928790/ISIC_2731321.jpg,2,3,3,3,3
inference_data/milk10k/MILK10k_Training_Input/IL_7929294/ISIC_5588619.jpg,3,3,3,2,2
inference_data/milk10k/MILK10k_Training_Input/IL_7929294/ISIC_9129820.jpg,2,1,1,1,2
inference_data/milk10k/MILK10k_Training_Input/IL_7929942/ISIC_9240332.jpg,2,2,2,2,2
inference_data/milk10k/MILK10k_Training_Input/IL_7929942/ISIC_3412303.jpg,2,2,2,2,2
inference_data/milk10k/MILK10k_Training_Input/IL_7930944/ISIC_5197529.jpg,2,1,1,2,2
inference_data/milk10k/MILK10k_Training_Input/IL_7930944/ISIC_8981300.jpg,2,2,1,2,2
inference_data/milk10k/MILK10k_Training_Input/IL_7931283/ISIC_8000477.jpg,2,2,2,2,2
inference_data/milk10k/MILK10k_Training_Input/IL_7931283/ISIC_3360235.jpg,2,2,1,1,2
inference_data/milk10k/MILK10k_Training_Input/IL_7933617/ISIC_3269390.jpg,2,2,2,2,2
inference_data/milk10k/MILK10k_Training_Input/IL_7933617/ISIC_6662978.jpg,1,1,1,1,1
inference_data/milk10k/MILK10k_Training_Input/IL_7938649/ISIC_3817961.jpg,2,2,2,2,2
inference_data/milk10k/MILK10k_Training_Input/IL_7938649/ISIC_2380041.jpg,1,1,1,1,1
inference_data/milk10k/MILK10k_Training_Input/IL_7940585/ISIC_9206416.jpg,2,2,2,2,2
inference_data/milk10k/MILK10k_Training_Input/IL_7940585/ISIC_8766762.jpg,2,2,2,2,2
inference_data/milk10k/MILK10k_Training_Input/IL_7940673/ISIC_5466262.jpg,1,1,1,1,1
inference_data/milk10k/MILK10k_Training_Input/IL_7940673/ISIC_2926418.jpg,1,1,1,1,2
inference_data/milk10k/MILK10k_Training_Input/IL_7943219/ISIC_7876146.jpg,3,3,3,3,3
inference_data/milk10k/MILK10k_Training_Input/IL_7943219/ISIC_8356317.jpg,2,2,1,2,2
inference_data/milk10k/MILK10k_Training_Input/IL_7943940/ISIC_2080317.jpg,2,2,1,2,2
inference_data/milk10k/MILK10k_Training_Input/IL_7943940/ISIC_0979570.jpg,1,2,1,1,1
inference_data/milk10k/MILK10k_Training_Input/IL_7948272/ISIC_0501244.jpg,2,2,2,2,2
inference_data/milk10k/MILK10k_Training_Input/IL_7948272/ISIC_3501503.jpg,3,2,3,3,3
inference_data/milk10k/MILK10k_Training_Input/IL_7948300/ISIC_7325830.jpg,1,1,1,1,1
inference_data/milk10k/MILK10k_Training_Input/IL_7948300/ISIC_7953190.jpg,2,2,1,2,2
inference_data/milk10k/MILK10k_Training_Input/IL_7948883/ISIC_7304569.jpg,2,2,2,2,2
inference_data/milk10k/MILK10k_Training_Input/IL_7948883/ISIC_5933645.jpg,1,1,1,1,1
inference_data/milk10k/MILK10k_Training_Input/IL_7950923/ISIC_5156331.jpg,1,1,1,1,1
inference_data/milk10k/MILK10k_Training_Input/IL_7950923/ISIC_4827917.jpg,2,2,2,2,2
inference_data/milk10k/MILK10k_Training_Input/IL_7950940/ISIC_6580770.jpg,2,2,1,3,2
inference_data/milk10k/MILK10k_Training_Input/IL_7950940/ISIC_2231359.jpg,1,1,1,1,2
inference_data/milk10k/MILK10k_Training_Input/IL_7951071/ISIC_1749634.jpg,3,3,3,3,3
inference_data/milk10k/MILK10k_Training_Input/IL_7951071/ISIC_4985739.jpg,2,1,1,1,1
inference_data/milk10k/MILK10k_Training_Input/IL_7954262/ISIC_0784305.jpg,3,3,3,3,3
inference_data/milk10k/MILK10k_Training_Input/IL_7954262/ISIC_8154669.jpg,2,2,2,2,2
inference_data/milk10k/MILK10k_Training_Input/IL_7956522/ISIC_7775899.jpg,1,1,1,1,1
inference_data/milk10k/MILK10k_Training_Input/IL_7956522/ISIC_0242383.jpg,1,1,1,1,1
inference_data/milk10k/MILK10k_Training_Input/IL_7959059/ISIC_3573709.jpg,2,2,2,3,2
inference_data/milk10k/MILK10k_Training_Input/IL_7959059/ISIC_3917948.jpg,2,2,2,2,2
inference_data/milk10k/MILK10k_Training_Input/IL_7961320/ISIC_7947601.jpg,3,3,3,3,3
inference_data/milk10k/MILK10k_Training_Input/IL_7961320/ISIC_3275406.jpg,2,2,2,2,2
inference_data/milk10k/MILK10k_Training_Input/IL_7964998/ISIC_2897696.jpg,1,1,1,1,1
inference_data/milk10k/MILK10k_Training_Input/IL_7964998/ISIC_3943135.jpg,2,3,2,2,2
inference_data/milk10k/MILK10k_Training_Input/IL_7965758/ISIC_2134793.jpg,3,2,3,3,2
inference_data/milk10k/MILK10k_Training_Input/IL_7965758/ISIC_3487034.jpg,1,2,1,1,1
inference_data/milk10k/MILK10k_Training_Input/IL_7970033/ISIC_2153022.jpg,3,3,2,3,3
inference_data/milk10k/MILK10k_Training_Input/IL_7970033/ISIC_1597659.jpg,2,2,1,2,2
inference_data/milk10k/MILK10k_Training_Input/IL_7971648/ISIC_0336951.jpg,1,1,1,1,1
inference_data/milk10k/MILK10k_Training_Input/IL_7971648/ISIC_4859866.jpg,1,1,0,1,1
inference_data/milk10k/MILK10k_Training_Input/IL_7972003/ISIC_4752546.jpg,3,2,2,3,2
inference_data/milk10k/MILK10k_Training_Input/IL_7972003/ISIC_9710909.jpg,2,2,2,2,2
inference_data/milk10k/MILK10k_Training_Input/IL_7972965/ISIC_7283446.jpg,2,2,2,2,2
inference_data/milk10k/MILK10k_Training_Input/IL_7972965/ISIC_6990978.jpg,2,2,2,2,2
inference_data/milk10k/MILK10k_Training_Input/IL_7974370/ISIC_0893414.jpg,2,2,2,2,2
inference_data/milk10k/MILK10k_Training_Input/IL_7974370/ISIC_4337693.jpg,2,2,1,1,2
inference_data/milk10k/MILK10k_Training_Input/IL_7974565/ISIC_7216047.jpg,2,2,2,2,2
inference_data/milk10k/MILK10k_Training_Input/IL_7974565/ISIC_2354975.jpg,2,2,2,2,2
inference_data/milk10k/MILK10k_Training_Input/IL_7974648/ISIC_2094159.jpg,2,2,2,2,2
inference_data/milk10k/MILK10k_Training_Input/IL_7974648/ISIC_6990939.jpg,1,1,1,1,1
inference_data/milk10k/MILK10k_Training_Input/IL_7975142/ISIC_6537636.jpg,2,2,2,2,2
inference_data/milk10k/MILK10k_Training_Input/IL_7975142/ISIC_6421085.jpg,2,2,2,2,2
inference_data/milk10k/MILK10k_Training_Input/IL_7975365/ISIC_7767729.jpg,2,2,2,3,2
inference_data/milk10k/MILK10k_Training_Input/IL_7975365/ISIC_3140203.jpg,1,1,1,2,2
inference_data/milk10k/MILK10k_Training_Input/IL_7976710/ISIC_8457294.jpg,1,1,1,1,1
inference_data/milk10k/MILK10k_Training_Input/IL_7976710/ISIC_8883053.jpg,2,2,2,2,2
inference_data/milk10k/MILK10k_Training_Input/IL_7976753/ISIC_0853298.jpg,3,3,3,3,3
inference_data/milk10k/MILK10k_Training_Input/IL_7976753/ISIC_0583712.jpg,1,1,1,1,1
inference_data/milk10k/MILK10k_Training_Input/IL_7977795/ISIC_7423057.jpg,4,4,4,4,4
inference_data/milk10k/MILK10k_Training_Input/IL_7977795/ISIC_1502836.jpg,2,2,2,3,3
inference_data/milk10k/MILK10k_Training_Input/IL_7980891/ISIC_2533190.jpg,1,1,1,1,1
inference_data/milk10k/MILK10k_Training_Input/IL_7980891/ISIC_2748624.jpg,1,1,1,1,1
inference_data/milk10k/MILK10k_Training_Input/IL_7982097/ISIC_2415211.jpg,2,2,2,2,2
inference_data/milk10k/MILK10k_Training_Input/IL_7982097/ISIC_2078396.jpg,1,1,1,1,2
inference_data/milk10k/MILK10k_Training_Input/IL_7983668/ISIC_4791946.jpg,3,2,3,3,3
inference_data/milk10k/MILK10k_Training_Input/IL_7983668/ISIC_3750512.jpg,1,1,1,1,1
inference_data/milk10k/MILK10k_Training_Input/IL_7985046/ISIC_9890732.jpg,1,1,1,1,1
inference_data/milk10k/MILK10k_Training_Input/IL_7985046/ISIC_1276558.jpg,2,2,2,2,2
inference_data/milk10k/MILK10k_Training_Input/IL_7987633/ISIC_1448927.jpg,2,2,2,2,2
inference_data/milk10k/MILK10k_Training_Input/IL_7987633/ISIC_3518967.jpg,1,1,1,1,1
inference_data/milk10k/MILK10k_Training_Input/IL_7991885/ISIC_9105996.jpg,2,1,2,2,2
inference_data/milk10k/MILK10k_Training_Input/IL_7991885/ISIC_0546402.jpg,1,1,0,1,1
inference_data/milk10k/MILK10k_Training_Input/IL_7995949/ISIC_5135274.jpg,2,2,3,3,2
inference_data/milk10k/MILK10k_Training_Input/IL_7995949/ISIC_3540482.jpg,1,1,1,1,1
inference_data/milk10k/MILK10k_Training_Input/IL_7996799/ISIC_4371078.jpg,2,2,3,3,2
inference_data/milk10k/MILK10k_Training_Input/IL_7996799/ISIC_2542134.jpg,2,2,2,2,2
inference_data/milk10k/MILK10k_Training_Input/IL_7998645/ISIC_4712387.jpg,2,2,2,2,2
inference_data/milk10k/MILK10k_Training_Input/IL_7998645/ISIC_8223761.jpg,1,1,1,2,2
inference_data/milk10k/MILK10k_Training_Input/IL_8001896/ISIC_7650091.jpg,2,2,2,2,2
inference_data/milk10k/MILK10k_Training_Input/IL_8001896/ISIC_1242474.jpg,2,2,2,2,2
inference_data/milk10k/MILK10k_Training_Input/IL_8003176/ISIC_3914025.jpg,2,3,1,2,2
inference_data/milk10k/MILK10k_Training_Input/IL_8003176/ISIC_5399167.jpg,2,2,1,2,2
inference_data/milk10k/MILK10k_Training_Input/IL_8007348/ISIC_1286685.jpg,1,1,1,1,1
inference_data/milk10k/MILK10k_Training_Input/IL_8007348/ISIC_3762115.jpg,2,1,1,2,2
inference_data/milk10k/MILK10k_Training_Input/IL_8010976/ISIC_6571694.jpg,1,1,1,1,1
inference_data/milk10k/MILK10k_Training_Input/IL_8010976/ISIC_7409855.jpg,2,2,1,2,2
inference_data/milk10k/MILK10k_Training_Input/IL_8012177/ISIC_6319452.jpg,3,3,3,3,3
inference_data/milk10k/MILK10k_Training_Input/IL_8012177/ISIC_1010567.jpg,2,2,1,1,2
inference_data/milk10k/MILK10k_Training_Input/IL_8012977/ISIC_5479076.jpg,3,2,3,3,3
inference_data/milk10k/MILK10k_Training_Input/IL_8012977/ISIC_1136498.jpg,2,2,2,3,2
inference_data/milk10k/MILK10k_Training_Input/IL_8019185/ISIC_9139162.jpg,2,2,2,3,2
inference_data/milk10k/MILK10k_Training_Input/IL_8019185/ISIC_3187803.jpg,2,2,2,2,2
inference_data/milk10k/MILK10k_Training_Input/IL_8022084/ISIC_8782993.jpg,2,2,2,2,2
inference_data/milk10k/MILK10k_Training_Input/IL_8022084/ISIC_8356432.jpg,1,1,0,1,1
inference_data/milk10k/MILK10k_Training_Input/IL_8022344/ISIC_0976079.jpg,2,2,2,3,2
inference_data/milk10k/MILK10k_Training_Input/IL_8022344/ISIC_2735653.jpg,2,2,1,2,2
inference_data/milk10k/MILK10k_Training_Input/IL_8022515/ISIC_1367228.jpg,3,2,3,3,2
inference_data/milk10k/MILK10k_Training_Input/IL_8022515/ISIC_5362779.jpg,1,1,1,1,1
inference_data/milk10k/MILK10k_Training_Input/IL_8026752/ISIC_1672301.jpg,2,2,2,2,2
inference_data/milk10k/MILK10k_Training_Input/IL_8026752/ISIC_8314749.jpg,1,2,1,1,2
inference_data/milk10k/MILK10k_Training_Input/IL_8028208/ISIC_8012183.jpg,2,2,2,2,2
inference_data/milk10k/MILK10k_Training_Input/IL_8028208/ISIC_3011551.jpg,2,2,2,3,2
inference_data/milk10k/MILK10k_Training_Input/IL_8031669/ISIC_8917612.jpg,1,1,1,1,1
inference_data/milk10k/MILK10k_Training_Input/IL_8031669/ISIC_1239264.jpg,1,1,1,1,1
inference_data/milk10k/MILK10k_Training_Input/IL_8037743/ISIC_5440216.jpg,3,3,3,3,3
inference_data/milk10k/MILK10k_Training_Input/IL_8037743/ISIC_7560933.jpg,2,2,2,2,2
inference_data/milk10k/MILK10k_Training_Input/IL_8038373/ISIC_4652327.jpg,3,3,2,3,2
inference_data/milk10k/MILK10k_Training_Input/IL_8038373/ISIC_6290458.jpg,1,1,0,1,1
inference_data/milk10k/MILK10k_Training_Input/IL_8038657/ISIC_4345819.jpg,3,3,3,3,3
inference_data/milk10k/MILK10k_Training_Input/IL_8038657/ISIC_1019384.jpg,1,1,1,1,1
inference_data/milk10k/MILK10k_Training_Input/IL_8039087/ISIC_4613878.jpg,2,2,2,2,2
inference_data/milk10k/MILK10k_Training_Input/IL_8039087/ISIC_7023633.jpg,1,1,1,1,2
inference_data/milk10k/MILK10k_Training_Input/IL_8040999/ISIC_1091183.jpg,4,3,4,4,3
inference_data/milk10k/MILK10k_Training_Input/IL_8040999/ISIC_6551749.jpg,1,1,1,1,2
inference_data/milk10k/MILK10k_Training_Input/IL_8041079/ISIC_4941462.jpg,3,3,3,3,3
inference_data/milk10k/MILK10k_Training_Input/IL_8041079/ISIC_2701902.jpg,2,2,2,2,2
inference_data/milk10k/MILK10k_Training_Input/IL_8045895/ISIC_8385854.jpg,4,3,4,4,3
inference_data/milk10k/MILK10k_Training_Input/IL_8045895/ISIC_0703618.jpg,1,1,1,1,1
inference_data/milk10k/MILK10k_Training_Input/IL_8050386/ISIC_7291783.jpg,3,2,3,3,3
inference_data/milk10k/MILK10k_Training_Input/IL_8050386/ISIC_4252005.jpg,1,1,1,1,1
inference_data/milk10k/MILK10k_Training_Input/IL_8050939/ISIC_9276741.jpg,3,2,3,3,3
inference_data/milk10k/MILK10k_Training_Input/IL_8050939/ISIC_6287939.jpg,1,1,0,1,1
inference_data/milk10k/MILK10k_Training_Input/IL_8053107/ISIC_7925027.jpg,3,2,3,3,3
inference_data/milk10k/MILK10k_Training_Input/IL_8053107/ISIC_1420953.jpg,1,1,0,1,1
inference_data/milk10k/MILK10k_Training_Input/IL_8053912/ISIC_5686620.jpg,2,2,2,2,2
inference_data/milk10k/MILK10k_Training_Input/IL_8053912/ISIC_4357940.jpg,2,2,1,2,2
inference_data/milk10k/MILK10k_Training_Input/IL_8057179/ISIC_2118898.jpg,2,2,2,2,2
inference_data/milk10k/MILK10k_Training_Input/IL_8057179/ISIC_5451038.jpg,1,1,1,1,1
inference_data/milk10k/MILK10k_Training_Input/IL_8057950/ISIC_6136291.jpg,2,2,1,2,2
inference_data/milk10k/MILK10k_Training_Input/IL_8057950/ISIC_7776586.jpg,1,1,1,1,1
inference_data/milk10k/MILK10k_Training_Input/IL_8058486/ISIC_4007259.jpg,2,2,2,2,2
inference_data/milk10k/MILK10k_Training_Input/IL_8058486/ISIC_4980196.jpg,2,2,2,2,2
inference_data/milk10k/MILK10k_Training_Input/IL_8058935/ISIC_1772212.jpg,1,1,1,1,1
inference_data/milk10k/MILK10k_Training_Input/IL_8058935/ISIC_4315425.jpg,2,2,1,2,2
inference_data/milk10k/MILK10k_Training_Input/IL_8060725/ISIC_5121043.jpg,2,1,1,1,2
inference_data/milk10k/MILK10k_Training_Input/IL_8060725/ISIC_6241508.jpg,2,1,2,2,2
inference_data/milk10k/MILK10k_Training_Input/IL_8063074/ISIC_9100704.jpg,3,3,3,3,3
inference_data/milk10k/MILK10k_Training_Input/IL_8063074/ISIC_1482636.jpg,1,1,1,1,1
inference_data/milk10k/MILK10k_Training_Input/IL_8066484/ISIC_9614625.jpg,2,2,2,2,2
inference_data/milk10k/MILK10k_Training_Input/IL_8066484/ISIC_1716731.jpg,2,2,2,2,2
inference_data/milk10k/MILK10k_Training_Input/IL_8066973/ISIC_5841367.jpg,3,3,3,3,3
inference_data/milk10k/MILK10k_Training_Input/IL_8066973/ISIC_9132204.jpg,2,1,1,1,1
inference_data/milk10k/MILK10k_Training_Input/IL_8067499/ISIC_1262493.jpg,3,2,3,3,3
inference_data/milk10k/MILK10k_Training_Input/IL_8067499/ISIC_4901933.jpg,2,2,2,2,2
inference_data/milk10k/MILK10k_Training_Input/IL_8073547/ISIC_1348618.jpg,2,2,2,2,2
inference_data/milk10k/MILK10k_Training_Input/IL_8073547/ISIC_2655730.jpg,1,1,0,1,1
inference_data/milk10k/MILK10k_Training_Input/IL_8074133/ISIC_6598962.jpg,1,2,1,2,1
inference_data/milk10k/MILK10k_Training_Input/IL_8074133/ISIC_5634823.jpg,2,2,1,1,2
inference_data/milk10k/MILK10k_Training_Input/IL_8075238/ISIC_0159683.jpg,2,2,1,2,2
inference_data/milk10k/MILK10k_Training_Input/IL_8075238/ISIC_1085608.jpg,2,2,1,2,2
inference_data/milk10k/MILK10k_Training_Input/IL_8077047/ISIC_9756261.jpg,2,2,2,2,2
inference_data/milk10k/MILK10k_Training_Input/IL_8077047/ISIC_9491707.jpg,1,2,1,2,2
inference_data/milk10k/MILK10k_Training_Input/IL_8079402/ISIC_2224879.jpg,3,2,3,3,3
inference_data/milk10k/MILK10k_Training_Input/IL_8079402/ISIC_9599992.jpg,2,2,2,2,2
inference_data/milk10k/MILK10k_Training_Input/IL_8083531/ISIC_3083566.jpg,2,2,3,3,2
inference_data/milk10k/MILK10k_Training_Input/IL_8083531/ISIC_3628532.jpg,2,2,1,2,2
inference_data/milk10k/MILK10k_Training_Input/IL_8089688/ISIC_6465943.jpg,2,2,2,3,2
inference_data/milk10k/MILK10k_Training_Input/IL_8089688/ISIC_0076255.jpg,3,2,3,3,2
inference_data/milk10k/MILK10k_Training_Input/IL_8091560/ISIC_4841357.jpg,3,3,2,3,2
inference_data/milk10k/MILK10k_Training_Input/IL_8091560/ISIC_8367084.jpg,2,3,3,3,2
inference_data/milk10k/MILK10k_Training_Input/IL_8093153/ISIC_3198901.jpg,2,2,1,2,2
inference_data/milk10k/MILK10k_Training_Input/IL_8093153/ISIC_1305247.jpg,2,2,2,2,2
inference_data/milk10k/MILK10k_Training_Input/IL_8095126/ISIC_0153470.jpg,3,3,3,3,3
inference_data/milk10k/MILK10k_Training_Input/IL_8095126/ISIC_6634769.jpg,1,1,0,1,1
inference_data/milk10k/MILK10k_Training_Input/IL_8098270/ISIC_8858231.jpg,3,2,3,3,2
inference_data/milk10k/MILK10k_Training_Input/IL_8098270/ISIC_6775663.jpg,2,2,2,2,2
inference_data/milk10k/MILK10k_Training_Input/IL_8099275/ISIC_1820134.jpg,2,2,2,2,2
inference_data/milk10k/MILK10k_Training_Input/IL_8099275/ISIC_0165198.jpg,1,1,1,1,1
inference_data/milk10k/MILK10k_Training_Input/IL_8102879/ISIC_9261403.jpg,2,2,3,3,2
inference_data/milk10k/MILK10k_Training_Input/IL_8102879/ISIC_3434316.jpg,2,2,1,2,2
inference_data/milk10k/MILK10k_Training_Input/IL_8106703/ISIC_0333650.jpg,3,2,2,3,2
inference_data/milk10k/MILK10k_Training_Input/IL_8106703/ISIC_6833525.jpg,1,2,1,1,2
inference_data/milk10k/MILK10k_Training_Input/IL_8107077/ISIC_5340961.jpg,3,3,3,3,3
inference_data/milk10k/MILK10k_Training_Input/IL_8107077/ISIC_9365663.jpg,2,2,1,2,2
inference_data/milk10k/MILK10k_Training_Input/IL_8108938/ISIC_3461504.jpg,2,2,2,2,2
inference_data/milk10k/MILK10k_Training_Input/IL_8108938/ISIC_7351010.jpg,2,1,1,2,2
inference_data/milk10k/MILK10k_Training_Input/IL_8109861/ISIC_6597735.jpg,3,2,3,3,3
inference_data/milk10k/MILK10k_Training_Input/IL_8109861/ISIC_7480455.jpg,1,1,1,1,2
inference_data/milk10k/MILK10k_Training_Input/IL_8110471/ISIC_0657859.jpg,1,1,1,1,1
inference_data/milk10k/MILK10k_Training_Input/IL_8110471/ISIC_4247695.jpg,2,3,2,2,2
inference_data/milk10k/MILK10k_Training_Input/IL_8111694/ISIC_3962666.jpg,2,2,2,3,2
inference_data/milk10k/MILK10k_Training_Input/IL_8111694/ISIC_9206516.jpg,1,1,1,1,1
inference_data/milk10k/MILK10k_Training_Input/IL_8113008/ISIC_9966328.jpg,2,2,2,2,2
inference_data/milk10k/MILK10k_Training_Input/IL_8113008/ISIC_0474474.jpg,1,1,1,1,1
inference_data/milk10k/MILK10k_Training_Input/IL_8114949/ISIC_9951312.jpg,3,2,3,3,2
inference_data/milk10k/MILK10k_Training_Input/IL_8114949/ISIC_7334939.jpg,1,1,1,1,1
inference_data/milk10k/MILK10k_Training_Input/IL_8115579/ISIC_4642078.jpg,3,3,3,3,3
inference_data/milk10k/MILK10k_Training_Input/IL_8115579/ISIC_4225650.jpg,1,1,1,1,1
inference_data/milk10k/MILK10k_Training_Input/IL_8116058/ISIC_2167765.jpg,2,2,2,3,2
inference_data/milk10k/MILK10k_Training_Input/IL_8116058/ISIC_4194168.jpg,2,2,1,2,2
inference_data/milk10k/MILK10k_Training_Input/IL_8118311/ISIC_5574831.jpg,2,2,2,3,2
inference_data/milk10k/MILK10k_Training_Input/IL_8118311/ISIC_0376931.jpg,1,1,1,1,1
inference_data/milk10k/MILK10k_Training_Input/IL_8122429/ISIC_6469131.jpg,3,3,3,3,3
inference_data/milk10k/MILK10k_Training_Input/IL_8122429/ISIC_3464724.jpg,2,2,2,2,2
inference_data/milk10k/MILK10k_Training_Input/IL_8124178/ISIC_2489023.jpg,3,2,3,4,3
inference_data/milk10k/MILK10k_Training_Input/IL_8124178/ISIC_5380715.jpg,2,2,2,2,2
inference_data/milk10k/MILK10k_Training_Input/IL_8124925/ISIC_2184033.jpg,3,2,3,3,3
inference_data/milk10k/MILK10k_Training_Input/IL_8124925/ISIC_9483103.jpg,1,1,1,1,1
inference_data/milk10k/MILK10k_Training_Input/IL_8126491/ISIC_6933675.jpg,3,3,3,3,3
inference_data/milk10k/MILK10k_Training_Input/IL_8126491/ISIC_4566874.jpg,1,1,1,1,1
inference_data/milk10k/MILK10k_Training_Input/IL_8129688/ISIC_1566328.jpg,2,2,3,3,3
inference_data/milk10k/MILK10k_Training_Input/IL_8129688/ISIC_4347789.jpg,1,1,1,1,1
inference_data/milk10k/MILK10k_Training_Input/IL_8142013/ISIC_8441087.jpg,3,2,3,3,3
inference_data/milk10k/MILK10k_Training_Input/IL_8142013/ISIC_7917060.jpg,1,1,1,1,1
inference_data/milk10k/MILK10k_Training_Input/IL_8142572/ISIC_4058425.jpg,3,3,3,3,3
inference_data/milk10k/MILK10k_Training_Input/IL_8142572/ISIC_5294377.jpg,1,2,1,1,2
inference_data/milk10k/MILK10k_Training_Input/IL_8145813/ISIC_1728615.jpg,2,2,2,2,2
inference_data/milk10k/MILK10k_Training_Input/IL_8145813/ISIC_4956012.jpg,1,1,1,1,1
inference_data/milk10k/MILK10k_Training_Input/IL_8147513/ISIC_7396327.jpg,3,2,3,3,3
inference_data/milk10k/MILK10k_Training_Input/IL_8147513/ISIC_5754710.jpg,2,2,2,2,2
inference_data/milk10k/MILK10k_Training_Input/IL_8148828/ISIC_4842094.jpg,1,1,1,1,1
inference_data/milk10k/MILK10k_Training_Input/IL_8148828/ISIC_4485409.jpg,1,1,1,1,1
inference_data/milk10k/MILK10k_Training_Input/IL_8151298/ISIC_3094384.jpg,3,2,3,3,2
inference_data/milk10k/MILK10k_Training_Input/IL_8151298/ISIC_4325605.jpg,2,2,2,1,2
inference_data/milk10k/MILK10k_Training_Input/IL_8154017/ISIC_2148280.jpg,2,2,2,2,2
inference_data/milk10k/MILK10k_Training_Input/IL_8154017/ISIC_1901457.jpg,2,2,2,2,3
inference_data/milk10k/MILK10k_Training_Input/IL_8154885/ISIC_6608996.jpg,2,2,2,3,2
inference_data/milk10k/MILK10k_Training_Input/IL_8154885/ISIC_4554471.jpg,2,2,1,2,2
inference_data/milk10k/MILK10k_Training_Input/IL_8157640/ISIC_2439277.jpg,2,1,2,2,2
inference_data/milk10k/MILK10k_Training_Input/IL_8157640/ISIC_3147082.jpg,2,1,1,2,2
inference_data/milk10k/MILK10k_Training_Input/IL_8158343/ISIC_8350291.jpg,3,2,3,3,3
inference_data/milk10k/MILK10k_Training_Input/IL_8158343/ISIC_6690222.jpg,1,1,1,1,1
inference_data/milk10k/MILK10k_Training_Input/IL_8158489/ISIC_6492760.jpg,1,1,1,2,1
inference_data/milk10k/MILK10k_Training_Input/IL_8158489/ISIC_2399021.jpg,2,1,2,2,2
inference_data/milk10k/MILK10k_Training_Input/IL_8160690/ISIC_5722425.jpg,1,2,1,2,1
inference_data/milk10k/MILK10k_Training_Input/IL_8160690/ISIC_6038731.jpg,1,2,1,2,2
inference_data/milk10k/MILK10k_Training_Input/IL_8160773/ISIC_9735329.jpg,3,2,3,3,2
inference_data/milk10k/MILK10k_Training_Input/IL_8160773/ISIC_5381632.jpg,1,1,2,2,2
inference_data/milk10k/MILK10k_Training_Input/IL_8162391/ISIC_9177146.jpg,2,2,2,2,2
inference_data/milk10k/MILK10k_Training_Input/IL_8162391/ISIC_2718301.jpg,2,2,1,2,2
inference_data/milk10k/MILK10k_Training_Input/IL_8165717/ISIC_5246163.jpg,2,2,2,2,2
inference_data/milk10k/MILK10k_Training_Input/IL_8165717/ISIC_3685267.jpg,1,1,0,1,1
inference_data/milk10k/MILK10k_Training_Input/IL_8166826/ISIC_9546496.jpg,1,1,1,1,1
inference_data/milk10k/MILK10k_Training_Input/IL_8166826/ISIC_0416055.jpg,1,1,1,1,1
inference_data/milk10k/MILK10k_Training_Input/IL_8168935/ISIC_3284065.jpg,3,2,3,3,3
inference_data/milk10k/MILK10k_Training_Input/IL_8168935/ISIC_7901805.jpg,1,1,1,1,1
inference_data/milk10k/MILK10k_Training_Input/IL_8169516/ISIC_2031186.jpg,2,2,2,2,2
inference_data/milk10k/MILK10k_Training_Input/IL_8169516/ISIC_9276884.jpg,1,1,1,1,1
inference_data/milk10k/MILK10k_Training_Input/IL_8170554/ISIC_5579782.jpg,2,2,2,3,2
inference_data/milk10k/MILK10k_Training_Input/IL_8170554/ISIC_4527478.jpg,1,1,1,2,2
inference_data/milk10k/MILK10k_Training_Input/IL_8171092/ISIC_7090643.jpg,1,1,1,1,1
inference_data/milk10k/MILK10k_Training_Input/IL_8171092/ISIC_7116818.jpg,1,1,1,1,1
inference_data/milk10k/MILK10k_Training_Input/IL_8173383/ISIC_1630601.jpg,2,2,2,2,1
inference_data/milk10k/MILK10k_Training_Input/IL_8173383/ISIC_6689453.jpg,1,1,1,1,1
inference_data/milk10k/MILK10k_Training_Input/IL_8173942/ISIC_4971911.jpg,2,2,2,2,2
inference_data/milk10k/MILK10k_Training_Input/IL_8173942/ISIC_9890480.jpg,2,2,1,2,2
inference_data/milk10k/MILK10k_Training_Input/IL_8175900/ISIC_9078579.jpg,1,1,1,1,1
inference_data/milk10k/MILK10k_Training_Input/IL_8175900/ISIC_1212608.jpg,1,1,1,1,1
inference_data/milk10k/MILK10k_Training_Input/IL_8177538/ISIC_1948930.jpg,4,4,4,4,4
inference_data/milk10k/MILK10k_Training_Input/IL_8177538/ISIC_2027374.jpg,3,3,3,3,3
inference_data/milk10k/MILK10k_Training_Input/IL_8179486/ISIC_7637914.jpg,1,1,1,2,1
inference_data/milk10k/MILK10k_Training_Input/IL_8179486/ISIC_9501224.jpg,1,1,1,2,2
inference_data/milk10k/MILK10k_Training_Input/IL_8185801/ISIC_9272970.jpg,3,3,3,3,3
inference_data/milk10k/MILK10k_Training_Input/IL_8185801/ISIC_7375960.jpg,2,2,2,1,2
inference_data/milk10k/MILK10k_Training_Input/IL_8186190/ISIC_1411639.jpg,2,2,2,2,2
inference_data/milk10k/MILK10k_Training_Input/IL_8186190/ISIC_4093606.jpg,2,2,2,2,2
inference_data/milk10k/MILK10k_Training_Input/IL_8187329/ISIC_4206533.jpg,3,2,3,3,2
inference_data/milk10k/MILK10k_Training_Input/IL_8187329/ISIC_7826908.jpg,1,1,1,1,1
inference_data/milk10k/MILK10k_Training_Input/IL_8188380/ISIC_3318403.jpg,3,2,3,3,3
inference_data/milk10k/MILK10k_Training_Input/IL_8188380/ISIC_1816917.jpg,1,1,1,1,2
inference_data/milk10k/MILK10k_Training_Input/IL_8190930/ISIC_0415024.jpg,3,2,3,3,3
inference_data/milk10k/MILK10k_Training_Input/IL_8190930/ISIC_7819126.jpg,2,2,2,2,2
inference_data/milk10k/MILK10k_Training_Input/IL_8193410/ISIC_7913691.jpg,2,2,2,2,2
inference_data/milk10k/MILK10k_Training_Input/IL_8193410/ISIC_5483293.jpg,1,1,1,1,1
inference_data/milk10k/MILK10k_Training_Input/IL_8193590/ISIC_4254329.jpg,3,3,3,3,3
inference_data/milk10k/MILK10k_Training_Input/IL_8193590/ISIC_3396860.jpg,2,2,2,2,2
inference_data/milk10k/MILK10k_Training_Input/IL_8193835/ISIC_1025034.jpg,2,2,1,2,2
inference_data/milk10k/MILK10k_Training_Input/IL_8193835/ISIC_0921779.jpg,3,3,2,3,3
inference_data/milk10k/MILK10k_Training_Input/IL_8194145/ISIC_1442874.jpg,3,3,4,4,4
inference_data/milk10k/MILK10k_Training_Input/IL_8194145/ISIC_9541448.jpg,1,1,1,1,1
inference_data/milk10k/MILK10k_Training_Input/IL_8194852/ISIC_8563004.jpg,3,2,2,3,2
inference_data/milk10k/MILK10k_Training_Input/IL_8194852/ISIC_2161394.jpg,1,1,1,1,1
inference_data/milk10k/MILK10k_Training_Input/IL_8200270/ISIC_4323711.jpg,2,2,2,2,2
inference_data/milk10k/MILK10k_Training_Input/IL_8200270/ISIC_3570541.jpg,1,1,1,1,1
inference_data/milk10k/MILK10k_Training_Input/IL_8200378/ISIC_7943464.jpg,3,3,3,3,3
inference_data/milk10k/MILK10k_Training_Input/IL_8200378/ISIC_0381744.jpg,4,4,4,4,4
inference_data/milk10k/MILK10k_Training_Input/IL_8204669/ISIC_6803790.jpg,2,2,2,2,2
inference_data/milk10k/MILK10k_Training_Input/IL_8204669/ISIC_0414164.jpg,2,2,2,2,2
inference_data/milk10k/MILK10k_Training_Input/IL_8205824/ISIC_1503289.jpg,2,2,2,2,2
inference_data/milk10k/MILK10k_Training_Input/IL_8205824/ISIC_5785135.jpg,1,1,0,1,1
inference_data/milk10k/MILK10k_Training_Input/IL_8208194/ISIC_7920017.jpg,2,2,2,2,2
inference_data/milk10k/MILK10k_Training_Input/IL_8208194/ISIC_8863147.jpg,1,1,1,1,1
inference_data/milk10k/MILK10k_Training_Input/IL_8209280/ISIC_9134607.jpg,4,3,4,4,3
inference_data/milk10k/MILK10k_Training_Input/IL_8209280/ISIC_3705057.jpg,1,1,1,1,1
inference_data/milk10k/MILK10k_Training_Input/IL_8211957/ISIC_1534516.jpg,2,2,2,2,2
inference_data/milk10k/MILK10k_Training_Input/IL_8211957/ISIC_4605939.jpg,1,1,1,2,2
inference_data/milk10k/MILK10k_Training_Input/IL_8212367/ISIC_5678929.jpg,3,3,3,3,3
inference_data/milk10k/MILK10k_Training_Input/IL_8212367/ISIC_1884126.jpg,2,2,2,2,2
inference_data/milk10k/MILK10k_Training_Input/IL_8212938/ISIC_9871721.jpg,1,1,1,2,1
inference_data/milk10k/MILK10k_Training_Input/IL_8212938/ISIC_1121645.jpg,1,2,1,1,1
inference_data/milk10k/MILK10k_Training_Input/IL_8219054/ISIC_4915601.jpg,1,1,1,1,1
inference_data/milk10k/MILK10k_Training_Input/IL_8219054/ISIC_7943627.jpg,2,2,2,2,2
inference_data/milk10k/MILK10k_Training_Input/IL_8224521/ISIC_1428662.jpg,3,3,3,3,2
inference_data/milk10k/MILK10k_Training_Input/IL_8224521/ISIC_3265655.jpg,3,3,4,4,3
inference_data/milk10k/MILK10k_Training_Input/IL_8225766/ISIC_8668469.jpg,3,3,3,3,3
inference_data/milk10k/MILK10k_Training_Input/IL_8225766/ISIC_6940478.jpg,2,2,2,2,2
inference_data/milk10k/MILK10k_Training_Input/IL_8225974/ISIC_7914809.jpg,2,1,1,2,2
inference_data/milk10k/MILK10k_Training_Input/IL_8225974/ISIC_8793565.jpg,1,2,1,2,2
inference_data/milk10k/MILK10k_Training_Input/IL_8229395/ISIC_6486344.jpg,1,1,1,1,1
inference_data/milk10k/MILK10k_Training_Input/IL_8229395/ISIC_7643593.jpg,2,2,2,1,2
inference_data/milk10k/MILK10k_Training_Input/IL_8229749/ISIC_4162103.jpg,1,1,1,1,1
inference_data/milk10k/MILK10k_Training_Input/IL_8229749/ISIC_6538645.jpg,1,1,1,1,2
inference_data/milk10k/MILK10k_Training_Input/IL_8231920/ISIC_5580645.jpg,3,3,3,3,3
inference_data/milk10k/MILK10k_Training_Input/IL_8231920/ISIC_1693712.jpg,1,1,1,2,2
inference_data/milk10k/MILK10k_Training_Input/IL_8233032/ISIC_3456765.jpg,3,3,3,3,3
inference_data/milk10k/MILK10k_Training_Input/IL_8233032/ISIC_0528832.jpg,0,1,0,1,1
inference_data/milk10k/MILK10k_Training_Input/IL_8240105/ISIC_6391608.jpg,3,2,3,3,3
inference_data/milk10k/MILK10k_Training_Input/IL_8240105/ISIC_7902747.jpg,1,1,1,1,1
inference_data/milk10k/MILK10k_Training_Input/IL_8240829/ISIC_6578156.jpg,2,2,2,2,2
inference_data/milk10k/MILK10k_Training_Input/IL_8240829/ISIC_3211851.jpg,1,2,1,2,2
inference_data/milk10k/MILK10k_Training_Input/IL_8244033/ISIC_9197238.jpg,3,2,3,3,3
inference_data/milk10k/MILK10k_Training_Input/IL_8244033/ISIC_2120971.jpg,3,3,3,3,3
inference_data/milk10k/MILK10k_Training_Input/IL_8244074/ISIC_0576611.jpg,2,2,2,2,2
inference_data/milk10k/MILK10k_Training_Input/IL_8244074/ISIC_6114177.jpg,2,2,1,2,2
inference_data/milk10k/MILK10k_Training_Input/IL_8247508/ISIC_7375111.jpg,1,1,1,1,1
inference_data/milk10k/MILK10k_Training_Input/IL_8247508/ISIC_4924775.jpg,2,2,2,2,2
inference_data/milk10k/MILK10k_Training_Input/IL_8247723/ISIC_1035863.jpg,3,3,3,3,3
inference_data/milk10k/MILK10k_Training_Input/IL_8247723/ISIC_0846856.jpg,2,1,2,2,2
inference_data/milk10k/MILK10k_Training_Input/IL_8248912/ISIC_6795403.jpg,3,3,3,4,3
inference_data/milk10k/MILK10k_Training_Input/IL_8248912/ISIC_5446350.jpg,2,2,1,2,2
inference_data/milk10k/MILK10k_Training_Input/IL_8249685/ISIC_4471978.jpg,2,2,2,2,2
inference_data/milk10k/MILK10k_Training_Input/IL_8249685/ISIC_4389754.jpg,2,2,2,2,2
inference_data/milk10k/MILK10k_Training_Input/IL_8252843/ISIC_0957094.jpg,2,1,2,2,2
inference_data/milk10k/MILK10k_Training_Input/IL_8252843/ISIC_5398396.jpg,1,1,1,1,1
inference_data/milk10k/MILK10k_Training_Input/IL_8255338/ISIC_5043276.jpg,1,1,1,1,1
inference_data/milk10k/MILK10k_Training_Input/IL_8255338/ISIC_9488743.jpg,1,1,1,1,1
inference_data/milk10k/MILK10k_Training_Input/IL_8256176/ISIC_9225788.jpg,3,2,3,3,2
inference_data/milk10k/MILK10k_Training_Input/IL_8256176/ISIC_9147502.jpg,1,1,1,1,2
inference_data/milk10k/MILK10k_Training_Input/IL_8256503/ISIC_6568898.jpg,3,2,3,3,3
inference_data/milk10k/MILK10k_Training_Input/IL_8256503/ISIC_0960754.jpg,1,1,1,1,1
inference_data/milk10k/MILK10k_Training_Input/IL_8258563/ISIC_2346672.jpg,2,2,2,2,2
inference_data/milk10k/MILK10k_Training_Input/IL_8258563/ISIC_8472745.jpg,1,1,1,1,1
inference_data/milk10k/MILK10k_Training_Input/IL_8259171/ISIC_0388843.jpg,3,3,3,3,3
inference_data/milk10k/MILK10k_Training_Input/IL_8259171/ISIC_3911179.jpg,1,1,1,1,1
inference_data/milk10k/MILK10k_Training_Input/IL_8262115/ISIC_2785273.jpg,1,1,1,1,1
inference_data/milk10k/MILK10k_Training_Input/IL_8262115/ISIC_5804522.jpg,1,1,1,1,1
inference_data/milk10k/MILK10k_Training_Input/IL_8262474/ISIC_5128167.jpg,3,3,3,3,3
inference_data/milk10k/MILK10k_Training_Input/IL_8262474/ISIC_1285744.jpg,2,2,1,2,2
inference_data/milk10k/MILK10k_Training_Input/IL_8264296/ISIC_6629742.jpg,3,2,3,3,3
inference_data/milk10k/MILK10k_Training_Input/IL_8264296/ISIC_5998955.jpg,1,1,1,1,1
inference_data/milk10k/MILK10k_Training_Input/IL_8266229/ISIC_5152130.jpg,2,2,3,3,3
inference_data/milk10k/MILK10k_Training_Input/IL_8266229/ISIC_1894633.jpg,1,1,1,1,1
inference_data/milk10k/MILK10k_Training_Input/IL_8266554/ISIC_4022680.jpg,3,2,3,3,2
inference_data/milk10k/MILK10k_Training_Input/IL_8266554/ISIC_0660859.jpg,1,2,1,2,2
inference_data/milk10k/MILK10k_Training_Input/IL_8268920/ISIC_7733749.jpg,2,3,2,3,2
inference_data/milk10k/MILK10k_Training_Input/IL_8268920/ISIC_7869346.jpg,1,1,1,1,1
inference_data/milk10k/MILK10k_Training_Input/IL_8270220/ISIC_6477645.jpg,3,2,3,3,3
inference_data/milk10k/MILK10k_Training_Input/IL_8270220/ISIC_3312778.jpg,2,2,2,2,2
inference_data/milk10k/MILK10k_Training_Input/IL_8270942/ISIC_3844756.jpg,3,2,2,3,2
inference_data/milk10k/MILK10k_Training_Input/IL_8270942/ISIC_0546389.jpg,2,2,2,2,2
inference_data/milk10k/MILK10k_Training_Input/IL_8273782/ISIC_3140817.jpg,1,1,1,2,2
inference_data/milk10k/MILK10k_Training_Input/IL_8273782/ISIC_9540789.jpg,1,1,1,1,1
inference_data/milk10k/MILK10k_Training_Input/IL_8275439/ISIC_2213095.jpg,2,2,1,1,1
inference_data/milk10k/MILK10k_Training_Input/IL_8275439/ISIC_0743648.jpg,2,2,2,2,2
inference_data/milk10k/MILK10k_Training_Input/IL_8277496/ISIC_6476734.jpg,2,2,2,2,2
inference_data/milk10k/MILK10k_Training_Input/IL_8277496/ISIC_4933345.jpg,1,1,1,1,1
inference_data/milk10k/MILK10k_Training_Input/IL_8277688/ISIC_7546528.jpg,2,2,2,3,2
inference_data/milk10k/MILK10k_Training_Input/IL_8277688/ISIC_1222561.jpg,1,1,1,1,1
inference_data/milk10k/MILK10k_Training_Input/IL_8280517/ISIC_1659815.jpg,3,3,3,3,3
inference_data/milk10k/MILK10k_Training_Input/IL_8280517/ISIC_4951972.jpg,2,2,2,2,2
inference_data/milk10k/MILK10k_Training_Input/IL_8280553/ISIC_1134411.jpg,2,2,2,3,2
inference_data/milk10k/MILK10k_Training_Input/IL_8280553/ISIC_7343701.jpg,2,1,1,1,2
inference_data/milk10k/MILK10k_Training_Input/IL_8282831/ISIC_0411343.jpg,2,2,2,2,2
inference_data/milk10k/MILK10k_Training_Input/IL_8282831/ISIC_6252442.jpg,1,2,1,1,2
inference_data/milk10k/MILK10k_Training_Input/IL_8283182/ISIC_7143220.jpg,2,2,2,2,2
inference_data/milk10k/MILK10k_Training_Input/IL_8283182/ISIC_7235077.jpg,1,1,1,1,1
inference_data/milk10k/MILK10k_Training_Input/IL_8283789/ISIC_9426194.jpg,3,2,3,3,2
inference_data/milk10k/MILK10k_Training_Input/IL_8283789/ISIC_6085286.jpg,1,1,1,1,1
inference_data/milk10k/MILK10k_Training_Input/IL_8293673/ISIC_3884851.jpg,2,2,2,2,2
inference_data/milk10k/MILK10k_Training_Input/IL_8293673/ISIC_5818083.jpg,1,1,0,1,1
inference_data/milk10k/MILK10k_Training_Input/IL_8296810/ISIC_1179663.jpg,1,1,1,1,1
inference_data/milk10k/MILK10k_Training_Input/IL_8296810/ISIC_3721391.jpg,1,1,0,1,1
inference_data/milk10k/MILK10k_Training_Input/IL_8296856/ISIC_6814138.jpg,3,3,3,3,3
inference_data/milk10k/MILK10k_Training_Input/IL_8296856/ISIC_6053581.jpg,0,0,0,0,0
inference_data/milk10k/MILK10k_Training_Input/IL_8297781/ISIC_4741777.jpg,2,2,2,3,2
inference_data/milk10k/MILK10k_Training_Input/IL_8297781/ISIC_9017680.jpg,1,1,1,1,1
inference_data/milk10k/MILK10k_Training_Input/IL_8299819/ISIC_0396597.jpg,2,2,2,2,2
inference_data/milk10k/MILK10k_Training_Input/IL_8299819/ISIC_6616937.jpg,2,2,2,2,2
inference_data/milk10k/MILK10k_Training_Input/IL_8299978/ISIC_0108357.jpg,2,2,2,2,2
inference_data/milk10k/MILK10k_Training_Input/IL_8299978/ISIC_8873365.jpg,3,3,3,3,3
inference_data/milk10k/MILK10k_Training_Input/IL_8301867/ISIC_5330823.jpg,2,2,2,3,2
inference_data/milk10k/MILK10k_Training_Input/IL_8301867/ISIC_9390488.jpg,1,1,2,2,2
inference_data/milk10k/MILK10k_Training_Input/IL_8312366/ISIC_8563013.jpg,3,2,2,3,2
inference_data/milk10k/MILK10k_Training_Input/IL_8312366/ISIC_4955912.jpg,2,2,2,2,2
inference_data/milk10k/MILK10k_Training_Input/IL_8312438/ISIC_3656292.jpg,1,1,1,1,1
inference_data/milk10k/MILK10k_Training_Input/IL_8312438/ISIC_8244439.jpg,1,1,1,1,1
inference_data/milk10k/MILK10k_Training_Input/IL_8312956/ISIC_1784261.jpg,2,2,2,3,2
inference_data/milk10k/MILK10k_Training_Input/IL_8312956/ISIC_4426257.jpg,2,2,2,2,2
inference_data/milk10k/MILK10k_Training_Input/IL_8314520/ISIC_2668760.jpg,1,1,1,1,1
inference_data/milk10k/MILK10k_Training_Input/IL_8314520/ISIC_8660074.jpg,2,2,2,2,2
inference_data/milk10k/MILK10k_Training_Input/IL_8316366/ISIC_3095773.jpg,2,2,2,2,2
inference_data/milk10k/MILK10k_Training_Input/IL_8316366/ISIC_5943320.jpg,1,1,1,1,1
inference_data/milk10k/MILK10k_Training_Input/IL_8319102/ISIC_7127801.jpg,3,2,3,3,2
inference_data/milk10k/MILK10k_Training_Input/IL_8319102/ISIC_1135697.jpg,1,1,1,1,1
inference_data/milk10k/MILK10k_Training_Input/IL_8322596/ISIC_2526585.jpg,2,2,2,3,2
inference_data/milk10k/MILK10k_Training_Input/IL_8322596/ISIC_1230479.jpg,2,2,1,2,2
inference_data/milk10k/MILK10k_Training_Input/IL_8323588/ISIC_9574838.jpg,2,2,2,3,2
inference_data/milk10k/MILK10k_Training_Input/IL_8323588/ISIC_0289881.jpg,2,2,2,2,2
inference_data/milk10k/MILK10k_Training_Input/IL_8324569/ISIC_3906498.jpg,3,3,3,3,3
inference_data/milk10k/MILK10k_Training_Input/IL_8324569/ISIC_0783369.jpg,0,1,0,0,1
inference_data/milk10k/MILK10k_Training_Input/IL_8324597/ISIC_5010177.jpg,2,1,1,1,1
inference_data/milk10k/MILK10k_Training_Input/IL_8324597/ISIC_7377119.jpg,1,1,1,1,1
inference_data/milk10k/MILK10k_Training_Input/IL_8326095/ISIC_8849386.jpg,2,2,3,3,2
inference_data/milk10k/MILK10k_Training_Input/IL_8326095/ISIC_4141321.jpg,2,1,1,2,2
inference_data/milk10k/MILK10k_Training_Input/IL_8326567/ISIC_0666574.jpg,3,3,3,3,3
inference_data/milk10k/MILK10k_Training_Input/IL_8326567/ISIC_1518748.jpg,3,2,3,3,3
inference_data/milk10k/MILK10k_Training_Input/IL_8326868/ISIC_5483404.jpg,3,3,3,3,3
inference_data/milk10k/MILK10k_Training_Input/IL_8326868/ISIC_7314033.jpg,1,1,1,1,1
inference_data/milk10k/MILK10k_Training_Input/IL_8331769/ISIC_6942468.jpg,3,2,3,3,2
inference_data/milk10k/MILK10k_Training_Input/IL_8331769/ISIC_5380664.jpg,1,1,1,1,1
inference_data/milk10k/MILK10k_Training_Input/IL_8337226/ISIC_3507270.jpg,2,2,2,2,2
inference_data/milk10k/MILK10k_Training_Input/IL_8337226/ISIC_1501988.jpg,1,1,1,1,1
inference_data/milk10k/MILK10k_Training_Input/IL_8338996/ISIC_4590345.jpg,2,2,1,2,2
inference_data/milk10k/MILK10k_Training_Input/IL_8338996/ISIC_9148837.jpg,1,1,1,1,1
inference_data/milk10k/MILK10k_Training_Input/IL_8339117/ISIC_2547869.jpg,2,2,2,2,2
inference_data/milk10k/MILK10k_Training_Input/IL_8339117/ISIC_3401124.jpg,2,2,1,2,2
inference_data/milk10k/MILK10k_Training_Input/IL_8339852/ISIC_2307898.jpg,4,4,4,4,4
inference_data/milk10k/MILK10k_Training_Input/IL_8339852/ISIC_3670069.jpg,1,1,1,1,1
inference_data/milk10k/MILK10k_Training_Input/IL_8345128/ISIC_9961928.jpg,2,2,2,2,2
inference_data/milk10k/MILK10k_Training_Input/IL_8345128/ISIC_1623104.jpg,2,1,2,2,2
inference_data/milk10k/MILK10k_Training_Input/IL_8345916/ISIC_8907397.jpg,3,2,3,3,3
inference_data/milk10k/MILK10k_Training_Input/IL_8345916/ISIC_6595713.jpg,1,1,1,1,1
inference_data/milk10k/MILK10k_Training_Input/IL_8349712/ISIC_7898975.jpg,2,2,2,2,2
inference_data/milk10k/MILK10k_Training_Input/IL_8349712/ISIC_6415417.jpg,2,1,1,1,1
inference_data/milk10k/MILK10k_Training_Input/IL_8356407/ISIC_6699542.jpg,2,2,2,2,2
inference_data/milk10k/MILK10k_Training_Input/IL_8356407/ISIC_0657679.jpg,2,2,2,2,2
inference_data/milk10k/MILK10k_Training_Input/IL_8357154/ISIC_7904190.jpg,2,2,2,2,2
inference_data/milk10k/MILK10k_Training_Input/IL_8357154/ISIC_3715127.jpg,1,1,1,1,1
inference_data/milk10k/MILK10k_Training_Input/IL_8357719/ISIC_6262662.jpg,3,2,3,3,2
inference_data/milk10k/MILK10k_Training_Input/IL_8357719/ISIC_1635697.jpg,3,2,3,3,2
inference_data/milk10k/MILK10k_Training_Input/IL_8358886/ISIC_0517766.jpg,2,2,2,2,2
inference_data/milk10k/MILK10k_Training_Input/IL_8358886/ISIC_0846122.jpg,2,2,1,2,2
inference_data/milk10k/MILK10k_Training_Input/IL_8359695/ISIC_0981634.jpg,3,3,3,3,3
inference_data/milk10k/MILK10k_Training_Input/IL_8359695/ISIC_6378396.jpg,1,1,1,1,1
inference_data/milk10k/MILK10k_Training_Input/IL_8359841/ISIC_6033339.jpg,1,1,1,1,2
inference_data/milk10k/MILK10k_Training_Input/IL_8359841/ISIC_5761443.jpg,2,2,2,2,2
inference_data/milk10k/MILK10k_Training_Input/IL_8364095/ISIC_6890394.jpg,1,1,1,2,1
inference_data/milk10k/MILK10k_Training_Input/IL_8364095/ISIC_2181342.jpg,1,1,1,1,1
inference_data/milk10k/MILK10k_Training_Input/IL_8364526/ISIC_9074196.jpg,4,3,4,4,3
inference_data/milk10k/MILK10k_Training_Input/IL_8364526/ISIC_6318524.jpg,2,2,1,2,2
inference_data/milk10k/MILK10k_Training_Input/IL_8366708/ISIC_7669551.jpg,3,3,3,3,3
inference_data/milk10k/MILK10k_Training_Input/IL_8366708/ISIC_1762147.jpg,4,4,3,3,4
inference_data/milk10k/MILK10k_Training_Input/IL_8368045/ISIC_4952639.jpg,3,2,3,3,2
inference_data/milk10k/MILK10k_Training_Input/IL_8368045/ISIC_4378485.jpg,2,2,2,2,2
inference_data/milk10k/MILK10k_Training_Input/IL_8370192/ISIC_3532575.jpg,3,3,2,2,2
inference_data/milk10k/MILK10k_Training_Input/IL_8370192/ISIC_8226322.jpg,1,1,1,1,1
inference_data/milk10k/MILK10k_Training_Input/IL_8374443/ISIC_4342648.jpg,2,2,2,2,2
inference_data/milk10k/MILK10k_Training_Input/IL_8374443/ISIC_4597054.jpg,2,2,1,2,2
inference_data/milk10k/MILK10k_Training_Input/IL_8375718/ISIC_1287935.jpg,3,3,3,3,3
inference_data/milk10k/MILK10k_Training_Input/IL_8375718/ISIC_5681371.jpg,2,2,1,2,2
inference_data/milk10k/MILK10k_Training_Input/IL_8375905/ISIC_0438775.jpg,2,2,2,2,2
inference_data/milk10k/MILK10k_Training_Input/IL_8375905/ISIC_0871073.jpg,2,1,1,1,2
inference_data/milk10k/MILK10k_Training_Input/IL_8376298/ISIC_3587587.jpg,2,2,2,2,2
inference_data/milk10k/MILK10k_Training_Input/IL_8376298/ISIC_3418096.jpg,2,2,2,2,2
inference_data/milk10k/MILK10k_Training_Input/IL_8379111/ISIC_8703747.jpg,2,2,1,2,2
inference_data/milk10k/MILK10k_Training_Input/IL_8379111/ISIC_6688178.jpg,1,2,1,2,2
inference_data/milk10k/MILK10k_Training_Input/IL_8380351/ISIC_6650890.jpg,2,2,2,2,2
inference_data/milk10k/MILK10k_Training_Input/IL_8380351/ISIC_9181159.jpg,2,2,2,2,2
inference_data/milk10k/MILK10k_Training_Input/IL_8380493/ISIC_0842059.jpg,3,3,3,3,3
inference_data/milk10k/MILK10k_Training_Input/IL_8380493/ISIC_8153849.jpg,3,2,2,3,2
inference_data/milk10k/MILK10k_Training_Input/IL_8381192/ISIC_0638581.jpg,2,2,2,2,2
inference_data/milk10k/MILK10k_Training_Input/IL_8381192/ISIC_0282178.jpg,1,1,1,1,1
inference_data/milk10k/MILK10k_Training_Input/IL_8383981/ISIC_3371218.jpg,1,1,1,1,1
inference_data/milk10k/MILK10k_Training_Input/IL_8383981/ISIC_5624559.jpg,2,2,2,2,2
inference_data/milk10k/MILK10k_Training_Input/IL_8384410/ISIC_4177510.jpg,4,3,3,4,3
inference_data/milk10k/MILK10k_Training_Input/IL_8384410/ISIC_0984507.jpg,1,1,1,1,2
inference_data/milk10k/MILK10k_Training_Input/IL_8386286/ISIC_5701696.jpg,5,5,5,4,4
inference_data/milk10k/MILK10k_Training_Input/IL_8386286/ISIC_8263244.jpg,2,2,1,2,2
inference_data/milk10k/MILK10k_Training_Input/IL_8387787/ISIC_4898312.jpg,3,3,3,3,3
inference_data/milk10k/MILK10k_Training_Input/IL_8387787/ISIC_6866299.jpg,2,1,1,2,2
inference_data/milk10k/MILK10k_Training_Input/IL_8389564/ISIC_7256474.jpg,3,2,3,4,3
inference_data/milk10k/MILK10k_Training_Input/IL_8389564/ISIC_6615782.jpg,1,1,1,1,1
inference_data/milk10k/MILK10k_Training_Input/IL_8391202/ISIC_1099492.jpg,2,2,2,2,2
inference_data/milk10k/MILK10k_Training_Input/IL_8391202/ISIC_9594918.jpg,1,1,1,1,2
inference_data/milk10k/MILK10k_Training_Input/IL_8396815/ISIC_4678467.jpg,3,3,3,3,3
inference_data/milk10k/MILK10k_Training_Input/IL_8396815/ISIC_6567490.jpg,1,1,1,1,1
inference_data/milk10k/MILK10k_Training_Input/IL_8401238/ISIC_6362619.jpg,3,3,3,3,3
inference_data/milk10k/MILK10k_Training_Input/IL_8401238/ISIC_9931617.jpg,2,2,2,2,2
inference_data/milk10k/MILK10k_Training_Input/IL_8401362/ISIC_7434803.jpg,3,2,3,3,3
inference_data/milk10k/MILK10k_Training_Input/IL_8401362/ISIC_2925746.jpg,2,2,1,2,2
inference_data/milk10k/MILK10k_Training_Input/IL_8401805/ISIC_2736195.jpg,2,2,2,2,2
inference_data/milk10k/MILK10k_Training_Input/IL_8401805/ISIC_0346352.jpg,2,1,1,2,2
inference_data/milk10k/MILK10k_Training_Input/IL_8402366/ISIC_6941286.jpg,4,4,4,4,4
inference_data/milk10k/MILK10k_Training_Input/IL_8402366/ISIC_9842192.jpg,3,3,3,4,3
inference_data/milk10k/MILK10k_Training_Input/IL_8403780/ISIC_5896651.jpg,3,2,3,3,2
inference_data/milk10k/MILK10k_Training_Input/IL_8403780/ISIC_7838537.jpg,2,2,1,2,2
inference_data/milk10k/MILK10k_Training_Input/IL_8419591/ISIC_1658514.jpg,3,3,3,3,3
inference_data/milk10k/MILK10k_Training_Input/IL_8419591/ISIC_1069584.jpg,2,2,2,2,2
inference_data/milk10k/MILK10k_Training_Input/IL_8421292/ISIC_7185513.jpg,3,2,2,3,2
inference_data/milk10k/MILK10k_Training_Input/IL_8421292/ISIC_8310935.jpg,2,2,2,2,3
inference_data/milk10k/MILK10k_Training_Input/IL_8423018/ISIC_8144790.jpg,2,2,1,2,2
inference_data/milk10k/MILK10k_Training_Input/IL_8423018/ISIC_9824409.jpg,1,1,1,1,1
inference_data/milk10k/MILK10k_Training_Input/IL_8423250/ISIC_1198104.jpg,2,2,3,3,2
inference_data/milk10k/MILK10k_Training_Input/IL_8423250/ISIC_1860202.jpg,1,1,1,1,2
inference_data/milk10k/MILK10k_Training_Input/IL_8428753/ISIC_5899712.jpg,4,4,4,4,4
inference_data/milk10k/MILK10k_Training_Input/IL_8428753/ISIC_9816160.jpg,2,2,2,2,2
inference_data/milk10k/MILK10k_Training_Input/IL_8429143/ISIC_2701980.jpg,3,2,3,3,3
inference_data/milk10k/MILK10k_Training_Input/IL_8429143/ISIC_2119364.jpg,3,3,3,3,3
inference_data/milk10k/MILK10k_Training_Input/IL_8434747/ISIC_8862763.jpg,2,2,2,2,2
inference_data/milk10k/MILK10k_Training_Input/IL_8434747/ISIC_1550198.jpg,1,2,1,1,2
inference_data/milk10k/MILK10k_Training_Input/IL_8439517/ISIC_6485921.jpg,2,1,1,2,2
inference_data/milk10k/MILK10k_Training_Input/IL_8439517/ISIC_0311944.jpg,1,1,1,1,1
inference_data/milk10k/MILK10k_Training_Input/IL_8444340/ISIC_8820732.jpg,2,2,1,1,1
inference_data/milk10k/MILK10k_Training_Input/IL_8444340/ISIC_0637655.jpg,2,1,1,2,2
inference_data/milk10k/MILK10k_Training_Input/IL_8444586/ISIC_8826493.jpg,3,2,3,3,2
inference_data/milk10k/MILK10k_Training_Input/IL_8444586/ISIC_8334297.jpg,2,2,2,3,2
inference_data/milk10k/MILK10k_Training_Input/IL_8445981/ISIC_7420218.jpg,3,2,3,3,2
inference_data/milk10k/MILK10k_Training_Input/IL_8445981/ISIC_4599594.jpg,1,1,1,1,1
inference_data/milk10k/MILK10k_Training_Input/IL_8448417/ISIC_7079105.jpg,3,2,3,3,2
inference_data/milk10k/MILK10k_Training_Input/IL_8448417/ISIC_0885674.jpg,2,2,2,2,2
inference_data/milk10k/MILK10k_Training_Input/IL_8448627/ISIC_0387034.jpg,2,2,1,2,2
inference_data/milk10k/MILK10k_Training_Input/IL_8448627/ISIC_8308325.jpg,2,3,2,2,2
inference_data/milk10k/MILK10k_Training_Input/IL_8449031/ISIC_4489436.jpg,2,2,2,3,2
inference_data/milk10k/MILK10k_Training_Input/IL_8449031/ISIC_1373525.jpg,2,3,2,3,2
inference_data/milk10k/MILK10k_Training_Input/IL_8449378/ISIC_8372539.jpg,3,3,3,3,3
inference_data/milk10k/MILK10k_Training_Input/IL_8449378/ISIC_7110687.jpg,1,1,1,1,1
inference_data/milk10k/MILK10k_Training_Input/IL_8449966/ISIC_4080936.jpg,3,3,3,3,3
inference_data/milk10k/MILK10k_Training_Input/IL_8449966/ISIC_2372470.jpg,2,2,2,2,2
inference_data/milk10k/MILK10k_Training_Input/IL_8454481/ISIC_2950781.jpg,2,1,1,2,2
inference_data/milk10k/MILK10k_Training_Input/IL_8454481/ISIC_7915016.jpg,1,1,1,1,1
inference_data/milk10k/MILK10k_Training_Input/IL_8454574/ISIC_6433757.jpg,2,2,2,2,2
inference_data/milk10k/MILK10k_Training_Input/IL_8454574/ISIC_1220536.jpg,1,1,1,1,1
inference_data/milk10k/MILK10k_Training_Input/IL_8455587/ISIC_4872000.jpg,3,3,3,3,3
inference_data/milk10k/MILK10k_Training_Input/IL_8455587/ISIC_6522135.jpg,2,2,2,2,2
inference_data/milk10k/MILK10k_Training_Input/IL_8456514/ISIC_0151981.jpg,2,2,2,2,2
inference_data/milk10k/MILK10k_Training_Input/IL_8456514/ISIC_0913648.jpg,2,2,2,2,2
inference_data/milk10k/MILK10k_Training_Input/IL_8459572/ISIC_1690729.jpg,3,2,3,3,2
inference_data/milk10k/MILK10k_Training_Input/IL_8459572/ISIC_5093195.jpg,2,2,2,2,2
inference_data/milk10k/MILK10k_Training_Input/IL_8460509/ISIC_0084958.jpg,3,3,3,3,3
inference_data/milk10k/MILK10k_Training_Input/IL_8460509/ISIC_4082328.jpg,1,2,1,2,2
inference_data/milk10k/MILK10k_Training_Input/IL_8461423/ISIC_4845673.jpg,4,4,4,4,3
inference_data/milk10k/MILK10k_Training_Input/IL_8461423/ISIC_5493908.jpg,2,2,1,2,2
inference_data/milk10k/MILK10k_Training_Input/IL_8461776/ISIC_1332797.jpg,3,3,3,3,3
inference_data/milk10k/MILK10k_Training_Input/IL_8461776/ISIC_5876786.jpg,2,2,2,2,2
inference_data/milk10k/MILK10k_Training_Input/IL_8462731/ISIC_0553752.jpg,3,2,3,3,2
inference_data/milk10k/MILK10k_Training_Input/IL_8462731/ISIC_3428486.jpg,2,2,2,2,2
inference_data/milk10k/MILK10k_Training_Input/IL_8464135/ISIC_6405124.jpg,2,2,2,2,2
inference_data/milk10k/MILK10k_Training_Input/IL_8464135/ISIC_6484641.jpg,1,1,1,1,1
inference_data/milk10k/MILK10k_Training_Input/IL_8465058/ISIC_6193525.jpg,2,2,2,2,2
inference_data/milk10k/MILK10k_Training_Input/IL_8465058/ISIC_7621482.jpg,1,1,1,1,1
inference_data/milk10k/MILK10k_Training_Input/IL_8466700/ISIC_5922496.jpg,3,3,3,3,3
inference_data/milk10k/MILK10k_Training_Input/IL_8466700/ISIC_7771236.jpg,2,2,2,2,2
inference_data/milk10k/MILK10k_Training_Input/IL_8472677/ISIC_8339912.jpg,2,2,2,3,2
inference_data/milk10k/MILK10k_Training_Input/IL_8472677/ISIC_0680433.jpg,2,2,2,2,2
inference_data/milk10k/MILK10k_Training_Input/IL_8478424/ISIC_4379610.jpg,2,1,1,2,1
inference_data/milk10k/MILK10k_Training_Input/IL_8478424/ISIC_9611209.jpg,2,3,1,1,2
inference_data/milk10k/MILK10k_Training_Input/IL_8480988/ISIC_2424286.jpg,1,1,1,2,2
inference_data/milk10k/MILK10k_Training_Input/IL_8480988/ISIC_0416329.jpg,1,1,1,1,2
inference_data/milk10k/MILK10k_Training_Input/IL_8482465/ISIC_7932712.jpg,4,3,4,4,3
inference_data/milk10k/MILK10k_Training_Input/IL_8482465/ISIC_7583370.jpg,2,2,2,2,2
inference_data/milk10k/MILK10k_Training_Input/IL_8482913/ISIC_7029585.jpg,3,2,3,3,3
inference_data/milk10k/MILK10k_Training_Input/IL_8482913/ISIC_0920424.jpg,2,2,2,2,2
inference_data/milk10k/MILK10k_Training_Input/IL_8484491/ISIC_0689386.jpg,1,1,1,1,1
inference_data/milk10k/MILK10k_Training_Input/IL_8484491/ISIC_4589630.jpg,1,1,1,1,1
inference_data/milk10k/MILK10k_Training_Input/IL_8486036/ISIC_0191714.jpg,2,2,2,2,2
inference_data/milk10k/MILK10k_Training_Input/IL_8486036/ISIC_6043649.jpg,2,2,2,2,2
inference_data/milk10k/MILK10k_Training_Input/IL_8487012/ISIC_3759305.jpg,1,1,1,1,1
inference_data/milk10k/MILK10k_Training_Input/IL_8487012/ISIC_3799953.jpg,2,2,2,2,2
inference_data/milk10k/MILK10k_Training_Input/IL_8491993/ISIC_0378928.jpg,1,1,1,1,1
inference_data/milk10k/MILK10k_Training_Input/IL_8491993/ISIC_1627498.jpg,2,2,2,2,2
inference_data/milk10k/MILK10k_Training_Input/IL_8495529/ISIC_0950931.jpg,2,2,2,2,2
inference_data/milk10k/MILK10k_Training_Input/IL_8495529/ISIC_8741674.jpg,1,1,1,2,2
inference_data/milk10k/MILK10k_Training_Input/IL_8497763/ISIC_7457508.jpg,2,2,2,2,2
inference_data/milk10k/MILK10k_Training_Input/IL_8497763/ISIC_2465614.jpg,2,2,2,2,2
inference_data/milk10k/MILK10k_Training_Input/IL_8500079/ISIC_3042149.jpg,1,1,1,1,1
inference_data/milk10k/MILK10k_Training_Input/IL_8500079/ISIC_5772488.jpg,1,2,1,2,2
inference_data/milk10k/MILK10k_Training_Input/IL_8500465/ISIC_0470080.jpg,2,2,3,3,2
inference_data/milk10k/MILK10k_Training_Input/IL_8500465/ISIC_1416314.jpg,1,1,1,1,2
inference_data/milk10k/MILK10k_Training_Input/IL_8500877/ISIC_6158597.jpg,3,3,3,3,2
inference_data/milk10k/MILK10k_Training_Input/IL_8500877/ISIC_8946169.jpg,2,2,2,3,2
inference_data/milk10k/MILK10k_Training_Input/IL_8504644/ISIC_6363473.jpg,2,2,2,2,2
inference_data/milk10k/MILK10k_Training_Input/IL_8504644/ISIC_7105876.jpg,1,1,1,1,1
inference_data/milk10k/MILK10k_Training_Input/IL_8505577/ISIC_6505724.jpg,2,2,2,2,2
inference_data/milk10k/MILK10k_Training_Input/IL_8505577/ISIC_6327728.jpg,1,1,1,1,1
inference_data/milk10k/MILK10k_Training_Input/IL_8506800/ISIC_4026621.jpg,2,2,2,2,2
inference_data/milk10k/MILK10k_Training_Input/IL_8506800/ISIC_4920461.jpg,2,2,1,1,2
inference_data/milk10k/MILK10k_Training_Input/IL_8507702/ISIC_4639978.jpg,2,1,2,2,2
inference_data/milk10k/MILK10k_Training_Input/IL_8507702/ISIC_7241294.jpg,2,2,2,2,2
inference_data/milk10k/MILK10k_Training_Input/IL_8507909/ISIC_8561129.jpg,2,2,2,2,2
inference_data/milk10k/MILK10k_Training_Input/IL_8507909/ISIC_6405078.jpg,2,2,2,2,2
inference_data/milk10k/MILK10k_Training_Input/IL_8508107/ISIC_3326999.jpg,1,1,1,1,1
inference_data/milk10k/MILK10k_Training_Input/IL_8508107/ISIC_8368960.jpg,1,1,1,1,2
inference_data/milk10k/MILK10k_Training_Input/IL_8509050/ISIC_2994689.jpg,2,2,2,3,2
inference_data/milk10k/MILK10k_Training_Input/IL_8509050/ISIC_1460872.jpg,2,2,2,2,2
inference_data/milk10k/MILK10k_Training_Input/IL_8509848/ISIC_9587230.jpg,2,1,2,2,2
inference_data/milk10k/MILK10k_Training_Input/IL_8509848/ISIC_5767870.jpg,1,1,0,1,1
inference_data/milk10k/MILK10k_Training_Input/IL_8511602/ISIC_2033119.jpg,2,2,3,3,2
inference_data/milk10k/MILK10k_Training_Input/IL_8511602/ISIC_2260901.jpg,1,1,1,1,1
inference_data/milk10k/MILK10k_Training_Input/IL_8515603/ISIC_8649670.jpg,3,3,3,3,3
inference_data/milk10k/MILK10k_Training_Input/IL_8515603/ISIC_8946719.jpg,1,1,1,1,1
inference_data/milk10k/MILK10k_Training_Input/IL_8516254/ISIC_7117439.jpg,3,2,3,3,2
inference_data/milk10k/MILK10k_Training_Input/IL_8516254/ISIC_8823892.jpg,2,1,1,2,2
inference_data/milk10k/MILK10k_Training_Input/IL_8529152/ISIC_0579366.jpg,3,3,3,3,3
inference_data/milk10k/MILK10k_Training_Input/IL_8529152/ISIC_8525826.jpg,1,2,1,1,1
inference_data/milk10k/MILK10k_Training_Input/IL_8535419/ISIC_2745631.jpg,2,2,2,3,2
inference_data/milk10k/MILK10k_Training_Input/IL_8535419/ISIC_7880723.jpg,2,2,2,2,2
inference_data/milk10k/MILK10k_Training_Input/IL_8535894/ISIC_8638964.jpg,1,1,1,1,1
inference_data/milk10k/MILK10k_Training_Input/IL_8535894/ISIC_9777954.jpg,2,2,2,2,2
inference_data/milk10k/MILK10k_Training_Input/IL_8538407/ISIC_4500149.jpg,2,2,2,2,2
inference_data/milk10k/MILK10k_Training_Input/IL_8538407/ISIC_7208610.jpg,1,1,0,1,1
inference_data/milk10k/MILK10k_Training_Input/IL_8538421/ISIC_1298204.jpg,2,2,2,3,2
inference_data/milk10k/MILK10k_Training_Input/IL_8538421/ISIC_9215935.jpg,2,2,2,2,2
inference_data/milk10k/MILK10k_Training_Input/IL_8540879/ISIC_7888608.jpg,4,3,4,4,4
inference_data/milk10k/MILK10k_Training_Input/IL_8540879/ISIC_7987908.jpg,1,1,1,1,1
inference_data/milk10k/MILK10k_Training_Input/IL_8543215/ISIC_7759828.jpg,3,2,3,3,2
inference_data/milk10k/MILK10k_Training_Input/IL_8543215/ISIC_4523525.jpg,2,2,2,2,2
inference_data/milk10k/MILK10k_Training_Input/IL_8544201/ISIC_8730307.jpg,2,2,2,2,2
inference_data/milk10k/MILK10k_Training_Input/IL_8544201/ISIC_0146278.jpg,1,1,1,1,1
inference_data/milk10k/MILK10k_Training_Input/IL_8544444/ISIC_7535899.jpg,2,1,1,2,2
inference_data/milk10k/MILK10k_Training_Input/IL_8544444/ISIC_2202736.jpg,1,1,1,1,1
inference_data/milk10k/MILK10k_Training_Input/IL_8548746/ISIC_9708941.jpg,2,2,2,2,2
inference_data/milk10k/MILK10k_Training_Input/IL_8548746/ISIC_2306278.jpg,1,1,1,1,1
inference_data/milk10k/MILK10k_Training_Input/IL_8549030/ISIC_6927702.jpg,3,3,3,3,3
inference_data/milk10k/MILK10k_Training_Input/IL_8549030/ISIC_7242284.jpg,2,2,2,2,2
inference_data/milk10k/MILK10k_Training_Input/IL_8550472/ISIC_2336223.jpg,2,2,2,2,2
inference_data/milk10k/MILK10k_Training_Input/IL_8550472/ISIC_5935086.jpg,1,1,1,2,2
inference_data/milk10k/MILK10k_Training_Input/IL_8553410/ISIC_4146816.jpg,3,3,3,3,3
inference_data/milk10k/MILK10k_Training_Input/IL_8553410/ISIC_7483655.jpg,2,2,1,2,2
inference_data/milk10k/MILK10k_Training_Input/IL_8553966/ISIC_9925039.jpg,2,2,3,3,2
inference_data/milk10k/MILK10k_Training_Input/IL_8553966/ISIC_7038723.jpg,2,2,2,2,2
inference_data/milk10k/MILK10k_Training_Input/IL_8554205/ISIC_8992188.jpg,2,3,2,3,2
inference_data/milk10k/MILK10k_Training_Input/IL_8554205/ISIC_8218617.jpg,2,1,1,2,2
inference_data/milk10k/MILK10k_Training_Input/IL_8554627/ISIC_0241896.jpg,3,3,4,3,3
inference_data/milk10k/MILK10k_Training_Input/IL_8554627/ISIC_4300672.jpg,2,2,1,2,2
inference_data/milk10k/MILK10k_Training_Input/IL_8557195/ISIC_4237789.jpg,2,2,2,2,2
inference_data/milk10k/MILK10k_Training_Input/IL_8557195/ISIC_4923934.jpg,1,1,0,1,1
inference_data/milk10k/MILK10k_Training_Input/IL_8562069/ISIC_2132224.jpg,3,2,2,3,2
inference_data/milk10k/MILK10k_Training_Input/IL_8562069/ISIC_4609417.jpg,1,1,1,1,1
inference_data/milk10k/MILK10k_Training_Input/IL_8562262/ISIC_0528026.jpg,2,2,2,2,2
inference_data/milk10k/MILK10k_Training_Input/IL_8562262/ISIC_8790878.jpg,1,1,1,1,1
inference_data/milk10k/MILK10k_Training_Input/IL_8562914/ISIC_3723692.jpg,1,1,1,1,1
inference_data/milk10k/MILK10k_Training_Input/IL_8562914/ISIC_5923228.jpg,1,1,1,1,1
inference_data/milk10k/MILK10k_Training_Input/IL_8565372/ISIC_2424786.jpg,2,2,2,3,2
inference_data/milk10k/MILK10k_Training_Input/IL_8565372/ISIC_4573337.jpg,1,2,1,1,1
inference_data/milk10k/MILK10k_Training_Input/IL_8566175/ISIC_5466692.jpg,3,2,3,3,3
inference_data/milk10k/MILK10k_Training_Input/IL_8566175/ISIC_4780938.jpg,2,2,2,2,2
inference_data/milk10k/MILK10k_Training_Input/IL_8568128/ISIC_7916990.jpg,3,3,3,3,3
inference_data/milk10k/MILK10k_Training_Input/IL_8568128/ISIC_9512388.jpg,2,2,2,2,2
inference_data/milk10k/MILK10k_Training_Input/IL_8569561/ISIC_7575073.jpg,3,2,3,3,2
inference_data/milk10k/MILK10k_Training_Input/IL_8569561/ISIC_8178501.jpg,2,1,1,1,1
inference_data/milk10k/MILK10k_Training_Input/IL_8569852/ISIC_3974863.jpg,3,2,3,3,2
inference_data/milk10k/MILK10k_Training_Input/IL_8569852/ISIC_3331148.jpg,2,2,1,2,2
inference_data/milk10k/MILK10k_Training_Input/IL_8570577/ISIC_9316561.jpg,2,2,2,3,2
inference_data/milk10k/MILK10k_Training_Input/IL_8570577/ISIC_7974869.jpg,2,2,2,2,2
inference_data/milk10k/MILK10k_Training_Input/IL_8572700/ISIC_4730750.jpg,2,2,2,2,2
inference_data/milk10k/MILK10k_Training_Input/IL_8572700/ISIC_2839614.jpg,2,2,2,2,2
inference_data/milk10k/MILK10k_Training_Input/IL_8574394/ISIC_3191236.jpg,2,2,2,2,2
inference_data/milk10k/MILK10k_Training_Input/IL_8574394/ISIC_3539795.jpg,1,1,1,1,1
inference_data/milk10k/MILK10k_Training_Input/IL_8576220/ISIC_5622862.jpg,1,1,1,1,1
inference_data/milk10k/MILK10k_Training_Input/IL_8576220/ISIC_4637440.jpg,1,1,1,1,2
inference_data/milk10k/MILK10k_Training_Input/IL_8577352/ISIC_9118975.jpg,2,2,2,3,2
inference_data/milk10k/MILK10k_Training_Input/IL_8577352/ISIC_5036259.jpg,1,1,1,1,1
inference_data/milk10k/MILK10k_Training_Input/IL_8578083/ISIC_3793299.jpg,2,2,2,2,2
inference_data/milk10k/MILK10k_Training_Input/IL_8578083/ISIC_6553055.jpg,1,1,1,1,1
inference_data/milk10k/MILK10k_Training_Input/IL_8578513/ISIC_2006744.jpg,2,2,2,2,2
inference_data/milk10k/MILK10k_Training_Input/IL_8578513/ISIC_9849120.jpg,2,2,2,2,2
inference_data/milk10k/MILK10k_Training_Input/IL_8578812/ISIC_1753112.jpg,2,2,2,3,2
inference_data/milk10k/MILK10k_Training_Input/IL_8578812/ISIC_2417592.jpg,2,2,1,2,2
inference_data/milk10k/MILK10k_Training_Input/IL_8581204/ISIC_2614335.jpg,3,2,3,3,3
inference_data/milk10k/MILK10k_Training_Input/IL_8581204/ISIC_0161474.jpg,2,2,2,2,2
inference_data/milk10k/MILK10k_Training_Input/IL_8581964/ISIC_3102604.jpg,3,2,3,3,2
inference_data/milk10k/MILK10k_Training_Input/IL_8581964/ISIC_6678187.jpg,1,1,1,1,1
inference_data/milk10k/MILK10k_Training_Input/IL_8583674/ISIC_8570261.jpg,2,2,2,2,2
inference_data/milk10k/MILK10k_Training_Input/IL_8583674/ISIC_7454892.jpg,1,1,1,1,1
inference_data/milk10k/MILK10k_Training_Input/IL_8584799/ISIC_7989475.jpg,3,3,3,3,3
inference_data/milk10k/MILK10k_Training_Input/IL_8584799/ISIC_4311703.jpg,1,1,1,1,1
inference_data/milk10k/MILK10k_Training_Input/IL_8585271/ISIC_7124407.jpg,1,1,1,1,1
inference_data/milk10k/MILK10k_Training_Input/IL_8585271/ISIC_7962171.jpg,2,1,1,2,2
inference_data/milk10k/MILK10k_Training_Input/IL_8588152/ISIC_6078911.jpg,1,1,1,1,1
inference_data/milk10k/MILK10k_Training_Input/IL_8588152/ISIC_9041525.jpg,1,1,1,1,1
inference_data/milk10k/MILK10k_Training_Input/IL_8588315/ISIC_7447177.jpg,3,3,3,3,3
inference_data/milk10k/MILK10k_Training_Input/IL_8588315/ISIC_7548342.jpg,1,1,1,1,1
inference_data/milk10k/MILK10k_Training_Input/IL_8590734/ISIC_7246920.jpg,2,2,2,2,2
inference_data/milk10k/MILK10k_Training_Input/IL_8590734/ISIC_8513973.jpg,2,1,1,1,1
inference_data/milk10k/MILK10k_Training_Input/IL_8591988/ISIC_8846211.jpg,3,3,3,3,3
inference_data/milk10k/MILK10k_Training_Input/IL_8591988/ISIC_7472301.jpg,1,1,1,1,1
inference_data/milk10k/MILK10k_Training_Input/IL_8595325/ISIC_3748464.jpg,2,2,2,2,2
inference_data/milk10k/MILK10k_Training_Input/IL_8595325/ISIC_5270147.jpg,3,3,3,3,4
inference_data/milk10k/MILK10k_Training_Input/IL_8596118/ISIC_2072027.jpg,3,3,3,3,3
inference_data/milk10k/MILK10k_Training_Input/IL_8596118/ISIC_3201153.jpg,2,2,2,2,2
inference_data/milk10k/MILK10k_Training_Input/IL_8601267/ISIC_0862809.jpg,3,3,4,4,3
inference_data/milk10k/MILK10k_Training_Input/IL_8601267/ISIC_6940173.jpg,2,2,1,2,2
inference_data/milk10k/MILK10k_Training_Input/IL_8601379/ISIC_2729094.jpg,3,2,3,3,3
inference_data/milk10k/MILK10k_Training_Input/IL_8601379/ISIC_3479083.jpg,2,1,1,1,2
inference_data/milk10k/MILK10k_Training_Input/IL_8601984/ISIC_1473845.jpg,1,1,1,1,1
inference_data/milk10k/MILK10k_Training_Input/IL_8601984/ISIC_9701048.jpg,1,1,1,1,1
inference_data/milk10k/MILK10k_Training_Input/IL_8602483/ISIC_3629047.jpg,2,2,2,2,2
inference_data/milk10k/MILK10k_Training_Input/IL_8602483/ISIC_0204389.jpg,1,1,1,1,1
inference_data/milk10k/MILK10k_Training_Input/IL_8602598/ISIC_2964593.jpg,3,2,2,2,2
inference_data/milk10k/MILK10k_Training_Input/IL_8602598/ISIC_1073412.jpg,2,2,2,2,2
inference_data/milk10k/MILK10k_Training_Input/IL_8604749/ISIC_1176359.jpg,2,2,2,3,2
inference_data/milk10k/MILK10k_Training_Input/IL_8604749/ISIC_4654586.jpg,1,1,1,1,1
inference_data/milk10k/MILK10k_Training_Input/IL_8604901/ISIC_7435742.jpg,2,2,2,3,2
inference_data/milk10k/MILK10k_Training_Input/IL_8604901/ISIC_8090800.jpg,2,3,2,2,3
inference_data/milk10k/MILK10k_Training_Input/IL_8604928/ISIC_1097732.jpg,2,2,2,2,2
inference_data/milk10k/MILK10k_Training_Input/IL_8604928/ISIC_7974271.jpg,4,4,4,4,4
inference_data/milk10k/MILK10k_Training_Input/IL_8606392/ISIC_7017469.jpg,2,2,1,2,1
inference_data/milk10k/MILK10k_Training_Input/IL_8606392/ISIC_4235697.jpg,1,1,0,1,1
inference_data/milk10k/MILK10k_Training_Input/IL_8608497/ISIC_2113163.jpg,2,2,2,2,2
inference_data/milk10k/MILK10k_Training_Input/IL_8608497/ISIC_7188705.jpg,1,1,1,1,1
inference_data/milk10k/MILK10k_Training_Input/IL_8610229/ISIC_9882842.jpg,2,2,2,2,2
inference_data/milk10k/MILK10k_Training_Input/IL_8610229/ISIC_0204717.jpg,2,2,2,2,2
inference_data/milk10k/MILK10k_Training_Input/IL_8610456/ISIC_9974916.jpg,3,3,3,4,3
inference_data/milk10k/MILK10k_Training_Input/IL_8610456/ISIC_5070126.jpg,2,2,2,2,2
inference_data/milk10k/MILK10k_Training_Input/IL_8611519/ISIC_6806797.jpg,4,3,3,3,3
inference_data/milk10k/MILK10k_Training_Input/IL_8611519/ISIC_4733269.jpg,2,2,2,2,2
inference_data/milk10k/MILK10k_Training_Input/IL_8611712/ISIC_8330638.jpg,2,2,2,2,2
inference_data/milk10k/MILK10k_Training_Input/IL_8611712/ISIC_9586991.jpg,1,1,1,1,1
inference_data/milk10k/MILK10k_Training_Input/IL_8612216/ISIC_4205403.jpg,2,2,2,2,2
inference_data/milk10k/MILK10k_Training_Input/IL_8612216/ISIC_3247057.jpg,2,2,2,2,2
inference_data/milk10k/MILK10k_Training_Input/IL_8613876/ISIC_2655630.jpg,2,2,2,2,2
inference_data/milk10k/MILK10k_Training_Input/IL_8613876/ISIC_7318590.jpg,2,2,2,2,2
inference_data/milk10k/MILK10k_Training_Input/IL_8618190/ISIC_2649421.jpg,4,4,3,4,3
inference_data/milk10k/MILK10k_Training_Input/IL_8618190/ISIC_2900622.jpg,1,2,1,1,1
inference_data/milk10k/MILK10k_Training_Input/IL_8618325/ISIC_4907310.jpg,2,2,2,2,2
inference_data/milk10k/MILK10k_Training_Input/IL_8618325/ISIC_5018463.jpg,2,2,2,2,2
inference_data/milk10k/MILK10k_Training_Input/IL_8619767/ISIC_2756867.jpg,2,2,3,3,2
inference_data/milk10k/MILK10k_Training_Input/IL_8619767/ISIC_2550058.jpg,1,1,0,1,1
inference_data/milk10k/MILK10k_Training_Input/IL_8620816/ISIC_4909682.jpg,3,2,3,3,2
inference_data/milk10k/MILK10k_Training_Input/IL_8620816/ISIC_2928924.jpg,1,1,1,1,1
inference_data/milk10k/MILK10k_Training_Input/IL_8621198/ISIC_4358555.jpg,2,2,2,2,2
inference_data/milk10k/MILK10k_Training_Input/IL_8621198/ISIC_0651228.jpg,1,2,1,1,2
inference_data/milk10k/MILK10k_Training_Input/IL_8622725/ISIC_9389123.jpg,1,1,1,2,1
inference_data/milk10k/MILK10k_Training_Input/IL_8622725/ISIC_8186630.jpg,1,2,1,1,1
inference_data/milk10k/MILK10k_Training_Input/IL_8623276/ISIC_8912227.jpg,3,3,3,3,3
inference_data/milk10k/MILK10k_Training_Input/IL_8623276/ISIC_3032936.jpg,3,3,3,2,3
inference_data/milk10k/MILK10k_Training_Input/IL_8625871/ISIC_9510334.jpg,2,2,1,2,2
inference_data/milk10k/MILK10k_Training_Input/IL_8625871/ISIC_1986655.jpg,1,1,1,1,1
inference_data/milk10k/MILK10k_Training_Input/IL_8626747/ISIC_1492844.jpg,3,3,3,3,3
inference_data/milk10k/MILK10k_Training_Input/IL_8626747/ISIC_2298923.jpg,1,1,1,1,1
inference_data/milk10k/MILK10k_Training_Input/IL_8630897/ISIC_1275047.jpg,4,3,3,4,3
inference_data/milk10k/MILK10k_Training_Input/IL_8630897/ISIC_6458884.jpg,1,1,1,1,1
inference_data/milk10k/MILK10k_Training_Input/IL_8631628/ISIC_8039873.jpg,1,1,1,2,1
inference_data/milk10k/MILK10k_Training_Input/IL_8631628/ISIC_7547900.jpg,2,2,2,2,2
inference_data/milk10k/MILK10k_Training_Input/IL_8637878/ISIC_8769148.jpg,2,2,2,2,2
inference_data/milk10k/MILK10k_Training_Input/IL_8637878/ISIC_5463407.jpg,2,2,2,2,2
inference_data/milk10k/MILK10k_Training_Input/IL_8638441/ISIC_8913904.jpg,2,3,2,3,3
inference_data/milk10k/MILK10k_Training_Input/IL_8638441/ISIC_5283239.jpg,1,1,0,2,2
inference_data/milk10k/MILK10k_Training_Input/IL_8638873/ISIC_4072785.jpg,2,2,2,2,2
inference_data/milk10k/MILK10k_Training_Input/IL_8638873/ISIC_3436668.jpg,1,1,1,1,1
inference_data/milk10k/MILK10k_Training_Input/IL_8642808/ISIC_2332805.jpg,3,2,3,3,2
inference_data/milk10k/MILK10k_Training_Input/IL_8642808/ISIC_2046323.jpg,1,1,1,1,1
inference_data/milk10k/MILK10k_Training_Input/IL_8642891/ISIC_0889674.jpg,3,2,3,3,3
inference_data/milk10k/MILK10k_Training_Input/IL_8642891/ISIC_5607139.jpg,2,2,3,2,2
inference_data/milk10k/MILK10k_Training_Input/IL_8643718/ISIC_3401455.jpg,3,3,3,3,3
inference_data/milk10k/MILK10k_Training_Input/IL_8643718/ISIC_5126567.jpg,1,1,1,1,1
inference_data/milk10k/MILK10k_Training_Input/IL_8644938/ISIC_3881302.jpg,3,3,3,3,3
inference_data/milk10k/MILK10k_Training_Input/IL_8644938/ISIC_1329438.jpg,2,2,2,2,2
inference_data/milk10k/MILK10k_Training_Input/IL_8646739/ISIC_7822239.jpg,3,2,3,3,3
inference_data/milk10k/MILK10k_Training_Input/IL_8646739/ISIC_7473131.jpg,1,1,1,1,2
inference_data/milk10k/MILK10k_Training_Input/IL_8647582/ISIC_7277605.jpg,2,2,3,3,3
inference_data/milk10k/MILK10k_Training_Input/IL_8647582/ISIC_2569198.jpg,2,2,2,2,2
inference_data/milk10k/MILK10k_Training_Input/IL_8647816/ISIC_9529544.jpg,3,2,3,3,2
inference_data/milk10k/MILK10k_Training_Input/IL_8647816/ISIC_5145664.jpg,2,2,2,2,2
inference_data/milk10k/MILK10k_Training_Input/IL_8648373/ISIC_5242109.jpg,2,2,2,2,2
inference_data/milk10k/MILK10k_Training_Input/IL_8648373/ISIC_3020882.jpg,1,1,1,2,1
inference_data/milk10k/MILK10k_Training_Input/IL_8650225/ISIC_5995507.jpg,3,3,3,3,3
inference_data/milk10k/MILK10k_Training_Input/IL_8650225/ISIC_5866836.jpg,2,2,1,2,2
inference_data/milk10k/MILK10k_Training_Input/IL_8650948/ISIC_3217731.jpg,2,2,1,2,1
inference_data/milk10k/MILK10k_Training_Input/IL_8650948/ISIC_4032370.jpg,2,2,1,2,2
inference_data/milk10k/MILK10k_Training_Input/IL_8653374/ISIC_7793370.jpg,1,1,1,2,2
inference_data/milk10k/MILK10k_Training_Input/IL_8653374/ISIC_7401818.jpg,1,1,1,1,1
inference_data/milk10k/MILK10k_Training_Input/IL_8657794/ISIC_2133291.jpg,2,3,2,2,2
inference_data/milk10k/MILK10k_Training_Input/IL_8657794/ISIC_2927179.jpg,1,2,1,1,2
inference_data/milk10k/MILK10k_Training_Input/IL_8658177/ISIC_3485059.jpg,2,2,2,2,2
inference_data/milk10k/MILK10k_Training_Input/IL_8658177/ISIC_3405243.jpg,1,1,0,1,1
inference_data/milk10k/MILK10k_Training_Input/IL_8659124/ISIC_2120680.jpg,3,2,3,3,3
inference_data/milk10k/MILK10k_Training_Input/IL_8659124/ISIC_1909053.jpg,1,1,1,1,1
inference_data/milk10k/MILK10k_Training_Input/IL_8660536/ISIC_9484284.jpg,3,3,3,3,3
inference_data/milk10k/MILK10k_Training_Input/IL_8660536/ISIC_1983761.jpg,1,1,1,1,1
inference_data/milk10k/MILK10k_Training_Input/IL_8662195/ISIC_4352757.jpg,3,2,3,3,2
inference_data/milk10k/MILK10k_Training_Input/IL_8662195/ISIC_8035327.jpg,2,2,1,2,2
inference_data/milk10k/MILK10k_Training_Input/IL_8662506/ISIC_1236473.jpg,2,1,1,2,1
inference_data/milk10k/MILK10k_Training_Input/IL_8662506/ISIC_2320042.jpg,1,1,0,1,1
inference_data/milk10k/MILK10k_Training_Input/IL_8663536/ISIC_7739032.jpg,3,3,3,3,3
inference_data/milk10k/MILK10k_Training_Input/IL_8663536/ISIC_1074795.jpg,1,2,1,1,1
inference_data/milk10k/MILK10k_Training_Input/IL_8666651/ISIC_6048736.jpg,3,2,3,3,2
inference_data/milk10k/MILK10k_Training_Input/IL_8666651/ISIC_1607500.jpg,1,1,1,1,1
inference_data/milk10k/MILK10k_Training_Input/IL_8671827/ISIC_3119815.jpg,3,2,3,3,3
inference_data/milk10k/MILK10k_Training_Input/IL_8671827/ISIC_6906027.jpg,3,3,3,3,3
inference_data/milk10k/MILK10k_Training_Input/IL_8674399/ISIC_3359951.jpg,2,1,1,1,2
inference_data/milk10k/MILK10k_Training_Input/IL_8674399/ISIC_4444955.jpg,1,1,1,1,1
inference_data/milk10k/MILK10k_Training_Input/IL_8675438/ISIC_2121573.jpg,1,1,1,1,1
inference_data/milk10k/MILK10k_Training_Input/IL_8675438/ISIC_1159427.jpg,1,1,1,2,2
inference_data/milk10k/MILK10k_Training_Input/IL_8678010/ISIC_6968104.jpg,2,2,2,2,2
inference_data/milk10k/MILK10k_Training_Input/IL_8678010/ISIC_3022005.jpg,1,1,1,1,1
inference_data/milk10k/MILK10k_Training_Input/IL_8679455/ISIC_4504390.jpg,1,1,1,1,2
inference_data/milk10k/MILK10k_Training_Input/IL_8679455/ISIC_4481385.jpg,1,1,1,1,1
inference_data/milk10k/MILK10k_Training_Input/IL_8679586/ISIC_5794441.jpg,3,2,3,3,3
inference_data/milk10k/MILK10k_Training_Input/IL_8679586/ISIC_7929528.jpg,1,1,1,1,1
inference_data/milk10k/MILK10k_Training_Input/IL_8681344/ISIC_8963623.jpg,2,2,2,2,2
inference_data/milk10k/MILK10k_Training_Input/IL_8681344/ISIC_4788552.jpg,1,1,1,1,2
inference_data/milk10k/MILK10k_Training_Input/IL_8683855/ISIC_7844119.jpg,2,2,2,2,2
inference_data/milk10k/MILK10k_Training_Input/IL_8683855/ISIC_5427398.jpg,2,2,1,2,2
inference_data/milk10k/MILK10k_Training_Input/IL_8684310/ISIC_2818434.jpg,2,2,1,2,2
inference_data/milk10k/MILK10k_Training_Input/IL_8684310/ISIC_1967830.jpg,2,2,1,2,2
inference_data/milk10k/MILK10k_Training_Input/IL_8689446/ISIC_9263681.jpg,3,3,3,3,3
inference_data/milk10k/MILK10k_Training_Input/IL_8689446/ISIC_9445672.jpg,1,1,1,1,1
inference_data/milk10k/MILK10k_Training_Input/IL_8692782/ISIC_4952289.jpg,2,2,2,2,2
inference_data/milk10k/MILK10k_Training_Input/IL_8692782/ISIC_7918518.jpg,1,1,1,1,2
inference_data/milk10k/MILK10k_Training_Input/IL_8695505/ISIC_5633193.jpg,3,3,3,3,3
inference_data/milk10k/MILK10k_Training_Input/IL_8695505/ISIC_1491798.jpg,1,1,1,1,1
inference_data/milk10k/MILK10k_Training_Input/IL_8698516/ISIC_3759344.jpg,3,2,3,3,2
inference_data/milk10k/MILK10k_Training_Input/IL_8698516/ISIC_3860071.jpg,2,2,2,2,2
inference_data/milk10k/MILK10k_Training_Input/IL_8702046/ISIC_0643281.jpg,3,3,3,4,3
inference_data/milk10k/MILK10k_Training_Input/IL_8702046/ISIC_8642318.jpg,1,1,1,1,1
inference_data/milk10k/MILK10k_Training_Input/IL_8702117/ISIC_2941016.jpg,2,1,2,2,2
inference_data/milk10k/MILK10k_Training_Input/IL_8702117/ISIC_0897372.jpg,2,2,2,2,2
inference_data/milk10k/MILK10k_Training_Input/IL_8703940/ISIC_7145117.jpg,2,2,2,2,2
inference_data/milk10k/MILK10k_Training_Input/IL_8703940/ISIC_0116442.jpg,1,1,1,2,2
inference_data/milk10k/MILK10k_Training_Input/IL_8706105/ISIC_6191797.jpg,3,2,3,3,3
inference_data/milk10k/MILK10k_Training_Input/IL_8706105/ISIC_0082638.jpg,2,1,1,1,1
inference_data/milk10k/MILK10k_Training_Input/IL_8711548/ISIC_2030190.jpg,3,3,3,4,3
inference_data/milk10k/MILK10k_Training_Input/IL_8711548/ISIC_1955962.jpg,2,3,2,2,3
inference_data/milk10k/MILK10k_Training_Input/IL_8711838/ISIC_4139755.jpg,3,3,3,3,3
inference_data/milk10k/MILK10k_Training_Input/IL_8711838/ISIC_3735481.jpg,1,1,1,1,1
inference_data/milk10k/MILK10k_Training_Input/IL_8713171/ISIC_1936494.jpg,2,2,2,2,2
inference_data/milk10k/MILK10k_Training_Input/IL_8713171/ISIC_1199167.jpg,1,1,1,1,1
inference_data/milk10k/MILK10k_Training_Input/IL_8714765/ISIC_0542450.jpg,3,3,3,3,3
inference_data/milk10k/MILK10k_Training_Input/IL_8714765/ISIC_7675736.jpg,3,2,3,3,3
inference_data/milk10k/MILK10k_Training_Input/IL_8716299/ISIC_1285977.jpg,2,2,2,2,2
inference_data/milk10k/MILK10k_Training_Input/IL_8716299/ISIC_2568976.jpg,1,1,1,1,1
inference_data/milk10k/MILK10k_Training_Input/IL_8717569/ISIC_2223344.jpg,1,1,1,2,1
inference_data/milk10k/MILK10k_Training_Input/IL_8717569/ISIC_1861788.jpg,1,1,1,1,1
inference_data/milk10k/MILK10k_Training_Input/IL_8717683/ISIC_9797265.jpg,2,1,2,2,1
inference_data/milk10k/MILK10k_Training_Input/IL_8717683/ISIC_9714916.jpg,1,1,1,1,1
inference_data/milk10k/MILK10k_Training_Input/IL_8719061/ISIC_5657666.jpg,3,2,3,3,3
inference_data/milk10k/MILK10k_Training_Input/IL_8719061/ISIC_8890680.jpg,2,2,2,2,2
inference_data/milk10k/MILK10k_Training_Input/IL_8720951/ISIC_2167116.jpg,2,2,2,2,2
inference_data/milk10k/MILK10k_Training_Input/IL_8720951/ISIC_4891216.jpg,3,3,2,3,3
inference_data/milk10k/MILK10k_Training_Input/IL_8723146/ISIC_9075056.jpg,2,2,2,3,2
inference_data/milk10k/MILK10k_Training_Input/IL_8723146/ISIC_2340494.jpg,3,2,2,2,2
inference_data/milk10k/MILK10k_Training_Input/IL_8725130/ISIC_6847081.jpg,2,2,2,2,2
inference_data/milk10k/MILK10k_Training_Input/IL_8725130/ISIC_8059473.jpg,1,1,1,1,2
inference_data/milk10k/MILK10k_Training_Input/IL_8726676/ISIC_9641700.jpg,2,2,2,2,2
inference_data/milk10k/MILK10k_Training_Input/IL_8726676/ISIC_5042080.jpg,2,2,2,2,2
inference_data/milk10k/MILK10k_Training_Input/IL_8727543/ISIC_4028106.jpg,4,3,4,3,3
inference_data/milk10k/MILK10k_Training_Input/IL_8727543/ISIC_1136271.jpg,1,1,1,1,1
inference_data/milk10k/MILK10k_Training_Input/IL_8732835/ISIC_7708206.jpg,1,1,1,1,2
inference_data/milk10k/MILK10k_Training_Input/IL_8732835/ISIC_6854604.jpg,2,2,1,2,2
inference_data/milk10k/MILK10k_Training_Input/IL_8735984/ISIC_5076582.jpg,3,3,3,3,3
inference_data/milk10k/MILK10k_Training_Input/IL_8735984/ISIC_3545744.jpg,2,2,2,2,2
inference_data/milk10k/MILK10k_Training_Input/IL_8736766/ISIC_9915322.jpg,2,2,2,3,2
inference_data/milk10k/MILK10k_Training_Input/IL_8736766/ISIC_6955501.jpg,2,2,1,2,2
inference_data/milk10k/MILK10k_Training_Input/IL_8739695/ISIC_0236002.jpg,3,2,3,3,3
inference_data/milk10k/MILK10k_Training_Input/IL_8739695/ISIC_6958882.jpg,1,1,1,1,1
inference_data/milk10k/MILK10k_Training_Input/IL_8747849/ISIC_6601890.jpg,4,3,3,3,4
inference_data/milk10k/MILK10k_Training_Input/IL_8747849/ISIC_5157183.jpg,1,2,1,1,2
inference_data/milk10k/MILK10k_Training_Input/IL_8748283/ISIC_3967970.jpg,2,2,2,2,2
inference_data/milk10k/MILK10k_Training_Input/IL_8748283/ISIC_2530103.jpg,2,2,1,2,2
inference_data/milk10k/MILK10k_Training_Input/IL_8752697/ISIC_4421204.jpg,3,3,3,3,3
inference_data/milk10k/MILK10k_Training_Input/IL_8752697/ISIC_2209183.jpg,1,1,1,1,1
inference_data/milk10k/MILK10k_Training_Input/IL_8756948/ISIC_2444876.jpg,2,2,1,2,2
inference_data/milk10k/MILK10k_Training_Input/IL_8756948/ISIC_2426257.jpg,2,2,1,2,2
inference_data/milk10k/MILK10k_Training_Input/IL_8758801/ISIC_9531073.jpg,2,2,2,2,2
inference_data/milk10k/MILK10k_Training_Input/IL_8758801/ISIC_6693138.jpg,2,2,1,2,2
inference_data/milk10k/MILK10k_Training_Input/IL_8758907/ISIC_7031050.jpg,3,2,3,3,3
inference_data/milk10k/MILK10k_Training_Input/IL_8758907/ISIC_6272354.jpg,2,1,2,2,2
inference_data/milk10k/MILK10k_Training_Input/IL_8760239/ISIC_2953977.jpg,2,2,2,2,2
inference_data/milk10k/MILK10k_Training_Input/IL_8760239/ISIC_9826615.jpg,1,2,1,1,2
inference_data/milk10k/MILK10k_Training_Input/IL_8762954/ISIC_0612028.jpg,2,2,2,2,2
inference_data/milk10k/MILK10k_Training_Input/IL_8762954/ISIC_5480309.jpg,1,1,1,1,1
inference_data/milk10k/MILK10k_Training_Input/IL_8767965/ISIC_8898834.jpg,4,4,4,4,4
inference_data/milk10k/MILK10k_Training_Input/IL_8767965/ISIC_2368450.jpg,2,2,1,2,2
inference_data/milk10k/MILK10k_Training_Input/IL_8778181/ISIC_7706534.jpg,3,2,3,3,2
inference_data/milk10k/MILK10k_Training_Input/IL_8778181/ISIC_4378484.jpg,1,1,1,1,1
inference_data/milk10k/MILK10k_Training_Input/IL_8783042/ISIC_7670245.jpg,3,2,3,3,3
inference_data/milk10k/MILK10k_Training_Input/IL_8783042/ISIC_9597152.jpg,1,1,1,1,1
inference_data/milk10k/MILK10k_Training_Input/IL_8783670/ISIC_8518612.jpg,3,2,3,3,3
inference_data/milk10k/MILK10k_Training_Input/IL_8783670/ISIC_3596524.jpg,2,2,2,2,2
inference_data/milk10k/MILK10k_Training_Input/IL_8784300/ISIC_6981576.jpg,2,2,2,2,2
inference_data/milk10k/MILK10k_Training_Input/IL_8784300/ISIC_0531382.jpg,1,2,1,2,2
inference_data/milk10k/MILK10k_Training_Input/IL_8784837/ISIC_3536529.jpg,2,2,2,3,2
inference_data/milk10k/MILK10k_Training_Input/IL_8784837/ISIC_3178739.jpg,2,2,2,2,2
inference_data/milk10k/MILK10k_Training_Input/IL_8788016/ISIC_0440292.jpg,1,1,1,2,2
inference_data/milk10k/MILK10k_Training_Input/IL_8788016/ISIC_3094600.jpg,1,1,1,1,1
inference_data/milk10k/MILK10k_Training_Input/IL_8788883/ISIC_8588817.jpg,3,3,3,3,3
inference_data/milk10k/MILK10k_Training_Input/IL_8788883/ISIC_1749046.jpg,2,2,2,2,2
inference_data/milk10k/MILK10k_Training_Input/IL_8790863/ISIC_7110194.jpg,3,3,3,4,3
inference_data/milk10k/MILK10k_Training_Input/IL_8790863/ISIC_6769979.jpg,3,3,3,3,3
inference_data/milk10k/MILK10k_Training_Input/IL_8793301/ISIC_0547765.jpg,3,2,3,3,3
inference_data/milk10k/MILK10k_Training_Input/IL_8793301/ISIC_8802957.jpg,2,2,1,2,2
inference_data/milk10k/MILK10k_Training_Input/IL_8800243/ISIC_0774870.jpg,2,2,2,2,2
inference_data/milk10k/MILK10k_Training_Input/IL_8800243/ISIC_7347180.jpg,2,2,1,2,2
inference_data/milk10k/MILK10k_Training_Input/IL_8803152/ISIC_5217912.jpg,2,2,2,2,2
inference_data/milk10k/MILK10k_Training_Input/IL_8803152/ISIC_4949237.jpg,2,2,2,2,2
inference_data/milk10k/MILK10k_Training_Input/IL_8803533/ISIC_7399251.jpg,2,1,1,2,2
inference_data/milk10k/MILK10k_Training_Input/IL_8803533/ISIC_5424675.jpg,2,2,2,2,2
inference_data/milk10k/MILK10k_Training_Input/IL_8805142/ISIC_2891861.jpg,3,3,3,4,3
inference_data/milk10k/MILK10k_Training_Input/IL_8805142/ISIC_4602849.jpg,1,1,1,1,1
inference_data/milk10k/MILK10k_Training_Input/IL_8808528/ISIC_5476166.jpg,2,2,2,2,2
inference_data/milk10k/MILK10k_Training_Input/IL_8808528/ISIC_7214986.jpg,1,2,1,1,2
inference_data/milk10k/MILK10k_Training_Input/IL_8813361/ISIC_7381318.jpg,2,2,2,2,2
inference_data/milk10k/MILK10k_Training_Input/IL_8813361/ISIC_3122081.jpg,1,1,1,1,1
inference_data/milk10k/MILK10k_Training_Input/IL_8814250/ISIC_1943932.jpg,2,2,1,2,2
inference_data/milk10k/MILK10k_Training_Input/IL_8814250/ISIC_2240759.jpg,2,2,2,2,2
inference_data/milk10k/MILK10k_Training_Input/IL_8819924/ISIC_0250211.jpg,1,1,0,1,1
inference_data/milk10k/MILK10k_Training_Input/IL_8819924/ISIC_9281043.jpg,1,2,1,1,1
inference_data/milk10k/MILK10k_Training_Input/IL_8821899/ISIC_8239142.jpg,2,1,1,2,2
inference_data/milk10k/MILK10k_Training_Input/IL_8821899/ISIC_1664514.jpg,2,2,2,2,2
inference_data/milk10k/MILK10k_Training_Input/IL_8822249/ISIC_1721747.jpg,2,2,2,3,2
inference_data/milk10k/MILK10k_Training_Input/IL_8822249/ISIC_1642723.jpg,2,2,2,2,2
inference_data/milk10k/MILK10k_Training_Input/IL_8823164/ISIC_4474700.jpg,3,3,3,3,3
inference_data/milk10k/MILK10k_Training_Input/IL_8823164/ISIC_2925612.jpg,2,3,2,2,2
inference_data/milk10k/MILK10k_Training_Input/IL_8824711/ISIC_5725725.jpg,3,3,3,3,3
inference_data/milk10k/MILK10k_Training_Input/IL_8824711/ISIC_1217694.jpg,2,2,2,2,2
inference_data/milk10k/MILK10k_Training_Input/IL_8825058/ISIC_7739313.jpg,2,2,2,2,2
inference_data/milk10k/MILK10k_Training_Input/IL_8825058/ISIC_3042275.jpg,1,1,1,1,1
inference_data/milk10k/MILK10k_Training_Input/IL_8826018/ISIC_0881138.jpg,1,1,1,1,1
inference_data/milk10k/MILK10k_Training_Input/IL_8826018/ISIC_9250781.jpg,1,1,1,1,1
inference_data/milk10k/MILK10k_Training_Input/IL_8834020/ISIC_7878572.jpg,2,2,2,2,2
inference_data/milk10k/MILK10k_Training_Input/IL_8834020/ISIC_8168496.jpg,1,1,1,1,1
inference_data/milk10k/MILK10k_Training_Input/IL_8835996/ISIC_1492834.jpg,3,2,2,3,2
inference_data/milk10k/MILK10k_Training_Input/IL_8835996/ISIC_9931935.jpg,1,1,1,1,1
inference_data/milk10k/MILK10k_Training_Input/IL_8839163/ISIC_9430903.jpg,2,2,2,2,2
inference_data/milk10k/MILK10k_Training_Input/IL_8839163/ISIC_8433656.jpg,1,1,1,1,2
inference_data/milk10k/MILK10k_Training_Input/IL_8843384/ISIC_6625361.jpg,3,3,3,3,3
inference_data/milk10k/MILK10k_Training_Input/IL_8843384/ISIC_0422017.jpg,2,2,2,2,2
inference_data/milk10k/MILK10k_Training_Input/IL_8845564/ISIC_0552851.jpg,3,3,2,3,2
inference_data/milk10k/MILK10k_Training_Input/IL_8845564/ISIC_4235290.jpg,1,1,1,1,1
inference_data/milk10k/MILK10k_Training_Input/IL_8845602/ISIC_7600832.jpg,2,2,2,3,2
inference_data/milk10k/MILK10k_Training_Input/IL_8845602/ISIC_8618352.jpg,1,1,1,1,1
inference_data/milk10k/MILK10k_Training_Input/IL_8846733/ISIC_5203019.jpg,3,3,3,3,3
inference_data/milk10k/MILK10k_Training_Input/IL_8846733/ISIC_7298601.jpg,1,1,1,2,2
inference_data/milk10k/MILK10k_Training_Input/IL_8848308/ISIC_5379619.jpg,1,1,1,1,1
inference_data/milk10k/MILK10k_Training_Input/IL_8848308/ISIC_0251142.jpg,2,1,1,2,2
inference_data/milk10k/MILK10k_Training_Input/IL_8850331/ISIC_5201104.jpg,3,2,3,3,2
inference_data/milk10k/MILK10k_Training_Input/IL_8850331/ISIC_8874166.jpg,3,2,2,2,2
inference_data/milk10k/MILK10k_Training_Input/IL_8850639/ISIC_9865547.jpg,3,2,3,3,2
inference_data/milk10k/MILK10k_Training_Input/IL_8850639/ISIC_8437510.jpg,1,1,1,1,1
inference_data/milk10k/MILK10k_Training_Input/IL_8853986/ISIC_4396652.jpg,2,2,1,2,2
inference_data/milk10k/MILK10k_Training_Input/IL_8853986/ISIC_5093862.jpg,1,2,1,1,1
inference_data/milk10k/MILK10k_Training_Input/IL_8854327/ISIC_3177059.jpg,1,1,1,1,1
inference_data/milk10k/MILK10k_Training_Input/IL_8854327/ISIC_0645934.jpg,2,2,2,2,2
inference_data/milk10k/MILK10k_Training_Input/IL_8854625/ISIC_0093389.jpg,2,2,2,2,2
inference_data/milk10k/MILK10k_Training_Input/IL_8854625/ISIC_1649481.jpg,1,1,1,1,1
inference_data/milk10k/MILK10k_Training_Input/IL_8855847/ISIC_6217593.jpg,3,3,3,3,3
inference_data/milk10k/MILK10k_Training_Input/IL_8855847/ISIC_8708228.jpg,1,1,1,1,1
inference_data/milk10k/MILK10k_Training_Input/IL_8859314/ISIC_7147780.jpg,2,2,2,2,2
inference_data/milk10k/MILK10k_Training_Input/IL_8859314/ISIC_6795963.jpg,1,1,0,1,1
inference_data/milk10k/MILK10k_Training_Input/IL_8861890/ISIC_2598676.jpg,3,2,3,3,2
inference_data/milk10k/MILK10k_Training_Input/IL_8861890/ISIC_7902320.jpg,2,1,1,2,2
inference_data/milk10k/MILK10k_Training_Input/IL_8863654/ISIC_9579385.jpg,3,2,3,3,2
inference_data/milk10k/MILK10k_Training_Input/IL_8863654/ISIC_8134181.jpg,2,1,2,2,2
inference_data/milk10k/MILK10k_Training_Input/IL_8863823/ISIC_5437238.jpg,3,2,3,3,3
inference_data/milk10k/MILK10k_Training_Input/IL_8863823/ISIC_1658137.jpg,1,1,1,1,1
inference_data/milk10k/MILK10k_Training_Input/IL_8864520/ISIC_1412212.jpg,2,2,2,3,2
inference_data/milk10k/MILK10k_Training_Input/IL_8864520/ISIC_7907324.jpg,4,4,4,4,4
inference_data/milk10k/MILK10k_Training_Input/IL_8864623/ISIC_9276888.jpg,3,3,3,3,3
inference_data/milk10k/MILK10k_Training_Input/IL_8864623/ISIC_3113033.jpg,1,1,0,1,1
inference_data/milk10k/MILK10k_Training_Input/IL_8869831/ISIC_5691487.jpg,1,1,1,1,2
inference_data/milk10k/MILK10k_Training_Input/IL_8869831/ISIC_7890222.jpg,1,1,1,1,2
inference_data/milk10k/MILK10k_Training_Input/IL_8869881/ISIC_6562927.jpg,2,2,3,3,2
inference_data/milk10k/MILK10k_Training_Input/IL_8869881/ISIC_4377239.jpg,1,1,0,1,1
inference_data/milk10k/MILK10k_Training_Input/IL_8875677/ISIC_5205716.jpg,3,3,3,3,3
inference_data/milk10k/MILK10k_Training_Input/IL_8875677/ISIC_0650927.jpg,1,1,1,1,1
inference_data/milk10k/MILK10k_Training_Input/IL_8876337/ISIC_1922750.jpg,2,2,2,2,2
inference_data/milk10k/MILK10k_Training_Input/IL_8876337/ISIC_4349004.jpg,2,1,2,2,2
inference_data/milk10k/MILK10k_Training_Input/IL_8876914/ISIC_2212859.jpg,2,2,2,2,2
inference_data/milk10k/MILK10k_Training_Input/IL_8876914/ISIC_4370676.jpg,3,2,3,3,3
inference_data/milk10k/MILK10k_Training_Input/IL_8877629/ISIC_9921386.jpg,3,3,3,3,3
inference_data/milk10k/MILK10k_Training_Input/IL_8877629/ISIC_5932820.jpg,5,4,5,5,5
inference_data/milk10k/MILK10k_Training_Input/IL_8880456/ISIC_6246297.jpg,3,2,3,3,2
inference_data/milk10k/MILK10k_Training_Input/IL_8880456/ISIC_2973607.jpg,2,2,2,2,2
inference_data/milk10k/MILK10k_Training_Input/IL_8885600/ISIC_1244450.jpg,2,2,2,2,2
inference_data/milk10k/MILK10k_Training_Input/IL_8885600/ISIC_5200686.jpg,1,1,0,1,1
inference_data/milk10k/MILK10k_Training_Input/IL_8887845/ISIC_4949753.jpg,2,1,2,2,1
inference_data/milk10k/MILK10k_Training_Input/IL_8887845/ISIC_5372934.jpg,1,1,1,1,1
inference_data/milk10k/MILK10k_Training_Input/IL_8890308/ISIC_2148749.jpg,3,3,3,3,3
inference_data/milk10k/MILK10k_Training_Input/IL_8890308/ISIC_9918302.jpg,2,2,2,2,2
inference_data/milk10k/MILK10k_Training_Input/IL_8890453/ISIC_3685271.jpg,2,2,3,2,2
inference_data/milk10k/MILK10k_Training_Input/IL_8890453/ISIC_1326092.jpg,1,1,1,1,1
inference_data/milk10k/MILK10k_Training_Input/IL_8891423/ISIC_9272344.jpg,2,1,2,2,2
inference_data/milk10k/MILK10k_Training_Input/IL_8891423/ISIC_8470224.jpg,1,1,0,1,1
inference_data/milk10k/MILK10k_Training_Input/IL_8892581/ISIC_8898285.jpg,2,3,2,3,2
inference_data/milk10k/MILK10k_Training_Input/IL_8892581/ISIC_3905157.jpg,1,1,1,1,1
inference_data/milk10k/MILK10k_Training_Input/IL_8893510/ISIC_2566720.jpg,3,3,3,3,3
inference_data/milk10k/MILK10k_Training_Input/IL_8893510/ISIC_1208071.jpg,1,1,1,1,1
inference_data/milk10k/MILK10k_Training_Input/IL_8893522/ISIC_9815898.jpg,3,2,3,3,3
inference_data/milk10k/MILK10k_Training_Input/IL_8893522/ISIC_7042940.jpg,2,2,2,2,2
inference_data/milk10k/MILK10k_Training_Input/IL_8894950/ISIC_6518344.jpg,3,3,3,3,3
inference_data/milk10k/MILK10k_Training_Input/IL_8894950/ISIC_7535768.jpg,2,1,1,2,2
inference_data/milk10k/MILK10k_Training_Input/IL_8903764/ISIC_1398271.jpg,3,3,3,3,3
inference_data/milk10k/MILK10k_Training_Input/IL_8903764/ISIC_7885691.jpg,2,2,2,2,2
inference_data/milk10k/MILK10k_Training_Input/IL_8904932/ISIC_6256140.jpg,1,1,1,1,1
inference_data/milk10k/MILK10k_Training_Input/IL_8904932/ISIC_8339951.jpg,1,1,1,1,1
inference_data/milk10k/MILK10k_Training_Input/IL_8907892/ISIC_5092781.jpg,2,2,2,2,2
inference_data/milk10k/MILK10k_Training_Input/IL_8907892/ISIC_2187348.jpg,2,2,2,2,2
inference_data/milk10k/MILK10k_Training_Input/IL_8908533/ISIC_8113702.jpg,2,2,2,3,2
inference_data/milk10k/MILK10k_Training_Input/IL_8908533/ISIC_0974866.jpg,1,1,0,1,1
inference_data/milk10k/MILK10k_Training_Input/IL_8908582/ISIC_4560708.jpg,1,1,1,1,1
inference_data/milk10k/MILK10k_Training_Input/IL_8908582/ISIC_2724480.jpg,2,2,1,2,2
inference_data/milk10k/MILK10k_Training_Input/IL_8914005/ISIC_0612519.jpg,1,1,1,1,1
inference_data/milk10k/MILK10k_Training_Input/IL_8914005/ISIC_5944362.jpg,1,2,1,2,2
inference_data/milk10k/MILK10k_Training_Input/IL_8918294/ISIC_3303508.jpg,3,3,2,3,2
inference_data/milk10k/MILK10k_Training_Input/IL_8918294/ISIC_0715665.jpg,1,2,1,2,2
inference_data/milk10k/MILK10k_Training_Input/IL_8918323/ISIC_1148803.jpg,2,2,2,2,2
inference_data/milk10k/MILK10k_Training_Input/IL_8918323/ISIC_5997052.jpg,2,2,2,2,2
inference_data/milk10k/MILK10k_Training_Input/IL_8922194/ISIC_0324439.jpg,2,2,2,2,2
inference_data/milk10k/MILK10k_Training_Input/IL_8922194/ISIC_8472225.jpg,2,1,1,2,2
inference_data/milk10k/MILK10k_Training_Input/IL_8925719/ISIC_2440553.jpg,2,1,1,2,2
inference_data/milk10k/MILK10k_Training_Input/IL_8925719/ISIC_2202519.jpg,1,1,0,1,1
inference_data/milk10k/MILK10k_Training_Input/IL_8927794/ISIC_3567810.jpg,3,3,3,3,3
inference_data/milk10k/MILK10k_Training_Input/IL_8927794/ISIC_7105949.jpg,2,1,1,2,2
inference_data/milk10k/MILK10k_Training_Input/IL_8931844/ISIC_8253140.jpg,4,4,4,4,4
inference_data/milk10k/MILK10k_Training_Input/IL_8931844/ISIC_0373682.jpg,2,2,2,2,3
inference_data/milk10k/MILK10k_Training_Input/IL_8932098/ISIC_6576920.jpg,3,3,3,3,3
inference_data/milk10k/MILK10k_Training_Input/IL_8932098/ISIC_2311991.jpg,2,2,2,2,2
inference_data/milk10k/MILK10k_Training_Input/IL_8933396/ISIC_1176432.jpg,3,3,3,4,3
inference_data/milk10k/MILK10k_Training_Input/IL_8933396/ISIC_8981897.jpg,2,2,2,2,2
inference_data/milk10k/MILK10k_Training_Input/IL_8937379/ISIC_4014870.jpg,1,1,1,2,2
inference_data/milk10k/MILK10k_Training_Input/IL_8937379/ISIC_1102915.jpg,1,1,1,1,1
inference_data/milk10k/MILK10k_Training_Input/IL_8939898/ISIC_9725650.jpg,2,2,3,3,2
inference_data/milk10k/MILK10k_Training_Input/IL_8939898/ISIC_9098782.jpg,1,1,1,1,1
inference_data/milk10k/MILK10k_Training_Input/IL_8944802/ISIC_6369423.jpg,2,2,2,3,2
inference_data/milk10k/MILK10k_Training_Input/IL_8944802/ISIC_0690986.jpg,2,1,1,1,2
inference_data/milk10k/MILK10k_Training_Input/IL_8946416/ISIC_6080382.jpg,2,2,2,2,2
inference_data/milk10k/MILK10k_Training_Input/IL_8946416/ISIC_8137029.jpg,2,2,1,2,2
inference_data/milk10k/MILK10k_Training_Input/IL_8950937/ISIC_8419830.jpg,2,2,2,2,2
inference_data/milk10k/MILK10k_Training_Input/IL_8950937/ISIC_6751355.jpg,1,1,1,1,1
inference_data/milk10k/MILK10k_Training_Input/IL_8951938/ISIC_8908980.jpg,1,1,1,1,1
inference_data/milk10k/MILK10k_Training_Input/IL_8951938/ISIC_4935816.jpg,1,1,1,1,1
inference_data/milk10k/MILK10k_Training_Input/IL_8954957/ISIC_2920020.jpg,2,2,2,3,2
inference_data/milk10k/MILK10k_Training_Input/IL_8954957/ISIC_8448006.jpg,2,2,2,2,2
inference_data/milk10k/MILK10k_Training_Input/IL_8955960/ISIC_1447974.jpg,4,3,4,4,3
inference_data/milk10k/MILK10k_Training_Input/IL_8955960/ISIC_4354115.jpg,1,1,1,1,1
inference_data/milk10k/MILK10k_Training_Input/IL_8957515/ISIC_7805543.jpg,2,2,2,2,2
inference_data/milk10k/MILK10k_Training_Input/IL_8957515/ISIC_8686696.jpg,2,2,2,2,2
inference_data/milk10k/MILK10k_Training_Input/IL_8962270/ISIC_9552881.jpg,4,3,4,4,4
inference_data/milk10k/MILK10k_Training_Input/IL_8962270/ISIC_5950652.jpg,4,4,4,4,4
inference_data/milk10k/MILK10k_Training_Input/IL_8970458/ISIC_5101018.jpg,3,2,3,3,3
inference_data/milk10k/MILK10k_Training_Input/IL_8970458/ISIC_4485467.jpg,1,1,1,1,1
inference_data/milk10k/MILK10k_Training_Input/IL_8971740/ISIC_7319315.jpg,2,2,2,2,2
inference_data/milk10k/MILK10k_Training_Input/IL_8971740/ISIC_2515838.jpg,1,1,1,1,1
inference_data/milk10k/MILK10k_Training_Input/IL_8973483/ISIC_6629495.jpg,2,2,2,2,2
inference_data/milk10k/MILK10k_Training_Input/IL_8973483/ISIC_5328474.jpg,1,1,1,1,1
inference_data/milk10k/MILK10k_Training_Input/IL_8976985/ISIC_9812504.jpg,3,3,3,3,3
inference_data/milk10k/MILK10k_Training_Input/IL_8976985/ISIC_2184268.jpg,2,2,1,2,2
inference_data/milk10k/MILK10k_Training_Input/IL_8978471/ISIC_5552359.jpg,2,2,2,2,2
inference_data/milk10k/MILK10k_Training_Input/IL_8978471/ISIC_0101955.jpg,2,2,2,2,2
inference_data/milk10k/MILK10k_Training_Input/IL_8980429/ISIC_8089680.jpg,1,1,1,1,1
inference_data/milk10k/MILK10k_Training_Input/IL_8980429/ISIC_5739264.jpg,2,2,1,2,2
inference_data/milk10k/MILK10k_Training_Input/IL_8983305/ISIC_8284395.jpg,2,2,1,2,2
inference_data/milk10k/MILK10k_Training_Input/IL_8983305/ISIC_7365593.jpg,2,2,1,2,2
inference_data/milk10k/MILK10k_Training_Input/IL_8984570/ISIC_9541260.jpg,2,2,2,2,2
inference_data/milk10k/MILK10k_Training_Input/IL_8984570/ISIC_1845922.jpg,1,1,0,1,1
inference_data/milk10k/MILK10k_Training_Input/IL_8987309/ISIC_6455546.jpg,4,3,3,4,3
inference_data/milk10k/MILK10k_Training_Input/IL_8987309/ISIC_0664879.jpg,1,2,1,2,2
inference_data/milk10k/MILK10k_Training_Input/IL_8988340/ISIC_0411043.jpg,3,2,3,3,3
inference_data/milk10k/MILK10k_Training_Input/IL_8988340/ISIC_6401647.jpg,2,2,1,2,2
inference_data/milk10k/MILK10k_Training_Input/IL_8991149/ISIC_6717021.jpg,2,2,2,2,2
inference_data/milk10k/MILK10k_Training_Input/IL_8991149/ISIC_0632001.jpg,2,1,2,2,2
inference_data/milk10k/MILK10k_Training_Input/IL_8991771/ISIC_0845014.jpg,2,2,2,3,2
inference_data/milk10k/MILK10k_Training_Input/IL_8991771/ISIC_1111477.jpg,2,1,1,1,2
inference_data/milk10k/MILK10k_Training_Input/IL_8993407/ISIC_3770484.jpg,2,2,2,3,2
inference_data/milk10k/MILK10k_Training_Input/IL_8993407/ISIC_2264421.jpg,1,1,1,1,1
inference_data/milk10k/MILK10k_Training_Input/IL_8994019/ISIC_2721569.jpg,1,1,1,1,2
inference_data/milk10k/MILK10k_Training_Input/IL_8994019/ISIC_6873786.jpg,2,2,2,2,2
inference_data/milk10k/MILK10k_Training_Input/IL_8994291/ISIC_8436161.jpg,2,1,1,2,2
inference_data/milk10k/MILK10k_Training_Input/IL_8994291/ISIC_2506667.jpg,1,1,1,1,1
inference_data/milk10k/MILK10k_Training_Input/IL_8998802/ISIC_8638879.jpg,3,3,3,3,3
inference_data/milk10k/MILK10k_Training_Input/IL_8998802/ISIC_1940714.jpg,2,3,2,2,2
inference_data/milk10k/MILK10k_Training_Input/IL_9003508/ISIC_8015470.jpg,2,2,2,2,2
inference_data/milk10k/MILK10k_Training_Input/IL_9003508/ISIC_3933164.jpg,1,1,1,1,1
inference_data/milk10k/MILK10k_Training_Input/IL_9005268/ISIC_7852805.jpg,1,1,1,1,1
inference_data/milk10k/MILK10k_Training_Input/IL_9005268/ISIC_6910029.jpg,2,2,1,2,2
inference_data/milk10k/MILK10k_Training_Input/IL_9007318/ISIC_4407741.jpg,3,3,3,3,3
inference_data/milk10k/MILK10k_Training_Input/IL_9007318/ISIC_6639016.jpg,1,1,1,1,1
inference_data/milk10k/MILK10k_Training_Input/IL_9010382/ISIC_6217625.jpg,3,2,3,3,3
inference_data/milk10k/MILK10k_Training_Input/IL_9010382/ISIC_0770326.jpg,2,2,2,2,2
inference_data/milk10k/MILK10k_Training_Input/IL_9013007/ISIC_8229738.jpg,3,3,3,3,3
inference_data/milk10k/MILK10k_Training_Input/IL_9013007/ISIC_2616471.jpg,2,1,2,2,2
inference_data/milk10k/MILK10k_Training_Input/IL_9013946/ISIC_1636685.jpg,3,3,3,3,3
inference_data/milk10k/MILK10k_Training_Input/IL_9013946/ISIC_2305541.jpg,1,2,1,1,1
inference_data/milk10k/MILK10k_Training_Input/IL_9017752/ISIC_6598411.jpg,4,3,4,4,4
inference_data/milk10k/MILK10k_Training_Input/IL_9017752/ISIC_3210975.jpg,2,2,2,2,2
inference_data/milk10k/MILK10k_Training_Input/IL_9018029/ISIC_2362668.jpg,2,2,2,2,2
inference_data/milk10k/MILK10k_Training_Input/IL_9018029/ISIC_6715416.jpg,1,1,1,1,1
inference_data/milk10k/MILK10k_Training_Input/IL_9021517/ISIC_0785356.jpg,1,2,1,2,2
inference_data/milk10k/MILK10k_Training_Input/IL_9021517/ISIC_4235575.jpg,1,1,1,1,1
inference_data/milk10k/MILK10k_Training_Input/IL_9024292/ISIC_0132555.jpg,3,3,3,3,3
inference_data/milk10k/MILK10k_Training_Input/IL_9024292/ISIC_4760443.jpg,2,2,2,2,2
inference_data/milk10k/MILK10k_Training_Input/IL_9025368/ISIC_9570026.jpg,3,3,3,4,3
inference_data/milk10k/MILK10k_Training_Input/IL_9025368/ISIC_1892349.jpg,2,2,2,2,2
inference_data/milk10k/MILK10k_Training_Input/IL_9026324/ISIC_7780391.jpg,2,2,2,2,2
inference_data/milk10k/MILK10k_Training_Input/IL_9026324/ISIC_8180214.jpg,1,1,1,1,1
inference_data/milk10k/MILK10k_Training_Input/IL_9027780/ISIC_4263491.jpg,3,2,2,3,2
inference_data/milk10k/MILK10k_Training_Input/IL_9027780/ISIC_0497574.jpg,2,2,2,2,2
inference_data/milk10k/MILK10k_Training_Input/IL_9029664/ISIC_5349431.jpg,3,2,3,3,2
inference_data/milk10k/MILK10k_Training_Input/IL_9029664/ISIC_4563142.jpg,1,1,0,1,1
inference_data/milk10k/MILK10k_Training_Input/IL_9031003/ISIC_7016980.jpg,2,2,1,2,2
inference_data/milk10k/MILK10k_Training_Input/IL_9031003/ISIC_4231378.jpg,2,2,2,2,2
inference_data/milk10k/MILK10k_Training_Input/IL_9032748/ISIC_2700916.jpg,3,3,3,4,3
inference_data/milk10k/MILK10k_Training_Input/IL_9032748/ISIC_1891312.jpg,2,2,2,3,3
inference_data/milk10k/MILK10k_Training_Input/IL_9035179/ISIC_1330625.jpg,3,3,3,3,3
inference_data/milk10k/MILK10k_Training_Input/IL_9035179/ISIC_9939897.jpg,1,1,0,1,1
inference_data/milk10k/MILK10k_Training_Input/IL_9035810/ISIC_1547758.jpg,2,1,2,3,2
inference_data/milk10k/MILK10k_Training_Input/IL_9035810/ISIC_3513521.jpg,2,2,2,2,2
inference_data/milk10k/MILK10k_Training_Input/IL_9036149/ISIC_5199166.jpg,4,3,4,4,3
inference_data/milk10k/MILK10k_Training_Input/IL_9036149/ISIC_0290183.jpg,1,1,1,1,1
inference_data/milk10k/MILK10k_Training_Input/IL_9038692/ISIC_8865829.jpg,3,3,3,3,3
inference_data/milk10k/MILK10k_Training_Input/IL_9038692/ISIC_2457583.jpg,2,1,1,2,2
inference_data/milk10k/MILK10k_Training_Input/IL_9041590/ISIC_6260438.jpg,3,3,2,3,2
inference_data/milk10k/MILK10k_Training_Input/IL_9041590/ISIC_2645316.jpg,1,1,0,1,1
inference_data/milk10k/MILK10k_Training_Input/IL_9052165/ISIC_5553426.jpg,1,1,1,1,1
inference_data/milk10k/MILK10k_Training_Input/IL_9052165/ISIC_5990006.jpg,1,1,0,1,1
inference_data/milk10k/MILK10k_Training_Input/IL_9057925/ISIC_6851212.jpg,2,2,3,3,2
inference_data/milk10k/MILK10k_Training_Input/IL_9057925/ISIC_0174869.jpg,1,1,1,1,1
inference_data/milk10k/MILK10k_Training_Input/IL_9059255/ISIC_8980636.jpg,2,2,2,2,2
inference_data/milk10k/MILK10k_Training_Input/IL_9059255/ISIC_3713055.jpg,2,2,2,2,2
inference_data/milk10k/MILK10k_Training_Input/IL_9063052/ISIC_7913133.jpg,2,2,1,2,2
inference_data/milk10k/MILK10k_Training_Input/IL_9063052/ISIC_0634232.jpg,1,1,1,1,1
inference_data/milk10k/MILK10k_Training_Input/IL_9064391/ISIC_6871088.jpg,3,3,3,3,3
inference_data/milk10k/MILK10k_Training_Input/IL_9064391/ISIC_0506795.jpg,1,1,1,1,1
inference_data/milk10k/MILK10k_Training_Input/IL_9064607/ISIC_9237488.jpg,2,2,1,2,2
inference_data/milk10k/MILK10k_Training_Input/IL_9064607/ISIC_6933070.jpg,2,2,2,2,2
inference_data/milk10k/MILK10k_Training_Input/IL_9066229/ISIC_0669812.jpg,3,3,3,3,3
inference_data/milk10k/MILK10k_Training_Input/IL_9066229/ISIC_3395847.jpg,2,2,2,2,2
inference_data/milk10k/MILK10k_Training_Input/IL_9067051/ISIC_8287342.jpg,2,2,2,2,2
inference_data/milk10k/MILK10k_Training_Input/IL_9067051/ISIC_3138874.jpg,2,2,2,2,2
inference_data/milk10k/MILK10k_Training_Input/IL_9067447/ISIC_1396973.jpg,2,2,2,2,2
inference_data/milk10k/MILK10k_Training_Input/IL_9067447/ISIC_5993206.jpg,2,1,1,2,1
inference_data/milk10k/MILK10k_Training_Input/IL_9070034/ISIC_4205802.jpg,3,3,3,3,3
inference_data/milk10k/MILK10k_Training_Input/IL_9070034/ISIC_9209458.jpg,4,4,4,4,4
inference_data/milk10k/MILK10k_Training_Input/IL_9070099/ISIC_9165967.jpg,2,2,2,2,2
inference_data/milk10k/MILK10k_Training_Input/IL_9070099/ISIC_6856028.jpg,2,2,2,2,2
inference_data/milk10k/MILK10k_Training_Input/IL_9072038/ISIC_6831946.jpg,3,2,3,3,3
inference_data/milk10k/MILK10k_Training_Input/IL_9072038/ISIC_2134211.jpg,2,2,2,2,2
inference_data/milk10k/MILK10k_Training_Input/IL_9075898/ISIC_8933202.jpg,3,3,2,3,2
inference_data/milk10k/MILK10k_Training_Input/IL_9075898/ISIC_7109494.jpg,2,2,2,2,2
inference_data/milk10k/MILK10k_Training_Input/IL_9077071/ISIC_9532297.jpg,2,2,2,2,2
inference_data/milk10k/MILK10k_Training_Input/IL_9077071/ISIC_7888447.jpg,2,2,2,2,2
inference_data/milk10k/MILK10k_Training_Input/IL_9083220/ISIC_4122077.jpg,2,2,2,2,2
inference_data/milk10k/MILK10k_Training_Input/IL_9083220/ISIC_0101062.jpg,2,2,2,2,2
inference_data/milk10k/MILK10k_Training_Input/IL_9084119/ISIC_2078663.jpg,2,2,2,2,2
inference_data/milk10k/MILK10k_Training_Input/IL_9084119/ISIC_6374674.jpg,2,2,1,2,2
inference_data/milk10k/MILK10k_Training_Input/IL_9086799/ISIC_7287192.jpg,2,3,2,3,2
inference_data/milk10k/MILK10k_Training_Input/IL_9086799/ISIC_0872261.jpg,2,2,2,2,2
inference_data/milk10k/MILK10k_Training_Input/IL_9086913/ISIC_1424339.jpg,1,2,1,1,1
inference_data/milk10k/MILK10k_Training_Input/IL_9086913/ISIC_2212922.jpg,1,1,1,1,1
inference_data/milk10k/MILK10k_Training_Input/IL_9087461/ISIC_5558301.jpg,2,1,1,2,2
inference_data/milk10k/MILK10k_Training_Input/IL_9087461/ISIC_7259000.jpg,2,2,2,2,2
inference_data/milk10k/MILK10k_Training_Input/IL_9088569/ISIC_9271454.jpg,3,2,2,3,2
inference_data/milk10k/MILK10k_Training_Input/IL_9088569/ISIC_6965635.jpg,2,1,1,1,1
inference_data/milk10k/MILK10k_Training_Input/IL_9091693/ISIC_6111856.jpg,3,3,3,3,3
inference_data/milk10k/MILK10k_Training_Input/IL_9091693/ISIC_2803954.jpg,2,1,2,1,2
inference_data/milk10k/MILK10k_Training_Input/IL_9092829/ISIC_3070709.jpg,4,3,4,4,3
inference_data/milk10k/MILK10k_Training_Input/IL_9092829/ISIC_4890139.jpg,1,1,1,2,2
inference_data/milk10k/MILK10k_Training_Input/IL_9094394/ISIC_8547720.jpg,2,2,2,2,2
inference_data/milk10k/MILK10k_Training_Input/IL_9094394/ISIC_9978058.jpg,2,2,2,2,2
inference_data/milk10k/MILK10k_Training_Input/IL_9095433/ISIC_4897116.jpg,1,1,1,1,1
inference_data/milk10k/MILK10k_Training_Input/IL_9095433/ISIC_9483507.jpg,1,1,1,1,1
inference_data/milk10k/MILK10k_Training_Input/IL_9099614/ISIC_8772140.jpg,3,3,3,3,3
inference_data/milk10k/MILK10k_Training_Input/IL_9099614/ISIC_5293815.jpg,1,1,1,1,1
inference_data/milk10k/MILK10k_Training_Input/IL_9101590/ISIC_9550550.jpg,3,2,3,3,3
inference_data/milk10k/MILK10k_Training_Input/IL_9101590/ISIC_7925520.jpg,1,1,1,1,1
inference_data/milk10k/MILK10k_Training_Input/IL_9101838/ISIC_6122024.jpg,2,2,2,2,2
inference_data/milk10k/MILK10k_Training_Input/IL_9101838/ISIC_1832093.jpg,1,1,1,1,1
inference_data/milk10k/MILK10k_Training_Input/IL_9102116/ISIC_7687096.jpg,3,2,3,3,3
inference_data/milk10k/MILK10k_Training_Input/IL_9102116/ISIC_3832062.jpg,1,1,1,1,1
inference_data/milk10k/MILK10k_Training_Input/IL_9104485/ISIC_0226810.jpg,3,3,3,3,3
inference_data/milk10k/MILK10k_Training_Input/IL_9104485/ISIC_4106032.jpg,2,2,2,2,2
inference_data/milk10k/MILK10k_Training_Input/IL_9106162/ISIC_3308043.jpg,2,2,2,2,2
inference_data/milk10k/MILK10k_Training_Input/IL_9106162/ISIC_8883217.jpg,3,2,3,2,3
inference_data/milk10k/MILK10k_Training_Input/IL_9106447/ISIC_3469093.jpg,3,2,3,3,2
inference_data/milk10k/MILK10k_Training_Input/IL_9106447/ISIC_6025998.jpg,1,1,1,1,1
inference_data/milk10k/MILK10k_Training_Input/IL_9109267/ISIC_3508395.jpg,1,1,1,1,1
inference_data/milk10k/MILK10k_Training_Input/IL_9109267/ISIC_1715773.jpg,1,2,1,1,1
inference_data/milk10k/MILK10k_Training_Input/IL_9113822/ISIC_6455103.jpg,2,2,2,3,2
inference_data/milk10k/MILK10k_Training_Input/IL_9113822/ISIC_4185473.jpg,1,1,1,1,1
inference_data/milk10k/MILK10k_Training_Input/IL_9119843/ISIC_9735403.jpg,2,2,2,2,2
inference_data/milk10k/MILK10k_Training_Input/IL_9119843/ISIC_6161975.jpg,3,3,3,3,3
inference_data/milk10k/MILK10k_Training_Input/IL_9120764/ISIC_3524883.jpg,2,2,2,2,2
inference_data/milk10k/MILK10k_Training_Input/IL_9120764/ISIC_1364975.jpg,2,2,2,2,2
inference_data/milk10k/MILK10k_Training_Input/IL_9122534/ISIC_2233970.jpg,3,3,3,3,3
inference_data/milk10k/MILK10k_Training_Input/IL_9122534/ISIC_4803004.jpg,2,2,2,2,2
inference_data/milk10k/MILK10k_Training_Input/IL_9124015/ISIC_4393750.jpg,2,1,1,1,1
inference_data/milk10k/MILK10k_Training_Input/IL_9124015/ISIC_3394938.jpg,2,1,1,2,2
inference_data/milk10k/MILK10k_Training_Input/IL_9124411/ISIC_6767738.jpg,2,2,3,3,2
inference_data/milk10k/MILK10k_Training_Input/IL_9124411/ISIC_8054499.jpg,1,1,1,2,2
inference_data/milk10k/MILK10k_Training_Input/IL_9125215/ISIC_9322304.jpg,3,3,3,3,3
inference_data/milk10k/MILK10k_Training_Input/IL_9125215/ISIC_6654586.jpg,3,3,3,3,3
inference_data/milk10k/MILK10k_Training_Input/IL_9126795/ISIC_3573447.jpg,2,2,2,2,2
inference_data/milk10k/MILK10k_Training_Input/IL_9126795/ISIC_9249196.jpg,2,2,2,2,2
inference_data/milk10k/MILK10k_Training_Input/IL_9127211/ISIC_8916536.jpg,3,3,3,3,3
inference_data/milk10k/MILK10k_Training_Input/IL_9127211/ISIC_3267303.jpg,1,1,1,1,1
inference_data/milk10k/MILK10k_Training_Input/IL_9130306/ISIC_7547412.jpg,2,2,2,2,2
inference_data/milk10k/MILK10k_Training_Input/IL_9130306/ISIC_1396159.jpg,4,4,3,3,3
inference_data/milk10k/MILK10k_Training_Input/IL_9130724/ISIC_2911472.jpg,3,2,3,3,3
inference_data/milk10k/MILK10k_Training_Input/IL_9130724/ISIC_1606234.jpg,2,2,1,2,2
inference_data/milk10k/MILK10k_Training_Input/IL_9130901/ISIC_7971818.jpg,3,2,3,3,3
inference_data/milk10k/MILK10k_Training_Input/IL_9130901/ISIC_6348068.jpg,2,2,2,2,2
inference_data/milk10k/MILK10k_Training_Input/IL_9131328/ISIC_4743479.jpg,1,1,1,1,1
inference_data/milk10k/MILK10k_Training_Input/IL_9131328/ISIC_5817907.jpg,1,1,0,1,1
inference_data/milk10k/MILK10k_Training_Input/IL_9132121/ISIC_4665494.jpg,3,3,3,3,3
inference_data/milk10k/MILK10k_Training_Input/IL_9132121/ISIC_0811596.jpg,1,1,1,1,1
inference_data/milk10k/MILK10k_Training_Input/IL_9136481/ISIC_6300729.jpg,1,1,1,2,2
inference_data/milk10k/MILK10k_Training_Input/IL_9136481/ISIC_2600012.jpg,2,1,1,2,2
inference_data/milk10k/MILK10k_Training_Input/IL_9142917/ISIC_8410845.jpg,2,2,2,2,2
inference_data/milk10k/MILK10k_Training_Input/IL_9142917/ISIC_3769180.jpg,1,1,0,1,1
inference_data/milk10k/MILK10k_Training_Input/IL_9143908/ISIC_2217722.jpg,1,1,0,1,1
inference_data/milk10k/MILK10k_Training_Input/IL_9143908/ISIC_5972709.jpg,2,2,2,2,2
inference_data/milk10k/MILK10k_Training_Input/IL_9145163/ISIC_4141354.jpg,2,2,3,3,2
inference_data/milk10k/MILK10k_Training_Input/IL_9145163/ISIC_1602614.jpg,1,1,1,1,1
inference_data/milk10k/MILK10k_Training_Input/IL_9146194/ISIC_8468747.jpg,2,2,2,2,2
inference_data/milk10k/MILK10k_Training_Input/IL_9146194/ISIC_9274292.jpg,2,2,2,2,2
inference_data/milk10k/MILK10k_Training_Input/IL_9147878/ISIC_5746261.jpg,3,3,3,3,3
inference_data/milk10k/MILK10k_Training_Input/IL_9147878/ISIC_5467966.jpg,1,1,0,1,1
inference_data/milk10k/MILK10k_Training_Input/IL_9149489/ISIC_0895631.jpg,3,2,2,3,2
inference_data/milk10k/MILK10k_Training_Input/IL_9149489/ISIC_8500794.jpg,2,2,2,2,2
inference_data/milk10k/MILK10k_Training_Input/IL_9150101/ISIC_2900811.jpg,2,2,2,2,2
inference_data/milk10k/MILK10k_Training_Input/IL_9150101/ISIC_0230087.jpg,2,2,1,1,2
inference_data/milk10k/MILK10k_Training_Input/IL_9150280/ISIC_3472289.jpg,3,3,3,4,3
inference_data/milk10k/MILK10k_Training_Input/IL_9150280/ISIC_4443638.jpg,3,3,3,3,3
inference_data/milk10k/MILK10k_Training_Input/IL_9150805/ISIC_7713794.jpg,3,3,3,3,3
inference_data/milk10k/MILK10k_Training_Input/IL_9150805/ISIC_7913268.jpg,2,2,1,2,2
inference_data/milk10k/MILK10k_Training_Input/IL_9152183/ISIC_2040238.jpg,2,2,2,2,2
inference_data/milk10k/MILK10k_Training_Input/IL_9152183/ISIC_0528949.jpg,2,1,2,2,2
inference_data/milk10k/MILK10k_Training_Input/IL_9156080/ISIC_1232023.jpg,2,2,2,2,2
inference_data/milk10k/MILK10k_Training_Input/IL_9156080/ISIC_2556744.jpg,2,2,2,2,2
inference_data/milk10k/MILK10k_Training_Input/IL_9157359/ISIC_2855373.jpg,3,2,2,3,2
inference_data/milk10k/MILK10k_Training_Input/IL_9157359/ISIC_0304311.jpg,2,1,1,1,2
inference_data/milk10k/MILK10k_Training_Input/IL_9157797/ISIC_0140176.jpg,2,2,2,2,2
inference_data/milk10k/MILK10k_Training_Input/IL_9157797/ISIC_2283574.jpg,2,2,1,2,2
inference_data/milk10k/MILK10k_Training_Input/IL_9158276/ISIC_1023707.jpg,2,2,1,1,2
inference_data/milk10k/MILK10k_Training_Input/IL_9158276/ISIC_0442849.jpg,1,2,1,1,2
inference_data/milk10k/MILK10k_Training_Input/IL_9158531/ISIC_8552530.jpg,2,2,2,2,2
inference_data/milk10k/MILK10k_Training_Input/IL_9158531/ISIC_8615694.jpg,1,2,1,1,1
inference_data/milk10k/MILK10k_Training_Input/IL_9162610/ISIC_2827872.jpg,2,2,2,2,2
inference_data/milk10k/MILK10k_Training_Input/IL_9162610/ISIC_8238316.jpg,1,1,0,1,1
inference_data/milk10k/MILK10k_Training_Input/IL_9166161/ISIC_9280380.jpg,3,2,3,3,3
inference_data/milk10k/MILK10k_Training_Input/IL_9166161/ISIC_1953687.jpg,1,1,1,1,1
inference_data/milk10k/MILK10k_Training_Input/IL_9166527/ISIC_3231371.jpg,2,2,2,2,2
inference_data/milk10k/MILK10k_Training_Input/IL_9166527/ISIC_8344886.jpg,1,1,1,1,1
inference_data/milk10k/MILK10k_Training_Input/IL_9167025/ISIC_9205905.jpg,2,2,1,2,2
inference_data/milk10k/MILK10k_Training_Input/IL_9167025/ISIC_1490956.jpg,2,1,1,2,2
inference_data/milk10k/MILK10k_Training_Input/IL_9167075/ISIC_4618811.jpg,1,1,1,2,1
inference_data/milk10k/MILK10k_Training_Input/IL_9167075/ISIC_2533061.jpg,1,1,1,1,1
inference_data/milk10k/MILK10k_Training_Input/IL_9167718/ISIC_7812213.jpg,3,2,3,3,3
inference_data/milk10k/MILK10k_Training_Input/IL_9167718/ISIC_9553909.jpg,1,1,1,1,1
inference_data/milk10k/MILK10k_Training_Input/IL_9168364/ISIC_7970664.jpg,3,2,3,3,2
inference_data/milk10k/MILK10k_Training_Input/IL_9168364/ISIC_0569529.jpg,2,2,2,2,2
inference_data/milk10k/MILK10k_Training_Input/IL_9171073/ISIC_6038041.jpg,2,2,2,3,2
inference_data/milk10k/MILK10k_Training_Input/IL_9171073/ISIC_1770277.jpg,1,1,1,1,1
inference_data/milk10k/MILK10k_Training_Input/IL_9173239/ISIC_9956878.jpg,3,2,2,3,2
inference_data/milk10k/MILK10k_Training_Input/IL_9173239/ISIC_7939848.jpg,1,1,1,1,1
inference_data/milk10k/MILK10k_Training_Input/IL_9173333/ISIC_4315238.jpg,3,3,3,3,3
inference_data/milk10k/MILK10k_Training_Input/IL_9173333/ISIC_4888771.jpg,2,2,1,2,2
inference_data/milk10k/MILK10k_Training_Input/IL_9173728/ISIC_3013323.jpg,2,1,1,1,2
inference_data/milk10k/MILK10k_Training_Input/IL_9173728/ISIC_2305246.jpg,1,1,1,1,2
inference_data/milk10k/MILK10k_Training_Input/IL_9179021/ISIC_7505541.jpg,2,2,2,2,2
inference_data/milk10k/MILK10k_Training_Input/IL_9179021/ISIC_3210379.jpg,2,2,2,2,2
inference_data/milk10k/MILK10k_Training_Input/IL_9179227/ISIC_9485513.jpg,3,2,3,3,2
inference_data/milk10k/MILK10k_Training_Input/IL_9179227/ISIC_7217395.jpg,2,1,1,1,1
inference_data/milk10k/MILK10k_Training_Input/IL_9180123/ISIC_0575623.jpg,2,2,2,2,2
inference_data/milk10k/MILK10k_Training_Input/IL_9180123/ISIC_3162488.jpg,1,2,1,1,2
inference_data/milk10k/MILK10k_Training_Input/IL_9180201/ISIC_9227379.jpg,3,2,3,3,3
inference_data/milk10k/MILK10k_Training_Input/IL_9180201/ISIC_7374190.jpg,2,2,2,2,2
inference_data/milk10k/MILK10k_Training_Input/IL_9180227/ISIC_6228708.jpg,2,2,2,2,2
inference_data/milk10k/MILK10k_Training_Input/IL_9180227/ISIC_3910778.jpg,1,1,1,2,2
inference_data/milk10k/MILK10k_Training_Input/IL_9184351/ISIC_5664212.jpg,3,2,2,3,2
inference_data/milk10k/MILK10k_Training_Input/IL_9184351/ISIC_4760114.jpg,1,1,1,1,1
inference_data/milk10k/MILK10k_Training_Input/IL_9186164/ISIC_3012180.jpg,3,3,3,3,3
inference_data/milk10k/MILK10k_Training_Input/IL_9186164/ISIC_6434822.jpg,2,2,2,2,2
inference_data/milk10k/MILK10k_Training_Input/IL_9190120/ISIC_4955834.jpg,3,2,3,3,3
inference_data/milk10k/MILK10k_Training_Input/IL_9190120/ISIC_3365241.jpg,1,1,1,1,1
inference_data/milk10k/MILK10k_Training_Input/IL_9191697/ISIC_6123844.jpg,3,2,2,3,3
inference_data/milk10k/MILK10k_Training_Input/IL_9191697/ISIC_2959395.jpg,1,1,1,1,1
inference_data/milk10k/MILK10k_Training_Input/IL_9192355/ISIC_0260732.jpg,2,2,2,2,2
inference_data/milk10k/MILK10k_Training_Input/IL_9192355/ISIC_0321371.jpg,1,1,1,1,1
inference_data/milk10k/MILK10k_Training_Input/IL_9193873/ISIC_3309783.jpg,2,2,1,2,2
inference_data/milk10k/MILK10k_Training_Input/IL_9193873/ISIC_8356776.jpg,1,1,0,1,1
inference_data/milk10k/MILK10k_Training_Input/IL_9194841/ISIC_9236022.jpg,2,2,1,2,2
inference_data/milk10k/MILK10k_Training_Input/IL_9194841/ISIC_6754150.jpg,1,1,1,1,1
inference_data/milk10k/MILK10k_Training_Input/IL_9195034/ISIC_2806062.jpg,3,3,3,3,3
inference_data/milk10k/MILK10k_Training_Input/IL_9195034/ISIC_8260302.jpg,2,2,2,2,2
inference_data/milk10k/MILK10k_Training_Input/IL_9195436/ISIC_8350498.jpg,2,2,1,2,2
inference_data/milk10k/MILK10k_Training_Input/IL_9195436/ISIC_9816395.jpg,1,1,1,1,1
inference_data/milk10k/MILK10k_Training_Input/IL_9199460/ISIC_8529932.jpg,1,2,1,1,2
inference_data/milk10k/MILK10k_Training_Input/IL_9199460/ISIC_4341118.jpg,1,2,1,2,2
inference_data/milk10k/MILK10k_Training_Input/IL_9202251/ISIC_9355799.jpg,2,2,2,2,2
inference_data/milk10k/MILK10k_Training_Input/IL_9202251/ISIC_6384870.jpg,2,2,1,2,2
inference_data/milk10k/MILK10k_Training_Input/IL_9202762/ISIC_8674267.jpg,2,2,2,2,2
inference_data/milk10k/MILK10k_Training_Input/IL_9202762/ISIC_4492759.jpg,2,2,1,2,2
inference_data/milk10k/MILK10k_Training_Input/IL_9205436/ISIC_4013983.jpg,3,2,3,3,2
inference_data/milk10k/MILK10k_Training_Input/IL_9205436/ISIC_9504198.jpg,1,1,1,2,2
inference_data/milk10k/MILK10k_Training_Input/IL_9207228/ISIC_9852855.jpg,1,1,1,1,1
inference_data/milk10k/MILK10k_Training_Input/IL_9207228/ISIC_9778651.jpg,1,1,1,1,1
inference_data/milk10k/MILK10k_Training_Input/IL_9208680/ISIC_0080019.jpg,2,2,2,3,2
inference_data/milk10k/MILK10k_Training_Input/IL_9208680/ISIC_7977103.jpg,2,2,1,2,2
inference_data/milk10k/MILK10k_Training_Input/IL_9209825/ISIC_6190923.jpg,3,2,3,3,2
inference_data/milk10k/MILK10k_Training_Input/IL_9209825/ISIC_5665189.jpg,2,2,2,2,2
inference_data/milk10k/MILK10k_Training_Input/IL_9209914/ISIC_2539660.jpg,2,2,2,2,2
inference_data/milk10k/MILK10k_Training_Input/IL_9209914/ISIC_1376581.jpg,1,1,0,1,1
inference_data/milk10k/MILK10k_Training_Input/IL_9210134/ISIC_0919950.jpg,2,2,2,3,2
inference_data/milk10k/MILK10k_Training_Input/IL_9210134/ISIC_9450429.jpg,1,1,1,1,2
inference_data/milk10k/MILK10k_Training_Input/IL_9211790/ISIC_9755301.jpg,2,2,2,2,2
inference_data/milk10k/MILK10k_Training_Input/IL_9211790/ISIC_0819008.jpg,2,2,2,2,2
inference_data/milk10k/MILK10k_Training_Input/IL_9213417/ISIC_7541009.jpg,1,1,1,1,1
inference_data/milk10k/MILK10k_Training_Input/IL_9213417/ISIC_9521072.jpg,1,1,1,1,1
inference_data/milk10k/MILK10k_Training_Input/IL_9216457/ISIC_7179951.jpg,2,1,1,2,2
inference_data/milk10k/MILK10k_Training_Input/IL_9216457/ISIC_4262185.jpg,2,2,1,2,2
inference_data/milk10k/MILK10k_Training_Input/IL_9217480/ISIC_4520562.jpg,3,3,3,3,3
inference_data/milk10k/MILK10k_Training_Input/IL_9217480/ISIC_8462237.jpg,2,2,2,2,2
inference_data/milk10k/MILK10k_Training_Input/IL_9221055/ISIC_7452036.jpg,2,2,2,2,2
inference_data/milk10k/MILK10k_Training_Input/IL_9221055/ISIC_9693001.jpg,2,2,2,2,2
inference_data/milk10k/MILK10k_Training_Input/IL_9221409/ISIC_0277160.jpg,3,3,3,4,3
inference_data/milk10k/MILK10k_Training_Input/IL_9221409/ISIC_9001735.jpg,1,1,1,1,1
inference_data/milk10k/MILK10k_Training_Input/IL_9222383/ISIC_9376579.jpg,2,2,3,3,2
inference_data/milk10k/MILK10k_Training_Input/IL_9222383/ISIC_8635663.jpg,1,1,1,1,1
inference_data/milk10k/MILK10k_Training_Input/IL_9224528/ISIC_5888492.jpg,2,1,1,2,2
inference_data/milk10k/MILK10k_Training_Input/IL_9224528/ISIC_7777861.jpg,2,2,1,2,2
inference_data/milk10k/MILK10k_Training_Input/IL_9229110/ISIC_2236717.jpg,2,2,2,2,2
inference_data/milk10k/MILK10k_Training_Input/IL_9229110/ISIC_3248418.jpg,2,2,1,2,2
inference_data/milk10k/MILK10k_Training_Input/IL_9230375/ISIC_0228941.jpg,2,2,2,2,2
inference_data/milk10k/MILK10k_Training_Input/IL_9230375/ISIC_3445231.jpg,1,1,1,1,1
inference_data/milk10k/MILK10k_Training_Input/IL_9231229/ISIC_5790117.jpg,2,2,2,2,2
inference_data/milk10k/MILK10k_Training_Input/IL_9231229/ISIC_4641356.jpg,2,2,1,2,1
inference_data/milk10k/MILK10k_Training_Input/IL_9232367/ISIC_7430526.jpg,2,2,2,2,2
inference_data/milk10k/MILK10k_Training_Input/IL_9232367/ISIC_7245189.jpg,2,1,1,2,2
inference_data/milk10k/MILK10k_Training_Input/IL_9233957/ISIC_8293339.jpg,3,2,3,3,3
inference_data/milk10k/MILK10k_Training_Input/IL_9233957/ISIC_1538266.jpg,1,1,0,1,1
inference_data/milk10k/MILK10k_Training_Input/IL_9235680/ISIC_9369610.jpg,2,2,2,2,2
inference_data/milk10k/MILK10k_Training_Input/IL_9235680/ISIC_7116414.jpg,2,2,2,2,2
inference_data/milk10k/MILK10k_Training_Input/IL_9241811/ISIC_7331674.jpg,3,3,3,3,3
inference_data/milk10k/MILK10k_Training_Input/IL_9241811/ISIC_7461685.jpg,1,1,1,1,2
inference_data/milk10k/MILK10k_Training_Input/IL_9245016/ISIC_6960107.jpg,2,2,2,3,2
inference_data/milk10k/MILK10k_Training_Input/IL_9245016/ISIC_7827973.jpg,1,1,1,1,2
inference_data/milk10k/MILK10k_Training_Input/IL_9247349/ISIC_9901858.jpg,2,2,2,2,2
inference_data/milk10k/MILK10k_Training_Input/IL_9247349/ISIC_4823638.jpg,1,1,1,1,2
inference_data/milk10k/MILK10k_Training_Input/IL_9249618/ISIC_7204351.jpg,3,2,3,3,3
inference_data/milk10k/MILK10k_Training_Input/IL_9249618/ISIC_1881240.jpg,1,1,1,1,1
inference_data/milk10k/MILK10k_Training_Input/IL_9250210/ISIC_7655648.jpg,3,3,3,3,3
inference_data/milk10k/MILK10k_Training_Input/IL_9250210/ISIC_5529223.jpg,2,2,2,2,2
inference_data/milk10k/MILK10k_Training_Input/IL_9250980/ISIC_1598694.jpg,3,2,3,3,3
inference_data/milk10k/MILK10k_Training_Input/IL_9250980/ISIC_0220890.jpg,1,1,1,1,1
inference_data/milk10k/MILK10k_Training_Input/IL_9251474/ISIC_7328549.jpg,2,2,2,2,2
inference_data/milk10k/MILK10k_Training_Input/IL_9251474/ISIC_9891275.jpg,2,2,2,2,2
inference_data/milk10k/MILK10k_Training_Input/IL_9255472/ISIC_0937259.jpg,2,2,2,2,2
inference_data/milk10k/MILK10k_Training_Input/IL_9255472/ISIC_7725065.jpg,1,1,1,1,2
inference_data/milk10k/MILK10k_Training_Input/IL_9258319/ISIC_8497007.jpg,3,3,3,3,3
inference_data/milk10k/MILK10k_Training_Input/IL_9258319/ISIC_0435506.jpg,2,2,2,2,2
inference_data/milk10k/MILK10k_Training_Input/IL_9262506/ISIC_5192756.jpg,2,1,1,2,2
inference_data/milk10k/MILK10k_Training_Input/IL_9262506/ISIC_6897010.jpg,2,1,1,2,2
inference_data/milk10k/MILK10k_Training_Input/IL_9264602/ISIC_7809981.jpg,2,2,2,2,2
inference_data/milk10k/MILK10k_Training_Input/IL_9264602/ISIC_2087722.jpg,1,1,1,1,1
inference_data/milk10k/MILK10k_Training_Input/IL_9265331/ISIC_3034326.jpg,3,3,4,4,3
inference_data/milk10k/MILK10k_Training_Input/IL_9265331/ISIC_3905088.jpg,2,2,2,2,2
inference_data/milk10k/MILK10k_Training_Input/IL_9266140/ISIC_9886925.jpg,2,2,2,2,2
inference_data/milk10k/MILK10k_Training_Input/IL_9266140/ISIC_8028890.jpg,1,1,1,1,1
inference_data/milk10k/MILK10k_Training_Input/IL_9269726/ISIC_9179636.jpg,1,2,1,1,1
inference_data/milk10k/MILK10k_Training_Input/IL_9269726/ISIC_1928560.jpg,1,1,1,1,1
inference_data/milk10k/MILK10k_Training_Input/IL_9270970/ISIC_0075884.jpg,3,3,3,3,3
inference_data/milk10k/MILK10k_Training_Input/IL_9270970/ISIC_7304977.jpg,3,3,3,3,3
inference_data/milk10k/MILK10k_Training_Input/IL_9271885/ISIC_9114285.jpg,2,2,2,2,2
inference_data/milk10k/MILK10k_Training_Input/IL_9271885/ISIC_6296087.jpg,1,1,1,1,1
inference_data/milk10k/MILK10k_Training_Input/IL_9274006/ISIC_7527340.jpg,2,1,1,1,1
inference_data/milk10k/MILK10k_Training_Input/IL_9274006/ISIC_5488940.jpg,1,1,0,1,1
inference_data/milk10k/MILK10k_Training_Input/IL_9275908/ISIC_2828400.jpg,3,2,3,3,3
inference_data/milk10k/MILK10k_Training_Input/IL_9275908/ISIC_8151706.jpg,2,2,2,2,2
inference_data/milk10k/MILK10k_Training_Input/IL_9275941/ISIC_8722421.jpg,3,2,3,3,2
inference_data/milk10k/MILK10k_Training_Input/IL_9275941/ISIC_5428941.jpg,1,2,1,1,1
inference_data/milk10k/MILK10k_Training_Input/IL_9276974/ISIC_4472727.jpg,2,2,3,3,2
inference_data/milk10k/MILK10k_Training_Input/IL_9276974/ISIC_1797900.jpg,2,2,2,3,3
inference_data/milk10k/MILK10k_Training_Input/IL_9278038/ISIC_4437851.jpg,3,3,3,3,3
inference_data/milk10k/MILK10k_Training_Input/IL_9278038/ISIC_4148797.jpg,1,1,1,2,2
inference_data/milk10k/MILK10k_Training_Input/IL_9288651/ISIC_8898024.jpg,3,3,3,3,3
inference_data/milk10k/MILK10k_Training_Input/IL_9288651/ISIC_6358411.jpg,1,1,1,1,1
inference_data/milk10k/MILK10k_Training_Input/IL_9289406/ISIC_4040829.jpg,2,2,2,2,2
inference_data/milk10k/MILK10k_Training_Input/IL_9289406/ISIC_3762126.jpg,1,1,1,1,1
inference_data/milk10k/MILK10k_Training_Input/IL_9292701/ISIC_7334834.jpg,1,1,1,1,1
inference_data/milk10k/MILK10k_Training_Input/IL_9292701/ISIC_4690427.jpg,2,1,1,2,2
inference_data/milk10k/MILK10k_Training_Input/IL_9294619/ISIC_9400088.jpg,4,3,4,4,3
inference_data/milk10k/MILK10k_Training_Input/IL_9294619/ISIC_8876261.jpg,1,1,1,1,1
inference_data/milk10k/MILK10k_Training_Input/IL_9297501/ISIC_8617896.jpg,2,2,1,2,2
inference_data/milk10k/MILK10k_Training_Input/IL_9297501/ISIC_2618411.jpg,2,1,1,2,2
inference_data/milk10k/MILK10k_Training_Input/IL_9300408/ISIC_1010434.jpg,2,2,2,2,2
inference_data/milk10k/MILK10k_Training_Input/IL_9300408/ISIC_7806262.jpg,1,1,1,1,1
inference_data/milk10k/MILK10k_Training_Input/IL_9300549/ISIC_2665761.jpg,4,3,4,4,3
inference_data/milk10k/MILK10k_Training_Input/IL_9300549/ISIC_0406149.jpg,1,2,1,2,2
inference_data/milk10k/MILK10k_Training_Input/IL_9300732/ISIC_7828899.jpg,3,3,3,3,3
inference_data/milk10k/MILK10k_Training_Input/IL_9300732/ISIC_3623141.jpg,1,1,1,1,1
inference_data/milk10k/MILK10k_Training_Input/IL_9303237/ISIC_8876204.jpg,3,2,3,3,2
inference_data/milk10k/MILK10k_Training_Input/IL_9303237/ISIC_9521117.jpg,1,1,0,1,1
inference_data/milk10k/MILK10k_Training_Input/IL_9307518/ISIC_0831409.jpg,2,2,2,2,2
inference_data/milk10k/MILK10k_Training_Input/IL_9307518/ISIC_1887299.jpg,2,1,1,2,2
inference_data/milk10k/MILK10k_Training_Input/IL_9308328/ISIC_3751769.jpg,1,1,1,1,1
inference_data/milk10k/MILK10k_Training_Input/IL_9308328/ISIC_3225420.jpg,1,1,1,1,1
inference_data/milk10k/MILK10k_Training_Input/IL_9310196/ISIC_0247645.jpg,3,3,3,3,3
inference_data/milk10k/MILK10k_Training_Input/IL_9310196/ISIC_6210274.jpg,2,2,2,2,2
inference_data/milk10k/MILK10k_Training_Input/IL_9312646/ISIC_0123535.jpg,3,2,2,3,2
inference_data/milk10k/MILK10k_Training_Input/IL_9312646/ISIC_2409346.jpg,2,2,2,2,2
inference_data/milk10k/MILK10k_Training_Input/IL_9313120/ISIC_2091809.jpg,3,3,3,3,3
inference_data/milk10k/MILK10k_Training_Input/IL_9313120/ISIC_7413595.jpg,2,2,1,2,2
inference_data/milk10k/MILK10k_Training_Input/IL_9313247/ISIC_0812646.jpg,2,2,2,2,2
inference_data/milk10k/MILK10k_Training_Input/IL_9313247/ISIC_1536385.jpg,2,1,1,2,2
inference_data/milk10k/MILK10k_Training_Input/IL_9321885/ISIC_3819646.jpg,2,2,2,2,2
inference_data/milk10k/MILK10k_Training_Input/IL_9321885/ISIC_6941420.jpg,2,2,2,2,2
inference_data/milk10k/MILK10k_Training_Input/IL_9322216/ISIC_7938895.jpg,1,1,1,1,1
inference_data/milk10k/MILK10k_Training_Input/IL_9322216/ISIC_4896814.jpg,1,1,1,1,1
inference_data/milk10k/MILK10k_Training_Input/IL_9323193/ISIC_4207196.jpg,2,2,2,2,2
inference_data/milk10k/MILK10k_Training_Input/IL_9323193/ISIC_6745607.jpg,2,1,1,2,2
inference_data/milk10k/MILK10k_Training_Input/IL_9324505/ISIC_6529382.jpg,2,2,2,3,2
inference_data/milk10k/MILK10k_Training_Input/IL_9324505/ISIC_2775534.jpg,2,1,1,2,2
inference_data/milk10k/MILK10k_Training_Input/IL_9324964/ISIC_4985100.jpg,2,2,2,3,2
inference_data/milk10k/MILK10k_Training_Input/IL_9324964/ISIC_3024690.jpg,2,2,1,2,2
inference_data/milk10k/MILK10k_Training_Input/IL_9325305/ISIC_6485726.jpg,1,1,1,1,1
inference_data/milk10k/MILK10k_Training_Input/IL_9325305/ISIC_2854469.jpg,1,1,1,1,1
inference_data/milk10k/MILK10k_Training_Input/IL_9328701/ISIC_7836446.jpg,2,1,1,1,1
inference_data/milk10k/MILK10k_Training_Input/IL_9328701/ISIC_6409954.jpg,2,2,2,2,2
inference_data/milk10k/MILK10k_Training_Input/IL_9331050/ISIC_4553574.jpg,3,3,3,3,3
inference_data/milk10k/MILK10k_Training_Input/IL_9331050/ISIC_8726132.jpg,2,2,2,2,2
inference_data/milk10k/MILK10k_Training_Input/IL_9331537/ISIC_6748737.jpg,3,2,2,3,2
inference_data/milk10k/MILK10k_Training_Input/IL_9331537/ISIC_2505856.jpg,2,1,1,1,2
inference_data/milk10k/MILK10k_Training_Input/IL_9333874/ISIC_0809896.jpg,2,2,2,2,2
inference_data/milk10k/MILK10k_Training_Input/IL_9333874/ISIC_8743028.jpg,1,1,1,1,1
inference_data/milk10k/MILK10k_Training_Input/IL_9334838/ISIC_1848204.jpg,3,3,3,3,3
inference_data/milk10k/MILK10k_Training_Input/IL_9334838/ISIC_2001195.jpg,1,2,1,1,1
inference_data/milk10k/MILK10k_Training_Input/IL_9336389/ISIC_0686239.jpg,2,1,1,2,2
inference_data/milk10k/MILK10k_Training_Input/IL_9336389/ISIC_7340333.jpg,1,1,1,1,1
inference_data/milk10k/MILK10k_Training_Input/IL_9341365/ISIC_0303886.jpg,2,2,2,2,2
inference_data/milk10k/MILK10k_Training_Input/IL_9341365/ISIC_4277194.jpg,1,1,1,1,1
inference_data/milk10k/MILK10k_Training_Input/IL_9344336/ISIC_4181074.jpg,1,1,1,1,1
inference_data/milk10k/MILK10k_Training_Input/IL_9344336/ISIC_2846004.jpg,2,2,2,2,2
inference_data/milk10k/MILK10k_Training_Input/IL_9347875/ISIC_3652498.jpg,2,2,2,2,2
inference_data/milk10k/MILK10k_Training_Input/IL_9347875/ISIC_8154140.jpg,2,1,1,1,2
inference_data/milk10k/MILK10k_Training_Input/IL_9348044/ISIC_1500894.jpg,3,3,3,3,3
inference_data/milk10k/MILK10k_Training_Input/IL_9348044/ISIC_3003648.jpg,1,2,1,1,1
inference_data/milk10k/MILK10k_Training_Input/IL_9349173/ISIC_2964078.jpg,2,2,2,2,2
inference_data/milk10k/MILK10k_Training_Input/IL_9349173/ISIC_6693050.jpg,1,1,1,1,1
inference_data/milk10k/MILK10k_Training_Input/IL_9349651/ISIC_8768573.jpg,2,2,2,2,2
inference_data/milk10k/MILK10k_Training_Input/IL_9349651/ISIC_2049806.jpg,1,1,1,1,2
inference_data/milk10k/MILK10k_Training_Input/IL_9352958/ISIC_6327820.jpg,2,2,2,2,2
inference_data/milk10k/MILK10k_Training_Input/IL_9352958/ISIC_7289828.jpg,1,1,1,1,1
inference_data/milk10k/MILK10k_Training_Input/IL_9353162/ISIC_5228122.jpg,3,2,3,3,3
inference_data/milk10k/MILK10k_Training_Input/IL_9353162/ISIC_9242872.jpg,2,2,2,2,2
inference_data/milk10k/MILK10k_Training_Input/IL_9353548/ISIC_2848199.jpg,2,2,2,3,2
inference_data/milk10k/MILK10k_Training_Input/IL_9353548/ISIC_3050024.jpg,1,1,1,2,2
inference_data/milk10k/MILK10k_Training_Input/IL_9356761/ISIC_7273898.jpg,2,1,2,2,2
inference_data/milk10k/MILK10k_Training_Input/IL_9356761/ISIC_8830166.jpg,1,1,1,1,1
inference_data/milk10k/MILK10k_Training_Input/IL_9358381/ISIC_0419492.jpg,3,2,3,3,2
inference_data/milk10k/MILK10k_Training_Input/IL_9358381/ISIC_2894216.jpg,1,1,1,1,1
inference_data/milk10k/MILK10k_Training_Input/IL_9363651/ISIC_7875352.jpg,2,2,2,2,2
inference_data/milk10k/MILK10k_Training_Input/IL_9363651/ISIC_1303477.jpg,1,1,1,1,1
inference_data/milk10k/MILK10k_Training_Input/IL_9363657/ISIC_2514438.jpg,2,2,2,2,2
inference_data/milk10k/MILK10k_Training_Input/IL_9363657/ISIC_4599000.jpg,1,1,1,2,2
inference_data/milk10k/MILK10k_Training_Input/IL_9364150/ISIC_2348044.jpg,4,4,4,4,4
inference_data/milk10k/MILK10k_Training_Input/IL_9364150/ISIC_7871224.jpg,3,3,3,3,3
inference_data/milk10k/MILK10k_Training_Input/IL_9364222/ISIC_1979828.jpg,3,2,3,3,3
inference_data/milk10k/MILK10k_Training_Input/IL_9364222/ISIC_4409610.jpg,2,2,1,2,1
inference_data/milk10k/MILK10k_Training_Input/IL_9366811/ISIC_5067697.jpg,3,2,3,3,3
inference_data/milk10k/MILK10k_Training_Input/IL_9366811/ISIC_3466904.jpg,2,2,2,2,3
inference_data/milk10k/MILK10k_Training_Input/IL_9367343/ISIC_3082676.jpg,3,3,3,3,3
inference_data/milk10k/MILK10k_Training_Input/IL_9367343/ISIC_7779579.jpg,1,1,1,1,1
inference_data/milk10k/MILK10k_Training_Input/IL_9367787/ISIC_8992800.jpg,2,2,2,2,2
inference_data/milk10k/MILK10k_Training_Input/IL_9367787/ISIC_1309626.jpg,2,2,1,2,2
inference_data/milk10k/MILK10k_Training_Input/IL_9367800/ISIC_5409428.jpg,3,3,3,3,3
inference_data/milk10k/MILK10k_Training_Input/IL_9367800/ISIC_0656805.jpg,2,2,2,2,2
inference_data/milk10k/MILK10k_Training_Input/IL_9368143/ISIC_6573003.jpg,2,1,1,2,2
inference_data/milk10k/MILK10k_Training_Input/IL_9368143/ISIC_9104095.jpg,1,1,1,1,1
inference_data/milk10k/MILK10k_Training_Input/IL_9368782/ISIC_0456269.jpg,1,1,1,1,1
inference_data/milk10k/MILK10k_Training_Input/IL_9368782/ISIC_4363333.jpg,2,2,1,2,2
inference_data/milk10k/MILK10k_Training_Input/IL_9372364/ISIC_9388783.jpg,3,3,3,3,3
inference_data/milk10k/MILK10k_Training_Input/IL_9372364/ISIC_1805429.jpg,2,1,1,2,2
inference_data/milk10k/MILK10k_Training_Input/IL_9374643/ISIC_9206757.jpg,2,1,1,2,2
inference_data/milk10k/MILK10k_Training_Input/IL_9374643/ISIC_0831157.jpg,2,2,2,2,2
inference_data/milk10k/MILK10k_Training_Input/IL_9375634/ISIC_3900958.jpg,3,2,2,3,2
inference_data/milk10k/MILK10k_Training_Input/IL_9375634/ISIC_6160419.jpg,1,1,1,1,1
inference_data/milk10k/MILK10k_Training_Input/IL_9375676/ISIC_8010616.jpg,3,3,3,3,3
inference_data/milk10k/MILK10k_Training_Input/IL_9375676/ISIC_3066491.jpg,2,2,1,1,2
inference_data/milk10k/MILK10k_Training_Input/IL_9378068/ISIC_2014930.jpg,2,2,2,2,2
inference_data/milk10k/MILK10k_Training_Input/IL_9378068/ISIC_9649323.jpg,2,2,1,2,2
inference_data/milk10k/MILK10k_Training_Input/IL_9379211/ISIC_9512917.jpg,2,2,1,2,2
inference_data/milk10k/MILK10k_Training_Input/IL_9379211/ISIC_3208305.jpg,1,1,0,1,1
inference_data/milk10k/MILK10k_Training_Input/IL_9379939/ISIC_4180763.jpg,3,4,3,3,3
inference_data/milk10k/MILK10k_Training_Input/IL_9379939/ISIC_2144270.jpg,2,2,2,2,2
inference_data/milk10k/MILK10k_Training_Input/IL_9380593/ISIC_8247362.jpg,3,2,3,3,2
inference_data/milk10k/MILK10k_Training_Input/IL_9380593/ISIC_8111688.jpg,1,1,1,1,1
inference_data/milk10k/MILK10k_Training_Input/IL_9383072/ISIC_9606854.jpg,2,2,2,2,2
inference_data/milk10k/MILK10k_Training_Input/IL_9383072/ISIC_7397137.jpg,1,1,0,1,1
inference_data/milk10k/MILK10k_Training_Input/IL_9385086/ISIC_8124598.jpg,4,4,4,4,4
inference_data/milk10k/MILK10k_Training_Input/IL_9385086/ISIC_2128019.jpg,2,2,2,2,2
inference_data/milk10k/MILK10k_Training_Input/IL_9385765/ISIC_0745250.jpg,3,2,3,3,2
inference_data/milk10k/MILK10k_Training_Input/IL_9385765/ISIC_9523126.jpg,1,2,1,1,2
inference_data/milk10k/MILK10k_Training_Input/IL_9387962/ISIC_0297229.jpg,2,2,2,3,2
inference_data/milk10k/MILK10k_Training_Input/IL_9387962/ISIC_6562880.jpg,1,1,1,1,1
inference_data/milk10k/MILK10k_Training_Input/IL_9390250/ISIC_7701636.jpg,2,2,2,3,2
inference_data/milk10k/MILK10k_Training_Input/IL_9390250/ISIC_2658100.jpg,1,1,1,1,2
inference_data/milk10k/MILK10k_Training_Input/IL_9391328/ISIC_2883948.jpg,2,1,1,2,2
inference_data/milk10k/MILK10k_Training_Input/IL_9391328/ISIC_4480326.jpg,1,1,0,1,1
inference_data/milk10k/MILK10k_Training_Input/IL_9395136/ISIC_3947520.jpg,3,2,2,3,2
inference_data/milk10k/MILK10k_Training_Input/IL_9395136/ISIC_8410933.jpg,3,2,3,3,3
inference_data/milk10k/MILK10k_Training_Input/IL_9395505/ISIC_0841169.jpg,3,2,3,3,2
inference_data/milk10k/MILK10k_Training_Input/IL_9395505/ISIC_8280602.jpg,2,2,2,2,2
inference_data/milk10k/MILK10k_Training_Input/IL_9395839/ISIC_6167082.jpg,2,2,2,2,2
inference_data/milk10k/MILK10k_Training_Input/IL_9395839/ISIC_0097262.jpg,2,2,2,2,2
inference_data/milk10k/MILK10k_Training_Input/IL_9399990/ISIC_0585018.jpg,3,3,3,3,3
inference_data/milk10k/MILK10k_Training_Input/IL_9399990/ISIC_6784471.jpg,1,1,1,1,1
inference_data/milk10k/MILK10k_Training_Input/IL_9400268/ISIC_4976142.jpg,3,3,3,3,3
inference_data/milk10k/MILK10k_Training_Input/IL_9400268/ISIC_7358297.jpg,2,2,2,2,2
inference_data/milk10k/MILK10k_Training_Input/IL_9400728/ISIC_9896318.jpg,4,3,4,4,3
inference_data/milk10k/MILK10k_Training_Input/IL_9400728/ISIC_8271684.jpg,1,1,1,2,1
inference_data/milk10k/MILK10k_Training_Input/IL_9401383/ISIC_4940514.jpg,3,3,3,3,3
inference_data/milk10k/MILK10k_Training_Input/IL_9401383/ISIC_0546382.jpg,2,2,3,3,2
inference_data/milk10k/MILK10k_Training_Input/IL_9402270/ISIC_1862304.jpg,3,3,3,4,3
inference_data/milk10k/MILK10k_Training_Input/IL_9402270/ISIC_0687223.jpg,1,1,1,1,1
inference_data/milk10k/MILK10k_Training_Input/IL_9402967/ISIC_6169732.jpg,3,2,2,3,2
inference_data/milk10k/MILK10k_Training_Input/IL_9402967/ISIC_9472574.jpg,2,2,2,2,2
inference_data/milk10k/MILK10k_Training_Input/IL_9403422/ISIC_0931470.jpg,3,2,3,3,3
inference_data/milk10k/MILK10k_Training_Input/IL_9403422/ISIC_3609001.jpg,2,2,2,2,2
inference_data/milk10k/MILK10k_Training_Input/IL_9404638/ISIC_6473978.jpg,2,2,2,2,2
inference_data/milk10k/MILK10k_Training_Input/IL_9404638/ISIC_1313208.jpg,1,1,1,1,1
inference_data/milk10k/MILK10k_Training_Input/IL_9408309/ISIC_4838706.jpg,2,2,2,2,2
inference_data/milk10k/MILK10k_Training_Input/IL_9408309/ISIC_0742972.jpg,1,1,1,1,1
inference_data/milk10k/MILK10k_Training_Input/IL_9408951/ISIC_1560650.jpg,2,2,2,2,2
inference_data/milk10k/MILK10k_Training_Input/IL_9408951/ISIC_4183641.jpg,2,2,2,2,2
inference_data/milk10k/MILK10k_Training_Input/IL_9409547/ISIC_4741194.jpg,2,2,2,2,2
inference_data/milk10k/MILK10k_Training_Input/IL_9409547/ISIC_9596173.jpg,1,1,0,1,1
inference_data/milk10k/MILK10k_Training_Input/IL_9411177/ISIC_7882124.jpg,2,2,2,3,2
inference_data/milk10k/MILK10k_Training_Input/IL_9411177/ISIC_5665171.jpg,2,2,2,2,2
inference_data/milk10k/MILK10k_Training_Input/IL_9413629/ISIC_7357556.jpg,2,2,3,2,2
inference_data/milk10k/MILK10k_Training_Input/IL_9413629/ISIC_2754763.jpg,0,0,0,0,0
inference_data/milk10k/MILK10k_Training_Input/IL_9413829/ISIC_4921441.jpg,2,1,2,2,2
inference_data/milk10k/MILK10k_Training_Input/IL_9413829/ISIC_5828606.jpg,1,1,1,2,2
inference_data/milk10k/MILK10k_Training_Input/IL_9417077/ISIC_0414153.jpg,4,3,4,4,4
inference_data/milk10k/MILK10k_Training_Input/IL_9417077/ISIC_9002358.jpg,2,2,2,2,2
inference_data/milk10k/MILK10k_Training_Input/IL_9420011/ISIC_6292733.jpg,2,2,2,3,2
inference_data/milk10k/MILK10k_Training_Input/IL_9420011/ISIC_1189485.jpg,1,1,1,1,1
inference_data/milk10k/MILK10k_Training_Input/IL_9420839/ISIC_5879809.jpg,3,3,3,3,3
inference_data/milk10k/MILK10k_Training_Input/IL_9420839/ISIC_9294763.jpg,2,2,1,2,2
inference_data/milk10k/MILK10k_Training_Input/IL_9421860/ISIC_9826365.jpg,2,2,2,2,2
inference_data/milk10k/MILK10k_Training_Input/IL_9421860/ISIC_7234241.jpg,1,1,0,1,1
inference_data/milk10k/MILK10k_Training_Input/IL_9421903/ISIC_2153383.jpg,4,4,4,4,4
inference_data/milk10k/MILK10k_Training_Input/IL_9421903/ISIC_1818006.jpg,1,1,1,1,1
inference_data/milk10k/MILK10k_Training_Input/IL_9422892/ISIC_1052176.jpg,1,2,1,2,1
inference_data/milk10k/MILK10k_Training_Input/IL_9422892/ISIC_6648628.jpg,1,1,1,1,1
inference_data/milk10k/MILK10k_Training_Input/IL_9423427/ISIC_9113111.jpg,2,2,3,2,2
inference_data/milk10k/MILK10k_Training_Input/IL_9423427/ISIC_6781208.jpg,1,2,1,1,2
inference_data/milk10k/MILK10k_Training_Input/IL_9425710/ISIC_9394962.jpg,4,3,4,4,3
inference_data/milk10k/MILK10k_Training_Input/IL_9425710/ISIC_9997661.jpg,1,1,1,1,1
inference_data/milk10k/MILK10k_Training_Input/IL_9426275/ISIC_5528057.jpg,2,2,3,3,2
inference_data/milk10k/MILK10k_Training_Input/IL_9426275/ISIC_5296244.jpg,1,1,0,1,1
inference_data/milk10k/MILK10k_Training_Input/IL_9428549/ISIC_9679124.jpg,3,3,3,3,3
inference_data/milk10k/MILK10k_Training_Input/IL_9428549/ISIC_2921012.jpg,2,2,1,2,2
inference_data/milk10k/MILK10k_Training_Input/IL_9430924/ISIC_0225383.jpg,3,3,3,3,3
inference_data/milk10k/MILK10k_Training_Input/IL_9430924/ISIC_5242235.jpg,2,1,1,2,2
inference_data/milk10k/MILK10k_Training_Input/IL_9433768/ISIC_0116622.jpg,1,1,1,1,1
inference_data/milk10k/MILK10k_Training_Input/IL_9433768/ISIC_5960820.jpg,2,2,1,1,2
inference_data/milk10k/MILK10k_Training_Input/IL_9437710/ISIC_4584837.jpg,2,2,2,2,2
inference_data/milk10k/MILK10k_Training_Input/IL_9437710/ISIC_5363218.jpg,1,1,1,1,1
inference_data/milk10k/MILK10k_Training_Input/IL_9439030/ISIC_3298721.jpg,3,3,3,3,3
inference_data/milk10k/MILK10k_Training_Input/IL_9439030/ISIC_5054970.jpg,2,2,1,2,2
inference_data/milk10k/MILK10k_Training_Input/IL_9439154/ISIC_6886017.jpg,2,2,2,2,2
inference_data/milk10k/MILK10k_Training_Input/IL_9439154/ISIC_0124902.jpg,0,1,0,0,0
inference_data/milk10k/MILK10k_Training_Input/IL_9439470/ISIC_4267147.jpg,2,2,2,2,2
inference_data/milk10k/MILK10k_Training_Input/IL_9439470/ISIC_7521530.jpg,2,2,3,2,2
inference_data/milk10k/MILK10k_Training_Input/IL_9439533/ISIC_9546161.jpg,3,3,3,3,3
inference_data/milk10k/MILK10k_Training_Input/IL_9439533/ISIC_1375082.jpg,3,2,3,3,3
inference_data/milk10k/MILK10k_Training_Input/IL_9439639/ISIC_3301517.jpg,3,2,3,3,3
inference_data/milk10k/MILK10k_Training_Input/IL_9439639/ISIC_8126703.jpg,2,1,1,1,1
inference_data/milk10k/MILK10k_Training_Input/IL_9439830/ISIC_9400517.jpg,1,1,1,1,1
inference_data/milk10k/MILK10k_Training_Input/IL_9439830/ISIC_1603958.jpg,1,1,0,1,1
inference_data/milk10k/MILK10k_Training_Input/IL_9440413/ISIC_9034449.jpg,3,3,3,3,3
inference_data/milk10k/MILK10k_Training_Input/IL_9440413/ISIC_5823053.jpg,2,2,2,2,2
inference_data/milk10k/MILK10k_Training_Input/IL_9441829/ISIC_9668453.jpg,3,3,3,3,3
inference_data/milk10k/MILK10k_Training_Input/IL_9441829/ISIC_7729052.jpg,2,1,2,2,2
inference_data/milk10k/MILK10k_Training_Input/IL_9446823/ISIC_3180901.jpg,3,3,3,3,3
inference_data/milk10k/MILK10k_Training_Input/IL_9446823/ISIC_1048496.jpg,1,1,1,1,1
inference_data/milk10k/MILK10k_Training_Input/IL_9447279/ISIC_6450911.jpg,3,3,3,3,3
inference_data/milk10k/MILK10k_Training_Input/IL_9447279/ISIC_8906358.jpg,2,1,2,2,2
inference_data/milk10k/MILK10k_Training_Input/IL_9448011/ISIC_0717001.jpg,1,1,1,1,1
inference_data/milk10k/MILK10k_Training_Input/IL_9448011/ISIC_4281031.jpg,2,2,2,2,2
inference_data/milk10k/MILK10k_Training_Input/IL_9448117/ISIC_4574340.jpg,1,1,1,1,1
inference_data/milk10k/MILK10k_Training_Input/IL_9448117/ISIC_4914852.jpg,1,1,1,1,1
inference_data/milk10k/MILK10k_Training_Input/IL_9449213/ISIC_1820380.jpg,2,2,2,2,2
inference_data/milk10k/MILK10k_Training_Input/IL_9449213/ISIC_7347161.jpg,1,1,1,1,1
inference_data/milk10k/MILK10k_Training_Input/IL_9453153/ISIC_9521190.jpg,2,2,2,2,2
inference_data/milk10k/MILK10k_Training_Input/IL_9453153/ISIC_1116303.jpg,1,1,1,1,1
inference_data/milk10k/MILK10k_Training_Input/IL_9453273/ISIC_4769059.jpg,1,1,1,2,1
inference_data/milk10k/MILK10k_Training_Input/IL_9453273/ISIC_2647192.jpg,1,1,0,1,1
inference_data/milk10k/MILK10k_Training_Input/IL_9453516/ISIC_6001166.jpg,2,2,3,3,2
inference_data/milk10k/MILK10k_Training_Input/IL_9453516/ISIC_5813817.jpg,1,1,1,1,1
inference_data/milk10k/MILK10k_Training_Input/IL_9456591/ISIC_7447703.jpg,2,2,2,2,2
inference_data/milk10k/MILK10k_Training_Input/IL_9456591/ISIC_4427207.jpg,2,1,2,2,2
inference_data/milk10k/MILK10k_Training_Input/IL_9462627/ISIC_6114272.jpg,3,2,3,3,3
inference_data/milk10k/MILK10k_Training_Input/IL_9462627/ISIC_5686739.jpg,2,1,2,2,2
inference_data/milk10k/MILK10k_Training_Input/IL_9463449/ISIC_2999230.jpg,3,2,3,3,3
inference_data/milk10k/MILK10k_Training_Input/IL_9463449/ISIC_2427256.jpg,2,2,2,2,2
inference_data/milk10k/MILK10k_Training_Input/IL_9466832/ISIC_6705181.jpg,2,2,1,2,2
inference_data/milk10k/MILK10k_Training_Input/IL_9466832/ISIC_0768610.jpg,1,1,0,1,1
inference_data/milk10k/MILK10k_Training_Input/IL_9471621/ISIC_9726099.jpg,2,2,3,3,2
inference_data/milk10k/MILK10k_Training_Input/IL_9471621/ISIC_2912041.jpg,0,1,0,1,1
inference_data/milk10k/MILK10k_Training_Input/IL_9471694/ISIC_8095870.jpg,3,3,3,3,3
inference_data/milk10k/MILK10k_Training_Input/IL_9471694/ISIC_2054135.jpg,2,2,1,2,2
inference_data/milk10k/MILK10k_Training_Input/IL_9473685/ISIC_4471122.jpg,4,4,4,4,3
inference_data/milk10k/MILK10k_Training_Input/IL_9473685/ISIC_2485685.jpg,1,1,1,1,1
inference_data/milk10k/MILK10k_Training_Input/IL_9475061/ISIC_4371553.jpg,1,1,1,2,1
inference_data/milk10k/MILK10k_Training_Input/IL_9475061/ISIC_8790740.jpg,0,1,0,1,1
inference_data/milk10k/MILK10k_Training_Input/IL_9477888/ISIC_7232942.jpg,2,2,2,2,2
inference_data/milk10k/MILK10k_Training_Input/IL_9477888/ISIC_7377763.jpg,1,1,1,1,1
inference_data/milk10k/MILK10k_Training_Input/IL_9480741/ISIC_3668509.jpg,2,2,1,2,2
inference_data/milk10k/MILK10k_Training_Input/IL_9480741/ISIC_9641859.jpg,2,2,1,2,2
inference_data/milk10k/MILK10k_Training_Input/IL_9481592/ISIC_9634842.jpg,2,2,2,2,2
inference_data/milk10k/MILK10k_Training_Input/IL_9481592/ISIC_9415828.jpg,1,1,1,1,1
inference_data/milk10k/MILK10k_Training_Input/IL_9482395/ISIC_3475592.jpg,4,3,4,4,3
inference_data/milk10k/MILK10k_Training_Input/IL_9482395/ISIC_1828351.jpg,1,1,1,1,1
inference_data/milk10k/MILK10k_Training_Input/IL_9483731/ISIC_8911152.jpg,3,3,3,4,3
inference_data/milk10k/MILK10k_Training_Input/IL_9483731/ISIC_1959902.jpg,2,2,2,2,2
inference_data/milk10k/MILK10k_Training_Input/IL_9485180/ISIC_7506634.jpg,3,3,3,3,3
inference_data/milk10k/MILK10k_Training_Input/IL_9485180/ISIC_1794713.jpg,2,2,2,2,2
inference_data/milk10k/MILK10k_Training_Input/IL_9486743/ISIC_9739946.jpg,2,2,1,2,1
inference_data/milk10k/MILK10k_Training_Input/IL_9486743/ISIC_4940127.jpg,2,2,2,2,2
inference_data/milk10k/MILK10k_Training_Input/IL_9487035/ISIC_3379605.jpg,2,2,2,3,2
inference_data/milk10k/MILK10k_Training_Input/IL_9487035/ISIC_9196525.jpg,2,2,2,2,2
inference_data/milk10k/MILK10k_Training_Input/IL_9489077/ISIC_6842700.jpg,3,2,3,3,2
inference_data/milk10k/MILK10k_Training_Input/IL_9489077/ISIC_6352343.jpg,2,2,2,2,2
inference_data/milk10k/MILK10k_Training_Input/IL_9489343/ISIC_2614337.jpg,2,2,2,2,2
inference_data/milk10k/MILK10k_Training_Input/IL_9489343/ISIC_2963084.jpg,2,2,2,2,2
inference_data/milk10k/MILK10k_Training_Input/IL_9497630/ISIC_1138771.jpg,2,2,2,2,2
inference_data/milk10k/MILK10k_Training_Input/IL_9497630/ISIC_4970256.jpg,2,2,2,2,2
inference_data/milk10k/MILK10k_Training_Input/IL_9500991/ISIC_3341530.jpg,2,2,2,2,2
inference_data/milk10k/MILK10k_Training_Input/IL_9500991/ISIC_2683683.jpg,1,2,1,1,2
inference_data/milk10k/MILK10k_Training_Input/IL_9504116/ISIC_2645906.jpg,3,3,3,3,3
inference_data/milk10k/MILK10k_Training_Input/IL_9504116/ISIC_9818203.jpg,1,2,1,1,2
inference_data/milk10k/MILK10k_Training_Input/IL_9505312/ISIC_8604423.jpg,2,2,2,2,2
inference_data/milk10k/MILK10k_Training_Input/IL_9505312/ISIC_9276896.jpg,1,1,1,1,1
inference_data/milk10k/MILK10k_Training_Input/IL_9508962/ISIC_9725243.jpg,2,1,1,1,2
inference_data/milk10k/MILK10k_Training_Input/IL_9508962/ISIC_8573497.jpg,2,1,1,1,2
inference_data/milk10k/MILK10k_Training_Input/IL_9509148/ISIC_6995669.jpg,2,1,1,2,2
inference_data/milk10k/MILK10k_Training_Input/IL_9509148/ISIC_6201208.jpg,2,2,2,2,2
inference_data/milk10k/MILK10k_Training_Input/IL_9509659/ISIC_0464954.jpg,3,3,3,3,3
inference_data/milk10k/MILK10k_Training_Input/IL_9509659/ISIC_6120702.jpg,3,2,3,3,2
inference_data/milk10k/MILK10k_Training_Input/IL_9512629/ISIC_7445585.jpg,3,2,3,3,3
inference_data/milk10k/MILK10k_Training_Input/IL_9512629/ISIC_0572875.jpg,2,1,1,2,2
inference_data/milk10k/MILK10k_Training_Input/IL_9513774/ISIC_5466838.jpg,2,2,1,2,2
inference_data/milk10k/MILK10k_Training_Input/IL_9513774/ISIC_2650547.jpg,1,1,1,1,1
inference_data/milk10k/MILK10k_Training_Input/IL_9513930/ISIC_1826258.jpg,2,2,2,2,2
inference_data/milk10k/MILK10k_Training_Input/IL_9513930/ISIC_1142211.jpg,2,2,2,2,2
inference_data/milk10k/MILK10k_Training_Input/IL_9516573/ISIC_1849199.jpg,2,2,2,2,2
inference_data/milk10k/MILK10k_Training_Input/IL_9516573/ISIC_7320560.jpg,2,2,2,2,2
inference_data/milk10k/MILK10k_Training_Input/IL_9520593/ISIC_9052310.jpg,3,3,3,4,3
inference_data/milk10k/MILK10k_Training_Input/IL_9520593/ISIC_6367091.jpg,2,1,1,2,2
inference_data/milk10k/MILK10k_Training_Input/IL_9523157/ISIC_1862412.jpg,2,2,2,2,2
inference_data/milk10k/MILK10k_Training_Input/IL_9523157/ISIC_4979533.jpg,2,2,1,2,2
inference_data/milk10k/MILK10k_Training_Input/IL_9524479/ISIC_4707994.jpg,2,2,1,2,2
inference_data/milk10k/MILK10k_Training_Input/IL_9524479/ISIC_6551027.jpg,1,1,1,1,1
inference_data/milk10k/MILK10k_Training_Input/IL_9524761/ISIC_6946162.jpg,2,2,1,2,2
inference_data/milk10k/MILK10k_Training_Input/IL_9524761/ISIC_3935025.jpg,1,1,1,1,1
inference_data/milk10k/MILK10k_Training_Input/IL_9529350/ISIC_3814826.jpg,1,1,1,1,1
inference_data/milk10k/MILK10k_Training_Input/IL_9529350/ISIC_7687674.jpg,1,1,1,1,1
inference_data/milk10k/MILK10k_Training_Input/IL_9529551/ISIC_6300467.jpg,4,4,4,4,4
inference_data/milk10k/MILK10k_Training_Input/IL_9529551/ISIC_6754024.jpg,2,2,2,2,2
inference_data/milk10k/MILK10k_Training_Input/IL_9531531/ISIC_0762973.jpg,3,3,3,3,3
inference_data/milk10k/MILK10k_Training_Input/IL_9531531/ISIC_5835958.jpg,1,1,1,1,1
inference_data/milk10k/MILK10k_Training_Input/IL_9534602/ISIC_4572206.jpg,3,3,3,3,3
inference_data/milk10k/MILK10k_Training_Input/IL_9534602/ISIC_1598799.jpg,1,1,1,1,1
inference_data/milk10k/MILK10k_Training_Input/IL_9537366/ISIC_2796590.jpg,3,3,3,3,3
inference_data/milk10k/MILK10k_Training_Input/IL_9537366/ISIC_0513969.jpg,2,2,2,2,2
inference_data/milk10k/MILK10k_Training_Input/IL_9540543/ISIC_8545101.jpg,3,3,3,3,3
inference_data/milk10k/MILK10k_Training_Input/IL_9540543/ISIC_6936920.jpg,2,2,2,2,2
inference_data/milk10k/MILK10k_Training_Input/IL_9540986/ISIC_9601345.jpg,2,1,2,2,2
inference_data/milk10k/MILK10k_Training_Input/IL_9540986/ISIC_4209803.jpg,2,2,1,1,2
inference_data/milk10k/MILK10k_Training_Input/IL_9541079/ISIC_6408424.jpg,3,2,2,3,2
inference_data/milk10k/MILK10k_Training_Input/IL_9541079/ISIC_1055162.jpg,1,1,1,1,1
inference_data/milk10k/MILK10k_Training_Input/IL_9542018/ISIC_7588984.jpg,3,3,3,3,3
inference_data/milk10k/MILK10k_Training_Input/IL_9542018/ISIC_8544097.jpg,2,2,2,2,2
inference_data/milk10k/MILK10k_Training_Input/IL_9549484/ISIC_8970659.jpg,3,3,3,3,3
inference_data/milk10k/MILK10k_Training_Input/IL_9549484/ISIC_1477798.jpg,2,2,2,2,2
inference_data/milk10k/MILK10k_Training_Input/IL_9550703/ISIC_4368655.jpg,2,2,2,3,2
inference_data/milk10k/MILK10k_Training_Input/IL_9550703/ISIC_9019664.jpg,2,2,2,2,2
inference_data/milk10k/MILK10k_Training_Input/IL_9552156/ISIC_9915349.jpg,2,2,2,2,2
inference_data/milk10k/MILK10k_Training_Input/IL_9552156/ISIC_4384547.jpg,1,1,1,1,1
inference_data/milk10k/MILK10k_Training_Input/IL_9554628/ISIC_5240908.jpg,2,2,2,2,2
inference_data/milk10k/MILK10k_Training_Input/IL_9554628/ISIC_8626277.jpg,1,1,0,1,1
inference_data/milk10k/MILK10k_Training_Input/IL_9554653/ISIC_5328520.jpg,1,1,1,1,1
inference_data/milk10k/MILK10k_Training_Input/IL_9554653/ISIC_4338535.jpg,2,1,1,2,1
inference_data/milk10k/MILK10k_Training_Input/IL_9556887/ISIC_4064312.jpg,2,1,1,2,1
inference_data/milk10k/MILK10k_Training_Input/IL_9556887/ISIC_2886495.jpg,1,1,1,1,1
inference_data/milk10k/MILK10k_Training_Input/IL_9563085/ISIC_9691123.jpg,2,2,2,3,2
inference_data/milk10k/MILK10k_Training_Input/IL_9563085/ISIC_0539206.jpg,1,1,1,1,1
inference_data/milk10k/MILK10k_Training_Input/IL_9563257/ISIC_1792162.jpg,3,3,3,3,3
inference_data/milk10k/MILK10k_Training_Input/IL_9563257/ISIC_8705648.jpg,1,2,1,1,2
inference_data/milk10k/MILK10k_Training_Input/IL_9563868/ISIC_6892423.jpg,3,3,3,3,3
inference_data/milk10k/MILK10k_Training_Input/IL_9563868/ISIC_7020196.jpg,1,1,1,1,1
inference_data/milk10k/MILK10k_Training_Input/IL_9565203/ISIC_9676478.jpg,3,2,3,3,3
inference_data/milk10k/MILK10k_Training_Input/IL_9565203/ISIC_7238849.jpg,2,2,2,2,2
inference_data/milk10k/MILK10k_Training_Input/IL_9565231/ISIC_4536273.jpg,2,2,2,2,2
inference_data/milk10k/MILK10k_Training_Input/IL_9565231/ISIC_2179705.jpg,1,1,1,1,1
inference_data/milk10k/MILK10k_Training_Input/IL_9565456/ISIC_3875460.jpg,2,2,2,2,2
inference_data/milk10k/MILK10k_Training_Input/IL_9565456/ISIC_2314682.jpg,2,2,1,1,2
inference_data/milk10k/MILK10k_Training_Input/IL_9569942/ISIC_2983004.jpg,3,3,3,3,3
inference_data/milk10k/MILK10k_Training_Input/IL_9569942/ISIC_4807554.jpg,1,1,1,1,1
inference_data/milk10k/MILK10k_Training_Input/IL_9570046/ISIC_5802479.jpg,3,2,3,3,2
inference_data/milk10k/MILK10k_Training_Input/IL_9570046/ISIC_4564958.jpg,1,1,1,1,1
inference_data/milk10k/MILK10k_Training_Input/IL_9572527/ISIC_4740743.jpg,1,1,1,2,1
inference_data/milk10k/MILK10k_Training_Input/IL_9572527/ISIC_8593738.jpg,1,1,1,1,1
inference_data/milk10k/MILK10k_Training_Input/IL_9575395/ISIC_0627375.jpg,2,2,2,2,2
inference_data/milk10k/MILK10k_Training_Input/IL_9575395/ISIC_2833179.jpg,2,2,2,2,2
inference_data/milk10k/MILK10k_Training_Input/IL_9579580/ISIC_1322016.jpg,2,2,2,2,2
inference_data/milk10k/MILK10k_Training_Input/IL_9579580/ISIC_4586954.jpg,1,1,1,1,1
inference_data/milk10k/MILK10k_Training_Input/IL_9583565/ISIC_5056347.jpg,2,2,2,2,2
inference_data/milk10k/MILK10k_Training_Input/IL_9583565/ISIC_6134081.jpg,2,2,1,1,1
inference_data/milk10k/MILK10k_Training_Input/IL_9584761/ISIC_2800738.jpg,2,2,2,2,2
inference_data/milk10k/MILK10k_Training_Input/IL_9584761/ISIC_6360071.jpg,1,1,1,1,1
inference_data/milk10k/MILK10k_Training_Input/IL_9587475/ISIC_2481301.jpg,3,3,3,4,3
inference_data/milk10k/MILK10k_Training_Input/IL_9587475/ISIC_8919169.jpg,1,2,1,1,2
inference_data/milk10k/MILK10k_Training_Input/IL_9588248/ISIC_3530269.jpg,4,4,4,4,4
inference_data/milk10k/MILK10k_Training_Input/IL_9588248/ISIC_2799788.jpg,2,2,2,2,2
inference_data/milk10k/MILK10k_Training_Input/IL_9588769/ISIC_1688152.jpg,1,1,1,1,1
inference_data/milk10k/MILK10k_Training_Input/IL_9588769/ISIC_9132828.jpg,1,1,1,1,1
inference_data/milk10k/MILK10k_Training_Input/IL_9588958/ISIC_5333979.jpg,3,2,2,3,2
inference_data/milk10k/MILK10k_Training_Input/IL_9588958/ISIC_6511897.jpg,2,1,1,2,2
inference_data/milk10k/MILK10k_Training_Input/IL_9589211/ISIC_9981611.jpg,1,1,1,1,2
inference_data/milk10k/MILK10k_Training_Input/IL_9589211/ISIC_2059259.jpg,1,1,0,1,1
inference_data/milk10k/MILK10k_Training_Input/IL_9590648/ISIC_1599277.jpg,3,2,3,3,2
inference_data/milk10k/MILK10k_Training_Input/IL_9590648/ISIC_8894857.jpg,1,1,1,1,1
inference_data/milk10k/MILK10k_Training_Input/IL_9592842/ISIC_9254169.jpg,3,2,3,3,2
inference_data/milk10k/MILK10k_Training_Input/IL_9592842/ISIC_1938835.jpg,1,1,1,1,1
inference_data/milk10k/MILK10k_Training_Input/IL_9592947/ISIC_3769921.jpg,2,2,2,3,2
inference_data/milk10k/MILK10k_Training_Input/IL_9592947/ISIC_2585669.jpg,1,1,1,1,1
inference_data/milk10k/MILK10k_Training_Input/IL_9593601/ISIC_5625173.jpg,3,3,3,3,3
inference_data/milk10k/MILK10k_Training_Input/IL_9593601/ISIC_4792565.jpg,2,2,2,2,2
inference_data/milk10k/MILK10k_Training_Input/IL_9596120/ISIC_5137477.jpg,2,2,2,3,2
inference_data/milk10k/MILK10k_Training_Input/IL_9596120/ISIC_1590931.jpg,1,2,1,1,1
inference_data/milk10k/MILK10k_Training_Input/IL_9597986/ISIC_5903776.jpg,3,2,3,3,2
inference_data/milk10k/MILK10k_Training_Input/IL_9597986/ISIC_5195959.jpg,2,2,2,2,2
inference_data/milk10k/MILK10k_Training_Input/IL_9600244/ISIC_0615653.jpg,2,2,2,3,2
inference_data/milk10k/MILK10k_Training_Input/IL_9600244/ISIC_9507615.jpg,2,1,1,2,2
inference_data/milk10k/MILK10k_Training_Input/IL_9600474/ISIC_6552603.jpg,2,1,1,1,1
inference_data/milk10k/MILK10k_Training_Input/IL_9600474/ISIC_4410078.jpg,1,2,1,1,1
inference_data/milk10k/MILK10k_Training_Input/IL_9603617/ISIC_7535027.jpg,3,3,3,3,3
inference_data/milk10k/MILK10k_Training_Input/IL_9603617/ISIC_4246896.jpg,2,2,2,2,2
inference_data/milk10k/MILK10k_Training_Input/IL_9604741/ISIC_1825802.jpg,1,1,1,2,2
inference_data/milk10k/MILK10k_Training_Input/IL_9604741/ISIC_2211674.jpg,1,1,1,1,1
inference_data/milk10k/MILK10k_Training_Input/IL_9607410/ISIC_6818815.jpg,2,2,1,2,2
inference_data/milk10k/MILK10k_Training_Input/IL_9607410/ISIC_3637593.jpg,2,1,1,2,2
inference_data/milk10k/MILK10k_Training_Input/IL_9608205/ISIC_1225203.jpg,3,3,2,3,2
inference_data/milk10k/MILK10k_Training_Input/IL_9608205/ISIC_7613649.jpg,2,2,2,2,2
inference_data/milk10k/MILK10k_Training_Input/IL_9608485/ISIC_3349986.jpg,2,2,2,3,2
inference_data/milk10k/MILK10k_Training_Input/IL_9608485/ISIC_5358212.jpg,1,1,1,1,1
inference_data/milk10k/MILK10k_Training_Input/IL_9611245/ISIC_4720934.jpg,3,2,3,3,3
inference_data/milk10k/MILK10k_Training_Input/IL_9611245/ISIC_9501753.jpg,2,2,2,2,2
inference_data/milk10k/MILK10k_Training_Input/IL_9611587/ISIC_6334226.jpg,2,2,2,2,2
inference_data/milk10k/MILK10k_Training_Input/IL_9611587/ISIC_7514787.jpg,2,1,2,2,2
inference_data/milk10k/MILK10k_Training_Input/IL_9614802/ISIC_5280833.jpg,3,3,3,3,3
inference_data/milk10k/MILK10k_Training_Input/IL_9614802/ISIC_8053804.jpg,4,4,4,4,4
inference_data/milk10k/MILK10k_Training_Input/IL_9614989/ISIC_4112547.jpg,2,2,2,2,2
inference_data/milk10k/MILK10k_Training_Input/IL_9614989/ISIC_0664016.jpg,2,2,2,2,2
inference_data/milk10k/MILK10k_Training_Input/IL_9617690/ISIC_3375059.jpg,2,2,2,2,2
inference_data/milk10k/MILK10k_Training_Input/IL_9617690/ISIC_3824264.jpg,1,1,1,1,2
inference_data/milk10k/MILK10k_Training_Input/IL_9622215/ISIC_0468733.jpg,2,2,2,2,2
inference_data/milk10k/MILK10k_Training_Input/IL_9622215/ISIC_5830376.jpg,1,1,1,2,2
inference_data/milk10k/MILK10k_Training_Input/IL_9623656/ISIC_9103398.jpg,2,2,2,3,2
inference_data/milk10k/MILK10k_Training_Input/IL_9623656/ISIC_1420747.jpg,2,1,1,2,2
inference_data/milk10k/MILK10k_Training_Input/IL_9624462/ISIC_7239055.jpg,3,3,3,3,3
inference_data/milk10k/MILK10k_Training_Input/IL_9624462/ISIC_7454975.jpg,2,2,1,2,2
inference_data/milk10k/MILK10k_Training_Input/IL_9629068/ISIC_5054723.jpg,2,2,2,2,2
inference_data/milk10k/MILK10k_Training_Input/IL_9629068/ISIC_2485009.jpg,1,1,0,1,1
inference_data/milk10k/MILK10k_Training_Input/IL_9630385/ISIC_3306172.jpg,3,2,3,3,2
inference_data/milk10k/MILK10k_Training_Input/IL_9630385/ISIC_8961614.jpg,1,2,1,2,2
inference_data/milk10k/MILK10k_Training_Input/IL_9632645/ISIC_7512488.jpg,1,1,1,1,1
inference_data/milk10k/MILK10k_Training_Input/IL_9632645/ISIC_3053495.jpg,1,1,1,1,1
inference_data/milk10k/MILK10k_Training_Input/IL_9632950/ISIC_8550133.jpg,3,3,3,3,3
inference_data/milk10k/MILK10k_Training_Input/IL_9632950/ISIC_8450877.jpg,1,1,1,1,1
inference_data/milk10k/MILK10k_Training_Input/IL_9636083/ISIC_7015879.jpg,2,2,2,2,2
inference_data/milk10k/MILK10k_Training_Input/IL_9636083/ISIC_1138976.jpg,1,1,1,2,2
inference_data/milk10k/MILK10k_Training_Input/IL_9639749/ISIC_6173678.jpg,2,2,2,2,2
inference_data/milk10k/MILK10k_Training_Input/IL_9639749/ISIC_2260865.jpg,1,1,1,2,2
inference_data/milk10k/MILK10k_Training_Input/IL_9644820/ISIC_8782205.jpg,3,3,3,3,2
inference_data/milk10k/MILK10k_Training_Input/IL_9644820/ISIC_3148471.jpg,2,1,1,1,1
inference_data/milk10k/MILK10k_Training_Input/IL_9646137/ISIC_3503700.jpg,3,2,3,3,3
inference_data/milk10k/MILK10k_Training_Input/IL_9646137/ISIC_6956876.jpg,1,1,1,1,1
inference_data/milk10k/MILK10k_Training_Input/IL_9649678/ISIC_9001139.jpg,2,1,2,2,2
inference_data/milk10k/MILK10k_Training_Input/IL_9649678/ISIC_1210329.jpg,1,1,1,1,1
inference_data/milk10k/MILK10k_Training_Input/IL_9650319/ISIC_4005803.jpg,3,3,3,3,3
inference_data/milk10k/MILK10k_Training_Input/IL_9650319/ISIC_6119301.jpg,1,1,1,2,1
inference_data/milk10k/MILK10k_Training_Input/IL_9654222/ISIC_4726329.jpg,3,3,3,3,3
inference_data/milk10k/MILK10k_Training_Input/IL_9654222/ISIC_9862532.jpg,2,1,1,2,2
inference_data/milk10k/MILK10k_Training_Input/IL_9656479/ISIC_8346017.jpg,2,2,1,2,2
inference_data/milk10k/MILK10k_Training_Input/IL_9656479/ISIC_7548850.jpg,3,3,3,4,3
inference_data/milk10k/MILK10k_Training_Input/IL_9659421/ISIC_8165089.jpg,2,2,2,2,2
inference_data/milk10k/MILK10k_Training_Input/IL_9659421/ISIC_0676527.jpg,1,1,1,1,1
inference_data/milk10k/MILK10k_Training_Input/IL_9659963/ISIC_3175404.jpg,2,2,1,2,2
inference_data/milk10k/MILK10k_Training_Input/IL_9659963/ISIC_7991773.jpg,2,2,2,2,2
inference_data/milk10k/MILK10k_Training_Input/IL_9661787/ISIC_1210456.jpg,3,3,3,3,3
inference_data/milk10k/MILK10k_Training_Input/IL_9661787/ISIC_1255858.jpg,1,1,0,1,1
inference_data/milk10k/MILK10k_Training_Input/IL_9665730/ISIC_4493203.jpg,3,2,3,2,2
inference_data/milk10k/MILK10k_Training_Input/IL_9665730/ISIC_8416462.jpg,2,2,2,2,2
inference_data/milk10k/MILK10k_Training_Input/IL_9667713/ISIC_0735096.jpg,2,2,2,2,2
inference_data/milk10k/MILK10k_Training_Input/IL_9667713/ISIC_6222224.jpg,1,1,1,1,1
inference_data/milk10k/MILK10k_Training_Input/IL_9667838/ISIC_5518035.jpg,1,1,1,1,1
inference_data/milk10k/MILK10k_Training_Input/IL_9667838/ISIC_3720143.jpg,1,1,1,1,1
inference_data/milk10k/MILK10k_Training_Input/IL_9678089/ISIC_8689886.jpg,4,3,4,4,3
inference_data/milk10k/MILK10k_Training_Input/IL_9678089/ISIC_4909505.jpg,1,1,1,1,1
inference_data/milk10k/MILK10k_Training_Input/IL_9679718/ISIC_0158073.jpg,2,2,3,3,3
inference_data/milk10k/MILK10k_Training_Input/IL_9679718/ISIC_6312345.jpg,1,1,1,1,1
inference_data/milk10k/MILK10k_Training_Input/IL_9680907/ISIC_8467445.jpg,2,2,3,2,2
inference_data/milk10k/MILK10k_Training_Input/IL_9680907/ISIC_9179044.jpg,1,1,1,1,1
inference_data/milk10k/MILK10k_Training_Input/IL_9681402/ISIC_2214683.jpg,3,2,3,3,3
inference_data/milk10k/MILK10k_Training_Input/IL_9681402/ISIC_4799293.jpg,2,2,2,2,2
inference_data/milk10k/MILK10k_Training_Input/IL_9682787/ISIC_5410210.jpg,1,1,1,1,1
inference_data/milk10k/MILK10k_Training_Input/IL_9682787/ISIC_2478957.jpg,1,1,1,1,1
inference_data/milk10k/MILK10k_Training_Input/IL_9685051/ISIC_4951263.jpg,2,2,2,2,2
inference_data/milk10k/MILK10k_Training_Input/IL_9685051/ISIC_2538384.jpg,1,1,0,1,1
inference_data/milk10k/MILK10k_Training_Input/IL_9685244/ISIC_1780120.jpg,3,3,3,3,3
inference_data/milk10k/MILK10k_Training_Input/IL_9685244/ISIC_8302743.jpg,1,1,1,1,2
inference_data/milk10k/MILK10k_Training_Input/IL_9689348/ISIC_5655393.jpg,3,3,3,3,3
inference_data/milk10k/MILK10k_Training_Input/IL_9689348/ISIC_8392439.jpg,1,1,1,1,1
inference_data/milk10k/MILK10k_Training_Input/IL_9689352/ISIC_5533850.jpg,3,2,3,3,2
inference_data/milk10k/MILK10k_Training_Input/IL_9689352/ISIC_5412380.jpg,1,1,1,1,1
inference_data/milk10k/MILK10k_Training_Input/IL_9689394/ISIC_2760612.jpg,3,2,3,3,2
inference_data/milk10k/MILK10k_Training_Input/IL_9689394/ISIC_4062304.jpg,2,2,1,2,2
inference_data/milk10k/MILK10k_Training_Input/IL_9691364/ISIC_8701249.jpg,3,3,2,3,2
inference_data/milk10k/MILK10k_Training_Input/IL_9691364/ISIC_7618809.jpg,2,2,1,2,2
inference_data/milk10k/MILK10k_Training_Input/IL_9692603/ISIC_8866895.jpg,3,3,3,3,3
inference_data/milk10k/MILK10k_Training_Input/IL_9692603/ISIC_0890975.jpg,2,2,2,2,2
inference_data/milk10k/MILK10k_Training_Input/IL_9693754/ISIC_8664926.jpg,3,3,3,3,3
inference_data/milk10k/MILK10k_Training_Input/IL_9693754/ISIC_6129735.jpg,2,1,1,2,2
inference_data/milk10k/MILK10k_Training_Input/IL_9701000/ISIC_7662916.jpg,3,3,4,4,3
inference_data/milk10k/MILK10k_Training_Input/IL_9701000/ISIC_5246923.jpg,2,2,2,2,2
inference_data/milk10k/MILK10k_Training_Input/IL_9701930/ISIC_2833803.jpg,4,3,4,4,4
inference_data/milk10k/MILK10k_Training_Input/IL_9701930/ISIC_1417674.jpg,2,2,1,2,2
inference_data/milk10k/MILK10k_Training_Input/IL_9702903/ISIC_4136790.jpg,2,2,2,2,2
inference_data/milk10k/MILK10k_Training_Input/IL_9702903/ISIC_1592988.jpg,2,2,3,3,3
inference_data/milk10k/MILK10k_Training_Input/IL_9707582/ISIC_2846074.jpg,2,1,2,2,2
inference_data/milk10k/MILK10k_Training_Input/IL_9707582/ISIC_9979190.jpg,2,1,1,1,1
inference_data/milk10k/MILK10k_Training_Input/IL_9708256/ISIC_2333635.jpg,2,1,1,2,2
inference_data/milk10k/MILK10k_Training_Input/IL_9708256/ISIC_2770868.jpg,2,2,2,2,2
inference_data/milk10k/MILK10k_Training_Input/IL_9713334/ISIC_3553184.jpg,3,2,3,3,2
inference_data/milk10k/MILK10k_Training_Input/IL_9713334/ISIC_8355069.jpg,2,2,1,2,2
inference_data/milk10k/MILK10k_Training_Input/IL_9713844/ISIC_4094390.jpg,2,2,2,2,2
inference_data/milk10k/MILK10k_Training_Input/IL_9713844/ISIC_0840284.jpg,2,2,1,2,2
inference_data/milk10k/MILK10k_Training_Input/IL_9714463/ISIC_1160092.jpg,1,1,1,1,1
inference_data/milk10k/MILK10k_Training_Input/IL_9714463/ISIC_6963673.jpg,0,0,0,0,0
inference_data/milk10k/MILK10k_Training_Input/IL_9716310/ISIC_6372109.jpg,3,2,3,3,3
inference_data/milk10k/MILK10k_Training_Input/IL_9716310/ISIC_5651049.jpg,1,2,1,1,1
inference_data/milk10k/MILK10k_Training_Input/IL_9717585/ISIC_3197379.jpg,3,2,3,3,2
inference_data/milk10k/MILK10k_Training_Input/IL_9717585/ISIC_0500110.jpg,2,2,1,2,2
inference_data/milk10k/MILK10k_Training_Input/IL_9719774/ISIC_5979628.jpg,2,2,2,2,2
inference_data/milk10k/MILK10k_Training_Input/IL_9719774/ISIC_8268969.jpg,1,1,0,1,1
inference_data/milk10k/MILK10k_Training_Input/IL_9720180/ISIC_1907325.jpg,3,3,3,3,3
inference_data/milk10k/MILK10k_Training_Input/IL_9720180/ISIC_9809345.jpg,1,1,1,1,1
inference_data/milk10k/MILK10k_Training_Input/IL_9720231/ISIC_7680182.jpg,3,3,3,3,3
inference_data/milk10k/MILK10k_Training_Input/IL_9720231/ISIC_4168673.jpg,2,1,1,1,2
inference_data/milk10k/MILK10k_Training_Input/IL_9720505/ISIC_6385484.jpg,3,3,3,3,3
inference_data/milk10k/MILK10k_Training_Input/IL_9720505/ISIC_8904796.jpg,2,1,2,1,2
inference_data/milk10k/MILK10k_Training_Input/IL_9722913/ISIC_2753361.jpg,2,2,2,3,2
inference_data/milk10k/MILK10k_Training_Input/IL_9722913/ISIC_0656565.jpg,2,2,2,2,2
inference_data/milk10k/MILK10k_Training_Input/IL_9724863/ISIC_3852303.jpg,2,2,2,2,2
inference_data/milk10k/MILK10k_Training_Input/IL_9724863/ISIC_3480611.jpg,2,2,1,2,2
inference_data/milk10k/MILK10k_Training_Input/IL_9725975/ISIC_6230570.jpg,2,2,2,3,2
inference_data/milk10k/MILK10k_Training_Input/IL_9725975/ISIC_3706698.jpg,1,1,1,1,1
inference_data/milk10k/MILK10k_Training_Input/IL_9727677/ISIC_1738482.jpg,3,2,2,3,2
inference_data/milk10k/MILK10k_Training_Input/IL_9727677/ISIC_7198900.jpg,1,1,1,1,1
inference_data/milk10k/MILK10k_Training_Input/IL_9730160/ISIC_7745161.jpg,2,2,2,2,2
inference_data/milk10k/MILK10k_Training_Input/IL_9730160/ISIC_0150748.jpg,1,1,1,1,1
inference_data/milk10k/MILK10k_Training_Input/IL_9731170/ISIC_5185355.jpg,2,2,1,2,2
inference_data/milk10k/MILK10k_Training_Input/IL_9731170/ISIC_4913500.jpg,1,1,1,1,2
inference_data/milk10k/MILK10k_Training_Input/IL_9731516/ISIC_5761656.jpg,4,4,4,4,4
inference_data/milk10k/MILK10k_Training_Input/IL_9731516/ISIC_9278360.jpg,2,2,1,2,2
inference_data/milk10k/MILK10k_Training_Input/IL_9732518/ISIC_7370617.jpg,2,2,2,2,2
inference_data/milk10k/MILK10k_Training_Input/IL_9732518/ISIC_0188950.jpg,1,1,1,2,2
inference_data/milk10k/MILK10k_Training_Input/IL_9734690/ISIC_3284822.jpg,2,2,2,3,2
inference_data/milk10k/MILK10k_Training_Input/IL_9734690/ISIC_6425898.jpg,2,2,2,2,2
inference_data/milk10k/MILK10k_Training_Input/IL_9734938/ISIC_2917647.jpg,3,3,2,3,3
inference_data/milk10k/MILK10k_Training_Input/IL_9734938/ISIC_7053200.jpg,2,1,1,1,2
inference_data/milk10k/MILK10k_Training_Input/IL_9737079/ISIC_8867010.jpg,2,2,2,2,2
inference_data/milk10k/MILK10k_Training_Input/IL_9737079/ISIC_4370328.jpg,1,1,1,1,1
inference_data/milk10k/MILK10k_Training_Input/IL_9737107/ISIC_7225132.jpg,2,2,2,3,2
inference_data/milk10k/MILK10k_Training_Input/IL_9737107/ISIC_6780966.jpg,2,2,2,2,2
inference_data/milk10k/MILK10k_Training_Input/IL_9738941/ISIC_5821583.jpg,3,2,3,3,2
inference_data/milk10k/MILK10k_Training_Input/IL_9738941/ISIC_4770621.jpg,2,2,2,2,2
inference_data/milk10k/MILK10k_Training_Input/IL_9746297/ISIC_7900173.jpg,2,2,1,1,2
inference_data/milk10k/MILK10k_Training_Input/IL_9746297/ISIC_9047747.jpg,2,2,1,2,2
inference_data/milk10k/MILK10k_Training_Input/IL_9746868/ISIC_7096292.jpg,1,1,1,1,1
inference_data/milk10k/MILK10k_Training_Input/IL_9746868/ISIC_6589696.jpg,1,1,0,1,1
inference_data/milk10k/MILK10k_Training_Input/IL_9746902/ISIC_7695480.jpg,3,3,3,2,3
inference_data/milk10k/MILK10k_Training_Input/IL_9746902/ISIC_6548919.jpg,2,2,2,2,2
inference_data/milk10k/MILK10k_Training_Input/IL_9749729/ISIC_9471674.jpg,1,1,1,1,1
inference_data/milk10k/MILK10k_Training_Input/IL_9749729/ISIC_3959713.jpg,1,1,1,1,1
inference_data/milk10k/MILK10k_Training_Input/IL_9752629/ISIC_8212322.jpg,1,1,1,2,2
inference_data/milk10k/MILK10k_Training_Input/IL_9752629/ISIC_7132196.jpg,2,2,1,2,2
inference_data/milk10k/MILK10k_Training_Input/IL_9753632/ISIC_2161258.jpg,2,2,2,2,2
inference_data/milk10k/MILK10k_Training_Input/IL_9753632/ISIC_3968898.jpg,1,1,1,1,1
inference_data/milk10k/MILK10k_Training_Input/IL_9754542/ISIC_9088580.jpg,3,3,3,3,3
inference_data/milk10k/MILK10k_Training_Input/IL_9754542/ISIC_8816075.jpg,2,2,1,2,2
inference_data/milk10k/MILK10k_Training_Input/IL_9755215/ISIC_7916204.jpg,3,2,3,3,3
inference_data/milk10k/MILK10k_Training_Input/IL_9755215/ISIC_3049767.jpg,2,2,2,2,2
inference_data/milk10k/MILK10k_Training_Input/IL_9755525/ISIC_9703128.jpg,2,2,2,2,2
inference_data/milk10k/MILK10k_Training_Input/IL_9755525/ISIC_1243858.jpg,2,2,2,2,2
inference_data/milk10k/MILK10k_Training_Input/IL_9756229/ISIC_1050489.jpg,2,2,2,2,2
inference_data/milk10k/MILK10k_Training_Input/IL_9756229/ISIC_1310746.jpg,2,1,1,2,2
inference_data/milk10k/MILK10k_Training_Input/IL_9758278/ISIC_4544829.jpg,2,2,2,3,3
inference_data/milk10k/MILK10k_Training_Input/IL_9758278/ISIC_2127883.jpg,1,1,1,2,2
inference_data/milk10k/MILK10k_Training_Input/IL_9763780/ISIC_7579556.jpg,1,1,1,1,1
inference_data/milk10k/MILK10k_Training_Input/IL_9763780/ISIC_5364900.jpg,2,2,1,2,2
inference_data/milk10k/MILK10k_Training_Input/IL_9767273/ISIC_1698570.jpg,3,2,3,3,2
inference_data/milk10k/MILK10k_Training_Input/IL_9767273/ISIC_3072008.jpg,2,2,2,2,2
inference_data/milk10k/MILK10k_Training_Input/IL_9769761/ISIC_4953526.jpg,4,3,4,4,4
inference_data/milk10k/MILK10k_Training_Input/IL_9769761/ISIC_3862106.jpg,1,1,1,1,1
inference_data/milk10k/MILK10k_Training_Input/IL_9769772/ISIC_4680472.jpg,0,0,0,0,0
inference_data/milk10k/MILK10k_Training_Input/IL_9769772/ISIC_5058408.jpg,1,1,1,1,1
inference_data/milk10k/MILK10k_Training_Input/IL_9770688/ISIC_9706057.jpg,2,2,2,2,2
inference_data/milk10k/MILK10k_Training_Input/IL_9770688/ISIC_4463160.jpg,2,1,1,2,2
inference_data/milk10k/MILK10k_Training_Input/IL_9773637/ISIC_4900556.jpg,3,2,3,3,2
inference_data/milk10k/MILK10k_Training_Input/IL_9773637/ISIC_7693768.jpg,2,2,2,2,2
inference_data/milk10k/MILK10k_Training_Input/IL_9775648/ISIC_5457545.jpg,1,1,1,1,1
inference_data/milk10k/MILK10k_Training_Input/IL_9775648/ISIC_1587418.jpg,1,2,1,1,1
inference_data/milk10k/MILK10k_Training_Input/IL_9776504/ISIC_6716486.jpg,2,2,2,2,2
inference_data/milk10k/MILK10k_Training_Input/IL_9776504/ISIC_7507238.jpg,3,2,3,3,2
inference_data/milk10k/MILK10k_Training_Input/IL_9777235/ISIC_6453932.jpg,3,2,3,3,3
inference_data/milk10k/MILK10k_Training_Input/IL_9777235/ISIC_4152827.jpg,2,2,2,2,2
inference_data/milk10k/MILK10k_Training_Input/IL_9778045/ISIC_6634268.jpg,2,2,1,2,2
inference_data/milk10k/MILK10k_Training_Input/IL_9778045/ISIC_0764650.jpg,1,1,1,1,1
inference_data/milk10k/MILK10k_Training_Input/IL_9780716/ISIC_6113465.jpg,1,1,1,1,1
inference_data/milk10k/MILK10k_Training_Input/IL_9780716/ISIC_9552444.jpg,2,2,3,3,3
inference_data/milk10k/MILK10k_Training_Input/IL_9782859/ISIC_4057182.jpg,2,2,3,3,2
inference_data/milk10k/MILK10k_Training_Input/IL_9782859/ISIC_3585759.jpg,2,2,2,2,2
inference_data/milk10k/MILK10k_Training_Input/IL_9783662/ISIC_2838288.jpg,2,2,1,2,2
inference_data/milk10k/MILK10k_Training_Input/IL_9783662/ISIC_9790773.jpg,1,1,1,2,2
inference_data/milk10k/MILK10k_Training_Input/IL_9783995/ISIC_3719515.jpg,3,2,2,3,2
inference_data/milk10k/MILK10k_Training_Input/IL_9783995/ISIC_7778901.jpg,1,1,0,0,1
inference_data/milk10k/MILK10k_Training_Input/IL_9784446/ISIC_3482213.jpg,2,2,2,2,2
inference_data/milk10k/MILK10k_Training_Input/IL_9784446/ISIC_0369681.jpg,1,1,0,1,1
inference_data/milk10k/MILK10k_Training_Input/IL_9785739/ISIC_4217947.jpg,3,2,3,3,3
inference_data/milk10k/MILK10k_Training_Input/IL_9785739/ISIC_6161362.jpg,2,2,2,2,2
inference_data/milk10k/MILK10k_Training_Input/IL_9789875/ISIC_2614390.jpg,3,3,3,3,3
inference_data/milk10k/MILK10k_Training_Input/IL_9789875/ISIC_9035644.jpg,1,1,1,1,1
inference_data/milk10k/MILK10k_Training_Input/IL_9790789/ISIC_9100425.jpg,3,3,3,3,3
inference_data/milk10k/MILK10k_Training_Input/IL_9790789/ISIC_8914970.jpg,2,2,2,2,2
inference_data/milk10k/MILK10k_Training_Input/IL_9793806/ISIC_3515169.jpg,2,1,1,2,2
inference_data/milk10k/MILK10k_Training_Input/IL_9793806/ISIC_3631183.jpg,1,1,1,1,1
inference_data/milk10k/MILK10k_Training_Input/IL_9797209/ISIC_3228433.jpg,3,2,3,3,3
inference_data/milk10k/MILK10k_Training_Input/IL_9797209/ISIC_5499900.jpg,1,2,1,1,2
inference_data/milk10k/MILK10k_Training_Input/IL_9801115/ISIC_1311673.jpg,2,2,2,2,2
inference_data/milk10k/MILK10k_Training_Input/IL_9801115/ISIC_2923050.jpg,4,4,4,4,4
inference_data/milk10k/MILK10k_Training_Input/IL_9801468/ISIC_0514391.jpg,1,1,1,1,1
inference_data/milk10k/MILK10k_Training_Input/IL_9801468/ISIC_6611061.jpg,1,1,1,1,1
inference_data/milk10k/MILK10k_Training_Input/IL_9801518/ISIC_7006971.jpg,2,2,2,2,2
inference_data/milk10k/MILK10k_Training_Input/IL_9801518/ISIC_8877039.jpg,1,1,1,1,1
inference_data/milk10k/MILK10k_Training_Input/IL_9803330/ISIC_1877271.jpg,3,3,3,3,3
inference_data/milk10k/MILK10k_Training_Input/IL_9803330/ISIC_9593683.jpg,1,1,1,1,1
inference_data/milk10k/MILK10k_Training_Input/IL_9809357/ISIC_8107179.jpg,1,1,1,1,1
inference_data/milk10k/MILK10k_Training_Input/IL_9809357/ISIC_8092373.jpg,1,1,1,1,1
inference_data/milk10k/MILK10k_Training_Input/IL_9809595/ISIC_6936062.jpg,1,1,1,1,1
inference_data/milk10k/MILK10k_Training_Input/IL_9809595/ISIC_9940495.jpg,2,2,1,2,2
inference_data/milk10k/MILK10k_Training_Input/IL_9811180/ISIC_4104303.jpg,3,3,3,3,3
inference_data/milk10k/MILK10k_Training_Input/IL_9811180/ISIC_8561066.jpg,1,1,1,1,1
inference_data/milk10k/MILK10k_Training_Input/IL_9813142/ISIC_8619333.jpg,1,1,1,1,1
inference_data/milk10k/MILK10k_Training_Input/IL_9813142/ISIC_4163384.jpg,2,2,2,2,2
inference_data/milk10k/MILK10k_Training_Input/IL_9814557/ISIC_2204145.jpg,4,3,4,4,4
inference_data/milk10k/MILK10k_Training_Input/IL_9814557/ISIC_7837278.jpg,4,3,4,3,3
inference_data/milk10k/MILK10k_Training_Input/IL_9818681/ISIC_4771395.jpg,4,3,4,4,3
inference_data/milk10k/MILK10k_Training_Input/IL_9818681/ISIC_4553466.jpg,1,1,1,1,1
inference_data/milk10k/MILK10k_Training_Input/IL_9822160/ISIC_0094604.jpg,3,2,3,3,3
inference_data/milk10k/MILK10k_Training_Input/IL_9822160/ISIC_1571470.jpg,1,1,1,1,2
inference_data/milk10k/MILK10k_Training_Input/IL_9823804/ISIC_8234989.jpg,1,1,1,1,1
inference_data/milk10k/MILK10k_Training_Input/IL_9823804/ISIC_5385783.jpg,1,1,1,1,1
inference_data/milk10k/MILK10k_Training_Input/IL_9826846/ISIC_8459726.jpg,3,3,3,3,3
inference_data/milk10k/MILK10k_Training_Input/IL_9826846/ISIC_1241018.jpg,1,2,1,2,2
inference_data/milk10k/MILK10k_Training_Input/IL_9831268/ISIC_7323687.jpg,3,3,3,3,3
inference_data/milk10k/MILK10k_Training_Input/IL_9831268/ISIC_7553601.jpg,1,1,1,1,1
inference_data/milk10k/MILK10k_Training_Input/IL_9833477/ISIC_1679185.jpg,2,2,1,2,1
inference_data/milk10k/MILK10k_Training_Input/IL_9833477/ISIC_0233827.jpg,2,2,1,1,2
inference_data/milk10k/MILK10k_Training_Input/IL_9835654/ISIC_9820396.jpg,3,3,3,3,3
inference_data/milk10k/MILK10k_Training_Input/IL_9835654/ISIC_3654837.jpg,2,2,2,2,2
inference_data/milk10k/MILK10k_Training_Input/IL_9835714/ISIC_5345684.jpg,3,3,3,3,3
inference_data/milk10k/MILK10k_Training_Input/IL_9835714/ISIC_4840056.jpg,2,2,2,2,2
inference_data/milk10k/MILK10k_Training_Input/IL_9838418/ISIC_3036641.jpg,2,2,2,2,2
inference_data/milk10k/MILK10k_Training_Input/IL_9838418/ISIC_0880783.jpg,1,1,1,1,1
inference_data/milk10k/MILK10k_Training_Input/IL_9840660/ISIC_1859149.jpg,4,4,4,4,4
inference_data/milk10k/MILK10k_Training_Input/IL_9840660/ISIC_2962014.jpg,2,2,2,2,2
inference_data/milk10k/MILK10k_Training_Input/IL_9840825/ISIC_9379186.jpg,2,2,2,3,2
inference_data/milk10k/MILK10k_Training_Input/IL_9840825/ISIC_7614085.jpg,2,2,1,1,2
inference_data/milk10k/MILK10k_Training_Input/IL_9843383/ISIC_8304179.jpg,2,1,2,2,2
inference_data/milk10k/MILK10k_Training_Input/IL_9843383/ISIC_2030005.jpg,0,1,0,1,1
inference_data/milk10k/MILK10k_Training_Input/IL_9846683/ISIC_3661021.jpg,3,2,3,3,2
inference_data/milk10k/MILK10k_Training_Input/IL_9846683/ISIC_1279652.jpg,2,2,2,2,2
inference_data/milk10k/MILK10k_Training_Input/IL_9855945/ISIC_6612352.jpg,2,2,2,2,2
inference_data/milk10k/MILK10k_Training_Input/IL_9855945/ISIC_0310449.jpg,1,1,1,1,1
inference_data/milk10k/MILK10k_Training_Input/IL_9862724/ISIC_2425838.jpg,3,2,3,3,3
inference_data/milk10k/MILK10k_Training_Input/IL_9862724/ISIC_4845560.jpg,1,1,1,1,2
inference_data/milk10k/MILK10k_Training_Input/IL_9863241/ISIC_0225237.jpg,3,2,3,3,2
inference_data/milk10k/MILK10k_Training_Input/IL_9863241/ISIC_9589099.jpg,2,2,2,2,2
inference_data/milk10k/MILK10k_Training_Input/IL_9871188/ISIC_7742510.jpg,1,1,1,1,1
inference_data/milk10k/MILK10k_Training_Input/IL_9871188/ISIC_3691801.jpg,1,1,1,1,1
inference_data/milk10k/MILK10k_Training_Input/IL_9871748/ISIC_9059867.jpg,3,2,2,3,2
inference_data/milk10k/MILK10k_Training_Input/IL_9871748/ISIC_3280000.jpg,1,1,1,1,1
inference_data/milk10k/MILK10k_Training_Input/IL_9875986/ISIC_9315615.jpg,3,3,3,3,3
inference_data/milk10k/MILK10k_Training_Input/IL_9875986/ISIC_2376821.jpg,2,2,2,2,2
inference_data/milk10k/MILK10k_Training_Input/IL_9876124/ISIC_5543636.jpg,1,2,1,1,1
inference_data/milk10k/MILK10k_Training_Input/IL_9876124/ISIC_5380414.jpg,1,1,1,1,1
inference_data/milk10k/MILK10k_Training_Input/IL_9877242/ISIC_6684563.jpg,2,2,3,3,2
inference_data/milk10k/MILK10k_Training_Input/IL_9877242/ISIC_4358907.jpg,2,1,2,1,2
inference_data/milk10k/MILK10k_Training_Input/IL_9878565/ISIC_3955799.jpg,3,3,3,4,3
inference_data/milk10k/MILK10k_Training_Input/IL_9878565/ISIC_2752768.jpg,2,2,2,2,2
inference_data/milk10k/MILK10k_Training_Input/IL_9880197/ISIC_5647228.jpg,3,2,2,2,2
inference_data/milk10k/MILK10k_Training_Input/IL_9880197/ISIC_7843146.jpg,2,2,2,2,2
inference_data/milk10k/MILK10k_Training_Input/IL_9880889/ISIC_7206161.jpg,3,3,3,3,3
inference_data/milk10k/MILK10k_Training_Input/IL_9880889/ISIC_3797260.jpg,1,2,1,1,1
inference_data/milk10k/MILK10k_Training_Input/IL_9882271/ISIC_4391320.jpg,2,2,2,3,2
inference_data/milk10k/MILK10k_Training_Input/IL_9882271/ISIC_8152761.jpg,1,1,1,1,1
inference_data/milk10k/MILK10k_Training_Input/IL_9882527/ISIC_6181244.jpg,3,2,3,3,2
inference_data/milk10k/MILK10k_Training_Input/IL_9882527/ISIC_5297462.jpg,2,2,2,2,2
inference_data/milk10k/MILK10k_Training_Input/IL_9886374/ISIC_0589952.jpg,3,2,3,3,3
inference_data/milk10k/MILK10k_Training_Input/IL_9886374/ISIC_1205427.jpg,1,1,1,1,1
inference_data/milk10k/MILK10k_Training_Input/IL_9890052/ISIC_9826023.jpg,2,2,1,2,2
inference_data/milk10k/MILK10k_Training_Input/IL_9890052/ISIC_8171632.jpg,1,1,1,1,1
inference_data/milk10k/MILK10k_Training_Input/IL_9890068/ISIC_0082447.jpg,3,3,3,3,3
inference_data/milk10k/MILK10k_Training_Input/IL_9890068/ISIC_5913482.jpg,1,2,1,2,2
inference_data/milk10k/MILK10k_Training_Input/IL_9891746/ISIC_3984912.jpg,3,2,3,3,3
inference_data/milk10k/MILK10k_Training_Input/IL_9891746/ISIC_9357735.jpg,2,2,2,2,2
inference_data/milk10k/MILK10k_Training_Input/IL_9891948/ISIC_9922427.jpg,1,1,1,2,2
inference_data/milk10k/MILK10k_Training_Input/IL_9891948/ISIC_6664385.jpg,1,1,1,1,1
inference_data/milk10k/MILK10k_Training_Input/IL_9895389/ISIC_6026220.jpg,3,3,3,3,3
inference_data/milk10k/MILK10k_Training_Input/IL_9895389/ISIC_4743338.jpg,1,1,1,1,1
inference_data/milk10k/MILK10k_Training_Input/IL_9897440/ISIC_7605162.jpg,3,3,4,4,4
inference_data/milk10k/MILK10k_Training_Input/IL_9897440/ISIC_4969084.jpg,3,3,3,3,3
inference_data/milk10k/MILK10k_Training_Input/IL_9897493/ISIC_6513986.jpg,2,2,2,2,2
inference_data/milk10k/MILK10k_Training_Input/IL_9897493/ISIC_6655070.jpg,3,3,3,3,3
inference_data/milk10k/MILK10k_Training_Input/IL_9897745/ISIC_5784227.jpg,2,2,1,2,2
inference_data/milk10k/MILK10k_Training_Input/IL_9897745/ISIC_0666575.jpg,1,1,1,1,1
inference_data/milk10k/MILK10k_Training_Input/IL_9899181/ISIC_8631635.jpg,2,2,2,2,2
inference_data/milk10k/MILK10k_Training_Input/IL_9899181/ISIC_3432012.jpg,2,2,2,2,2
inference_data/milk10k/MILK10k_Training_Input/IL_9900993/ISIC_5315549.jpg,4,4,4,4,4
inference_data/milk10k/MILK10k_Training_Input/IL_9900993/ISIC_8158325.jpg,1,1,1,1,1
inference_data/milk10k/MILK10k_Training_Input/IL_9901727/ISIC_5559099.jpg,1,1,1,1,1
inference_data/milk10k/MILK10k_Training_Input/IL_9901727/ISIC_9875123.jpg,1,1,1,1,1
inference_data/milk10k/MILK10k_Training_Input/IL_9904066/ISIC_3601726.jpg,3,2,3,3,3
inference_data/milk10k/MILK10k_Training_Input/IL_9904066/ISIC_7305201.jpg,1,1,1,1,1
inference_data/milk10k/MILK10k_Training_Input/IL_9906157/ISIC_6142601.jpg,4,4,4,4,4
inference_data/milk10k/MILK10k_Training_Input/IL_9906157/ISIC_6349779.jpg,2,2,2,2,2
inference_data/milk10k/MILK10k_Training_Input/IL_9912061/ISIC_6881975.jpg,3,3,3,3,3
inference_data/milk10k/MILK10k_Training_Input/IL_9912061/ISIC_4352140.jpg,1,1,1,1,1
inference_data/milk10k/MILK10k_Training_Input/IL_9914605/ISIC_7242126.jpg,3,2,2,3,2
inference_data/milk10k/MILK10k_Training_Input/IL_9914605/ISIC_7264785.jpg,1,1,1,1,2
inference_data/milk10k/MILK10k_Training_Input/IL_9916872/ISIC_6597463.jpg,2,2,2,2,2
inference_data/milk10k/MILK10k_Training_Input/IL_9916872/ISIC_8755727.jpg,2,1,1,2,2
inference_data/milk10k/MILK10k_Training_Input/IL_9917047/ISIC_2392847.jpg,2,2,2,2,2
inference_data/milk10k/MILK10k_Training_Input/IL_9917047/ISIC_9900027.jpg,2,1,1,1,2
inference_data/milk10k/MILK10k_Training_Input/IL_9917624/ISIC_6328753.jpg,3,2,3,3,2
inference_data/milk10k/MILK10k_Training_Input/IL_9917624/ISIC_3302986.jpg,2,2,2,2,2
inference_data/milk10k/MILK10k_Training_Input/IL_9917899/ISIC_9186927.jpg,2,2,2,2,2
inference_data/milk10k/MILK10k_Training_Input/IL_9917899/ISIC_2538458.jpg,2,2,1,2,2
inference_data/milk10k/MILK10k_Training_Input/IL_9921206/ISIC_2160112.jpg,2,1,1,1,1
inference_data/milk10k/MILK10k_Training_Input/IL_9921206/ISIC_9020314.jpg,1,1,1,1,2
inference_data/milk10k/MILK10k_Training_Input/IL_9923635/ISIC_7619832.jpg,2,2,2,2,2
inference_data/milk10k/MILK10k_Training_Input/IL_9923635/ISIC_7330944.jpg,1,1,1,1,1
inference_data/milk10k/MILK10k_Training_Input/IL_9924772/ISIC_8184627.jpg,2,2,2,2,2
inference_data/milk10k/MILK10k_Training_Input/IL_9924772/ISIC_3256836.jpg,1,1,1,1,1
inference_data/milk10k/MILK10k_Training_Input/IL_9925364/ISIC_7278380.jpg,3,3,3,4,3
inference_data/milk10k/MILK10k_Training_Input/IL_9925364/ISIC_7939416.jpg,2,2,2,2,3
inference_data/milk10k/MILK10k_Training_Input/IL_9926530/ISIC_2015432.jpg,3,3,3,3,3
inference_data/milk10k/MILK10k_Training_Input/IL_9926530/ISIC_4273674.jpg,2,2,2,2,2
inference_data/milk10k/MILK10k_Training_Input/IL_9936896/ISIC_4487781.jpg,3,3,3,3,3
inference_data/milk10k/MILK10k_Training_Input/IL_9936896/ISIC_2673443.jpg,0,1,0,1,1
inference_data/milk10k/MILK10k_Training_Input/IL_9940572/ISIC_0964646.jpg,2,2,1,2,1
inference_data/milk10k/MILK10k_Training_Input/IL_9940572/ISIC_3567360.jpg,1,1,1,1,1
inference_data/milk10k/MILK10k_Training_Input/IL_9941625/ISIC_3946986.jpg,3,3,3,3,3
inference_data/milk10k/MILK10k_Training_Input/IL_9941625/ISIC_5997924.jpg,1,2,1,1,1
inference_data/milk10k/MILK10k_Training_Input/IL_9941677/ISIC_3508744.jpg,3,3,3,3,3
inference_data/milk10k/MILK10k_Training_Input/IL_9941677/ISIC_8158738.jpg,1,1,1,1,2
inference_data/milk10k/MILK10k_Training_Input/IL_9942096/ISIC_2668584.jpg,1,1,1,1,1
inference_data/milk10k/MILK10k_Training_Input/IL_9942096/ISIC_4845899.jpg,1,1,1,1,1
inference_data/milk10k/MILK10k_Training_Input/IL_9943319/ISIC_4070008.jpg,3,2,3,3,3
inference_data/milk10k/MILK10k_Training_Input/IL_9943319/ISIC_5023550.jpg,2,2,1,1,1
inference_data/milk10k/MILK10k_Training_Input/IL_9943627/ISIC_7803811.jpg,3,3,3,3,3
inference_data/milk10k/MILK10k_Training_Input/IL_9943627/ISIC_3669176.jpg,1,1,1,1,1
inference_data/milk10k/MILK10k_Training_Input/IL_9944302/ISIC_8443235.jpg,3,3,3,3,3
inference_data/milk10k/MILK10k_Training_Input/IL_9944302/ISIC_5552683.jpg,2,2,2,2,2
inference_data/milk10k/MILK10k_Training_Input/IL_9944816/ISIC_4467920.jpg,2,2,2,2,2
inference_data/milk10k/MILK10k_Training_Input/IL_9944816/ISIC_6005871.jpg,1,1,1,1,1
inference_data/milk10k/MILK10k_Training_Input/IL_9945290/ISIC_5489979.jpg,2,2,2,3,2
inference_data/milk10k/MILK10k_Training_Input/IL_9945290/ISIC_8760881.jpg,2,1,1,2,1
inference_data/milk10k/MILK10k_Training_Input/IL_9947908/ISIC_3194532.jpg,2,2,2,2,2
inference_data/milk10k/MILK10k_Training_Input/IL_9947908/ISIC_6712731.jpg,2,2,2,2,2
inference_data/milk10k/MILK10k_Training_Input/IL_9949464/ISIC_5471903.jpg,3,3,3,3,3
inference_data/milk10k/MILK10k_Training_Input/IL_9949464/ISIC_4426808.jpg,1,0,0,1,1
inference_data/milk10k/MILK10k_Training_Input/IL_9950953/ISIC_2266613.jpg,2,2,2,3,2
inference_data/milk10k/MILK10k_Training_Input/IL_9950953/ISIC_1536379.jpg,2,2,2,2,2
inference_data/milk10k/MILK10k_Training_Input/IL_9951114/ISIC_6033449.jpg,1,1,0,1,1
inference_data/milk10k/MILK10k_Training_Input/IL_9951114/ISIC_9361398.jpg,1,1,1,1,1
inference_data/milk10k/MILK10k_Training_Input/IL_9952743/ISIC_8580681.jpg,1,1,1,1,1
inference_data/milk10k/MILK10k_Training_Input/IL_9952743/ISIC_3937278.jpg,2,2,2,1,1
inference_data/milk10k/MILK10k_Training_Input/IL_9958247/ISIC_3175640.jpg,2,2,2,2,2
inference_data/milk10k/MILK10k_Training_Input/IL_9958247/ISIC_7870559.jpg,1,1,1,1,1
inference_data/milk10k/MILK10k_Training_Input/IL_9961015/ISIC_9101382.jpg,3,2,3,3,2
inference_data/milk10k/MILK10k_Training_Input/IL_9961015/ISIC_0950510.jpg,1,1,1,1,1
inference_data/milk10k/MILK10k_Training_Input/IL_9962218/ISIC_9492806.jpg,2,2,2,3,2
inference_data/milk10k/MILK10k_Training_Input/IL_9962218/ISIC_7265211.jpg,2,2,2,2,2
inference_data/milk10k/MILK10k_Training_Input/IL_9963930/ISIC_5420310.jpg,3,3,3,3,3
inference_data/milk10k/MILK10k_Training_Input/IL_9963930/ISIC_9641825.jpg,1,1,1,1,2
inference_data/milk10k/MILK10k_Training_Input/IL_9965908/ISIC_9149605.jpg,2,2,2,2,2
inference_data/milk10k/MILK10k_Training_Input/IL_9965908/ISIC_3069767.jpg,2,2,2,2,2
inference_data/milk10k/MILK10k_Training_Input/IL_9968206/ISIC_0661563.jpg,1,1,1,1,1
inference_data/milk10k/MILK10k_Training_Input/IL_9968206/ISIC_0729575.jpg,1,1,1,1,1
inference_data/milk10k/MILK10k_Training_Input/IL_9972566/ISIC_9884445.jpg,1,1,1,1,1
inference_data/milk10k/MILK10k_Training_Input/IL_9972566/ISIC_2533248.jpg,1,1,1,1,1
inference_data/milk10k/MILK10k_Training_Input/IL_9974051/ISIC_2896896.jpg,2,2,2,2,2
inference_data/milk10k/MILK10k_Training_Input/IL_9974051/ISIC_1322802.jpg,2,1,1,1,2
inference_data/milk10k/MILK10k_Training_Input/IL_9975498/ISIC_4653787.jpg,3,2,3,3,2
inference_data/milk10k/MILK10k_Training_Input/IL_9975498/ISIC_0135826.jpg,2,2,1,2,2
inference_data/milk10k/MILK10k_Training_Input/IL_9977217/ISIC_4378281.jpg,3,2,3,3,3
inference_data/milk10k/MILK10k_Training_Input/IL_9977217/ISIC_5873586.jpg,2,2,2,2,2
inference_data/milk10k/MILK10k_Training_Input/IL_9978605/ISIC_3757262.jpg,3,2,2,3,2
inference_data/milk10k/MILK10k_Training_Input/IL_9978605/ISIC_2036804.jpg,1,1,1,1,2
inference_data/milk10k/MILK10k_Training_Input/IL_9980113/ISIC_6491504.jpg,3,3,3,3,3
inference_data/milk10k/MILK10k_Training_Input/IL_9980113/ISIC_7112600.jpg,2,2,2,2,2
inference_data/milk10k/MILK10k_Training_Input/IL_9980498/ISIC_6810372.jpg,3,3,3,3,3
inference_data/milk10k/MILK10k_Training_Input/IL_9980498/ISIC_1435977.jpg,2,1,1,2,2
inference_data/milk10k/MILK10k_Training_Input/IL_9980694/ISIC_4395957.jpg,2,2,2,2,2
inference_data/milk10k/MILK10k_Training_Input/IL_9980694/ISIC_9892615.jpg,1,1,1,1,1
inference_data/milk10k/MILK10k_Training_Input/IL_9982376/ISIC_9222858.jpg,2,2,1,2,2
inference_data/milk10k/MILK10k_Training_Input/IL_9982376/ISIC_9075808.jpg,1,1,1,1,1
inference_data/milk10k/MILK10k_Training_Input/IL_9982426/ISIC_1009860.jpg,2,2,2,2,2
inference_data/milk10k/MILK10k_Training_Input/IL_9982426/ISIC_9940061.jpg,1,1,1,1,1
inference_data/milk10k/MILK10k_Training_Input/IL_9983052/ISIC_8178956.jpg,2,2,2,2,2
inference_data/milk10k/MILK10k_Training_Input/IL_9983052/ISIC_1099402.jpg,1,1,1,1,1
inference_data/milk10k/MILK10k_Training_Input/IL_9983114/ISIC_8117173.jpg,2,2,2,2,2
inference_data/milk10k/MILK10k_Training_Input/IL_9983114/ISIC_8457619.jpg,1,1,1,1,1
inference_data/milk10k/MILK10k_Training_Input/IL_9984501/ISIC_7931991.jpg,3,2,3,3,2
inference_data/milk10k/MILK10k_Training_Input/IL_9984501/ISIC_4912510.jpg,1,1,1,1,2
inference_data/milk10k/MILK10k_Training_Input/IL_9984758/ISIC_3908025.jpg,3,2,3,3,2
inference_data/milk10k/MILK10k_Training_Input/IL_9984758/ISIC_9345667.jpg,2,2,2,2,2
inference_data/milk10k/MILK10k_Training_Input/IL_9987263/ISIC_6713938.jpg,2,2,2,2,2
inference_data/milk10k/MILK10k_Training_Input/IL_9987263/ISIC_0593055.jpg,2,3,2,2,3
inference_data/milk10k/MILK10k_Training_Input/IL_9991092/ISIC_8779998.jpg,3,3,3,3,3
inference_data/milk10k/MILK10k_Training_Input/IL_9991092/ISIC_5984628.jpg,2,2,2,2,2
inference_data/milk10k/MILK10k_Training_Input/IL_9991953/ISIC_3050113.jpg,3,2,2,3,2
inference_data/milk10k/MILK10k_Training_Input/IL_9991953/ISIC_9182531.jpg,1,1,1,1,1
inference_data/milk10k/MILK10k_Training_Input/IL_9992890/ISIC_6708834.jpg,2,2,2,2,2
inference_data/milk10k/MILK10k_Training_Input/IL_9992890/ISIC_3782736.jpg,2,2,2,2,2
inference_data/milk10k/MILK10k_Training_Input/IL_9993432/ISIC_1597370.jpg,2,2,2,2,2
inference_data/milk10k/MILK10k_Training_Input/IL_9993432/ISIC_0320008.jpg,1,2,1,1,2
inference_data/milk10k/MILK10k_Training_Input/IL_9994739/ISIC_7243538.jpg,2,2,1,2,2
inference_data/milk10k/MILK10k_Training_Input/IL_9994739/ISIC_4873822.jpg,2,2,1,2,2
inference_data/milk10k/MILK10k_Training_Input/IL_9995614/ISIC_9832572.jpg,3,2,3,3,2
inference_data/milk10k/MILK10k_Training_Input/IL_9995614/ISIC_7749901.jpg,1,1,0,1,1
inference_data/milk10k/MILK10k_Training_Input/IL_9998211/ISIC_1830925.jpg,4,4,4,4,4
inference_data/milk10k/MILK10k_Training_Input/IL_9998211/ISIC_3959129.jpg,2,2,2,2,2
